solid OpenSCAD_Model
  facet normal 0 0 -1
    outer loop
      vertex -3.4368717074394226 -15.300687313079834 0
      vertex -3.4500000029802322 -15 0
      vertex -2.6428533270955086 -17.217617250978947 0
    endloop
  endfacet
  facet normal 0 0 -1
    outer loop
      vertex -3.4500000029802322 -15 0
      vertex -3.4368717074394226 -14.699312686920166 0
      vertex -2.6428533270955086 -17.217617250978947 0
    endloop
  endfacet
  facet normal 0 0 -1
    outer loop
      vertex -3.2419395446777344 -16.179969497025013 0
      vertex -2.987787641584873 -16.725000001490116 0
      vertex -3.126761868596077 -16.458033002912998 0
    endloop
  endfacet
  facet normal 0 0 -1
    outer loop
      vertex -3.2419395446777344 -16.179969497025013 0
      vertex -2.826074555516243 -16.978838704526424 0
      vertex -2.987787641584873 -16.725000001490116 0
    endloop
  endfacet
  facet normal 0 0 -1
    outer loop
      vertex -3.2419395446777344 -16.179969497025013 0
      vertex -3.3324441015720367 -15.892925702035427 0
      vertex -2.826074555516243 -16.978838704526424 0
    endloop
  endfacet
  facet normal 0 0 -1
    outer loop
      vertex -3.3975867480039597 -15.599086210131645 0
      vertex -2.6428533270955086 -17.217617250978947 0
      vertex -3.3324441015720367 -15.892925702035427 0
    endloop
  endfacet
  facet normal 0 0 -1
    outer loop
      vertex -3.3324441015720367 -15.892925702035427 0
      vertex -2.6428533270955086 -17.217617250978947 0
      vertex -2.826074555516243 -16.978838704526424 0
    endloop
  endfacet
  facet normal 0 0 -1
    outer loop
      vertex -3.4368717074394226 -14.699312686920166 0
      vertex -2.439518392086029 -17.43951839208603 0
      vertex -2.6428533270955086 -17.217617250978947 0
    endloop
  endfacet
  facet normal 0 0 -1
    outer loop
      vertex -3.4368717074394226 -14.699312686920166 0
      vertex -2.2176172509789467 -17.64285332709551 0
      vertex -2.439518392086029 -17.43951839208603 0
    endloop
  endfacet
  facet normal 0 0 -1
    outer loop
      vertex -3.3975867480039597 -14.400913789868355 0
      vertex -1.9788387045264244 -17.826074555516243 0
      vertex -2.2176172509789467 -17.64285332709551 0
    endloop
  endfacet
  facet normal 0 0 -1
    outer loop
      vertex -3.3975867480039597 -14.400913789868355 0
      vertex -1.7250000014901161 -17.987787641584873 0
      vertex -1.9788387045264244 -17.826074555516243 0
    endloop
  endfacet
  facet normal 0 0 -1
    outer loop
      vertex -3.2419395446777344 -13.820030502974987 0
      vertex -1.4580330029129982 -18.126761868596077 0
      vertex -1.7250000014901161 -17.987787641584873 0
    endloop
  endfacet
  facet normal 0 0 -1
    outer loop
      vertex -1.4580330029129982 -18.126761868596077 0
      vertex -2.987787641584873 -13.274999998509884 0
      vertex -1.179969497025013 -18.241939544677734 0
    endloop
  endfacet
  facet normal 0 0 -1
    outer loop
      vertex -1.179969497025013 -18.241939544677734 0
      vertex -2.987787641584873 -13.274999998509884 0
      vertex -0.8929257020354271 -18.332444101572037 0
    endloop
  endfacet
  facet normal 0 0 -1
    outer loop
      vertex -3.3975867480039597 -15.599086210131645 0
      vertex -3.4368717074394226 -15.300687313079834 0
      vertex -2.6428533270955086 -17.217617250978947 0
    endloop
  endfacet
  facet normal 0 0 -1
    outer loop
      vertex -3.4368717074394226 -14.699312686920166 0
      vertex -3.3975867480039597 -14.400913789868355 0
      vertex -2.2176172509789467 -17.64285332709551 0
    endloop
  endfacet
  facet normal 0 0 -1
    outer loop
      vertex -3.3975867480039597 -14.400913789868355 0
      vertex -3.3324441015720367 -14.107074297964573 0
      vertex -1.7250000014901161 -17.987787641584873 0
    endloop
  endfacet
  facet normal 0 0 -1
    outer loop
      vertex -3.3324441015720367 -14.107074297964573 0
      vertex -3.2419395446777344 -13.820030502974987 0
      vertex -1.7250000014901161 -17.987787641584873 0
    endloop
  endfacet
  facet normal 0 0 -1
    outer loop
      vertex -3.2419395446777344 -13.820030502974987 0
      vertex -3.126761868596077 -13.541966997087002 0
      vertex -1.4580330029129982 -18.126761868596077 0
    endloop
  endfacet
  facet normal 0 0 -1
    outer loop
      vertex -1.4580330029129982 -18.126761868596077 0
      vertex -3.126761868596077 -13.541966997087002 0
      vertex -2.987787641584873 -13.274999998509884 0
    endloop
  endfacet
  facet normal 0 0 -1
    outer loop
      vertex -0.8929257020354271 -18.332444101572037 0
      vertex -2.987787641584873 -13.274999998509884 0
      vertex -2.826074555516243 -13.021161295473576 0
    endloop
  endfacet
  facet normal 0 0 -1
    outer loop
      vertex -0.8929257020354271 -18.332444101572037 0
      vertex -2.826074555516243 -13.021161295473576 0
      vertex -2.6428533270955086 -12.782382749021053 0
    endloop
  endfacet
  facet normal 0 0 -1
    outer loop
      vertex -0.8929257020354271 -18.332444101572037 0
      vertex -2.6428533270955086 -12.782382749021053 0
      vertex -0.5990862101316452 -18.39758674800396 0
    endloop
  endfacet
  facet normal 0 0 -1
    outer loop
      vertex -0.5990862101316452 -18.39758674800396 0
      vertex -2.6428533270955086 -12.782382749021053 0
      vertex -0.300687313079834 -18.436871707439423 0
    endloop
  endfacet
  facet normal 0 0 -1
    outer loop
      vertex -0.300687313079834 -18.436871707439423 0
      vertex -2.6428533270955086 -12.782382749021053 0
      vertex 0 -18.450000002980232 0
    endloop
  endfacet
  facet normal 0 0 -1
    outer loop
      vertex -2.6428533270955086 -12.782382749021053 0
      vertex 0.300687313079834 -18.436871707439423 0
      vertex 0 -18.450000002980232 0
    endloop
  endfacet
  facet normal 0 0 -1
    outer loop
      vertex -2.6428533270955086 -12.782382749021053 0
      vertex 0.5990862101316452 -18.39758674800396 0
      vertex 0.300687313079834 -18.436871707439423 0
    endloop
  endfacet
  facet normal 0 0 -1
    outer loop
      vertex -2.6428533270955086 -12.782382749021053 0
      vertex 0.8929257020354271 -18.332444101572037 0
      vertex 0.5990862101316452 -18.39758674800396 0
    endloop
  endfacet
  facet normal 0 0 -1
    outer loop
      vertex -2.6428533270955086 -12.782382749021053 0
      vertex 1.179969497025013 -18.241939544677734 0
      vertex 0.8929257020354271 -18.332444101572037 0
    endloop
  endfacet
  facet normal 0 0 -1
    outer loop
      vertex -2.6428533270955086 -12.782382749021053 0
      vertex -2.439518392086029 -12.560481607913971 0
      vertex 2.2176172509789467 -17.64285332709551 0
    endloop
  endfacet
  facet normal 0 0 -1
    outer loop
      vertex -2.439518392086029 -12.560481607913971 0
      vertex -2.344723641872406 -12.473618224263191 0
      vertex 2.439518392086029 -17.43951839208603 0
    endloop
  endfacet
  facet normal -0.6755758744879875 0.7372617043092112 -0.006512846448994729
    outer loop
      vertex -2.439518392086029 -12.560481607913971 0
      vertex -2.0809032753821497 -12.082778461057435 16.87749219858461
      vertex -2.344723641872406 -12.473618224263191 0
    endloop
  endfacet
  facet normal -0.9805236373539293 0.1961047270501596 0.010785760001152597
    outer loop
      vertex -2.344723641872406 -12.473618224263191 0
      vertex -2.0809032753821497 -12.082778461057435 16.87749219858461
      vertex -2.0541603069110916 -11.942180621037666 16.752346791873233
    endloop
  endfacet
  facet normal -0.9805236373539291 0.19610472705016063 0.01078576000115257
    outer loop
      vertex -2.344723641872406 -12.473618224263191 0
      vertex -2.0541603069110916 -11.942180621037666 16.752346791873233
      vertex -2.0022790275633957 -11.672542857739675 16.566321955684042
    endloop
  endfacet
  facet normal -0.9805236373539296 0.19610472705015886 0.010785760001152672
    outer loop
      vertex -2.344723641872406 -12.473618224263191 0
      vertex -2.0022790275633957 -11.672542857739675 16.566321955684042
      vertex -1.9380552247540863 -11.341234616614694 16.38106329428387
    endloop
  endfacet
  facet normal -0.9805236373539292 0.19610472705016013 0.010785760001152564
    outer loop
      vertex -2.344723641872406 -12.473618224263191 0
      vertex -1.9380552247540863 -11.341234616614694 16.38106329428387
      vertex -1.8610900343680756 -10.9462769727367 16.196850728648506
    endloop
  endfacet
  facet normal -0.9805236373539293 0.19610472705015988 0.010785760001152602
    outer loop
      vertex -2.344723641872406 -12.473618224263191 0
      vertex -1.4788167822647098 -9 15.56211058179725
      vertex -1.6499999985098839 -9 0
    endloop
  endfacet
  facet normal -0.9805236373539292 0.19610472705015988 0.010785760001152578
    outer loop
      vertex -2.344723641872406 -12.473618224263191 0
      vertex -1.8610900343680756 -10.9462769727367 16.196850728648506
      vertex -1.7709148508395307 -10.485345694138514 16.01402600181418
    endloop
  endfacet
  facet normal -0.9805236373539293 0.1961047270501598 0.01078576000115261
    outer loop
      vertex -2.344723641872406 -12.473618224263191 0
      vertex -1.7709148508395307 -10.485345694138514 16.01402600181418
      vertex -1.6669930997728597 -9.955780887090997 15.83300690022714
    endloop
  endfacet
  facet normal -0.9805236373539293 0.19610472705015983 0.010785760001152547
    outer loop
      vertex -2.344723641872406 -12.473618224263191 0
      vertex -1.6669930997728597 -9.955780887090997 15.83300690022714
      vertex -1.5487233933448548 -9.35460365742045 15.654303332046572
    endloop
  endfacet
  facet normal -0.9805236373539293 0.19610472705015958 0.010785760001152613
    outer loop
      vertex -2.344723641872406 -12.473618224263191 0
      vertex -1.5487233933448548 -9.35460365742045 15.654303332046572
      vertex -1.4788167822647098 -9 15.56211058179725
    endloop
  endfacet
  facet normal 0 0 -1
    outer loop
      vertex -2.344723641872406 -12.473618224263191 0
      vertex -1.6499999985098839 -9 0
      vertex 2.344723641872406 -12.473618224263191 0
    endloop
  endfacet
  facet normal -0.6755758744879927 0.7372617043092063 -0.006512846448994465
    outer loop
      vertex -2.439518392086029 -12.560481607913971 0
      vertex -2.1366678127166385 -12.131706280399442 17.123247815806714
      vertex -2.098482274838044 -12.098354662325185 16.937713369126122
    endloop
  endfacet
  facet normal -0.6755758744879798 0.7372617043092183 -0.006512846448994974
    outer loop
      vertex -2.439518392086029 -12.560481607913971 0
      vertex -2.158182245697278 -12.149870981608345 17.298669317359444
      vertex -2.1366678127166385 -12.131706280399442 17.123247815806714
    endloop
  endfacet
  facet normal -0.7372713006365136 0.6755846826715821 -0.004045466262537483
    outer loop
      vertex -2.439518392086029 -12.560481607913971 0
      vertex -2.1596770864890935 -12.151428160939329 17.31105273805551
      vertex -2.158182245697278 -12.149870981608345 17.298669317359444
    endloop
  endfacet
  facet normal -0.7372713006365149 0.6755846826715804 -0.004045466262537252
    outer loop
      vertex -2.439518392086029 -12.560481607913971 0
      vertex -2.167305647793425 -12.1586218402306 17.5
      vertex -2.1596770864890935 -12.151428160939329 17.31105273805551
    endloop
  endfacet
  facet normal -0.6755758744880117 0.7372617043091891 -0.006512846448993655
    outer loop
      vertex -2.439518392086029 -12.560481607913971 0
      vertex -2.098482274838044 -12.098354662325185 16.937713369126122
      vertex -2.0809032753821497 -12.082778461057435 16.87749219858461
    endloop
  endfacet
  facet normal -0.8862498918555413 -0.4613525054251536 0.04141249719559132
    outer loop
      vertex -2.987787641584873 -16.725000001490116 0
      vertex -1.2608463847488163 -12.259950000628828 86.7
      vertex -3.126761868596077 -16.458033002912998 0
    endloop
  endfacet
  facet normal -0.9758078270695041 -0.21633138504441288 0.031619874678101005
    outer loop
      vertex -3.3975867480039597 -15.599086210131645 0
      vertex -3.3324441015720367 -15.892925702035427 0
      vertex -1.4062914108633993 -11.90881464625895 86.7
    endloop
  endfacet
  facet normal -0.953133127806564 -0.30052170748558843 0.03498491114212584
    outer loop
      vertex -3.2419395446777344 -16.179969497025013 0
      vertex -1.3680984878540037 -12.029947127744554 86.7
      vertex -3.3324441015720367 -15.892925702035427 0
    endloop
  endfacet
  facet normal -0.9232031751378706 -0.3824032784310146 0.038257418372990376
    outer loop
      vertex -3.2419395446777344 -16.179969497025013 0
      vertex -3.126761868596077 -16.458033002912998 0
      vertex -1.3194935085475443 -12.147289927229284 86.7
    endloop
  endfacet
  facet normal -0.9910509018596929 -0.13047432434469414 0.028187951502101204
    outer loop
      vertex -3.3975867480039597 -15.599086210131645 0
      vertex -1.4337816076576708 -11.784814380675554 86.7
      vertex -3.4368717074394226 -15.300687313079834 0
    endloop
  endfacet
  facet normal -0.9987430412541348 -0.04360607596180841 0.02471533300716068
    outer loop
      vertex -3.4368717074394226 -15.300687313079834 0
      vertex -1.450359860539436 -11.658890046119689 86.7
      vertex -3.4500000029802322 -15 0
    endloop
  endfacet
  facet normal -0.7363573983828605 -0.6747472455388358 0.04993932803492
    outer loop
      vertex -2.439518392086029 -17.43951839208603 0
      vertex -1.0294767614603042 -12.561476761460304 86.7
      vertex -2.6428533270955086 -17.217617250978947 0
    endloop
  endfacet
  facet normal -0.8425587437980302 -0.536769109768886 0.044426186505290156
    outer loop
      vertex -2.987787641584873 -16.725000001490116 0
      vertex -2.826074555516243 -16.978838704526424 0
      vertex -1.1926034624278543 -12.36706993331015 86.7
    endloop
  endfacet
  facet normal -0.7924662682803555 -0.6080807732247097 0.04727564777183793
    outer loop
      vertex -2.826074555516243 -16.978838704526424 0
      vertex -2.6428533270955086 -17.217617250978947 0
      vertex -1.1152841040343044 -12.467834479913115 86.7
    endloop
  endfacet
  facet normal -0.6746621709875147 -0.7362645558026298 0.052397126898040526
    outer loop
      vertex -2.439518392086029 -17.43951839208603 0
      vertex -2.2176172509789467 -17.64285332709551 0
      vertex -0.9358344799131153 -12.647284104034304 86.7
    endloop
  endfacet
  facet normal -0.6078523389467325 -0.7921685669423312 0.05463053711542789
    outer loop
      vertex -2.2176172509789467 -17.64285332709551 0
      vertex -1.9788387045264244 -17.826074555516243 0
      vertex -0.835069933310151 -12.724603462427854 86.7
    endloop
  endfacet
  facet normal -0.5364375819234767 -0.8420383493120613 0.05662277799536548
    outer loop
      vertex -1.7250000014901161 -17.987787641584873 0
      vertex -0.7279500006288289 -12.792846384748817 86.7
      vertex -1.9788387045264244 -17.826074555516243 0
    endloop
  endfacet
  facet normal -0.46096164994560784 -0.8854990654865388 0.05835890936171952
    outer loop
      vertex -1.7250000014901161 -17.987787641584873 0
      vertex -1.4580330029129982 -18.126761868596077 0
      vertex -0.6152899272292851 -12.851493508547543 86.7
    endloop
  endfacet
  facet normal -0.38199798121422024 -0.9222247011065956 0.05982593933329044
    outer loop
      vertex -1.4580330029129982 -18.126761868596077 0
      vertex -1.179969497025013 -18.241939544677734 0
      vertex -0.4979471277445554 -12.900098487854002 86.7
    endloop
  endfacet
  facet normal -0.30014556560845784 -0.9519401581311016 0.06101290669122601
    outer loop
      vertex -1.179969497025013 -18.241939544677734 0
      vertex -0.8929257020354271 -18.332444101572037 0
      vertex -0.37681464625895017 -12.9382914108634 86.7
    endloop
  endfacet
  facet normal -0.21602441091601576 -0.9744231562454522 0.06191095590474702
    outer loop
      vertex -0.8929257020354271 -18.332444101572037 0
      vertex -0.5990862101316452 -18.39758674800396 0
      vertex -0.25281438067555423 -12.96578160765767 86.7
    endloop
  endfacet
  facet normal -0.13027089721720142 -0.9895057193942771 0.06251339555838724
    outer loop
      vertex -0.5990862101316452 -18.39758674800396 0
      vertex -0.300687313079834 -18.436871707439423 0
      vertex -0.12689004611968993 -12.982359860539436 86.7
    endloop
  endfacet
  facet normal -0.9988230844775622 0.043609570725463155 0.021228548133810237
    outer loop
      vertex -3.4500000029802322 -15 0
      vertex -1.4559000012576577 -11.532 86.7
      vertex -3.4368717074394226 -14.699312686920166 0
    endloop
  endfacet
  facet normal -0.9912885907610186 0.1305056166816937 0.017754262630838163
    outer loop
      vertex -3.4368717074394226 -14.699312686920166 0
      vertex -1.450359860539436 -11.40510995388031 86.7
      vertex -3.3975867480039597 -14.400913789868355 0
    endloop
  endfacet
  facet normal -0.9761959147980607 0.2164174220216828 0.01431905643072552
    outer loop
      vertex -3.3975867480039597 -14.400913789868355 0
      vertex -1.4337816076576708 -11.279185619324446 86.7
      vertex -3.3324441015720367 -14.107074297964573 0
    endloop
  endfacet
  facet normal -0.9536597844753317 0.3006877616880281 0.010949221228345695
    outer loop
      vertex -3.3324441015720367 -14.107074297964573 0
      vertex -1.4062914108633993 -11.15518535374105 86.7
      vertex -3.2419395446777344 -13.820030502974987 0
    endloop
  endfacet
  facet normal -0.923852351962058 0.3826721762777033 0.007670546073139847
    outer loop
      vertex -3.2419395446777344 -13.820030502974987 0
      vertex -1.3680984878540037 -11.034052872255444 86.7
      vertex -3.126761868596077 -13.541966997087002 0
    endloop
  endfacet
  facet normal -0.8870018143149838 0.46174393149328313 0.004508118349519568
    outer loop
      vertex -3.126761868596077 -13.541966997087002 0
      vertex -1.3194935085475443 -10.916710072770714 86.7
      vertex -2.987787641584873 -13.274999998509884 0
    endloop
  endfacet
  facet normal -0.8433905185026079 0.53729900868809 0.0014861233791400193
    outer loop
      vertex -2.987787641584873 -13.274999998509884 0
      vertex -1.2608463847488163 -10.80404999937117 86.7
      vertex -2.826074555516243 -13.021161295473576 0
    endloop
  endfacet
  facet normal -0.793352584265305 0.6087608674205408 -0.0013723472421677697
    outer loop
      vertex -2.826074555516243 -13.021161295473576 0
      vertex -1.1926034624278543 -10.696930066689848 86.7
      vertex -2.6428533270955086 -12.782382749021053 0
    endloop
  endfacet
  facet normal -0.7372713006365367 0.6755846826715569 -0.004045466262536368
    outer loop
      vertex -2.6428533270955086 -12.782382749021053 0
      vertex -1.1152841040343044 -10.596165520086885 86.7
      vertex -2.439518392086029 -12.560481607913971 0
    endloop
  endfacet
  facet normal -0.7372713006365559 0.6755846826715359 -0.004045466262535659
    outer loop
      vertex -2.439518392086029 -12.560481607913971 0
      vertex -1.1152841040343044 -10.596165520086885 86.7
      vertex -2.167305647793425 -12.1586218402306 17.5
    endloop
  endfacet
  facet normal -0.7372713006365315 0.6755846826715627 -0.004045466262536573
    outer loop
      vertex -2.167305647793425 -12.1586218402306 17.5
      vertex -1.1152841040343044 -10.596165520086885 86.7
      vertex -2.159855012381717 -12.149359370893443 17.688962828443046
    endloop
  endfacet
  facet normal -0.7372713006365562 0.6755846826715356 -0.004045466262535591
    outer loop
      vertex -2.159855012381717 -12.149359370893443 17.688962828443046
      vertex -1.1152841040343044 -10.596165520086885 86.7
      vertex -2.150574434355712 -12.138767366876026 17.766454969206546
    endloop
  endfacet
  facet normal -0.6755758744879762 0.7372617043092216 -0.006512846448995147
    outer loop
      vertex -2.150574434355712 -12.138767366876026 17.766454969206546
      vertex -1.0294767614603042 -10.502523238539695 86.7
      vertex -2.13719290609967 -12.12553029049764 17.876844772324105
    endloop
  endfacet
  facet normal -0.675575874487974 0.7372617043092236 -0.00651284644899523
    outer loop
      vertex -2.13719290609967 -12.12553029049764 17.876844772324105
      vertex -1.0294767614603042 -10.502523238539695 86.7
      vertex -2.0992520420080125 -12.089123910021748 18.06249288936543
    endloop
  endfacet
  facet normal -0.6755758744879973 0.7372617043092021 -0.006512846448994368
    outer loop
      vertex -2.0992520420080125 -12.089123910021748 18.06249288936543
      vertex -1.0294767614603042 -10.502523238539695 86.7
      vertex -2.0602825489154415 -12.052229644995213 18.196670678627655
    endloop
  endfacet
  facet normal -0.9805236373539294 0.19610472705015966 0.010785760001152602
    outer loop
      vertex -2.0602825489154415 -12.052229644995213 18.196670678627655
      vertex -0.9894733768701551 -10.465866890639067 86.7
      vertex -2.049419159221717 -12.000621825520966 18.245927571491574
    endloop
  endfacet
  facet normal -0.9805236373539294 0.1961047270501596 0.010785760001152604
    outer loop
      vertex -2.049419159221717 -12.000621825520966 18.245927571491574
      vertex -0.9894733768701551 -10.465866890639067 86.7
      vertex -1.9965110792253862 -11.746259770873376 18.430988405834103
    endloop
  endfacet
  facet normal -0.9805236373539291 0.19610472705016008 0.010785760001152589
    outer loop
      vertex -1.9965110792253862 -11.746259770873376 18.430988405834103
      vertex -0.9894733768701551 -10.465866890639067 86.7
      vertex -1.9313683510288029 -11.430670948938927 18.6150760373708
    endloop
  endfacet
  facet normal -0.9805236373539292 0.19610472705016033 0.010785760001152589
    outer loop
      vertex -1.9313683510288029 -11.430670948938927 18.6150760373708
      vertex -0.9894733768701551 -10.465866890639067 86.7
      vertex -1.8536158057025522 -11.051964406236277 18.79791576009759
    endloop
  endfacet
  facet normal -0.9805236373539294 0.19610472705015958 0.010785760001152597
    outer loop
      vertex -1.8536158057025522 -11.051964406236277 18.79791576009759
      vertex -0.9894733768701551 -10.465866890639067 86.7
      vertex -1.7628095508032653 -10.607902270388314 18.979172843914807
    endloop
  endfacet
  facet normal -0.9805236373539293 0.19610472705016022 0.010785760001152597
    outer loop
      vertex -1.7628095508032653 -10.607902270388314 18.979172843914807
      vertex -0.9894733768701551 -10.465866890639067 86.7
      vertex -1.6584387749679057 -10.095908016312354 19.158438774967905
    endloop
  endfacet
  facet normal -0.9805236373539294 0.19610472705015933 0.010785760001152592
    outer loop
      vertex -1.6584387749679057 -10.095908016312354 19.158438774967905
      vertex -0.9894733768701551 -10.465866890639067 86.7
      vertex -1.5399288463595204 -9.513081104812665 19.335215734988417
    endloop
  endfacet
  facet normal -0.9805236373539291 0.19610472705016016 0.0107857600011526
    outer loop
      vertex -1.5399288463595204 -9.513081104812665 19.335215734988417
      vertex -0.9894733768701551 -10.465866890639067 86.7
      vertex -1.4358202991221412 -9 19.470881780106225
    endloop
  endfacet
  facet normal 0 0 -1
    outer loop
      vertex -2.6428533270955086 -12.782382749021053 0
      vertex 1.4580330029129982 -18.126761868596077 0
      vertex 1.179969497025013 -18.241939544677734 0
    endloop
  endfacet
  facet normal 0 0 -1
    outer loop
      vertex -2.6428533270955086 -12.782382749021053 0
      vertex 1.7250000014901161 -17.987787641584873 0
      vertex 1.4580330029129982 -18.126761868596077 0
    endloop
  endfacet
  facet normal 0 0 -1
    outer loop
      vertex -2.6428533270955086 -12.782382749021053 0
      vertex 1.9788387045264244 -17.826074555516243 0
      vertex 1.7250000014901161 -17.987787641584873 0
    endloop
  endfacet
  facet normal 0 0 -1
    outer loop
      vertex -2.6428533270955086 -12.782382749021053 0
      vertex 2.2176172509789467 -17.64285332709551 0
      vertex 1.9788387045264244 -17.826074555516243 0
    endloop
  endfacet
  facet normal 0 0 -1
    outer loop
      vertex -2.439518392086029 -12.560481607913971 0
      vertex 2.439518392086029 -17.43951839208603 0
      vertex 2.2176172509789467 -17.64285332709551 0
    endloop
  endfacet
  facet normal 0 0 -1
    outer loop
      vertex -2.344723641872406 -12.473618224263191 0
      vertex 2.6428533270955086 -17.217617250978947 0
      vertex 2.439518392086029 -17.43951839208603 0
    endloop
  endfacet
  facet normal 0 0 -1
    outer loop
      vertex -2.344723641872406 -12.473618224263191 0
      vertex 2.826074555516243 -16.978838704526424 0
      vertex 2.6428533270955086 -17.217617250978947 0
    endloop
  endfacet
  facet normal 0 0 -1
    outer loop
      vertex -2.344723641872406 -12.473618224263191 0
      vertex 2.987787641584873 -16.725000001490116 0
      vertex 2.826074555516243 -16.978838704526424 0
    endloop
  endfacet
  facet normal 0 0 -1
    outer loop
      vertex -2.344723641872406 -12.473618224263191 0
      vertex 3.126761868596077 -16.458033002912998 0
      vertex 2.987787641584873 -16.725000001490116 0
    endloop
  endfacet
  facet normal 0 0 -1
    outer loop
      vertex -2.344723641872406 -12.473618224263191 0
      vertex 3.2419395446777344 -16.179969497025013 0
      vertex 3.126761868596077 -16.458033002912998 0
    endloop
  endfacet
  facet normal 0 0 -1
    outer loop
      vertex -2.344723641872406 -12.473618224263191 0
      vertex 3.3324441015720367 -15.892925702035427 0
      vertex 3.2419395446777344 -16.179969497025013 0
    endloop
  endfacet
  facet normal 0 0 -1
    outer loop
      vertex -2.344723641872406 -12.473618224263191 0
      vertex 3.3975867480039597 -15.599086210131645 0
      vertex 3.3324441015720367 -15.892925702035427 0
    endloop
  endfacet
  facet normal 0 0 -1
    outer loop
      vertex -2.344723641872406 -12.473618224263191 0
      vertex 3.4368717074394226 -15.300687313079834 0
      vertex 3.3975867480039597 -15.599086210131645 0
    endloop
  endfacet
  facet normal 0 0 -1
    outer loop
      vertex -2.344723641872406 -12.473618224263191 0
      vertex 3.4500000029802322 -15 0
      vertex 3.4368717074394226 -15.300687313079834 0
    endloop
  endfacet
  facet normal 0 0 -1
    outer loop
      vertex -2.344723641872406 -12.473618224263191 0
      vertex 3.3975867480039597 -14.400913789868355 0
      vertex 3.4368717074394226 -14.699312686920166 0
    endloop
  endfacet
  facet normal 0 0 -1
    outer loop
      vertex -2.344723641872406 -12.473618224263191 0
      vertex 3.4368717074394226 -14.699312686920166 0
      vertex 3.4500000029802322 -15 0
    endloop
  endfacet
  facet normal 0 0 -1
    outer loop
      vertex -2.344723641872406 -12.473618224263191 0
      vertex 3.2419395446777344 -13.820030502974987 0
      vertex 3.3324441015720367 -14.107074297964573 0
    endloop
  endfacet
  facet normal 0 0 -1
    outer loop
      vertex -2.344723641872406 -12.473618224263191 0
      vertex 3.126761868596077 -13.541966997087002 0
      vertex 3.2419395446777344 -13.820030502974987 0
    endloop
  endfacet
  facet normal 0 0 -1
    outer loop
      vertex -2.344723641872406 -12.473618224263191 0
      vertex 2.6428533270955086 -12.782382749021053 0
      vertex 2.826074555516243 -13.021161295473576 0
    endloop
  endfacet
  facet normal 0 0 -1
    outer loop
      vertex -2.344723641872406 -12.473618224263191 0
      vertex 2.826074555516243 -13.021161295473576 0
      vertex 2.987787641584873 -13.274999998509884 0
    endloop
  endfacet
  facet normal 0 0 -1
    outer loop
      vertex -2.344723641872406 -12.473618224263191 0
      vertex 2.987787641584873 -13.274999998509884 0
      vertex 3.126761868596077 -13.541966997087002 0
    endloop
  endfacet
  facet normal 0 0 -1
    outer loop
      vertex -2.344723641872406 -12.473618224263191 0
      vertex 2.344723641872406 -12.473618224263191 0
      vertex 2.439518392086029 -12.560481607913971 0
    endloop
  endfacet
  facet normal 0 0 -1
    outer loop
      vertex -2.344723641872406 -12.473618224263191 0
      vertex 2.439518392086029 -12.560481607913971 0
      vertex 2.6428533270955086 -12.782382749021053 0
    endloop
  endfacet
  facet normal 0 0 -1
    outer loop
      vertex -1.6499999985098839 -9 0
      vertex 1.6499999985098839 -9 0
      vertex 2.344723641872406 -12.473618224263191 0
    endloop
  endfacet
  facet normal 0 0 -1
    outer loop
      vertex -2.344723641872406 -12.473618224263191 0
      vertex 3.3324441015720367 -14.107074297964573 0
      vertex 3.3975867480039597 -14.400913789868355 0
    endloop
  endfacet
  facet normal 0.9805236373539293 0.1961047270501596 0.010785760001152597
    outer loop
      vertex 2.344723641872406 -12.473618224263191 0
      vertex 2.0541603069110916 -11.942180621037666 16.752346791873233
      vertex 2.0809032753821497 -12.082778461057435 16.87749219858461
    endloop
  endfacet
  facet normal 0.9805236373539291 0.19610472705016063 0.01078576000115257
    outer loop
      vertex 2.344723641872406 -12.473618224263191 0
      vertex 2.0022790275633957 -11.672542857739675 16.566321955684042
      vertex 2.0541603069110916 -11.942180621037666 16.752346791873233
    endloop
  endfacet
  facet normal 0.9805236373539296 0.19610472705015886 0.010785760001152672
    outer loop
      vertex 2.344723641872406 -12.473618224263191 0
      vertex 1.9380552247540863 -11.341234616614694 16.38106329428387
      vertex 2.0022790275633957 -11.672542857739675 16.566321955684042
    endloop
  endfacet
  facet normal 0.9805236373539292 0.19610472705016013 0.010785760001152564
    outer loop
      vertex 2.344723641872406 -12.473618224263191 0
      vertex 1.8610900343680756 -10.9462769727367 16.196850728648506
      vertex 1.9380552247540863 -11.341234616614694 16.38106329428387
    endloop
  endfacet
  facet normal 0.6755758744879875 0.7372617043092111 -0.0065128464489946835
    outer loop
      vertex 2.344723641872406 -12.473618224263191 0
      vertex 2.098482274838044 -12.098354662325185 16.937713369126122
      vertex 2.439518392086029 -12.560481607913971 0
    endloop
  endfacet
  facet normal 0.9805236373539292 0.19610472705015988 0.010785760001152599
    outer loop
      vertex 2.344723641872406 -12.473618224263191 0
      vertex 1.6499999985098839 -9 0
      vertex 1.5487233933448548 -9.35460365742045 15.654303332046572
    endloop
  endfacet
  facet normal 0.9805236373539293 0.1961047270501598 0.01078576000115261
    outer loop
      vertex 2.344723641872406 -12.473618224263191 0
      vertex 1.6669930997728597 -9.955780887090997 15.83300690022714
      vertex 1.7709148508395307 -10.485345694138514 16.01402600181418
    endloop
  endfacet
  facet normal 0.9805236373539292 0.19610472705015988 0.010785760001152578
    outer loop
      vertex 2.344723641872406 -12.473618224263191 0
      vertex 1.7709148508395307 -10.485345694138514 16.01402600181418
      vertex 1.8610900343680756 -10.9462769727367 16.196850728648506
    endloop
  endfacet
  facet normal 0.9805236373539293 0.19610472705015983 0.010785760001152547
    outer loop
      vertex 2.344723641872406 -12.473618224263191 0
      vertex 1.5487233933448548 -9.35460365742045 15.654303332046572
      vertex 1.6669930997728597 -9.955780887090997 15.83300690022714
    endloop
  endfacet
  facet normal 0.6755758744880105 0.7372617043091901 -0.0065128464489938595
    outer loop
      vertex 2.344723641872406 -12.473618224263191 0
      vertex 2.0809032753821497 -12.082778461057435 16.87749219858461
      vertex 2.098482274838044 -12.098354662325185 16.937713369126122
    endloop
  endfacet
  facet normal 0.6755758744879927 0.7372617043092063 -0.006512846448994465
    outer loop
      vertex 2.439518392086029 -12.560481607913971 0
      vertex 2.098482274838044 -12.098354662325185 16.937713369126122
      vertex 2.1366678127166385 -12.131706280399442 17.123247815806714
    endloop
  endfacet
  facet normal 0.6755758744879798 0.7372617043092183 -0.006512846448994974
    outer loop
      vertex 2.439518392086029 -12.560481607913971 0
      vertex 2.1366678127166385 -12.131706280399442 17.123247815806714
      vertex 2.158182245697278 -12.149870981608345 17.298669317359444
    endloop
  endfacet
  facet normal 0.7372713006365136 0.6755846826715821 -0.004045466262537483
    outer loop
      vertex 2.439518392086029 -12.560481607913971 0
      vertex 2.158182245697278 -12.149870981608345 17.298669317359444
      vertex 2.1596770864890935 -12.151428160939329 17.31105273805551
    endloop
  endfacet
  facet normal 0.7372713006365149 0.6755846826715804 -0.004045466262537252
    outer loop
      vertex 2.439518392086029 -12.560481607913971 0
      vertex 2.1596770864890935 -12.151428160939329 17.31105273805551
      vertex 2.167305647793425 -12.1586218402306 17.5
    endloop
  endfacet
  facet normal -0.04353325825180058 -0.9970752419957453 0.06281574026554208
    outer loop
      vertex -0.300687313079834 -18.436871707439423 0
      vertex 0 -18.450000002980232 0
      vertex 0 -12.987900001257657 86.7
    endloop
  endfacet
  facet normal 0.04353325825180058 -0.9970752419957453 0.06281574026554208
    outer loop
      vertex 0 -18.450000002980232 0
      vertex 0.300687313079834 -18.436871707439423 0
      vertex 0 -12.987900001257657 86.7
    endloop
  endfacet
  facet normal 0.13027089721720142 -0.9895057193942771 0.06251339555838724
    outer loop
      vertex 0.300687313079834 -18.436871707439423 0
      vertex 0.5990862101316452 -18.39758674800396 0
      vertex 0.12689004611968993 -12.982359860539436 86.7
    endloop
  endfacet
  facet normal 0.21602441091601576 -0.9744231562454522 0.06191095590474701
    outer loop
      vertex 0.5990862101316452 -18.39758674800396 0
      vertex 0.8929257020354271 -18.332444101572037 0
      vertex 0.25281438067555423 -12.96578160765767 86.7
    endloop
  endfacet
  facet normal 0.30014556560845784 -0.9519401581311016 0.06101290669122601
    outer loop
      vertex 0.8929257020354271 -18.332444101572037 0
      vertex 1.179969497025013 -18.241939544677734 0
      vertex 0.37681464625895017 -12.9382914108634 86.7
    endloop
  endfacet
  facet normal 0.38199798121422024 -0.9222247011065956 0.05982593933329044
    outer loop
      vertex 1.179969497025013 -18.241939544677734 0
      vertex 1.4580330029129982 -18.126761868596077 0
      vertex 0.4979471277445554 -12.900098487854002 86.7
    endloop
  endfacet
  facet normal 0.46096164994560784 -0.8854990654865388 0.05835890936171952
    outer loop
      vertex 1.4580330029129982 -18.126761868596077 0
      vertex 1.7250000014901161 -17.987787641584873 0
      vertex 0.6152899272292851 -12.851493508547543 86.7
    endloop
  endfacet
  facet normal 0.5364375819234767 -0.8420383493120613 0.05662277799536548
    outer loop
      vertex 1.7250000014901161 -17.987787641584873 0
      vertex 1.9788387045264244 -17.826074555516243 0
      vertex 0.7279500006288289 -12.792846384748817 86.7
    endloop
  endfacet
  facet normal 0.6078523389467325 -0.7921685669423312 0.05463053711542789
    outer loop
      vertex 1.9788387045264244 -17.826074555516243 0
      vertex 2.2176172509789467 -17.64285332709551 0
      vertex 0.835069933310151 -12.724603462427854 86.7
    endloop
  endfacet
  facet normal 0.6746621709875147 -0.7362645558026298 0.052397126898040526
    outer loop
      vertex 2.2176172509789467 -17.64285332709551 0
      vertex 2.439518392086029 -17.43951839208603 0
      vertex 0.9358344799131153 -12.647284104034304 86.7
    endloop
  endfacet
  facet normal 0.7363573983828605 -0.6747472455388358 0.04993932803492
    outer loop
      vertex 2.439518392086029 -17.43951839208603 0
      vertex 2.6428533270955086 -17.217617250978947 0
      vertex 1.0294767614603042 -12.561476761460304 86.7
    endloop
  endfacet
  facet normal 0.7924662682803555 -0.6080807732247097 0.04727564777183793
    outer loop
      vertex 2.6428533270955086 -17.217617250978947 0
      vertex 2.826074555516243 -16.978838704526424 0
      vertex 1.1152841040343044 -12.467834479913115 86.7
    endloop
  endfacet
  facet normal 0.8425587437980302 -0.536769109768886 0.044426186505290156
    outer loop
      vertex 2.826074555516243 -16.978838704526424 0
      vertex 2.987787641584873 -16.725000001490116 0
      vertex 1.1926034624278543 -12.36706993331015 86.7
    endloop
  endfacet
  facet normal 0.8862498918555413 -0.4613525054251536 0.04141249719559132
    outer loop
      vertex 2.987787641584873 -16.725000001490116 0
      vertex 3.126761868596077 -16.458033002912998 0
      vertex 1.2608463847488163 -12.259950000628828 86.7
    endloop
  endfacet
  facet normal 0.9232031751378706 -0.3824032784310146 0.038257418372990376
    outer loop
      vertex 3.126761868596077 -16.458033002912998 0
      vertex 3.2419395446777344 -16.179969497025013 0
      vertex 1.3194935085475443 -12.147289927229284 86.7
    endloop
  endfacet
  facet normal 0.953133127806564 -0.30052170748558843 0.03498491114212584
    outer loop
      vertex 3.2419395446777344 -16.179969497025013 0
      vertex 3.3324441015720367 -15.892925702035427 0
      vertex 1.3680984878540037 -12.029947127744554 86.7
    endloop
  endfacet
  facet normal 0.9758078270695041 -0.21633138504441288 0.031619874678101005
    outer loop
      vertex 3.3324441015720367 -15.892925702035427 0
      vertex 3.3975867480039597 -15.599086210131645 0
      vertex 1.4062914108633993 -11.90881464625895 86.7
    endloop
  endfacet
  facet normal 0.9910509018596929 -0.13047432434469414 0.028187951502101204
    outer loop
      vertex 3.3975867480039597 -15.599086210131645 0
      vertex 3.4368717074394226 -15.300687313079834 0
      vertex 1.4337816076576708 -11.784814380675554 86.7
    endloop
  endfacet
  facet normal 0.9987430412541348 -0.04360607596180841 0.02471533300716068
    outer loop
      vertex 3.4368717074394226 -15.300687313079834 0
      vertex 3.4500000029802322 -15 0
      vertex 1.450359860539436 -11.658890046119689 86.7
    endloop
  endfacet
  facet normal 0.7372713006365367 0.6755846826715569 -0.004045466262536368
    outer loop
      vertex 2.6428533270955086 -12.782382749021053 0
      vertex 2.439518392086029 -12.560481607913971 0
      vertex 1.1152841040343044 -10.596165520086885 86.7
    endloop
  endfacet
  facet normal 0.9761959147980607 0.2164174220216828 0.01431905643072552
    outer loop
      vertex 3.3975867480039597 -14.400913789868355 0
      vertex 3.3324441015720367 -14.107074297964573 0
      vertex 1.4337816076576708 -11.279185619324446 86.7
    endloop
  endfacet
  facet normal 0.9988230844775622 0.043609570725463155 0.021228548133810237
    outer loop
      vertex 3.4500000029802322 -15 0
      vertex 3.4368717074394226 -14.699312686920166 0
      vertex 1.4559000012576577 -11.532 86.7
    endloop
  endfacet
  facet normal 0.9912885907610186 0.1305056166816937 0.017754262630838163
    outer loop
      vertex 3.4368717074394226 -14.699312686920166 0
      vertex 3.3975867480039597 -14.400913789868355 0
      vertex 1.450359860539436 -11.40510995388031 86.7
    endloop
  endfacet
  facet normal 0.9536597844753317 0.3006877616880281 0.010949221228345695
    outer loop
      vertex 3.3324441015720367 -14.107074297964573 0
      vertex 3.2419395446777344 -13.820030502974987 0
      vertex 1.4062914108633993 -11.15518535374105 86.7
    endloop
  endfacet
  facet normal 0.923852351962058 0.3826721762777033 0.007670546073139847
    outer loop
      vertex 3.126761868596077 -13.541966997087002 0
      vertex 1.3680984878540037 -11.034052872255444 86.7
      vertex 3.2419395446777344 -13.820030502974987 0
    endloop
  endfacet
  facet normal 0.793352584265305 0.6087608674205408 -0.0013723472421677697
    outer loop
      vertex 2.6428533270955086 -12.782382749021053 0
      vertex 1.1926034624278543 -10.696930066689848 86.7
      vertex 2.826074555516243 -13.021161295473576 0
    endloop
  endfacet
  facet normal 0.8433905185026079 0.53729900868809 0.0014861233791400193
    outer loop
      vertex 2.826074555516243 -13.021161295473576 0
      vertex 1.2608463847488163 -10.80404999937117 86.7
      vertex 2.987787641584873 -13.274999998509884 0
    endloop
  endfacet
  facet normal 0.8870018143149838 0.46174393149328313 0.004508118349519568
    outer loop
      vertex 2.987787641584873 -13.274999998509884 0
      vertex 1.3194935085475443 -10.916710072770714 86.7
      vertex 3.126761868596077 -13.541966997087002 0
    endloop
  endfacet
  facet normal 0.9805236373539294 0.19610472705015933 0.010785760001152592
    outer loop
      vertex 1.6584387749679057 -10.095908016312354 19.158438774967905
      vertex 1.5399288463595204 -9.513081104812665 19.335215734988417
      vertex 0.9894733768701551 -10.465866890639067 86.7
    endloop
  endfacet
  facet normal 0.9805236373539291 0.19610472705016016 0.0107857600011526
    outer loop
      vertex 1.5399288463595204 -9.513081104812665 19.335215734988417
      vertex 1.4358202991221412 -9 19.470881780106225
      vertex 0.9894733768701551 -10.465866890639067 86.7
    endloop
  endfacet
  facet normal 0.7372713006365559 0.6755846826715359 -0.004045466262535659
    outer loop
      vertex 2.439518392086029 -12.560481607913971 0
      vertex 2.167305647793425 -12.1586218402306 17.5
      vertex 1.1152841040343044 -10.596165520086885 86.7
    endloop
  endfacet
  facet normal 0.6755758744879762 0.7372617043092216 -0.006512846448995147
    outer loop
      vertex 2.150574434355712 -12.138767366876026 17.766454969206546
      vertex 2.13719290609967 -12.12553029049764 17.876844772324105
      vertex 1.0294767614603042 -10.502523238539695 86.7
    endloop
  endfacet
  facet normal 0.6755758744879973 0.7372617043092021 -0.006512846448994368
    outer loop
      vertex 2.0602825489154415 -12.052229644995213 18.196670678627655
      vertex 1.0294767614603042 -10.502523238539695 86.7
      vertex 2.0992520420080125 -12.089123910021748 18.06249288936543
    endloop
  endfacet
  facet normal 0.675575874487974 0.7372617043092236 -0.00651284644899523
    outer loop
      vertex 2.13719290609967 -12.12553029049764 17.876844772324105
      vertex 2.0992520420080125 -12.089123910021748 18.06249288936543
      vertex 1.0294767614603042 -10.502523238539695 86.7
    endloop
  endfacet
  facet normal 0.7372713006365315 0.6755846826715627 -0.004045466262536573
    outer loop
      vertex 2.167305647793425 -12.1586218402306 17.5
      vertex 2.159855012381717 -12.149359370893443 17.688962828443046
      vertex 1.1152841040343044 -10.596165520086885 86.7
    endloop
  endfacet
  facet normal 0.7372713006365562 0.6755846826715356 -0.004045466262535591
    outer loop
      vertex 2.159855012381717 -12.149359370893443 17.688962828443046
      vertex 2.150574434355712 -12.138767366876026 17.766454969206546
      vertex 1.1152841040343044 -10.596165520086885 86.7
    endloop
  endfacet
  facet normal 0.9805236373539292 0.19610472705016033 0.010785760001152589
    outer loop
      vertex 1.9313683510288029 -11.430670948938927 18.6150760373708
      vertex 1.8536158057025522 -11.051964406236277 18.79791576009759
      vertex 0.9894733768701551 -10.465866890639067 86.7
    endloop
  endfacet
  facet normal 0.9805236373539294 0.19610472705015966 0.010785760001152602
    outer loop
      vertex 2.0602825489154415 -12.052229644995213 18.196670678627655
      vertex 2.049419159221717 -12.000621825520966 18.245927571491574
      vertex 0.9894733768701551 -10.465866890639067 86.7
    endloop
  endfacet
  facet normal 0.9805236373539294 0.1961047270501596 0.010785760001152604
    outer loop
      vertex 2.049419159221717 -12.000621825520966 18.245927571491574
      vertex 1.9965110792253862 -11.746259770873376 18.430988405834103
      vertex 0.9894733768701551 -10.465866890639067 86.7
    endloop
  endfacet
  facet normal 0.9805236373539291 0.19610472705016008 0.010785760001152589
    outer loop
      vertex 1.9965110792253862 -11.746259770873376 18.430988405834103
      vertex 1.9313683510288029 -11.430670948938927 18.6150760373708
      vertex 0.9894733768701551 -10.465866890639067 86.7
    endloop
  endfacet
  facet normal 0.9805236373539294 0.1961047270501596 0.010785760001152597
    outer loop
      vertex 1.7628095508032653 -10.607902270388314 18.979172843914807
      vertex 0.9894733768701551 -10.465866890639067 86.7
      vertex 1.8536158057025522 -11.051964406236277 18.79791576009759
    endloop
  endfacet
  facet normal 0.9805236373539293 0.19610472705016022 0.010785760001152597
    outer loop
      vertex 1.7628095508032653 -10.607902270388314 18.979172843914807
      vertex 1.6584387749679057 -10.095908016312354 19.158438774967905
      vertex 0.9894733768701551 -10.465866890639067 86.7
    endloop
  endfacet
  facet normal 0.9805236373539293 0.19610472705015977 0.010785760001152599
    outer loop
      vertex 1.5487233933448548 -9.35460365742045 15.654303332046572
      vertex 1.6499999985098839 -9 0
      vertex 1.4788167822647098 -9 15.56211058179725
    endloop
  endfacet
  facet normal -0.792466268280359 -0.6080807732247051 0.04727564777183769
    outer loop
      vertex -2.826074555516243 -16.978838704526424 0
      vertex -1.1152841040343044 -12.467834479913115 86.7
      vertex -1.1926034624278543 -12.36706993331015 86.7
    endloop
  endfacet
  facet normal -0.6746621709875149 -0.7362645558026297 0.05239712689804049
    outer loop
      vertex -2.439518392086029 -17.43951839208603 0
      vertex -0.9358344799131153 -12.647284104034304 86.7
      vertex -1.0294767614603042 -12.561476761460304 86.7
    endloop
  endfacet
  facet normal -0.7363573983828594 -0.6747472455388371 0.04993932803492007
    outer loop
      vertex -2.6428533270955086 -17.217617250978947 0
      vertex -1.0294767614603042 -12.561476761460304 86.7
      vertex -1.1152841040343044 -12.467834479913115 86.7
    endloop
  endfacet
  facet normal -0.6078523389467367 -0.7921685669423277 0.05463053711542782
    outer loop
      vertex -2.2176172509789467 -17.64285332709551 0
      vertex -0.835069933310151 -12.724603462427854 86.7
      vertex -0.9358344799131153 -12.647284104034304 86.7
    endloop
  endfacet
  facet normal -0.5364375819234775 -0.8420383493120608 0.0566227779953655
    outer loop
      vertex -1.9788387045264244 -17.826074555516243 0
      vertex -0.7279500006288289 -12.792846384748817 86.7
      vertex -0.835069933310151 -12.724603462427854 86.7
    endloop
  endfacet
  facet normal -0.46096164994559863 -0.8854990654865436 0.05835890936171966
    outer loop
      vertex -1.7250000014901161 -17.987787641584873 0
      vertex -0.6152899272292851 -12.851493508547543 86.7
      vertex -0.7279500006288289 -12.792846384748817 86.7
    endloop
  endfacet
  facet normal -0.3819979812142194 -0.922224701106596 0.059825939333290425
    outer loop
      vertex -1.4580330029129982 -18.126761868596077 0
      vertex -0.4979471277445554 -12.900098487854002 86.7
      vertex -0.6152899272292851 -12.851493508547543 86.7
    endloop
  endfacet
  facet normal -0.21602441091600688 -0.9744231562454542 0.061910955904747066
    outer loop
      vertex -0.8929257020354271 -18.332444101572037 0
      vertex -0.25281438067555423 -12.96578160765767 86.7
      vertex -0.37681464625895017 -12.9382914108634 86.7
    endloop
  endfacet
  facet normal -0.30014556560847394 -0.9519401581310966 0.06101290669122583
    outer loop
      vertex -1.179969497025013 -18.241939544677734 0
      vertex -0.37681464625895017 -12.9382914108634 86.7
      vertex -0.4979471277445554 -12.900098487854002 86.7
    endloop
  endfacet
  facet normal -0.13027089721720705 -0.9895057193942765 0.06251339555838721
    outer loop
      vertex -0.5990862101316452 -18.39758674800396 0
      vertex -0.12689004611968993 -12.982359860539436 86.7
      vertex -0.25281438067555423 -12.96578160765767 86.7
    endloop
  endfacet
  facet normal -0.04353325825179421 -0.9970752419957455 0.06281574026554208
    outer loop
      vertex -0.300687313079834 -18.436871707439423 0
      vertex 0 -12.987900001257657 86.7
      vertex -0.12689004611968993 -12.982359860539436 86.7
    endloop
  endfacet
  facet normal -0.9531331278065636 -0.3005217074855904 0.034984911142126006
    outer loop
      vertex -3.3324441015720367 -15.892925702035427 0
      vertex -1.3680984878540037 -12.029947127744554 86.7
      vertex -1.4062914108633993 -11.90881464625895 86.7
    endloop
  endfacet
  facet normal -0.9758078270695039 -0.21633138504441396 0.031619874678101095
    outer loop
      vertex -3.3975867480039597 -15.599086210131645 0
      vertex -1.4062914108633993 -11.90881464625895 86.7
      vertex -1.4337816076576708 -11.784814380675554 86.7
    endloop
  endfacet
  facet normal -0.9987430412541347 -0.04360607596180742 0.024715333007160552
    outer loop
      vertex -3.4500000029802322 -15 0
      vertex -1.450359860539436 -11.658890046119689 86.7
      vertex -1.4559000012576577 -11.532 86.7
    endloop
  endfacet
  facet normal -0.991050901859693 -0.1304743243446943 0.028187951502101308
    outer loop
      vertex -3.4368717074394226 -15.300687313079834 0
      vertex -1.4337816076576708 -11.784814380675554 86.7
      vertex -1.450359860539436 -11.658890046119689 86.7
    endloop
  endfacet
  facet normal -0.8862498918555415 -0.46135250542515355 0.041412497195591355
    outer loop
      vertex -3.126761868596077 -16.458033002912998 0
      vertex -1.2608463847488163 -12.259950000628828 86.7
      vertex -1.3194935085475443 -12.147289927229284 86.7
    endloop
  endfacet
  facet normal -0.9232031751378712 -0.38240327843101335 0.038257418372990355
    outer loop
      vertex -3.2419395446777344 -16.179969497025013 0
      vertex -1.3194935085475443 -12.147289927229284 86.7
      vertex -1.3680984878540037 -12.029947127744554 86.7
    endloop
  endfacet
  facet normal -0.8425587437980279 -0.5367691097688897 0.04442618650529031
    outer loop
      vertex -2.987787641584873 -16.725000001490116 0
      vertex -1.1926034624278543 -12.36706993331015 86.7
      vertex -1.2608463847488163 -12.259950000628828 86.7
    endloop
  endfacet
  facet normal -0.9988230844775624 0.0436095707254615 0.021228548133810168
    outer loop
      vertex -3.4368717074394226 -14.699312686920166 0
      vertex -1.4559000012576577 -11.532 86.7
      vertex -1.450359860539436 -11.40510995388031 86.7
    endloop
  endfacet
  facet normal -0.9912885907610187 0.13050561668169264 0.017754262630838107
    outer loop
      vertex -3.3975867480039597 -14.400913789868355 0
      vertex -1.450359860539436 -11.40510995388031 86.7
      vertex -1.4337816076576708 -11.279185619324446 86.7
    endloop
  endfacet
  facet normal -0.9761959147980606 0.21641742202168388 0.014319056430725435
    outer loop
      vertex -3.3324441015720367 -14.107074297964573 0
      vertex -1.4337816076576708 -11.279185619324446 86.7
      vertex -1.4062914108633993 -11.15518535374105 86.7
    endloop
  endfacet
  facet normal -0.9536597844753326 0.3006877616880256 0.010949221228345797
    outer loop
      vertex -3.2419395446777344 -13.820030502974987 0
      vertex -1.4062914108633993 -11.15518535374105 86.7
      vertex -1.3680984878540037 -11.034052872255444 86.7
    endloop
  endfacet
  facet normal -0.9238523519620584 0.38267217627770195 0.007670546073139817
    outer loop
      vertex -3.126761868596077 -13.541966997087002 0
      vertex -1.3680984878540037 -11.034052872255444 86.7
      vertex -1.3194935085475443 -10.916710072770714 86.7
    endloop
  endfacet
  facet normal -0.8870018143149839 0.461743931493283 0.004508118349519615
    outer loop
      vertex -2.987787641584873 -13.274999998509884 0
      vertex -1.3194935085475443 -10.916710072770714 86.7
      vertex -1.2608463847488163 -10.80404999937117 86.7
    endloop
  endfacet
  facet normal -0.8433905185026067 0.5372990086880919 0.0014861233791399382
    outer loop
      vertex -2.826074555516243 -13.021161295473576 0
      vertex -1.2608463847488163 -10.80404999937117 86.7
      vertex -1.1926034624278543 -10.696930066689848 86.7
    endloop
  endfacet
  facet normal -0.7933525842653033 0.6087608674205429 -0.0013723472421678666
    outer loop
      vertex -2.6428533270955086 -12.782382749021053 0
      vertex -1.1926034624278543 -10.696930066689848 86.7
      vertex -1.1152841040343044 -10.596165520086885 86.7
    endloop
  endfacet
  facet normal -0.7372713006365421 0.6755846826715511 -0.004045466262536153
    outer loop
      vertex -2.150574434355712 -12.138767366876026 17.766454969206546
      vertex -1.1152841040343044 -10.596165520086885 86.7
      vertex -1.0294767614603042 -10.502523238539695 86.7
    endloop
  endfacet
  facet normal -0.6755758744879768 0.737261704309221 -0.006512846448995076
    outer loop
      vertex -2.0602825489154415 -12.052229644995213 18.196670678627655
      vertex -1.0294767614603042 -10.502523238539695 86.7
      vertex -0.9894733768701551 -10.465866890639067 86.7
    endloop
  endfacet
  facet normal -0.9805236373539293 0.1961047270501598 0.010785760001152596
    outer loop
      vertex -1.4358202991221412 -9 19.470881780106225
      vertex -0.9894733768701551 -10.465866890639067 86.7
      vertex -0.6962999993711709 -9 86.7
    endloop
  endfacet
  facet normal 0 0 1
    outer loop
      vertex -1.2608463847488163 -12.259950000628828 86.7
      vertex -1.3680984878540037 -12.029947127744554 86.7
      vertex -1.3194935085475443 -12.147289927229284 86.7
    endloop
  endfacet
  facet normal 0 0 1
    outer loop
      vertex -1.2608463847488163 -12.259950000628828 86.7
      vertex -1.1926034624278543 -12.36706993331015 86.7
      vertex -1.3680984878540037 -12.029947127744554 86.7
    endloop
  endfacet
  facet normal 0 0 1
    outer loop
      vertex -1.3680984878540037 -12.029947127744554 86.7
      vertex -1.1926034624278543 -12.36706993331015 86.7
      vertex -1.4062914108633993 -11.90881464625895 86.7
    endloop
  endfacet
  facet normal 0 0 1
    outer loop
      vertex -1.4062914108633993 -11.90881464625895 86.7
      vertex -1.1152841040343044 -12.467834479913115 86.7
      vertex -1.4337816076576708 -11.784814380675554 86.7
    endloop
  endfacet
  facet normal 0 0 1
    outer loop
      vertex -1.450359860539436 -11.658890046119689 86.7
      vertex -1.4337816076576708 -11.784814380675554 86.7
      vertex -1.1152841040343044 -12.467834479913115 86.7
    endloop
  endfacet
  facet normal 0 0 1
    outer loop
      vertex -1.450359860539436 -11.658890046119689 86.7
      vertex -1.1152841040343044 -12.467834479913115 86.7
      vertex -1.4559000012576577 -11.532 86.7
    endloop
  endfacet
  facet normal 0 0 1
    outer loop
      vertex -1.4559000012576577 -11.532 86.7
      vertex -1.1152841040343044 -12.467834479913115 86.7
      vertex -1.450359860539436 -11.40510995388031 86.7
    endloop
  endfacet
  facet normal 0 0 1
    outer loop
      vertex -0.9358344799131153 -12.647284104034304 86.7
      vertex -1.4337816076576708 -11.279185619324446 86.7
      vertex -1.450359860539436 -11.40510995388031 86.7
    endloop
  endfacet
  facet normal 0 0 1
    outer loop
      vertex -1.4062914108633993 -11.90881464625895 86.7
      vertex -1.1926034624278543 -12.36706993331015 86.7
      vertex -1.1152841040343044 -12.467834479913115 86.7
    endloop
  endfacet
  facet normal 0 0 1
    outer loop
      vertex -1.1152841040343044 -12.467834479913115 86.7
      vertex -1.0294767614603042 -12.561476761460304 86.7
      vertex -1.450359860539436 -11.40510995388031 86.7
    endloop
  endfacet
  facet normal 0 0 1
    outer loop
      vertex -1.0294767614603042 -12.561476761460304 86.7
      vertex -0.9358344799131153 -12.647284104034304 86.7
      vertex -1.450359860539436 -11.40510995388031 86.7
    endloop
  endfacet
  facet normal 0 0 1
    outer loop
      vertex -0.9358344799131153 -12.647284104034304 86.7
      vertex -0.835069933310151 -12.724603462427854 86.7
      vertex -1.4337816076576708 -11.279185619324446 86.7
    endloop
  endfacet
  facet normal 0 0 1
    outer loop
      vertex -0.835069933310151 -12.724603462427854 86.7
      vertex -0.7279500006288289 -12.792846384748817 86.7
      vertex -1.4337816076576708 -11.279185619324446 86.7
    endloop
  endfacet
  facet normal 0 0 1
    outer loop
      vertex -0.7279500006288289 -12.792846384748817 86.7
      vertex -0.6152899272292851 -12.851493508547543 86.7
      vertex -1.3680984878540037 -11.034052872255444 86.7
    endloop
  endfacet
  facet normal 0 0 1
    outer loop
      vertex -0.7279500006288289 -12.792846384748817 86.7
      vertex -1.4062914108633993 -11.15518535374105 86.7
      vertex -1.4337816076576708 -11.279185619324446 86.7
    endloop
  endfacet
  facet normal 0 0 1
    outer loop
      vertex -0.7279500006288289 -12.792846384748817 86.7
      vertex -1.3680984878540037 -11.034052872255444 86.7
      vertex -1.4062914108633993 -11.15518535374105 86.7
    endloop
  endfacet
  facet normal 0 0 1
    outer loop
      vertex -0.6152899272292851 -12.851493508547543 86.7
      vertex -1.3194935085475443 -10.916710072770714 86.7
      vertex -1.3680984878540037 -11.034052872255444 86.7
    endloop
  endfacet
  facet normal 0 0 1
    outer loop
      vertex -0.6152899272292851 -12.851493508547543 86.7
      vertex -0.4979471277445554 -12.900098487854002 86.7
      vertex -1.2608463847488163 -10.80404999937117 86.7
    endloop
  endfacet
  facet normal 0 0 1
    outer loop
      vertex -0.4979471277445554 -12.900098487854002 86.7
      vertex -0.37681464625895017 -12.9382914108634 86.7
      vertex -1.2608463847488163 -10.80404999937117 86.7
    endloop
  endfacet
  facet normal 0 0 1
    outer loop
      vertex -0.37681464625895017 -12.9382914108634 86.7
      vertex -0.25281438067555423 -12.96578160765767 86.7
      vertex -1.1152841040343044 -10.596165520086885 86.7
    endloop
  endfacet
  facet normal 0 0 1
    outer loop
      vertex -0.12689004611968993 -12.982359860539436 86.7
      vertex -1.1152841040343044 -10.596165520086885 86.7
      vertex -0.25281438067555423 -12.96578160765767 86.7
    endloop
  endfacet
  facet normal 0 0 1
    outer loop
      vertex -0.12689004611968993 -12.982359860539436 86.7
      vertex 0 -12.987900001257657 86.7
      vertex -1.1152841040343044 -10.596165520086885 86.7
    endloop
  endfacet
  facet normal 0 0 1
    outer loop
      vertex -1.1152841040343044 -10.596165520086885 86.7
      vertex 0 -12.987900001257657 86.7
      vertex 0.12689004611968993 -12.982359860539436 86.7
    endloop
  endfacet
  facet normal 0 0 1
    outer loop
      vertex -1.1152841040343044 -10.596165520086885 86.7
      vertex 0.12689004611968993 -12.982359860539436 86.7
      vertex 0.25281438067555423 -12.96578160765767 86.7
    endloop
  endfacet
  facet normal 0 0 1
    outer loop
      vertex -1.1152841040343044 -10.596165520086885 86.7
      vertex 0.25281438067555423 -12.96578160765767 86.7
      vertex 0.37681464625895017 -12.9382914108634 86.7
    endloop
  endfacet
  facet normal 0 0 1
    outer loop
      vertex -0.6152899272292851 -12.851493508547543 86.7
      vertex -1.2608463847488163 -10.80404999937117 86.7
      vertex -1.3194935085475443 -10.916710072770714 86.7
    endloop
  endfacet
  facet normal 0 0 1
    outer loop
      vertex -0.37681464625895017 -12.9382914108634 86.7
      vertex -1.1926034624278543 -10.696930066689848 86.7
      vertex -1.2608463847488163 -10.80404999937117 86.7
    endloop
  endfacet
  facet normal 0 0 1
    outer loop
      vertex -0.37681464625895017 -12.9382914108634 86.7
      vertex -1.1152841040343044 -10.596165520086885 86.7
      vertex -1.1926034624278543 -10.696930066689848 86.7
    endloop
  endfacet
  facet normal 0 0 1
    outer loop
      vertex -1.1152841040343044 -10.596165520086885 86.7
      vertex 0.9358344799131153 -12.647284104034304 86.7
      vertex -1.0294767614603042 -10.502523238539695 86.7
    endloop
  endfacet
  facet normal 0 0 1
    outer loop
      vertex -1.0294767614603042 -10.502523238539695 86.7
      vertex 1.0294767614603042 -12.561476761460304 86.7
      vertex -0.9894733768701551 -10.465866890639067 86.7
    endloop
  endfacet
  facet normal 0 0 1
    outer loop
      vertex -0.9894733768701551 -10.465866890639067 86.7
      vertex 0.9894733768701551 -10.465866890639067 86.7
      vertex -0.6962999993711709 -9 86.7
    endloop
  endfacet
  facet normal 0.04353325825179421 -0.9970752419957455 0.06281574026554208
    outer loop
      vertex 0.300687313079834 -18.436871707439423 0
      vertex 0.12689004611968993 -12.982359860539436 86.7
      vertex 0 -12.987900001257657 86.7
    endloop
  endfacet
  facet normal 0.13027089721720705 -0.9895057193942765 0.06251339555838721
    outer loop
      vertex 0.5990862101316452 -18.39758674800396 0
      vertex 0.25281438067555423 -12.96578160765767 86.7
      vertex 0.12689004611968993 -12.982359860539436 86.7
    endloop
  endfacet
  facet normal 0.21602441091600688 -0.9744231562454542 0.061910955904747066
    outer loop
      vertex 0.8929257020354271 -18.332444101572037 0
      vertex 0.37681464625895017 -12.9382914108634 86.7
      vertex 0.25281438067555423 -12.96578160765767 86.7
    endloop
  endfacet
  facet normal 0.30014556560847394 -0.9519401581310966 0.06101290669122583
    outer loop
      vertex 1.179969497025013 -18.241939544677734 0
      vertex 0.4979471277445554 -12.900098487854002 86.7
      vertex 0.37681464625895017 -12.9382914108634 86.7
    endloop
  endfacet
  facet normal 0.3819979812142194 -0.922224701106596 0.059825939333290425
    outer loop
      vertex 1.4580330029129982 -18.126761868596077 0
      vertex 0.6152899272292851 -12.851493508547543 86.7
      vertex 0.4979471277445554 -12.900098487854002 86.7
    endloop
  endfacet
  facet normal 0.46096164994559863 -0.8854990654865436 0.05835890936171966
    outer loop
      vertex 1.7250000014901161 -17.987787641584873 0
      vertex 0.7279500006288289 -12.792846384748817 86.7
      vertex 0.6152899272292851 -12.851493508547543 86.7
    endloop
  endfacet
  facet normal 0.5364375819234775 -0.8420383493120608 0.0566227779953655
    outer loop
      vertex 1.9788387045264244 -17.826074555516243 0
      vertex 0.835069933310151 -12.724603462427854 86.7
      vertex 0.7279500006288289 -12.792846384748817 86.7
    endloop
  endfacet
  facet normal 0.6078523389467367 -0.7921685669423277 0.05463053711542782
    outer loop
      vertex 2.2176172509789467 -17.64285332709551 0
      vertex 0.9358344799131153 -12.647284104034304 86.7
      vertex 0.835069933310151 -12.724603462427854 86.7
    endloop
  endfacet
  facet normal 0.6746621709875149 -0.7362645558026297 0.05239712689804049
    outer loop
      vertex 2.439518392086029 -17.43951839208603 0
      vertex 1.0294767614603042 -12.561476761460304 86.7
      vertex 0.9358344799131153 -12.647284104034304 86.7
    endloop
  endfacet
  facet normal 0.7363573983828594 -0.6747472455388371 0.04993932803492007
    outer loop
      vertex 2.6428533270955086 -17.217617250978947 0
      vertex 1.1152841040343044 -12.467834479913115 86.7
      vertex 1.0294767614603042 -12.561476761460304 86.7
    endloop
  endfacet
  facet normal 0.792466268280359 -0.6080807732247051 0.04727564777183769
    outer loop
      vertex 2.826074555516243 -16.978838704526424 0
      vertex 1.1926034624278543 -12.36706993331015 86.7
      vertex 1.1152841040343044 -12.467834479913115 86.7
    endloop
  endfacet
  facet normal 0.6755758744879768 0.737261704309221 -0.006512846448995076
    outer loop
      vertex 2.0602825489154415 -12.052229644995213 18.196670678627655
      vertex 0.9894733768701551 -10.465866890639067 86.7
      vertex 1.0294767614603042 -10.502523238539695 86.7
    endloop
  endfacet
  facet normal 0.9805236373539293 0.1961047270501598 0.010785760001152596
    outer loop
      vertex 1.4358202991221412 -9 19.470881780106225
      vertex 0.6962999993711709 -9 86.7
      vertex 0.9894733768701551 -10.465866890639067 86.7
    endloop
  endfacet
  facet normal 0.8425587437980279 -0.5367691097688897 0.04442618650529031
    outer loop
      vertex 2.987787641584873 -16.725000001490116 0
      vertex 1.2608463847488163 -12.259950000628828 86.7
      vertex 1.1926034624278543 -12.36706993331015 86.7
    endloop
  endfacet
  facet normal 0.8862498918555415 -0.46135250542515355 0.041412497195591355
    outer loop
      vertex 3.126761868596077 -16.458033002912998 0
      vertex 1.3194935085475443 -12.147289927229284 86.7
      vertex 1.2608463847488163 -12.259950000628828 86.7
    endloop
  endfacet
  facet normal 0.9232031751378712 -0.38240327843101335 0.038257418372990355
    outer loop
      vertex 3.2419395446777344 -16.179969497025013 0
      vertex 1.3680984878540037 -12.029947127744554 86.7
      vertex 1.3194935085475443 -12.147289927229284 86.7
    endloop
  endfacet
  facet normal 0.9531331278065636 -0.3005217074855904 0.034984911142126006
    outer loop
      vertex 3.3324441015720367 -15.892925702035427 0
      vertex 1.4062914108633993 -11.90881464625895 86.7
      vertex 1.3680984878540037 -12.029947127744554 86.7
    endloop
  endfacet
  facet normal 0.9758078270695039 -0.21633138504441396 0.031619874678101095
    outer loop
      vertex 3.3975867480039597 -15.599086210131645 0
      vertex 1.4337816076576708 -11.784814380675554 86.7
      vertex 1.4062914108633993 -11.90881464625895 86.7
    endloop
  endfacet
  facet normal 0.991050901859693 -0.1304743243446943 0.028187951502101308
    outer loop
      vertex 3.4368717074394226 -15.300687313079834 0
      vertex 1.450359860539436 -11.658890046119689 86.7
      vertex 1.4337816076576708 -11.784814380675554 86.7
    endloop
  endfacet
  facet normal 0.9987430412541347 -0.04360607596180742 0.024715333007160552
    outer loop
      vertex 3.4500000029802322 -15 0
      vertex 1.4559000012576577 -11.532 86.7
      vertex 1.450359860539436 -11.658890046119689 86.7
    endloop
  endfacet
  facet normal 0.9988230844775624 0.0436095707254615 0.021228548133810168
    outer loop
      vertex 3.4368717074394226 -14.699312686920166 0
      vertex 1.450359860539436 -11.40510995388031 86.7
      vertex 1.4559000012576577 -11.532 86.7
    endloop
  endfacet
  facet normal 0.9761959147980606 0.21641742202168388 0.014319056430725435
    outer loop
      vertex 3.3324441015720367 -14.107074297964573 0
      vertex 1.4062914108633993 -11.15518535374105 86.7
      vertex 1.4337816076576708 -11.279185619324446 86.7
    endloop
  endfacet
  facet normal 0.9912885907610187 0.13050561668169264 0.017754262630838107
    outer loop
      vertex 3.3975867480039597 -14.400913789868355 0
      vertex 1.4337816076576708 -11.279185619324446 86.7
      vertex 1.450359860539436 -11.40510995388031 86.7
    endloop
  endfacet
  facet normal 0.9238523519620584 0.38267217627770195 0.007670546073139817
    outer loop
      vertex 3.126761868596077 -13.541966997087002 0
      vertex 1.3194935085475443 -10.916710072770714 86.7
      vertex 1.3680984878540037 -11.034052872255444 86.7
    endloop
  endfacet
  facet normal 0.8870018143149839 0.461743931493283 0.004508118349519615
    outer loop
      vertex 2.987787641584873 -13.274999998509884 0
      vertex 1.2608463847488163 -10.80404999937117 86.7
      vertex 1.3194935085475443 -10.916710072770714 86.7
    endloop
  endfacet
  facet normal 0.9536597844753326 0.3006877616880256 0.010949221228345797
    outer loop
      vertex 3.2419395446777344 -13.820030502974987 0
      vertex 1.3680984878540037 -11.034052872255444 86.7
      vertex 1.4062914108633993 -11.15518535374105 86.7
    endloop
  endfacet
  facet normal 0.7933525842653033 0.6087608674205429 -0.0013723472421678666
    outer loop
      vertex 2.6428533270955086 -12.782382749021053 0
      vertex 1.1152841040343044 -10.596165520086885 86.7
      vertex 1.1926034624278543 -10.696930066689848 86.7
    endloop
  endfacet
  facet normal 0.8433905185026067 0.5372990086880919 0.0014861233791399382
    outer loop
      vertex 2.826074555516243 -13.021161295473576 0
      vertex 1.1926034624278543 -10.696930066689848 86.7
      vertex 1.2608463847488163 -10.80404999937117 86.7
    endloop
  endfacet
  facet normal 0.7372713006365421 0.6755846826715511 -0.004045466262536153
    outer loop
      vertex 2.150574434355712 -12.138767366876026 17.766454969206546
      vertex 1.0294767614603042 -10.502523238539695 86.7
      vertex 1.1152841040343044 -10.596165520086885 86.7
    endloop
  endfacet
  facet normal 0 0 1
    outer loop
      vertex -1.1152841040343044 -10.596165520086885 86.7
      vertex 0.37681464625895017 -12.9382914108634 86.7
      vertex 0.4979471277445554 -12.900098487854002 86.7
    endloop
  endfacet
  facet normal 0 0 1
    outer loop
      vertex -1.1152841040343044 -10.596165520086885 86.7
      vertex 0.4979471277445554 -12.900098487854002 86.7
      vertex 0.6152899272292851 -12.851493508547543 86.7
    endloop
  endfacet
  facet normal 0 0 1
    outer loop
      vertex -1.1152841040343044 -10.596165520086885 86.7
      vertex 0.6152899272292851 -12.851493508547543 86.7
      vertex 0.7279500006288289 -12.792846384748817 86.7
    endloop
  endfacet
  facet normal 0 0 1
    outer loop
      vertex -1.1152841040343044 -10.596165520086885 86.7
      vertex 0.7279500006288289 -12.792846384748817 86.7
      vertex 0.835069933310151 -12.724603462427854 86.7
    endloop
  endfacet
  facet normal 0 0 1
    outer loop
      vertex -1.1152841040343044 -10.596165520086885 86.7
      vertex 0.835069933310151 -12.724603462427854 86.7
      vertex 0.9358344799131153 -12.647284104034304 86.7
    endloop
  endfacet
  facet normal 0 0 1
    outer loop
      vertex -1.0294767614603042 -10.502523238539695 86.7
      vertex 0.9358344799131153 -12.647284104034304 86.7
      vertex 1.0294767614603042 -12.561476761460304 86.7
    endloop
  endfacet
  facet normal 0 0 1
    outer loop
      vertex -0.9894733768701551 -10.465866890639067 86.7
      vertex 1.0294767614603042 -12.561476761460304 86.7
      vertex 1.1152841040343044 -12.467834479913115 86.7
    endloop
  endfacet
  facet normal 0 0 1
    outer loop
      vertex -0.9894733768701551 -10.465866890639067 86.7
      vertex 1.1152841040343044 -12.467834479913115 86.7
      vertex 1.1926034624278543 -12.36706993331015 86.7
    endloop
  endfacet
  facet normal 0 0 1
    outer loop
      vertex -0.9894733768701551 -10.465866890639067 86.7
      vertex 1.1926034624278543 -12.36706993331015 86.7
      vertex 1.2608463847488163 -12.259950000628828 86.7
    endloop
  endfacet
  facet normal 0 0 1
    outer loop
      vertex -0.9894733768701551 -10.465866890639067 86.7
      vertex 1.2608463847488163 -12.259950000628828 86.7
      vertex 1.3194935085475443 -12.147289927229284 86.7
    endloop
  endfacet
  facet normal 0 0 1
    outer loop
      vertex -0.9894733768701551 -10.465866890639067 86.7
      vertex 1.3194935085475443 -12.147289927229284 86.7
      vertex 1.3680984878540037 -12.029947127744554 86.7
    endloop
  endfacet
  facet normal 0 0 1
    outer loop
      vertex -0.9894733768701551 -10.465866890639067 86.7
      vertex 1.3680984878540037 -12.029947127744554 86.7
      vertex 1.4062914108633993 -11.90881464625895 86.7
    endloop
  endfacet
  facet normal 0 0 1
    outer loop
      vertex -0.9894733768701551 -10.465866890639067 86.7
      vertex 1.4062914108633993 -11.90881464625895 86.7
      vertex 1.4337816076576708 -11.784814380675554 86.7
    endloop
  endfacet
  facet normal 0 0 1
    outer loop
      vertex -0.9894733768701551 -10.465866890639067 86.7
      vertex 1.4337816076576708 -11.784814380675554 86.7
      vertex 1.450359860539436 -11.658890046119689 86.7
    endloop
  endfacet
  facet normal 0 0 1
    outer loop
      vertex -0.9894733768701551 -10.465866890639067 86.7
      vertex 1.450359860539436 -11.658890046119689 86.7
      vertex 1.4559000012576577 -11.532 86.7
    endloop
  endfacet
  facet normal 0 0 1
    outer loop
      vertex -0.9894733768701551 -10.465866890639067 86.7
      vertex 1.4559000012576577 -11.532 86.7
      vertex 1.450359860539436 -11.40510995388031 86.7
    endloop
  endfacet
  facet normal 0 0 1
    outer loop
      vertex -0.9894733768701551 -10.465866890639067 86.7
      vertex 1.450359860539436 -11.40510995388031 86.7
      vertex 1.4337816076576708 -11.279185619324446 86.7
    endloop
  endfacet
  facet normal 0 0 1
    outer loop
      vertex -0.9894733768701551 -10.465866890639067 86.7
      vertex 1.4337816076576708 -11.279185619324446 86.7
      vertex 1.4062914108633993 -11.15518535374105 86.7
    endloop
  endfacet
  facet normal 0 0 1
    outer loop
      vertex -0.9894733768701551 -10.465866890639067 86.7
      vertex 1.0294767614603042 -10.502523238539695 86.7
      vertex 0.9894733768701551 -10.465866890639067 86.7
    endloop
  endfacet
  facet normal 0 0 1
    outer loop
      vertex -0.9894733768701551 -10.465866890639067 86.7
      vertex 1.1926034624278543 -10.696930066689848 86.7
      vertex 1.1152841040343044 -10.596165520086885 86.7
    endloop
  endfacet
  facet normal 0 0 1
    outer loop
      vertex -0.9894733768701551 -10.465866890639067 86.7
      vertex 1.1152841040343044 -10.596165520086885 86.7
      vertex 1.0294767614603042 -10.502523238539695 86.7
    endloop
  endfacet
  facet normal 0 0 1
    outer loop
      vertex -0.9894733768701551 -10.465866890639067 86.7
      vertex 1.3194935085475443 -10.916710072770714 86.7
      vertex 1.2608463847488163 -10.80404999937117 86.7
    endloop
  endfacet
  facet normal 0 0 1
    outer loop
      vertex -0.9894733768701551 -10.465866890639067 86.7
      vertex 1.4062914108633993 -11.15518535374105 86.7
      vertex 1.3680984878540037 -11.034052872255444 86.7
    endloop
  endfacet
  facet normal 0 0 1
    outer loop
      vertex -0.9894733768701551 -10.465866890639067 86.7
      vertex 1.3680984878540037 -11.034052872255444 86.7
      vertex 1.3194935085475443 -10.916710072770714 86.7
    endloop
  endfacet
  facet normal 0 0 1
    outer loop
      vertex -0.9894733768701551 -10.465866890639067 86.7
      vertex 1.2608463847488163 -10.80404999937117 86.7
      vertex 1.1926034624278543 -10.696930066689848 86.7
    endloop
  endfacet
  facet normal 0 0 1
    outer loop
      vertex -0.6962999993711709 -9 86.7
      vertex 0.9894733768701551 -10.465866890639067 86.7
      vertex 0.6962999993711709 -9 86.7
    endloop
  endfacet
  facet normal -0.9805236373539293 -0.19610472705015974 0.010785760001152596
    outer loop
      vertex -1.6499999985098839 9 0
      vertex -1.4788167822647098 9 15.56211058179725
      vertex -1.5487233933448548 9.35460365742045 15.654303332046572
    endloop
  endfacet
  facet normal -0.9805236373539292 -0.19610472705015988 0.010785760001152599
    outer loop
      vertex -1.6499999985098839 9 0
      vertex -1.5487233933448548 9.35460365742045 15.654303332046572
      vertex -2.344723641872406 12.473618224263191 0
    endloop
  endfacet
  facet normal -0.9805236373539293 -0.19610472705015983 0.010785760001152547
    outer loop
      vertex -2.344723641872406 12.473618224263191 0
      vertex -1.5487233933448548 9.35460365742045 15.654303332046572
      vertex -1.6669930997728597 9.955780887090997 15.83300690022714
    endloop
  endfacet
  facet normal -0.9805236373539293 -0.1961047270501598 0.01078576000115261
    outer loop
      vertex -2.344723641872406 12.473618224263191 0
      vertex -1.6669930997728597 9.955780887090997 15.83300690022714
      vertex -1.7709148508395307 10.485345694138514 16.01402600181418
    endloop
  endfacet
  facet normal -0.9805236373539292 -0.19610472705015988 0.010785760001152578
    outer loop
      vertex -2.344723641872406 12.473618224263191 0
      vertex -1.7709148508395307 10.485345694138514 16.01402600181418
      vertex -1.8610900343680756 10.9462769727367 16.196850728648506
    endloop
  endfacet
  facet normal -0.6755758744879875 -0.7372617043092111 -0.0065128464489946835
    outer loop
      vertex -2.439518392086029 12.560481607913971 0
      vertex -2.344723641872406 12.473618224263191 0
      vertex -2.098482274838044 12.098354662325185 16.937713369126122
    endloop
  endfacet
  facet normal -0.9805236373539292 -0.19610472705016013 0.010785760001152564
    outer loop
      vertex -2.344723641872406 12.473618224263191 0
      vertex -1.8610900343680756 10.9462769727367 16.196850728648506
      vertex -1.9380552247540863 11.341234616614694 16.38106329428387
    endloop
  endfacet
  facet normal -0.9805236373539291 -0.19610472705016063 0.01078576000115257
    outer loop
      vertex -2.344723641872406 12.473618224263191 0
      vertex -2.0022790275633957 11.672542857739675 16.566321955684042
      vertex -2.0541603069110916 11.942180621037666 16.752346791873233
    endloop
  endfacet
  facet normal -0.9805236373539296 -0.19610472705015886 0.010785760001152672
    outer loop
      vertex -2.344723641872406 12.473618224263191 0
      vertex -1.9380552247540863 11.341234616614694 16.38106329428387
      vertex -2.0022790275633957 11.672542857739675 16.566321955684042
    endloop
  endfacet
  facet normal -0.9805236373539293 -0.1961047270501596 0.010785760001152597
    outer loop
      vertex -2.344723641872406 12.473618224263191 0
      vertex -2.0541603069110916 11.942180621037666 16.752346791873233
      vertex -2.0809032753821497 12.082778461057435 16.87749219858461
    endloop
  endfacet
  facet normal 0 0 -1
    outer loop
      vertex -1.6499999985098839 9 0
      vertex -2.344723641872406 12.473618224263191 0
      vertex 1.6499999985098839 9 0
    endloop
  endfacet
  facet normal 0 0 -1
    outer loop
      vertex -2.439518392086029 12.560481607913971 0
      vertex -2.6428533270955086 12.782382749021053 0
      vertex 2.344723641872406 12.473618224263191 0
    endloop
  endfacet
  facet normal 0 0 -1
    outer loop
      vertex -3.3975867480039597 14.400913789868355 0
      vertex 2.344723641872406 12.473618224263191 0
      vertex -3.3324441015720367 14.107074297964573 0
    endloop
  endfacet
  facet normal 0 0 -1
    outer loop
      vertex -3.2419395446777344 13.820030502974987 0
      vertex -3.3324441015720367 14.107074297964573 0
      vertex 2.344723641872406 12.473618224263191 0
    endloop
  endfacet
  facet normal 0 0 -1
    outer loop
      vertex -3.2419395446777344 13.820030502974987 0
      vertex 2.344723641872406 12.473618224263191 0
      vertex -3.126761868596077 13.541966997087002 0
    endloop
  endfacet
  facet normal 0 0 -1
    outer loop
      vertex -2.826074555516243 13.021161295473576 0
      vertex -2.987787641584873 13.274999998509884 0
      vertex 2.344723641872406 12.473618224263191 0
    endloop
  endfacet
  facet normal 0 0 -1
    outer loop
      vertex -3.126761868596077 13.541966997087002 0
      vertex 2.344723641872406 12.473618224263191 0
      vertex -2.987787641584873 13.274999998509884 0
    endloop
  endfacet
  facet normal 0 0 -1
    outer loop
      vertex -2.826074555516243 13.021161295473576 0
      vertex 2.344723641872406 12.473618224263191 0
      vertex -2.6428533270955086 12.782382749021053 0
    endloop
  endfacet
  facet normal 0 0 -1
    outer loop
      vertex -2.439518392086029 12.560481607913971 0
      vertex 2.344723641872406 12.473618224263191 0
      vertex -2.344723641872406 12.473618224263191 0
    endloop
  endfacet
  facet normal -0.6755758744879927 -0.7372617043092063 -0.006512846448994465
    outer loop
      vertex -2.439518392086029 12.560481607913971 0
      vertex -2.098482274838044 12.098354662325185 16.937713369126122
      vertex -2.1366678127166385 12.131706280399442 17.123247815806714
    endloop
  endfacet
  facet normal -0.6755758744879798 -0.7372617043092183 -0.006512846448994974
    outer loop
      vertex -2.439518392086029 12.560481607913971 0
      vertex -2.1366678127166385 12.131706280399442 17.123247815806714
      vertex -2.158182245697278 12.149870981608345 17.298669317359444
    endloop
  endfacet
  facet normal -0.7372713006365136 -0.6755846826715821 -0.004045466262537483
    outer loop
      vertex -2.439518392086029 12.560481607913971 0
      vertex -2.158182245697278 12.149870981608345 17.298669317359444
      vertex -2.1596770864890935 12.151428160939329 17.31105273805551
    endloop
  endfacet
  facet normal -0.7372713006365149 -0.6755846826715804 -0.004045466262537252
    outer loop
      vertex -2.439518392086029 12.560481607913971 0
      vertex -2.1596770864890935 12.151428160939329 17.31105273805551
      vertex -2.167305647793425 12.1586218402306 17.5
    endloop
  endfacet
  facet normal -0.6755758744880105 -0.7372617043091901 -0.0065128464489938595
    outer loop
      vertex -2.344723641872406 12.473618224263191 0
      vertex -2.0809032753821497 12.082778461057435 16.87749219858461
      vertex -2.098482274838044 12.098354662325185 16.937713369126122
    endloop
  endfacet
  facet normal 0 0 -1
    outer loop
      vertex -3.3975867480039597 14.400913789868355 0
      vertex -3.4368717074394226 14.699312686920166 0
      vertex 2.344723641872406 12.473618224263191 0
    endloop
  endfacet
  facet normal 0 0 -1
    outer loop
      vertex -3.4368717074394226 14.699312686920166 0
      vertex -3.4500000029802322 15 0
      vertex 2.344723641872406 12.473618224263191 0
    endloop
  endfacet
  facet normal 0 0 -1
    outer loop
      vertex -3.4500000029802322 15 0
      vertex -3.4368717074394226 15.300687313079834 0
      vertex 2.344723641872406 12.473618224263191 0
    endloop
  endfacet
  facet normal 0 0 -1
    outer loop
      vertex -3.4368717074394226 15.300687313079834 0
      vertex -3.3975867480039597 15.599086210131645 0
      vertex 2.344723641872406 12.473618224263191 0
    endloop
  endfacet
  facet normal 0 0 -1
    outer loop
      vertex -3.3975867480039597 15.599086210131645 0
      vertex -3.3324441015720367 15.892925702035427 0
      vertex 2.344723641872406 12.473618224263191 0
    endloop
  endfacet
  facet normal 0 0 -1
    outer loop
      vertex -3.3324441015720367 15.892925702035427 0
      vertex -3.2419395446777344 16.179969497025013 0
      vertex 2.344723641872406 12.473618224263191 0
    endloop
  endfacet
  facet normal 0 0 -1
    outer loop
      vertex -3.2419395446777344 16.179969497025013 0
      vertex -3.126761868596077 16.458033002912998 0
      vertex 2.344723641872406 12.473618224263191 0
    endloop
  endfacet
  facet normal 0 0 -1
    outer loop
      vertex -3.126761868596077 16.458033002912998 0
      vertex -2.987787641584873 16.725000001490116 0
      vertex 2.344723641872406 12.473618224263191 0
    endloop
  endfacet
  facet normal 0 0 -1
    outer loop
      vertex -2.987787641584873 16.725000001490116 0
      vertex -2.826074555516243 16.978838704526424 0
      vertex 2.344723641872406 12.473618224263191 0
    endloop
  endfacet
  facet normal 0 0 -1
    outer loop
      vertex -2.826074555516243 16.978838704526424 0
      vertex -2.6428533270955086 17.217617250978947 0
      vertex 2.344723641872406 12.473618224263191 0
    endloop
  endfacet
  facet normal 0 0 -1
    outer loop
      vertex -2.6428533270955086 17.217617250978947 0
      vertex -2.439518392086029 17.43951839208603 0
      vertex 2.344723641872406 12.473618224263191 0
    endloop
  endfacet
  facet normal 0 0 -1
    outer loop
      vertex -2.439518392086029 17.43951839208603 0
      vertex -2.2176172509789467 17.64285332709551 0
      vertex 2.439518392086029 12.560481607913971 0
    endloop
  endfacet
  facet normal 0 0 -1
    outer loop
      vertex -2.2176172509789467 17.64285332709551 0
      vertex -1.9788387045264244 17.826074555516243 0
      vertex 2.6428533270955086 12.782382749021053 0
    endloop
  endfacet
  facet normal 0 0 -1
    outer loop
      vertex -1.9788387045264244 17.826074555516243 0
      vertex -1.7250000014901161 17.987787641584873 0
      vertex 2.6428533270955086 12.782382749021053 0
    endloop
  endfacet
  facet normal 0 0 -1
    outer loop
      vertex -1.7250000014901161 17.987787641584873 0
      vertex -1.4580330029129982 18.126761868596077 0
      vertex 2.6428533270955086 12.782382749021053 0
    endloop
  endfacet
  facet normal -0.8870018143149838 -0.46174393149328313 0.004508118349519568
    outer loop
      vertex -3.126761868596077 13.541966997087002 0
      vertex -2.987787641584873 13.274999998509884 0
      vertex -1.3194935085475443 10.916710072770714 86.7
    endloop
  endfacet
  facet normal -0.9536597844753317 -0.3006877616880281 0.010949221228345695
    outer loop
      vertex -3.2419395446777344 13.820030502974987 0
      vertex -1.4062914108633993 11.15518535374105 86.7
      vertex -3.3324441015720367 14.107074297964573 0
    endloop
  endfacet
  facet normal -0.923852351962058 -0.3826721762777033 0.007670546073139847
    outer loop
      vertex -3.2419395446777344 13.820030502974987 0
      vertex -3.126761868596077 13.541966997087002 0
      vertex -1.3680984878540037 11.034052872255444 86.7
    endloop
  endfacet
  facet normal -0.9761959147980607 -0.2164174220216828 0.01431905643072552
    outer loop
      vertex -3.3975867480039597 14.400913789868355 0
      vertex -3.3324441015720367 14.107074297964573 0
      vertex -1.4337816076576708 11.279185619324446 86.7
    endloop
  endfacet
  facet normal -0.9912885907610186 -0.1305056166816937 0.017754262630838163
    outer loop
      vertex -3.3975867480039597 14.400913789868355 0
      vertex -1.450359860539436 11.40510995388031 86.7
      vertex -3.4368717074394226 14.699312686920166 0
    endloop
  endfacet
  facet normal -0.9988230844775622 -0.043609570725463155 0.021228548133810237
    outer loop
      vertex -3.4368717074394226 14.699312686920166 0
      vertex -1.4559000012576577 11.532 86.7
      vertex -3.4500000029802322 15 0
    endloop
  endfacet
  facet normal -0.7372713006365367 -0.6755846826715569 -0.004045466262536368
    outer loop
      vertex -2.439518392086029 12.560481607913971 0
      vertex -1.1152841040343044 10.596165520086885 86.7
      vertex -2.6428533270955086 12.782382749021053 0
    endloop
  endfacet
  facet normal -0.8433905185026079 -0.53729900868809 0.0014861233791400193
    outer loop
      vertex -2.826074555516243 13.021161295473576 0
      vertex -1.2608463847488163 10.80404999937117 86.7
      vertex -2.987787641584873 13.274999998509884 0
    endloop
  endfacet
  facet normal -0.793352584265305 -0.6087608674205408 -0.0013723472421677697
    outer loop
      vertex -2.826074555516243 13.021161295473576 0
      vertex -2.6428533270955086 12.782382749021053 0
      vertex -1.1926034624278543 10.696930066689848 86.7
    endloop
  endfacet
  facet normal -0.9805236373539294 -0.19610472705015966 0.010785760001152602
    outer loop
      vertex -2.049419159221717 12.000621825520966 18.245927571491574
      vertex -0.9894733768701551 10.465866890639067 86.7
      vertex -2.0602825489154415 12.052229644995213 18.196670678627655
    endloop
  endfacet
  facet normal -0.9805236373539294 -0.1961047270501596 0.010785760001152604
    outer loop
      vertex -2.049419159221717 12.000621825520966 18.245927571491574
      vertex -1.9965110792253862 11.746259770873376 18.430988405834103
      vertex -0.9894733768701551 10.465866890639067 86.7
    endloop
  endfacet
  facet normal -0.7372713006365559 -0.6755846826715359 -0.004045466262535659
    outer loop
      vertex -2.439518392086029 12.560481607913971 0
      vertex -2.167305647793425 12.1586218402306 17.5
      vertex -1.1152841040343044 10.596165520086885 86.7
    endloop
  endfacet
  facet normal -0.7372713006365315 -0.6755846826715627 -0.004045466262536573
    outer loop
      vertex -2.167305647793425 12.1586218402306 17.5
      vertex -2.159855012381717 12.149359370893443 17.688962828443046
      vertex -1.1152841040343044 10.596165520086885 86.7
    endloop
  endfacet
  facet normal -0.7372713006365562 -0.6755846826715356 -0.004045466262535591
    outer loop
      vertex -2.159855012381717 12.149359370893443 17.688962828443046
      vertex -2.150574434355712 12.138767366876026 17.766454969206546
      vertex -1.1152841040343044 10.596165520086885 86.7
    endloop
  endfacet
  facet normal -0.6755758744879762 -0.7372617043092216 -0.006512846448995147
    outer loop
      vertex -2.150574434355712 12.138767366876026 17.766454969206546
      vertex -2.13719290609967 12.12553029049764 17.876844772324105
      vertex -1.0294767614603042 10.502523238539695 86.7
    endloop
  endfacet
  facet normal -0.675575874487974 -0.7372617043092236 -0.0065128464489952265
    outer loop
      vertex -2.0992520420080125 12.089123910021748 18.06249288936543
      vertex -1.0294767614603042 10.502523238539695 86.7
      vertex -2.13719290609967 12.12553029049764 17.876844772324105
    endloop
  endfacet
  facet normal -0.6755758744879973 -0.7372617043092021 -0.006512846448994368
    outer loop
      vertex -2.0992520420080125 12.089123910021748 18.06249288936543
      vertex -2.0602825489154415 12.052229644995213 18.196670678627655
      vertex -1.0294767614603042 10.502523238539695 86.7
    endloop
  endfacet
  facet normal -0.9805236373539291 -0.19610472705016013 0.0107857600011526
    outer loop
      vertex -1.4358202991221412 9 19.470881780106225
      vertex -0.9894733768701551 10.465866890639067 86.7
      vertex -1.5399288463595204 9.513081104812665 19.335215734988417
    endloop
  endfacet
  facet normal -0.9805236373539294 -0.19610472705015933 0.010785760001152592
    outer loop
      vertex -1.6584387749679057 10.095908016312354 19.158438774967905
      vertex -1.5399288463595204 9.513081104812665 19.335215734988417
      vertex -0.9894733768701551 10.465866890639067 86.7
    endloop
  endfacet
  facet normal -0.9805236373539291 -0.19610472705016016 0.010785760001152592
    outer loop
      vertex -1.6584387749679057 10.095908016312354 19.158438774967905
      vertex -0.9894733768701551 10.465866890639067 86.7
      vertex -1.7628095508032653 10.607902270388314 18.979172843914807
    endloop
  endfacet
  facet normal -0.9805236373539294 -0.1961047270501596 0.010785760001152597
    outer loop
      vertex -1.7628095508032653 10.607902270388314 18.979172843914807
      vertex -0.9894733768701551 10.465866890639067 86.7
      vertex -1.8536158057025522 11.051964406236277 18.79791576009759
    endloop
  endfacet
  facet normal -0.9805236373539292 -0.19610472705016033 0.01078576000115259
    outer loop
      vertex -1.8536158057025522 11.051964406236277 18.79791576009759
      vertex -0.9894733768701551 10.465866890639067 86.7
      vertex -1.9313683510288029 11.430670948938927 18.6150760373708
    endloop
  endfacet
  facet normal -0.9805236373539291 -0.1961047270501601 0.010785760001152589
    outer loop
      vertex -1.9313683510288029 11.430670948938927 18.6150760373708
      vertex -0.9894733768701551 10.465866890639067 86.7
      vertex -1.9965110792253862 11.746259770873376 18.430988405834103
    endloop
  endfacet
  facet normal -0.9987430412541348 0.04360607596180841 0.02471533300716068
    outer loop
      vertex -3.4500000029802322 15 0
      vertex -1.450359860539436 11.658890046119689 86.7
      vertex -3.4368717074394226 15.300687313079834 0
    endloop
  endfacet
  facet normal -0.9910509018596929 0.13047432434469414 0.028187951502101204
    outer loop
      vertex -3.4368717074394226 15.300687313079834 0
      vertex -1.4337816076576708 11.784814380675554 86.7
      vertex -3.3975867480039597 15.599086210131645 0
    endloop
  endfacet
  facet normal -0.9758078270695041 0.21633138504441288 0.031619874678101005
    outer loop
      vertex -3.3975867480039597 15.599086210131645 0
      vertex -1.4062914108633993 11.90881464625895 86.7
      vertex -3.3324441015720367 15.892925702035427 0
    endloop
  endfacet
  facet normal -0.953133127806564 0.30052170748558843 0.03498491114212584
    outer loop
      vertex -3.3324441015720367 15.892925702035427 0
      vertex -1.3680984878540037 12.029947127744554 86.7
      vertex -3.2419395446777344 16.179969497025013 0
    endloop
  endfacet
  facet normal -0.9232031751378706 0.3824032784310146 0.038257418372990376
    outer loop
      vertex -3.2419395446777344 16.179969497025013 0
      vertex -1.3194935085475443 12.147289927229284 86.7
      vertex -3.126761868596077 16.458033002912998 0
    endloop
  endfacet
  facet normal -0.8862498918555413 0.4613525054251536 0.04141249719559132
    outer loop
      vertex -3.126761868596077 16.458033002912998 0
      vertex -1.2608463847488163 12.259950000628828 86.7
      vertex -2.987787641584873 16.725000001490116 0
    endloop
  endfacet
  facet normal -0.8425587437980302 0.536769109768886 0.044426186505290156
    outer loop
      vertex -2.987787641584873 16.725000001490116 0
      vertex -1.1926034624278543 12.36706993331015 86.7
      vertex -2.826074555516243 16.978838704526424 0
    endloop
  endfacet
  facet normal -0.7924662682803555 0.6080807732247097 0.04727564777183793
    outer loop
      vertex -2.826074555516243 16.978838704526424 0
      vertex -1.1152841040343044 12.467834479913115 86.7
      vertex -2.6428533270955086 17.217617250978947 0
    endloop
  endfacet
  facet normal -0.7363573983828605 0.6747472455388358 0.04993932803492
    outer loop
      vertex -2.6428533270955086 17.217617250978947 0
      vertex -1.0294767614603042 12.561476761460304 86.7
      vertex -2.439518392086029 17.43951839208603 0
    endloop
  endfacet
  facet normal -0.6746621709875147 0.7362645558026298 0.052397126898040526
    outer loop
      vertex -2.439518392086029 17.43951839208603 0
      vertex -0.9358344799131153 12.647284104034304 86.7
      vertex -2.2176172509789467 17.64285332709551 0
    endloop
  endfacet
  facet normal -0.6078523389467325 0.7921685669423312 0.05463053711542789
    outer loop
      vertex -2.2176172509789467 17.64285332709551 0
      vertex -0.835069933310151 12.724603462427854 86.7
      vertex -1.9788387045264244 17.826074555516243 0
    endloop
  endfacet
  facet normal -0.5364375819234767 0.8420383493120613 0.05662277799536548
    outer loop
      vertex -1.9788387045264244 17.826074555516243 0
      vertex -0.7279500006288289 12.792846384748817 86.7
      vertex -1.7250000014901161 17.987787641584873 0
    endloop
  endfacet
  facet normal -0.46096164994560784 0.8854990654865388 0.05835890936171952
    outer loop
      vertex -1.7250000014901161 17.987787641584873 0
      vertex -0.6152899272292851 12.851493508547543 86.7
      vertex -1.4580330029129982 18.126761868596077 0
    endloop
  endfacet
  facet normal -0.38199798121422024 0.9222247011065956 0.05982593933329044
    outer loop
      vertex -1.4580330029129982 18.126761868596077 0
      vertex -0.4979471277445554 12.900098487854002 86.7
      vertex -1.179969497025013 18.241939544677734 0
    endloop
  endfacet
  facet normal -0.30014556560845784 0.9519401581311016 0.06101290669122601
    outer loop
      vertex -1.179969497025013 18.241939544677734 0
      vertex -0.37681464625895017 12.9382914108634 86.7
      vertex -0.8929257020354271 18.332444101572037 0
    endloop
  endfacet
  facet normal -0.21602441091601576 0.9744231562454522 0.06191095590474702
    outer loop
      vertex -0.8929257020354271 18.332444101572037 0
      vertex -0.25281438067555423 12.96578160765767 86.7
      vertex -0.5990862101316452 18.39758674800396 0
    endloop
  endfacet
  facet normal -0.13027089721720142 0.9895057193942771 0.06251339555838724
    outer loop
      vertex -0.5990862101316452 18.39758674800396 0
      vertex -0.12689004611968993 12.982359860539436 86.7
      vertex -0.300687313079834 18.436871707439423 0
    endloop
  endfacet
  facet normal 0 0 -1
    outer loop
      vertex -2.344723641872406 12.473618224263191 0
      vertex 2.344723641872406 12.473618224263191 0
      vertex 1.6499999985098839 9 0
    endloop
  endfacet
  facet normal 0.9805236373539293 -0.19610472705015988 0.010785760001152596
    outer loop
      vertex 1.6499999985098839 9 0
      vertex 2.344723641872406 12.473618224263191 0
      vertex 1.4788167822647098 9 15.56211058179725
    endloop
  endfacet
  facet normal 0.9805236373539292 -0.19610472705015972 0.010785760001152623
    outer loop
      vertex 1.4788167822647098 9 15.56211058179725
      vertex 2.344723641872406 12.473618224263191 0
      vertex 1.5487233933448548 9.35460365742045 15.654303332046572
    endloop
  endfacet
  facet normal 0.9805236373539293 -0.19610472705015983 0.010785760001152547
    outer loop
      vertex 2.344723641872406 12.473618224263191 0
      vertex 1.6669930997728597 9.955780887090997 15.83300690022714
      vertex 1.5487233933448548 9.35460365742045 15.654303332046572
    endloop
  endfacet
  facet normal 0.9805236373539293 -0.1961047270501598 0.01078576000115261
    outer loop
      vertex 2.344723641872406 12.473618224263191 0
      vertex 1.7709148508395307 10.485345694138514 16.01402600181418
      vertex 1.6669930997728597 9.955780887090997 15.83300690022714
    endloop
  endfacet
  facet normal 0.9805236373539292 -0.19610472705015988 0.010785760001152578
    outer loop
      vertex 2.344723641872406 12.473618224263191 0
      vertex 1.8610900343680756 10.9462769727367 16.196850728648506
      vertex 1.7709148508395307 10.485345694138514 16.01402600181418
    endloop
  endfacet
  facet normal 0.9805236373539292 -0.19610472705016013 0.010785760001152564
    outer loop
      vertex 2.344723641872406 12.473618224263191 0
      vertex 1.9380552247540863 11.341234616614694 16.38106329428387
      vertex 1.8610900343680756 10.9462769727367 16.196850728648506
    endloop
  endfacet
  facet normal 0.9805236373539296 -0.19610472705015886 0.010785760001152672
    outer loop
      vertex 2.344723641872406 12.473618224263191 0
      vertex 2.0022790275633957 11.672542857739675 16.566321955684042
      vertex 1.9380552247540863 11.341234616614694 16.38106329428387
    endloop
  endfacet
  facet normal 0.9805236373539291 -0.19610472705016063 0.01078576000115257
    outer loop
      vertex 2.344723641872406 12.473618224263191 0
      vertex 2.0541603069110916 11.942180621037666 16.752346791873233
      vertex 2.0022790275633957 11.672542857739675 16.566321955684042
    endloop
  endfacet
  facet normal 0.9805236373539293 -0.1961047270501596 0.010785760001152597
    outer loop
      vertex 2.344723641872406 12.473618224263191 0
      vertex 2.0809032753821497 12.082778461057435 16.87749219858461
      vertex 2.0541603069110916 11.942180621037666 16.752346791873233
    endloop
  endfacet
  facet normal 0.6755758744879875 -0.7372617043092112 -0.006512846448994729
    outer loop
      vertex 2.344723641872406 12.473618224263191 0
      vertex 2.439518392086029 12.560481607913971 0
      vertex 2.0809032753821497 12.082778461057435 16.87749219858461
    endloop
  endfacet
  facet normal 0.6755758744880117 -0.7372617043091891 -0.006512846448993655
    outer loop
      vertex 2.439518392086029 12.560481607913971 0
      vertex 2.098482274838044 12.098354662325185 16.937713369126122
      vertex 2.0809032753821497 12.082778461057435 16.87749219858461
    endloop
  endfacet
  facet normal 0.6755758744879927 -0.7372617043092063 -0.006512846448994465
    outer loop
      vertex 2.439518392086029 12.560481607913971 0
      vertex 2.1366678127166385 12.131706280399442 17.123247815806714
      vertex 2.098482274838044 12.098354662325185 16.937713369126122
    endloop
  endfacet
  facet normal 0.6755758744879798 -0.7372617043092183 -0.006512846448994974
    outer loop
      vertex 2.439518392086029 12.560481607913971 0
      vertex 2.158182245697278 12.149870981608345 17.298669317359444
      vertex 2.1366678127166385 12.131706280399442 17.123247815806714
    endloop
  endfacet
  facet normal 0.7372713006365136 -0.6755846826715821 -0.004045466262537483
    outer loop
      vertex 2.439518392086029 12.560481607913971 0
      vertex 2.1596770864890935 12.151428160939329 17.31105273805551
      vertex 2.158182245697278 12.149870981608345 17.298669317359444
    endloop
  endfacet
  facet normal 0.7372713006365149 -0.6755846826715804 -0.004045466262537252
    outer loop
      vertex 2.439518392086029 12.560481607913971 0
      vertex 2.167305647793425 12.1586218402306 17.5
      vertex 2.1596770864890935 12.151428160939329 17.31105273805551
    endloop
  endfacet
  facet normal 0 0 -1
    outer loop
      vertex -2.439518392086029 17.43951839208603 0
      vertex 2.439518392086029 12.560481607913971 0
      vertex 2.344723641872406 12.473618224263191 0
    endloop
  endfacet
  facet normal 0 0 -1
    outer loop
      vertex -2.2176172509789467 17.64285332709551 0
      vertex 2.6428533270955086 12.782382749021053 0
      vertex 2.439518392086029 12.560481607913971 0
    endloop
  endfacet
  facet normal 0 0 -1
    outer loop
      vertex -1.4580330029129982 18.126761868596077 0
      vertex -1.179969497025013 18.241939544677734 0
      vertex 2.6428533270955086 12.782382749021053 0
    endloop
  endfacet
  facet normal 0 0 -1
    outer loop
      vertex -1.179969497025013 18.241939544677734 0
      vertex -0.8929257020354271 18.332444101572037 0
      vertex 2.6428533270955086 12.782382749021053 0
    endloop
  endfacet
  facet normal 0 0 -1
    outer loop
      vertex -0.8929257020354271 18.332444101572037 0
      vertex -0.5990862101316452 18.39758674800396 0
      vertex 2.6428533270955086 12.782382749021053 0
    endloop
  endfacet
  facet normal 0 0 -1
    outer loop
      vertex -0.5990862101316452 18.39758674800396 0
      vertex -0.300687313079834 18.436871707439423 0
      vertex 2.6428533270955086 12.782382749021053 0
    endloop
  endfacet
  facet normal 0 0 -1
    outer loop
      vertex -0.300687313079834 18.436871707439423 0
      vertex 0 18.450000002980232 0
      vertex 2.6428533270955086 12.782382749021053 0
    endloop
  endfacet
  facet normal 0 0 -1
    outer loop
      vertex 2.6428533270955086 12.782382749021053 0
      vertex 0 18.450000002980232 0
      vertex 0.300687313079834 18.436871707439423 0
    endloop
  endfacet
  facet normal 0 0 -1
    outer loop
      vertex 2.6428533270955086 12.782382749021053 0
      vertex 0.300687313079834 18.436871707439423 0
      vertex 0.5990862101316452 18.39758674800396 0
    endloop
  endfacet
  facet normal 0 0 -1
    outer loop
      vertex 2.6428533270955086 12.782382749021053 0
      vertex 0.5990862101316452 18.39758674800396 0
      vertex 0.8929257020354271 18.332444101572037 0
    endloop
  endfacet
  facet normal 0 0 -1
    outer loop
      vertex 2.6428533270955086 12.782382749021053 0
      vertex 0.8929257020354271 18.332444101572037 0
      vertex 2.826074555516243 13.021161295473576 0
    endloop
  endfacet
  facet normal 0 0 -1
    outer loop
      vertex 2.826074555516243 13.021161295473576 0
      vertex 0.8929257020354271 18.332444101572037 0
      vertex 2.987787641584873 13.274999998509884 0
    endloop
  endfacet
  facet normal 0 0 -1
    outer loop
      vertex 1.4580330029129982 18.126761868596077 0
      vertex 3.126761868596077 13.541966997087002 0
      vertex 2.987787641584873 13.274999998509884 0
    endloop
  endfacet
  facet normal 0 0 -1
    outer loop
      vertex 1.4580330029129982 18.126761868596077 0
      vertex 3.2419395446777344 13.820030502974987 0
      vertex 3.126761868596077 13.541966997087002 0
    endloop
  endfacet
  facet normal 0 0 -1
    outer loop
      vertex 1.7250000014901161 17.987787641584873 0
      vertex 3.3324441015720367 14.107074297964573 0
      vertex 3.2419395446777344 13.820030502974987 0
    endloop
  endfacet
  facet normal 0 0 -1
    outer loop
      vertex 1.7250000014901161 17.987787641584873 0
      vertex 3.3975867480039597 14.400913789868355 0
      vertex 3.3324441015720367 14.107074297964573 0
    endloop
  endfacet
  facet normal 0 0 -1
    outer loop
      vertex 0.8929257020354271 18.332444101572037 0
      vertex 1.179969497025013 18.241939544677734 0
      vertex 2.987787641584873 13.274999998509884 0
    endloop
  endfacet
  facet normal 0 0 -1
    outer loop
      vertex 1.179969497025013 18.241939544677734 0
      vertex 1.4580330029129982 18.126761868596077 0
      vertex 2.987787641584873 13.274999998509884 0
    endloop
  endfacet
  facet normal 0 0 -1
    outer loop
      vertex 1.4580330029129982 18.126761868596077 0
      vertex 1.7250000014901161 17.987787641584873 0
      vertex 3.2419395446777344 13.820030502974987 0
    endloop
  endfacet
  facet normal 0 0 -1
    outer loop
      vertex 1.9788387045264244 17.826074555516243 0
      vertex 2.2176172509789467 17.64285332709551 0
      vertex 3.3975867480039597 14.400913789868355 0
    endloop
  endfacet
  facet normal 0 0 -1
    outer loop
      vertex 1.7250000014901161 17.987787641584873 0
      vertex 1.9788387045264244 17.826074555516243 0
      vertex 3.3975867480039597 14.400913789868355 0
    endloop
  endfacet
  facet normal 0 0 -1
    outer loop
      vertex 2.2176172509789467 17.64285332709551 0
      vertex 2.439518392086029 17.43951839208603 0
      vertex 3.4368717074394226 14.699312686920166 0
    endloop
  endfacet
  facet normal 0 0 -1
    outer loop
      vertex 2.6428533270955086 17.217617250978947 0
      vertex 3.4368717074394226 14.699312686920166 0
      vertex 2.439518392086029 17.43951839208603 0
    endloop
  endfacet
  facet normal 0 0 -1
    outer loop
      vertex 2.6428533270955086 17.217617250978947 0
      vertex 2.826074555516243 16.978838704526424 0
      vertex 3.3324441015720367 15.892925702035427 0
    endloop
  endfacet
  facet normal 0 0 -1
    outer loop
      vertex 2.2176172509789467 17.64285332709551 0
      vertex 3.4368717074394226 14.699312686920166 0
      vertex 3.3975867480039597 14.400913789868355 0
    endloop
  endfacet
  facet normal 0 0 -1
    outer loop
      vertex 2.6428533270955086 17.217617250978947 0
      vertex 3.4500000029802322 15 0
      vertex 3.4368717074394226 14.699312686920166 0
    endloop
  endfacet
  facet normal 0 0 -1
    outer loop
      vertex 2.6428533270955086 17.217617250978947 0
      vertex 3.4368717074394226 15.300687313079834 0
      vertex 3.4500000029802322 15 0
    endloop
  endfacet
  facet normal 0 0 -1
    outer loop
      vertex 2.6428533270955086 17.217617250978947 0
      vertex 3.3975867480039597 15.599086210131645 0
      vertex 3.4368717074394226 15.300687313079834 0
    endloop
  endfacet
  facet normal 0 0 -1
    outer loop
      vertex 2.6428533270955086 17.217617250978947 0
      vertex 3.3324441015720367 15.892925702035427 0
      vertex 3.3975867480039597 15.599086210131645 0
    endloop
  endfacet
  facet normal 0 0 -1
    outer loop
      vertex 2.826074555516243 16.978838704526424 0
      vertex 3.2419395446777344 16.179969497025013 0
      vertex 3.3324441015720367 15.892925702035427 0
    endloop
  endfacet
  facet normal 0 0 -1
    outer loop
      vertex 2.826074555516243 16.978838704526424 0
      vertex 2.987787641584873 16.725000001490116 0
      vertex 3.2419395446777344 16.179969497025013 0
    endloop
  endfacet
  facet normal 0 0 -1
    outer loop
      vertex 3.126761868596077 16.458033002912998 0
      vertex 3.2419395446777344 16.179969497025013 0
      vertex 2.987787641584873 16.725000001490116 0
    endloop
  endfacet
  facet normal 0.7372713006365367 -0.6755846826715569 -0.004045466262536368
    outer loop
      vertex 2.439518392086029 12.560481607913971 0
      vertex 2.6428533270955086 12.782382749021053 0
      vertex 1.1152841040343044 10.596165520086885 86.7
    endloop
  endfacet
  facet normal 0.793352584265305 -0.6087608674205408 -0.0013723472421677697
    outer loop
      vertex 2.6428533270955086 12.782382749021053 0
      vertex 2.826074555516243 13.021161295473576 0
      vertex 1.1926034624278543 10.696930066689848 86.7
    endloop
  endfacet
  facet normal 0.8433905185026079 -0.53729900868809 0.0014861233791400193
    outer loop
      vertex 2.826074555516243 13.021161295473576 0
      vertex 2.987787641584873 13.274999998509884 0
      vertex 1.2608463847488163 10.80404999937117 86.7
    endloop
  endfacet
  facet normal 0.8870018143149838 -0.46174393149328313 0.004508118349519568
    outer loop
      vertex 2.987787641584873 13.274999998509884 0
      vertex 3.126761868596077 13.541966997087002 0
      vertex 1.3194935085475443 10.916710072770714 86.7
    endloop
  endfacet
  facet normal 0.923852351962058 -0.3826721762777033 0.007670546073139847
    outer loop
      vertex 3.126761868596077 13.541966997087002 0
      vertex 3.2419395446777344 13.820030502974987 0
      vertex 1.3680984878540037 11.034052872255444 86.7
    endloop
  endfacet
  facet normal 0.9536597844753317 -0.3006877616880281 0.010949221228345695
    outer loop
      vertex 3.2419395446777344 13.820030502974987 0
      vertex 3.3324441015720367 14.107074297964573 0
      vertex 1.4062914108633993 11.15518535374105 86.7
    endloop
  endfacet
  facet normal 0.9761959147980607 -0.2164174220216828 0.01431905643072552
    outer loop
      vertex 3.3324441015720367 14.107074297964573 0
      vertex 3.3975867480039597 14.400913789868355 0
      vertex 1.4337816076576708 11.279185619324446 86.7
    endloop
  endfacet
  facet normal 0.9912885907610186 -0.1305056166816937 0.017754262630838163
    outer loop
      vertex 3.3975867480039597 14.400913789868355 0
      vertex 3.4368717074394226 14.699312686920166 0
      vertex 1.450359860539436 11.40510995388031 86.7
    endloop
  endfacet
  facet normal 0.9988230844775622 -0.043609570725463155 0.021228548133810237
    outer loop
      vertex 3.4368717074394226 14.699312686920166 0
      vertex 3.4500000029802322 15 0
      vertex 1.4559000012576577 11.532 86.7
    endloop
  endfacet
  facet normal 0.9805236373539291 -0.19610472705016013 0.0107857600011526
    outer loop
      vertex 1.4358202991221412 9 19.470881780106225
      vertex 1.5399288463595204 9.513081104812665 19.335215734988417
      vertex 0.9894733768701551 10.465866890639067 86.7
    endloop
  endfacet
  facet normal 0.9805236373539294 -0.1961047270501593 0.010785760001152592
    outer loop
      vertex 1.5399288463595204 9.513081104812665 19.335215734988417
      vertex 1.6584387749679057 10.095908016312354 19.158438774967905
      vertex 0.9894733768701551 10.465866890639067 86.7
    endloop
  endfacet
  facet normal 0.9805236373539291 -0.19610472705016016 0.010785760001152592
    outer loop
      vertex 1.6584387749679057 10.095908016312354 19.158438774967905
      vertex 1.7628095508032653 10.607902270388314 18.979172843914807
      vertex 0.9894733768701551 10.465866890639067 86.7
    endloop
  endfacet
  facet normal 0.9805236373539294 -0.1961047270501596 0.010785760001152597
    outer loop
      vertex 1.7628095508032653 10.607902270388314 18.979172843914807
      vertex 1.8536158057025522 11.051964406236277 18.79791576009759
      vertex 0.9894733768701551 10.465866890639067 86.7
    endloop
  endfacet
  facet normal 0.9805236373539292 -0.19610472705016033 0.01078576000115259
    outer loop
      vertex 1.8536158057025522 11.051964406236277 18.79791576009759
      vertex 1.9313683510288029 11.430670948938927 18.6150760373708
      vertex 0.9894733768701551 10.465866890639067 86.7
    endloop
  endfacet
  facet normal 0.9805236373539291 -0.1961047270501601 0.010785760001152589
    outer loop
      vertex 1.9313683510288029 11.430670948938927 18.6150760373708
      vertex 1.9965110792253862 11.746259770873376 18.430988405834103
      vertex 0.9894733768701551 10.465866890639067 86.7
    endloop
  endfacet
  facet normal 0.9805236373539294 -0.1961047270501596 0.010785760001152604
    outer loop
      vertex 2.049419159221717 12.000621825520966 18.245927571491574
      vertex 0.9894733768701551 10.465866890639067 86.7
      vertex 1.9965110792253862 11.746259770873376 18.430988405834103
    endloop
  endfacet
  facet normal 0.9805236373539294 -0.19610472705015966 0.010785760001152602
    outer loop
      vertex 2.049419159221717 12.000621825520966 18.245927571491574
      vertex 2.0602825489154415 12.052229644995213 18.196670678627655
      vertex 0.9894733768701551 10.465866890639067 86.7
    endloop
  endfacet
  facet normal 0.7372713006365559 -0.6755846826715359 -0.004045466262535659
    outer loop
      vertex 2.439518392086029 12.560481607913971 0
      vertex 1.1152841040343044 10.596165520086885 86.7
      vertex 2.167305647793425 12.1586218402306 17.5
    endloop
  endfacet
  facet normal 0.6755758744879762 -0.7372617043092216 -0.006512846448995147
    outer loop
      vertex 2.150574434355712 12.138767366876026 17.766454969206546
      vertex 1.0294767614603042 10.502523238539695 86.7
      vertex 2.13719290609967 12.12553029049764 17.876844772324105
    endloop
  endfacet
  facet normal 0.6755758744879973 -0.7372617043092021 -0.006512846448994368
    outer loop
      vertex 2.0602825489154415 12.052229644995213 18.196670678627655
      vertex 2.0992520420080125 12.089123910021748 18.06249288936543
      vertex 1.0294767614603042 10.502523238539695 86.7
    endloop
  endfacet
  facet normal 0.675575874487974 -0.7372617043092236 -0.0065128464489952265
    outer loop
      vertex 2.0992520420080125 12.089123910021748 18.06249288936543
      vertex 2.13719290609967 12.12553029049764 17.876844772324105
      vertex 1.0294767614603042 10.502523238539695 86.7
    endloop
  endfacet
  facet normal 0.7372713006365315 -0.6755846826715627 -0.004045466262536573
    outer loop
      vertex 2.167305647793425 12.1586218402306 17.5
      vertex 1.1152841040343044 10.596165520086885 86.7
      vertex 2.159855012381717 12.149359370893443 17.688962828443046
    endloop
  endfacet
  facet normal 0.7372713006365562 -0.6755846826715356 -0.004045466262535591
    outer loop
      vertex 2.159855012381717 12.149359370893443 17.688962828443046
      vertex 1.1152841040343044 10.596165520086885 86.7
      vertex 2.150574434355712 12.138767366876026 17.766454969206546
    endloop
  endfacet
  facet normal -0.04353325825180058 0.9970752419957453 0.06281574026554208
    outer loop
      vertex -0.300687313079834 18.436871707439423 0
      vertex 0 12.987900001257657 86.7
      vertex 0 18.450000002980232 0
    endloop
  endfacet
  facet normal 0.04353325825180058 0.9970752419957453 0.06281574026554208
    outer loop
      vertex 0 18.450000002980232 0
      vertex 0 12.987900001257657 86.7
      vertex 0.300687313079834 18.436871707439423 0
    endloop
  endfacet
  facet normal 0.13027089721720142 0.9895057193942771 0.06251339555838724
    outer loop
      vertex 0.300687313079834 18.436871707439423 0
      vertex 0.12689004611968993 12.982359860539436 86.7
      vertex 0.5990862101316452 18.39758674800396 0
    endloop
  endfacet
  facet normal 0.21602441091601576 0.9744231562454522 0.06191095590474701
    outer loop
      vertex 0.5990862101316452 18.39758674800396 0
      vertex 0.25281438067555423 12.96578160765767 86.7
      vertex 0.8929257020354271 18.332444101572037 0
    endloop
  endfacet
  facet normal 0.30014556560845784 0.9519401581311016 0.06101290669122601
    outer loop
      vertex 0.8929257020354271 18.332444101572037 0
      vertex 0.37681464625895017 12.9382914108634 86.7
      vertex 1.179969497025013 18.241939544677734 0
    endloop
  endfacet
  facet normal 0.38199798121422024 0.9222247011065956 0.05982593933329044
    outer loop
      vertex 1.179969497025013 18.241939544677734 0
      vertex 0.4979471277445554 12.900098487854002 86.7
      vertex 1.4580330029129982 18.126761868596077 0
    endloop
  endfacet
  facet normal 0.46096164994560784 0.8854990654865388 0.05835890936171952
    outer loop
      vertex 1.4580330029129982 18.126761868596077 0
      vertex 0.6152899272292851 12.851493508547543 86.7
      vertex 1.7250000014901161 17.987787641584873 0
    endloop
  endfacet
  facet normal 0.6078523389467325 0.7921685669423312 0.05463053711542789
    outer loop
      vertex 1.9788387045264244 17.826074555516243 0
      vertex 0.835069933310151 12.724603462427854 86.7
      vertex 2.2176172509789467 17.64285332709551 0
    endloop
  endfacet
  facet normal 0.6746621709875147 0.7362645558026298 0.052397126898040526
    outer loop
      vertex 2.2176172509789467 17.64285332709551 0
      vertex 0.9358344799131153 12.647284104034304 86.7
      vertex 2.439518392086029 17.43951839208603 0
    endloop
  endfacet
  facet normal 0.7363573983828605 0.6747472455388358 0.04993932803492
    outer loop
      vertex 2.6428533270955086 17.217617250978947 0
      vertex 2.439518392086029 17.43951839208603 0
      vertex 1.0294767614603042 12.561476761460304 86.7
    endloop
  endfacet
  facet normal 0.9987430412541348 0.04360607596180841 0.02471533300716068
    outer loop
      vertex 3.4500000029802322 15 0
      vertex 3.4368717074394226 15.300687313079834 0
      vertex 1.450359860539436 11.658890046119689 86.7
    endloop
  endfacet
  facet normal 0.9910509018596929 0.13047432434469414 0.028187951502101204
    outer loop
      vertex 3.4368717074394226 15.300687313079834 0
      vertex 3.3975867480039597 15.599086210131645 0
      vertex 1.4337816076576708 11.784814380675554 86.7
    endloop
  endfacet
  facet normal 0.953133127806564 0.30052170748558843 0.03498491114212584
    outer loop
      vertex 3.3324441015720367 15.892925702035427 0
      vertex 3.2419395446777344 16.179969497025013 0
      vertex 1.3680984878540037 12.029947127744554 86.7
    endloop
  endfacet
  facet normal 0.9758078270695041 0.21633138504441288 0.031619874678101005
    outer loop
      vertex 3.3975867480039597 15.599086210131645 0
      vertex 3.3324441015720367 15.892925702035427 0
      vertex 1.4062914108633993 11.90881464625895 86.7
    endloop
  endfacet
  facet normal 0.9232031751378706 0.3824032784310146 0.038257418372990376
    outer loop
      vertex 3.126761868596077 16.458033002912998 0
      vertex 1.3194935085475443 12.147289927229284 86.7
      vertex 3.2419395446777344 16.179969497025013 0
    endloop
  endfacet
  facet normal 0.7924662682803555 0.6080807732247097 0.04727564777183793
    outer loop
      vertex 2.6428533270955086 17.217617250978947 0
      vertex 1.1152841040343044 12.467834479913115 86.7
      vertex 2.826074555516243 16.978838704526424 0
    endloop
  endfacet
  facet normal 0.8425587437980302 0.536769109768886 0.044426186505290156
    outer loop
      vertex 2.826074555516243 16.978838704526424 0
      vertex 1.1926034624278543 12.36706993331015 86.7
      vertex 2.987787641584873 16.725000001490116 0
    endloop
  endfacet
  facet normal 0.8862498918555413 0.4613525054251536 0.04141249719559132
    outer loop
      vertex 3.126761868596077 16.458033002912998 0
      vertex 2.987787641584873 16.725000001490116 0
      vertex 1.2608463847488163 12.259950000628828 86.7
    endloop
  endfacet
  facet normal 0.5364375819234767 0.8420383493120613 0.05662277799536548
    outer loop
      vertex 1.7250000014901161 17.987787641584873 0
      vertex 0.7279500006288289 12.792846384748817 86.7
      vertex 1.9788387045264244 17.826074555516243 0
    endloop
  endfacet
  facet normal -0.8433905185026067 -0.5372990086880919 0.0014861233791399382
    outer loop
      vertex -2.826074555516243 13.021161295473576 0
      vertex -1.1926034624278543 10.696930066689848 86.7
      vertex -1.2608463847488163 10.80404999937117 86.7
    endloop
  endfacet
  facet normal -0.7933525842653033 -0.6087608674205429 -0.0013723472421678666
    outer loop
      vertex -2.6428533270955086 12.782382749021053 0
      vertex -1.1152841040343044 10.596165520086885 86.7
      vertex -1.1926034624278543 10.696930066689848 86.7
    endloop
  endfacet
  facet normal -0.9761959147980606 -0.21641742202168388 0.014319056430725435
    outer loop
      vertex -3.3324441015720367 14.107074297964573 0
      vertex -1.4062914108633993 11.15518535374105 86.7
      vertex -1.4337816076576708 11.279185619324446 86.7
    endloop
  endfacet
  facet normal -0.9912885907610187 -0.13050561668169264 0.017754262630838107
    outer loop
      vertex -3.3975867480039597 14.400913789868355 0
      vertex -1.4337816076576708 11.279185619324446 86.7
      vertex -1.450359860539436 11.40510995388031 86.7
    endloop
  endfacet
  facet normal -0.9988230844775624 -0.0436095707254615 0.021228548133810168
    outer loop
      vertex -3.4368717074394226 14.699312686920166 0
      vertex -1.450359860539436 11.40510995388031 86.7
      vertex -1.4559000012576577 11.532 86.7
    endloop
  endfacet
  facet normal -0.8870018143149839 -0.461743931493283 0.004508118349519615
    outer loop
      vertex -2.987787641584873 13.274999998509884 0
      vertex -1.2608463847488163 10.80404999937117 86.7
      vertex -1.3194935085475443 10.916710072770714 86.7
    endloop
  endfacet
  facet normal -0.9238523519620584 -0.38267217627770195 0.007670546073139817
    outer loop
      vertex -3.126761868596077 13.541966997087002 0
      vertex -1.3194935085475443 10.916710072770714 86.7
      vertex -1.3680984878540037 11.034052872255444 86.7
    endloop
  endfacet
  facet normal -0.9536597844753326 -0.3006877616880256 0.010949221228345797
    outer loop
      vertex -3.2419395446777344 13.820030502974987 0
      vertex -1.3680984878540037 11.034052872255444 86.7
      vertex -1.4062914108633993 11.15518535374105 86.7
    endloop
  endfacet
  facet normal -0.9987430412541347 0.04360607596180742 0.024715333007160552
    outer loop
      vertex -3.4500000029802322 15 0
      vertex -1.4559000012576577 11.532 86.7
      vertex -1.450359860539436 11.658890046119689 86.7
    endloop
  endfacet
  facet normal -0.991050901859693 0.1304743243446943 0.028187951502101308
    outer loop
      vertex -3.4368717074394226 15.300687313079834 0
      vertex -1.450359860539436 11.658890046119689 86.7
      vertex -1.4337816076576708 11.784814380675554 86.7
    endloop
  endfacet
  facet normal -0.9758078270695039 0.21633138504441396 0.031619874678101095
    outer loop
      vertex -3.3975867480039597 15.599086210131645 0
      vertex -1.4337816076576708 11.784814380675554 86.7
      vertex -1.4062914108633993 11.90881464625895 86.7
    endloop
  endfacet
  facet normal -0.9531331278065636 0.3005217074855904 0.034984911142126006
    outer loop
      vertex -3.3324441015720367 15.892925702035427 0
      vertex -1.4062914108633993 11.90881464625895 86.7
      vertex -1.3680984878540037 12.029947127744554 86.7
    endloop
  endfacet
  facet normal -0.9232031751378712 0.38240327843101335 0.038257418372990355
    outer loop
      vertex -3.2419395446777344 16.179969497025013 0
      vertex -1.3680984878540037 12.029947127744554 86.7
      vertex -1.3194935085475443 12.147289927229284 86.7
    endloop
  endfacet
  facet normal -0.8862498918555415 0.46135250542515355 0.041412497195591355
    outer loop
      vertex -3.126761868596077 16.458033002912998 0
      vertex -1.3194935085475443 12.147289927229284 86.7
      vertex -1.2608463847488163 12.259950000628828 86.7
    endloop
  endfacet
  facet normal -0.8425587437980279 0.5367691097688897 0.04442618650529031
    outer loop
      vertex -2.987787641584873 16.725000001490116 0
      vertex -1.2608463847488163 12.259950000628828 86.7
      vertex -1.1926034624278543 12.36706993331015 86.7
    endloop
  endfacet
  facet normal -0.9805236373539293 -0.1961047270501598 0.010785760001152596
    outer loop
      vertex -1.4358202991221412 9 19.470881780106225
      vertex -0.6962999993711709 9 86.7
      vertex -0.9894733768701551 10.465866890639067 86.7
    endloop
  endfacet
  facet normal -0.7372713006365421 -0.6755846826715511 -0.004045466262536153
    outer loop
      vertex -2.150574434355712 12.138767366876026 17.766454969206546
      vertex -1.0294767614603042 10.502523238539695 86.7
      vertex -1.1152841040343044 10.596165520086885 86.7
    endloop
  endfacet
  facet normal -0.6755758744879768 -0.737261704309221 -0.006512846448995076
    outer loop
      vertex -2.0602825489154415 12.052229644995213 18.196670678627655
      vertex -0.9894733768701551 10.465866890639067 86.7
      vertex -1.0294767614603042 10.502523238539695 86.7
    endloop
  endfacet
  facet normal -0.792466268280359 0.6080807732247051 0.04727564777183769
    outer loop
      vertex -2.826074555516243 16.978838704526424 0
      vertex -1.1926034624278543 12.36706993331015 86.7
      vertex -1.1152841040343044 12.467834479913115 86.7
    endloop
  endfacet
  facet normal -0.7363573983828594 0.6747472455388371 0.04993932803492007
    outer loop
      vertex -2.6428533270955086 17.217617250978947 0
      vertex -1.1152841040343044 12.467834479913115 86.7
      vertex -1.0294767614603042 12.561476761460304 86.7
    endloop
  endfacet
  facet normal -0.6746621709875149 0.7362645558026297 0.05239712689804049
    outer loop
      vertex -2.439518392086029 17.43951839208603 0
      vertex -1.0294767614603042 12.561476761460304 86.7
      vertex -0.9358344799131153 12.647284104034304 86.7
    endloop
  endfacet
  facet normal -0.6078523389467367 0.7921685669423277 0.05463053711542782
    outer loop
      vertex -2.2176172509789467 17.64285332709551 0
      vertex -0.9358344799131153 12.647284104034304 86.7
      vertex -0.835069933310151 12.724603462427854 86.7
    endloop
  endfacet
  facet normal -0.5364375819234775 0.8420383493120608 0.0566227779953655
    outer loop
      vertex -1.9788387045264244 17.826074555516243 0
      vertex -0.835069933310151 12.724603462427854 86.7
      vertex -0.7279500006288289 12.792846384748817 86.7
    endloop
  endfacet
  facet normal -0.46096164994559863 0.8854990654865436 0.05835890936171966
    outer loop
      vertex -1.7250000014901161 17.987787641584873 0
      vertex -0.7279500006288289 12.792846384748817 86.7
      vertex -0.6152899272292851 12.851493508547543 86.7
    endloop
  endfacet
  facet normal -0.3819979812142194 0.922224701106596 0.059825939333290425
    outer loop
      vertex -1.4580330029129982 18.126761868596077 0
      vertex -0.6152899272292851 12.851493508547543 86.7
      vertex -0.4979471277445554 12.900098487854002 86.7
    endloop
  endfacet
  facet normal -0.30014556560847394 0.9519401581310966 0.06101290669122583
    outer loop
      vertex -1.179969497025013 18.241939544677734 0
      vertex -0.4979471277445554 12.900098487854002 86.7
      vertex -0.37681464625895017 12.9382914108634 86.7
    endloop
  endfacet
  facet normal -0.21602441091600688 0.9744231562454542 0.061910955904747066
    outer loop
      vertex -0.8929257020354271 18.332444101572037 0
      vertex -0.37681464625895017 12.9382914108634 86.7
      vertex -0.25281438067555423 12.96578160765767 86.7
    endloop
  endfacet
  facet normal -0.13027089721720705 0.9895057193942765 0.06251339555838721
    outer loop
      vertex -0.5990862101316452 18.39758674800396 0
      vertex -0.25281438067555423 12.96578160765767 86.7
      vertex -0.12689004611968993 12.982359860539436 86.7
    endloop
  endfacet
  facet normal -0.04353325825179421 0.9970752419957455 0.06281574026554208
    outer loop
      vertex -0.300687313079834 18.436871707439423 0
      vertex -0.12689004611968993 12.982359860539436 86.7
      vertex 0 12.987900001257657 86.7
    endloop
  endfacet
  facet normal 0 0 1
    outer loop
      vertex -0.6962999993711709 9 86.7
      vertex 0.6962999993711709 9 86.7
      vertex -0.9894733768701551 10.465866890639067 86.7
    endloop
  endfacet
  facet normal 0 0 1
    outer loop
      vertex -1.3680984878540037 11.034052872255444 86.7
      vertex 0.9894733768701551 10.465866890639067 86.7
      vertex -1.4062914108633993 11.15518535374105 86.7
    endloop
  endfacet
  facet normal 0 0 1
    outer loop
      vertex -1.3194935085475443 10.916710072770714 86.7
      vertex 0.9894733768701551 10.465866890639067 86.7
      vertex -1.3680984878540037 11.034052872255444 86.7
    endloop
  endfacet
  facet normal 0 0 1
    outer loop
      vertex -1.2608463847488163 10.80404999937117 86.7
      vertex 0.9894733768701551 10.465866890639067 86.7
      vertex -1.3194935085475443 10.916710072770714 86.7
    endloop
  endfacet
  facet normal 0 0 1
    outer loop
      vertex -1.4062914108633993 11.15518535374105 86.7
      vertex 0.9894733768701551 10.465866890639067 86.7
      vertex -1.4337816076576708 11.279185619324446 86.7
    endloop
  endfacet
  facet normal 0 0 1
    outer loop
      vertex -1.450359860539436 11.40510995388031 86.7
      vertex -1.4337816076576708 11.279185619324446 86.7
      vertex 0.9894733768701551 10.465866890639067 86.7
    endloop
  endfacet
  facet normal 0 0 1
    outer loop
      vertex -1.450359860539436 11.40510995388031 86.7
      vertex 0.9894733768701551 10.465866890639067 86.7
      vertex -1.4559000012576577 11.532 86.7
    endloop
  endfacet
  facet normal 0 0 1
    outer loop
      vertex -1.4559000012576577 11.532 86.7
      vertex 0.9894733768701551 10.465866890639067 86.7
      vertex -1.450359860539436 11.658890046119689 86.7
    endloop
  endfacet
  facet normal 0 0 1
    outer loop
      vertex -1.450359860539436 11.658890046119689 86.7
      vertex 0.9894733768701551 10.465866890639067 86.7
      vertex -1.4337816076576708 11.784814380675554 86.7
    endloop
  endfacet
  facet normal 0 0 1
    outer loop
      vertex -1.4337816076576708 11.784814380675554 86.7
      vertex 0.9894733768701551 10.465866890639067 86.7
      vertex -1.4062914108633993 11.90881464625895 86.7
    endloop
  endfacet
  facet normal 0 0 1
    outer loop
      vertex -1.4062914108633993 11.90881464625895 86.7
      vertex 0.9894733768701551 10.465866890639067 86.7
      vertex -1.3680984878540037 12.029947127744554 86.7
    endloop
  endfacet
  facet normal 0 0 1
    outer loop
      vertex -1.2608463847488163 10.80404999937117 86.7
      vertex -1.1926034624278543 10.696930066689848 86.7
      vertex 0.9894733768701551 10.465866890639067 86.7
    endloop
  endfacet
  facet normal 0 0 1
    outer loop
      vertex -1.1152841040343044 10.596165520086885 86.7
      vertex 0.9894733768701551 10.465866890639067 86.7
      vertex -1.1926034624278543 10.696930066689848 86.7
    endloop
  endfacet
  facet normal 0 0 1
    outer loop
      vertex -1.1152841040343044 10.596165520086885 86.7
      vertex -1.0294767614603042 10.502523238539695 86.7
      vertex 0.9894733768701551 10.465866890639067 86.7
    endloop
  endfacet
  facet normal 0 0 1
    outer loop
      vertex -1.0294767614603042 10.502523238539695 86.7
      vertex -0.9894733768701551 10.465866890639067 86.7
      vertex 0.9894733768701551 10.465866890639067 86.7
    endloop
  endfacet
  facet normal 0 0 1
    outer loop
      vertex -1.3680984878540037 12.029947127744554 86.7
      vertex 0.9894733768701551 10.465866890639067 86.7
      vertex -1.3194935085475443 12.147289927229284 86.7
    endloop
  endfacet
  facet normal 0 0 1
    outer loop
      vertex -1.3194935085475443 12.147289927229284 86.7
      vertex 0.9894733768701551 10.465866890639067 86.7
      vertex -1.2608463847488163 12.259950000628828 86.7
    endloop
  endfacet
  facet normal 0 0 1
    outer loop
      vertex -1.2608463847488163 12.259950000628828 86.7
      vertex 0.9894733768701551 10.465866890639067 86.7
      vertex -1.1926034624278543 12.36706993331015 86.7
    endloop
  endfacet
  facet normal 0 0 1
    outer loop
      vertex -1.1926034624278543 12.36706993331015 86.7
      vertex 0.9894733768701551 10.465866890639067 86.7
      vertex -1.1152841040343044 12.467834479913115 86.7
    endloop
  endfacet
  facet normal 0 0 1
    outer loop
      vertex -1.1152841040343044 12.467834479913115 86.7
      vertex 0.9894733768701551 10.465866890639067 86.7
      vertex -1.0294767614603042 12.561476761460304 86.7
    endloop
  endfacet
  facet normal 0 0 1
    outer loop
      vertex -1.0294767614603042 12.561476761460304 86.7
      vertex 1.0294767614603042 10.502523238539695 86.7
      vertex -0.9358344799131153 12.647284104034304 86.7
    endloop
  endfacet
  facet normal 0 0 1
    outer loop
      vertex -0.9358344799131153 12.647284104034304 86.7
      vertex 1.1152841040343044 10.596165520086885 86.7
      vertex -0.835069933310151 12.724603462427854 86.7
    endloop
  endfacet
  facet normal 0 0 1
    outer loop
      vertex -0.835069933310151 12.724603462427854 86.7
      vertex 1.1152841040343044 10.596165520086885 86.7
      vertex -0.7279500006288289 12.792846384748817 86.7
    endloop
  endfacet
  facet normal 0.9805236373539293 -0.1961047270501598 0.010785760001152596
    outer loop
      vertex 1.4358202991221412 9 19.470881780106225
      vertex 0.9894733768701551 10.465866890639067 86.7
      vertex 0.6962999993711709 9 86.7
    endloop
  endfacet
  facet normal 0.6755758744879768 -0.737261704309221 -0.006512846448995076
    outer loop
      vertex 2.0602825489154415 12.052229644995213 18.196670678627655
      vertex 1.0294767614603042 10.502523238539695 86.7
      vertex 0.9894733768701551 10.465866890639067 86.7
    endloop
  endfacet
  facet normal 0.7933525842653033 -0.6087608674205429 -0.0013723472421678666
    outer loop
      vertex 2.6428533270955086 12.782382749021053 0
      vertex 1.1926034624278543 10.696930066689848 86.7
      vertex 1.1152841040343044 10.596165520086885 86.7
    endloop
  endfacet
  facet normal 0.8433905185026067 -0.5372990086880919 0.0014861233791399382
    outer loop
      vertex 2.826074555516243 13.021161295473576 0
      vertex 1.2608463847488163 10.80404999937117 86.7
      vertex 1.1926034624278543 10.696930066689848 86.7
    endloop
  endfacet
  facet normal 0.7372713006365421 -0.6755846826715511 -0.004045466262536153
    outer loop
      vertex 2.150574434355712 12.138767366876026 17.766454969206546
      vertex 1.1152841040343044 10.596165520086885 86.7
      vertex 1.0294767614603042 10.502523238539695 86.7
    endloop
  endfacet
  facet normal 0.8870018143149839 -0.461743931493283 0.004508118349519615
    outer loop
      vertex 2.987787641584873 13.274999998509884 0
      vertex 1.3194935085475443 10.916710072770714 86.7
      vertex 1.2608463847488163 10.80404999937117 86.7
    endloop
  endfacet
  facet normal 0.9238523519620584 -0.38267217627770195 0.007670546073139817
    outer loop
      vertex 3.126761868596077 13.541966997087002 0
      vertex 1.3680984878540037 11.034052872255444 86.7
      vertex 1.3194935085475443 10.916710072770714 86.7
    endloop
  endfacet
  facet normal 0.9536597844753326 -0.3006877616880256 0.010949221228345797
    outer loop
      vertex 3.2419395446777344 13.820030502974987 0
      vertex 1.4062914108633993 11.15518535374105 86.7
      vertex 1.3680984878540037 11.034052872255444 86.7
    endloop
  endfacet
  facet normal 0.9761959147980606 -0.21641742202168388 0.014319056430725435
    outer loop
      vertex 3.3324441015720367 14.107074297964573 0
      vertex 1.4337816076576708 11.279185619324446 86.7
      vertex 1.4062914108633993 11.15518535374105 86.7
    endloop
  endfacet
  facet normal 0.9912885907610187 -0.13050561668169264 0.017754262630838107
    outer loop
      vertex 3.3975867480039597 14.400913789868355 0
      vertex 1.450359860539436 11.40510995388031 86.7
      vertex 1.4337816076576708 11.279185619324446 86.7
    endloop
  endfacet
  facet normal 0.9988230844775624 -0.0436095707254615 0.021228548133810168
    outer loop
      vertex 3.4368717074394226 14.699312686920166 0
      vertex 1.4559000012576577 11.532 86.7
      vertex 1.450359860539436 11.40510995388031 86.7
    endloop
  endfacet
  facet normal 0.9987430412541347 0.04360607596180742 0.024715333007160552
    outer loop
      vertex 3.4500000029802322 15 0
      vertex 1.450359860539436 11.658890046119689 86.7
      vertex 1.4559000012576577 11.532 86.7
    endloop
  endfacet
  facet normal 0.991050901859693 0.1304743243446943 0.028187951502101308
    outer loop
      vertex 3.4368717074394226 15.300687313079834 0
      vertex 1.4337816076576708 11.784814380675554 86.7
      vertex 1.450359860539436 11.658890046119689 86.7
    endloop
  endfacet
  facet normal 0.9758078270695039 0.21633138504441396 0.031619874678101095
    outer loop
      vertex 3.3975867480039597 15.599086210131645 0
      vertex 1.4062914108633993 11.90881464625895 86.7
      vertex 1.4337816076576708 11.784814380675554 86.7
    endloop
  endfacet
  facet normal 0.9232031751378712 0.38240327843101335 0.038257418372990355
    outer loop
      vertex 3.2419395446777344 16.179969497025013 0
      vertex 1.3194935085475443 12.147289927229284 86.7
      vertex 1.3680984878540037 12.029947127744554 86.7
    endloop
  endfacet
  facet normal 0.8425587437980279 0.5367691097688897 0.04442618650529031
    outer loop
      vertex 2.987787641584873 16.725000001490116 0
      vertex 1.1926034624278543 12.36706993331015 86.7
      vertex 1.2608463847488163 12.259950000628828 86.7
    endloop
  endfacet
  facet normal 0.8862498918555415 0.46135250542515355 0.041412497195591355
    outer loop
      vertex 3.126761868596077 16.458033002912998 0
      vertex 1.2608463847488163 12.259950000628828 86.7
      vertex 1.3194935085475443 12.147289927229284 86.7
    endloop
  endfacet
  facet normal 0.9531331278065636 0.3005217074855904 0.034984911142126006
    outer loop
      vertex 3.3324441015720367 15.892925702035427 0
      vertex 1.3680984878540037 12.029947127744554 86.7
      vertex 1.4062914108633993 11.90881464625895 86.7
    endloop
  endfacet
  facet normal 0.04353325825179421 0.9970752419957455 0.06281574026554208
    outer loop
      vertex 0.300687313079834 18.436871707439423 0
      vertex 0 12.987900001257657 86.7
      vertex 0.12689004611968993 12.982359860539436 86.7
    endloop
  endfacet
  facet normal 0.13027089721720705 0.9895057193942765 0.06251339555838721
    outer loop
      vertex 0.5990862101316452 18.39758674800396 0
      vertex 0.12689004611968993 12.982359860539436 86.7
      vertex 0.25281438067555423 12.96578160765767 86.7
    endloop
  endfacet
  facet normal 0.21602441091600688 0.9744231562454542 0.061910955904747066
    outer loop
      vertex 0.8929257020354271 18.332444101572037 0
      vertex 0.25281438067555423 12.96578160765767 86.7
      vertex 0.37681464625895017 12.9382914108634 86.7
    endloop
  endfacet
  facet normal 0.30014556560847394 0.9519401581310966 0.06101290669122583
    outer loop
      vertex 1.179969497025013 18.241939544677734 0
      vertex 0.37681464625895017 12.9382914108634 86.7
      vertex 0.4979471277445554 12.900098487854002 86.7
    endloop
  endfacet
  facet normal 0.3819979812142194 0.922224701106596 0.059825939333290425
    outer loop
      vertex 1.4580330029129982 18.126761868596077 0
      vertex 0.4979471277445554 12.900098487854002 86.7
      vertex 0.6152899272292851 12.851493508547543 86.7
    endloop
  endfacet
  facet normal 0.46096164994559863 0.8854990654865436 0.05835890936171966
    outer loop
      vertex 1.7250000014901161 17.987787641584873 0
      vertex 0.6152899272292851 12.851493508547543 86.7
      vertex 0.7279500006288289 12.792846384748817 86.7
    endloop
  endfacet
  facet normal 0.6078523389467367 0.7921685669423277 0.05463053711542782
    outer loop
      vertex 2.2176172509789467 17.64285332709551 0
      vertex 0.835069933310151 12.724603462427854 86.7
      vertex 0.9358344799131153 12.647284104034304 86.7
    endloop
  endfacet
  facet normal 0.5364375819234775 0.8420383493120608 0.0566227779953655
    outer loop
      vertex 1.9788387045264244 17.826074555516243 0
      vertex 0.7279500006288289 12.792846384748817 86.7
      vertex 0.835069933310151 12.724603462427854 86.7
    endloop
  endfacet
  facet normal 0.7363573983828594 0.6747472455388371 0.04993932803492007
    outer loop
      vertex 2.6428533270955086 17.217617250978947 0
      vertex 1.0294767614603042 12.561476761460304 86.7
      vertex 1.1152841040343044 12.467834479913115 86.7
    endloop
  endfacet
  facet normal 0.6746621709875149 0.7362645558026297 0.05239712689804049
    outer loop
      vertex 2.439518392086029 17.43951839208603 0
      vertex 0.9358344799131153 12.647284104034304 86.7
      vertex 1.0294767614603042 12.561476761460304 86.7
    endloop
  endfacet
  facet normal 0.792466268280359 0.6080807732247051 0.04727564777183769
    outer loop
      vertex 2.826074555516243 16.978838704526424 0
      vertex 1.1152841040343044 12.467834479913115 86.7
      vertex 1.1926034624278543 12.36706993331015 86.7
    endloop
  endfacet
  facet normal 0 0 1
    outer loop
      vertex -0.9894733768701551 10.465866890639067 86.7
      vertex 0.6962999993711709 9 86.7
      vertex 0.9894733768701551 10.465866890639067 86.7
    endloop
  endfacet
  facet normal 0 0 1
    outer loop
      vertex -1.0294767614603042 12.561476761460304 86.7
      vertex 0.9894733768701551 10.465866890639067 86.7
      vertex 1.0294767614603042 10.502523238539695 86.7
    endloop
  endfacet
  facet normal 0 0 1
    outer loop
      vertex -0.9358344799131153 12.647284104034304 86.7
      vertex 1.0294767614603042 10.502523238539695 86.7
      vertex 1.1152841040343044 10.596165520086885 86.7
    endloop
  endfacet
  facet normal 0 0 1
    outer loop
      vertex 1.1152841040343044 10.596165520086885 86.7
      vertex 1.1926034624278543 10.696930066689848 86.7
      vertex 0.37681464625895017 12.9382914108634 86.7
    endloop
  endfacet
  facet normal 0 0 1
    outer loop
      vertex 1.1926034624278543 10.696930066689848 86.7
      vertex 1.2608463847488163 10.80404999937117 86.7
      vertex 0.37681464625895017 12.9382914108634 86.7
    endloop
  endfacet
  facet normal 0 0 1
    outer loop
      vertex 1.2608463847488163 10.80404999937117 86.7
      vertex 1.3194935085475443 10.916710072770714 86.7
      vertex 0.6152899272292851 12.851493508547543 86.7
    endloop
  endfacet
  facet normal 0 0 1
    outer loop
      vertex -0.7279500006288289 12.792846384748817 86.7
      vertex 1.1152841040343044 10.596165520086885 86.7
      vertex -0.6152899272292851 12.851493508547543 86.7
    endloop
  endfacet
  facet normal 0 0 1
    outer loop
      vertex -0.6152899272292851 12.851493508547543 86.7
      vertex 1.1152841040343044 10.596165520086885 86.7
      vertex -0.4979471277445554 12.900098487854002 86.7
    endloop
  endfacet
  facet normal 0 0 1
    outer loop
      vertex -0.4979471277445554 12.900098487854002 86.7
      vertex 1.1152841040343044 10.596165520086885 86.7
      vertex -0.37681464625895017 12.9382914108634 86.7
    endloop
  endfacet
  facet normal 0 0 1
    outer loop
      vertex -0.37681464625895017 12.9382914108634 86.7
      vertex 1.1152841040343044 10.596165520086885 86.7
      vertex -0.25281438067555423 12.96578160765767 86.7
    endloop
  endfacet
  facet normal 0 0 1
    outer loop
      vertex -0.25281438067555423 12.96578160765767 86.7
      vertex 1.1152841040343044 10.596165520086885 86.7
      vertex -0.12689004611968993 12.982359860539436 86.7
    endloop
  endfacet
  facet normal 0 0 1
    outer loop
      vertex -0.12689004611968993 12.982359860539436 86.7
      vertex 1.1152841040343044 10.596165520086885 86.7
      vertex 0 12.987900001257657 86.7
    endloop
  endfacet
  facet normal 0 0 1
    outer loop
      vertex 1.1152841040343044 10.596165520086885 86.7
      vertex 0.12689004611968993 12.982359860539436 86.7
      vertex 0 12.987900001257657 86.7
    endloop
  endfacet
  facet normal 0 0 1
    outer loop
      vertex 1.1152841040343044 10.596165520086885 86.7
      vertex 0.25281438067555423 12.96578160765767 86.7
      vertex 0.12689004611968993 12.982359860539436 86.7
    endloop
  endfacet
  facet normal 0 0 1
    outer loop
      vertex 1.1152841040343044 10.596165520086885 86.7
      vertex 0.37681464625895017 12.9382914108634 86.7
      vertex 0.25281438067555423 12.96578160765767 86.7
    endloop
  endfacet
  facet normal 0 0 1
    outer loop
      vertex 1.2608463847488163 10.80404999937117 86.7
      vertex 0.4979471277445554 12.900098487854002 86.7
      vertex 0.37681464625895017 12.9382914108634 86.7
    endloop
  endfacet
  facet normal 0 0 1
    outer loop
      vertex 1.2608463847488163 10.80404999937117 86.7
      vertex 0.6152899272292851 12.851493508547543 86.7
      vertex 0.4979471277445554 12.900098487854002 86.7
    endloop
  endfacet
  facet normal 0 0 1
    outer loop
      vertex 1.3680984878540037 11.034052872255444 86.7
      vertex 0.7279500006288289 12.792846384748817 86.7
      vertex 0.6152899272292851 12.851493508547543 86.7
    endloop
  endfacet
  facet normal 0 0 1
    outer loop
      vertex 0.7279500006288289 12.792846384748817 86.7
      vertex 1.4337816076576708 11.279185619324446 86.7
      vertex 0.835069933310151 12.724603462427854 86.7
    endloop
  endfacet
  facet normal 0 0 1
    outer loop
      vertex 1.3194935085475443 10.916710072770714 86.7
      vertex 1.3680984878540037 11.034052872255444 86.7
      vertex 0.6152899272292851 12.851493508547543 86.7
    endloop
  endfacet
  facet normal 0 0 1
    outer loop
      vertex 1.3680984878540037 11.034052872255444 86.7
      vertex 1.4062914108633993 11.15518535374105 86.7
      vertex 0.7279500006288289 12.792846384748817 86.7
    endloop
  endfacet
  facet normal 0 0 1
    outer loop
      vertex 1.4062914108633993 11.15518535374105 86.7
      vertex 1.4337816076576708 11.279185619324446 86.7
      vertex 0.7279500006288289 12.792846384748817 86.7
    endloop
  endfacet
  facet normal 0 0 1
    outer loop
      vertex 0.9358344799131153 12.647284104034304 86.7
      vertex 1.4337816076576708 11.279185619324446 86.7
      vertex 1.450359860539436 11.40510995388031 86.7
    endloop
  endfacet
  facet normal 0 0 1
    outer loop
      vertex 1.1152841040343044 12.467834479913115 86.7
      vertex 1.450359860539436 11.40510995388031 86.7
      vertex 1.4559000012576577 11.532 86.7
    endloop
  endfacet
  facet normal 0 0 1
    outer loop
      vertex 1.4062914108633993 11.90881464625895 86.7
      vertex 1.1152841040343044 12.467834479913115 86.7
      vertex 1.4337816076576708 11.784814380675554 86.7
    endloop
  endfacet
  facet normal 0 0 1
    outer loop
      vertex 1.1152841040343044 12.467834479913115 86.7
      vertex 1.4559000012576577 11.532 86.7
      vertex 1.450359860539436 11.658890046119689 86.7
    endloop
  endfacet
  facet normal 0 0 1
    outer loop
      vertex 1.1152841040343044 12.467834479913115 86.7
      vertex 1.450359860539436 11.658890046119689 86.7
      vertex 1.4337816076576708 11.784814380675554 86.7
    endloop
  endfacet
  facet normal 0 0 1
    outer loop
      vertex 1.4062914108633993 11.90881464625895 86.7
      vertex 1.3680984878540037 12.029947127744554 86.7
      vertex 1.1926034624278543 12.36706993331015 86.7
    endloop
  endfacet
  facet normal 0 0 1
    outer loop
      vertex 0.9358344799131153 12.647284104034304 86.7
      vertex 0.835069933310151 12.724603462427854 86.7
      vertex 1.4337816076576708 11.279185619324446 86.7
    endloop
  endfacet
  facet normal 0 0 1
    outer loop
      vertex 0.9358344799131153 12.647284104034304 86.7
      vertex 1.450359860539436 11.40510995388031 86.7
      vertex 1.0294767614603042 12.561476761460304 86.7
    endloop
  endfacet
  facet normal 0 0 1
    outer loop
      vertex 1.0294767614603042 12.561476761460304 86.7
      vertex 1.450359860539436 11.40510995388031 86.7
      vertex 1.1152841040343044 12.467834479913115 86.7
    endloop
  endfacet
  facet normal 0 0 1
    outer loop
      vertex 1.4062914108633993 11.90881464625895 86.7
      vertex 1.1926034624278543 12.36706993331015 86.7
      vertex 1.1152841040343044 12.467834479913115 86.7
    endloop
  endfacet
  facet normal 0 0 1
    outer loop
      vertex 1.3680984878540037 12.029947127744554 86.7
      vertex 1.3194935085475443 12.147289927229284 86.7
      vertex 1.2608463847488163 12.259950000628828 86.7
    endloop
  endfacet
  facet normal 0 0 1
    outer loop
      vertex 1.3680984878540037 12.029947127744554 86.7
      vertex 1.2608463847488163 12.259950000628828 86.7
      vertex 1.1926034624278543 12.36706993331015 86.7
    endloop
  endfacet
  facet normal 0 0 -1
    outer loop
      vertex -17.826074555516243 -1.9788387045264244 0
      vertex -17.987787641584873 -1.7250000014901161 0
      vertex -12.782382749021053 2.6428533270955086 0
    endloop
  endfacet
  facet normal 0 0 -1
    outer loop
      vertex -18.126761868596077 -1.4580330029129982 0
      vertex -12.782382749021053 2.6428533270955086 0
      vertex -17.987787641584873 -1.7250000014901161 0
    endloop
  endfacet
  facet normal 0 0 -1
    outer loop
      vertex -17.43951839208603 -2.439518392086029 0
      vertex -17.64285332709551 -2.2176172509789467 0
      vertex -12.560481607913971 2.439518392086029 0
    endloop
  endfacet
  facet normal 0 0 -1
    outer loop
      vertex -17.826074555516243 -1.9788387045264244 0
      vertex -12.782382749021053 2.6428533270955086 0
      vertex -17.64285332709551 -2.2176172509789467 0
    endloop
  endfacet
  facet normal 0 0 -1
    outer loop
      vertex -17.43951839208603 -2.439518392086029 0
      vertex -12.473618224263191 2.344723641872406 0
      vertex -17.217617250978947 -2.6428533270955086 0
    endloop
  endfacet
  facet normal 0 0 -1
    outer loop
      vertex -17.217617250978947 -2.6428533270955086 0
      vertex -12.473618224263191 2.344723641872406 0
      vertex -16.978838704526424 -2.826074555516243 0
    endloop
  endfacet
  facet normal 0 0 -1
    outer loop
      vertex -16.978838704526424 -2.826074555516243 0
      vertex -12.473618224263191 2.344723641872406 0
      vertex -16.725000001490116 -2.987787641584873 0
    endloop
  endfacet
  facet normal 0 0 -1
    outer loop
      vertex -16.725000001490116 -2.987787641584873 0
      vertex -12.473618224263191 2.344723641872406 0
      vertex -16.458033002912998 -3.126761868596077 0
    endloop
  endfacet
  facet normal 0 0 -1
    outer loop
      vertex -16.458033002912998 -3.126761868596077 0
      vertex -12.473618224263191 2.344723641872406 0
      vertex -16.179969497025013 -3.2419395446777344 0
    endloop
  endfacet
  facet normal 0 0 -1
    outer loop
      vertex -16.179969497025013 -3.2419395446777344 0
      vertex -12.473618224263191 2.344723641872406 0
      vertex -15.892925702035427 -3.3324441015720367 0
    endloop
  endfacet
  facet normal 0 0 -1
    outer loop
      vertex -15.892925702035427 -3.3324441015720367 0
      vertex -12.473618224263191 2.344723641872406 0
      vertex -15.599086210131645 -3.3975867480039597 0
    endloop
  endfacet
  facet normal 0 0 -1
    outer loop
      vertex -15.599086210131645 -3.3975867480039597 0
      vertex -12.473618224263191 2.344723641872406 0
      vertex -15.300687313079834 -3.4368717074394226 0
    endloop
  endfacet
  facet normal 0 0 -1
    outer loop
      vertex -15.300687313079834 -3.4368717074394226 0
      vertex -12.473618224263191 2.344723641872406 0
      vertex -15 -3.4500000029802322 0
    endloop
  endfacet
  facet normal 0 0 -1
    outer loop
      vertex -15 -3.4500000029802322 0
      vertex -12.473618224263191 2.344723641872406 0
      vertex -14.699312686920166 -3.4368717074394226 0
    endloop
  endfacet
  facet normal 0 0 -1
    outer loop
      vertex -14.699312686920166 -3.4368717074394226 0
      vertex -12.473618224263191 2.344723641872406 0
      vertex -14.400913789868355 -3.3975867480039597 0
    endloop
  endfacet
  facet normal 0 0 -1
    outer loop
      vertex -14.400913789868355 -3.3975867480039597 0
      vertex -12.473618224263191 2.344723641872406 0
      vertex -14.107074297964573 -3.3324441015720367 0
    endloop
  endfacet
  facet normal 0 0 -1
    outer loop
      vertex -14.107074297964573 -3.3324441015720367 0
      vertex -12.473618224263191 2.344723641872406 0
      vertex -13.820030502974987 -3.2419395446777344 0
    endloop
  endfacet
  facet normal 0 0 -1
    outer loop
      vertex -13.820030502974987 -3.2419395446777344 0
      vertex -12.473618224263191 2.344723641872406 0
      vertex -13.541966997087002 -3.126761868596077 0
    endloop
  endfacet
  facet normal 0 0 -1
    outer loop
      vertex -13.541966997087002 -3.126761868596077 0
      vertex -12.473618224263191 2.344723641872406 0
      vertex -13.274999998509884 -2.987787641584873 0
    endloop
  endfacet
  facet normal 0 0 -1
    outer loop
      vertex -13.274999998509884 -2.987787641584873 0
      vertex -12.473618224263191 2.344723641872406 0
      vertex -13.021161295473576 -2.826074555516243 0
    endloop
  endfacet
  facet normal 0 0 -1
    outer loop
      vertex -13.021161295473576 -2.826074555516243 0
      vertex -12.473618224263191 2.344723641872406 0
      vertex -12.782382749021053 -2.6428533270955086 0
    endloop
  endfacet
  facet normal 0 0 -1
    outer loop
      vertex -12.782382749021053 -2.6428533270955086 0
      vertex -12.473618224263191 2.344723641872406 0
      vertex -12.560481607913971 -2.439518392086029 0
    endloop
  endfacet
  facet normal 0 0 -1
    outer loop
      vertex -12.560481607913971 -2.439518392086029 0
      vertex -12.473618224263191 2.344723641872406 0
      vertex -12.473618224263191 -2.344723641872406 0
    endloop
  endfacet
  facet normal 0.7372617043092111 -0.6755758744879875 -0.0065128464489946835
    outer loop
      vertex -12.560481607913971 -2.439518392086029 0
      vertex -12.473618224263191 -2.344723641872406 0
      vertex -12.098354662325185 -2.098482274838044 16.937713369126122
    endloop
  endfacet
  facet normal -0.8420383493120613 -0.5364375819234767 0.05662277799536548
    outer loop
      vertex -17.826074555516243 -1.9788387045264244 0
      vertex -12.792846384748817 -0.7279500006288289 86.7
      vertex -17.987787641584873 -1.7250000014901161 0
    endloop
  endfacet
  facet normal -0.8854990654865388 -0.46096164994560784 0.05835890936171952
    outer loop
      vertex -18.126761868596077 -1.4580330029129982 0
      vertex -17.987787641584873 -1.7250000014901161 0
      vertex -12.851493508547543 -0.6152899272292851 86.7
    endloop
  endfacet
  facet normal -0.9744231562454522 -0.21602441091601576 0.06191095590474702
    outer loop
      vertex -18.332444101572037 -0.8929257020354271 0
      vertex -12.96578160765767 -0.25281438067555423 86.7
      vertex -18.39758674800396 -0.5990862101316452 0
    endloop
  endfacet
  facet normal -0.9895057193942771 -0.13027089721720142 0.06251339555838724
    outer loop
      vertex -18.39758674800396 -0.5990862101316452 0
      vertex -12.982359860539436 -0.12689004611968993 86.7
      vertex -18.436871707439423 -0.300687313079834 0
    endloop
  endfacet
  facet normal -0.9970752419957453 -0.04353325825180058 0.06281574026554208
    outer loop
      vertex -18.436871707439423 -0.300687313079834 0
      vertex -12.987900001257657 0 86.7
      vertex -18.450000002980232 0 0
    endloop
  endfacet
  facet normal -0.9222247011065956 -0.38199798121422024 0.05982593933329044
    outer loop
      vertex -18.126761868596077 -1.4580330029129982 0
      vertex -12.900098487854002 -0.4979471277445554 86.7
      vertex -18.241939544677734 -1.179969497025013 0
    endloop
  endfacet
  facet normal -0.9519401581311016 -0.30014556560845784 0.06101290669122601
    outer loop
      vertex -18.241939544677734 -1.179969497025013 0
      vertex -12.9382914108634 -0.37681464625895017 86.7
      vertex -18.332444101572037 -0.8929257020354271 0
    endloop
  endfacet
  facet normal -0.7362645558026298 -0.6746621709875147 0.052397126898040526
    outer loop
      vertex -17.43951839208603 -2.439518392086029 0
      vertex -12.647284104034304 -0.9358344799131153 86.7
      vertex -17.64285332709551 -2.2176172509789467 0
    endloop
  endfacet
  facet normal -0.7921685669423312 -0.6078523389467325 0.05463053711542789
    outer loop
      vertex -17.826074555516243 -1.9788387045264244 0
      vertex -17.64285332709551 -2.2176172509789467 0
      vertex -12.724603462427854 -0.835069933310151 86.7
    endloop
  endfacet
  facet normal -0.6747472455388358 -0.7363573983828605 0.04993932803492
    outer loop
      vertex -17.43951839208603 -2.439518392086029 0
      vertex -17.217617250978947 -2.6428533270955086 0
      vertex -12.561476761460304 -1.0294767614603042 86.7
    endloop
  endfacet
  facet normal -0.6080807732247097 -0.7924662682803555 0.04727564777183793
    outer loop
      vertex -17.217617250978947 -2.6428533270955086 0
      vertex -16.978838704526424 -2.826074555516243 0
      vertex -12.467834479913115 -1.1152841040343044 86.7
    endloop
  endfacet
  facet normal -0.536769109768886 -0.8425587437980302 0.044426186505290156
    outer loop
      vertex -16.978838704526424 -2.826074555516243 0
      vertex -16.725000001490116 -2.987787641584873 0
      vertex -12.36706993331015 -1.1926034624278543 86.7
    endloop
  endfacet
  facet normal -0.4613525054251536 -0.8862498918555413 0.04141249719559132
    outer loop
      vertex -16.725000001490116 -2.987787641584873 0
      vertex -16.458033002912998 -3.126761868596077 0
      vertex -12.259950000628828 -1.2608463847488163 86.7
    endloop
  endfacet
  facet normal -0.3824032784310146 -0.9232031751378706 0.038257418372990376
    outer loop
      vertex -16.458033002912998 -3.126761868596077 0
      vertex -16.179969497025013 -3.2419395446777344 0
      vertex -12.147289927229284 -1.3194935085475443 86.7
    endloop
  endfacet
  facet normal -0.30052170748558843 -0.953133127806564 0.03498491114212584
    outer loop
      vertex -16.179969497025013 -3.2419395446777344 0
      vertex -15.892925702035427 -3.3324441015720367 0
      vertex -12.029947127744554 -1.3680984878540037 86.7
    endloop
  endfacet
  facet normal -0.21633138504441288 -0.9758078270695041 0.031619874678101005
    outer loop
      vertex -15.892925702035427 -3.3324441015720367 0
      vertex -15.599086210131645 -3.3975867480039597 0
      vertex -11.90881464625895 -1.4062914108633993 86.7
    endloop
  endfacet
  facet normal -0.13047432434469414 -0.9910509018596929 0.028187951502101204
    outer loop
      vertex -15.599086210131645 -3.3975867480039597 0
      vertex -15.300687313079834 -3.4368717074394226 0
      vertex -11.784814380675554 -1.4337816076576708 86.7
    endloop
  endfacet
  facet normal -0.04360607596180841 -0.9987430412541348 0.02471533300716068
    outer loop
      vertex -15.300687313079834 -3.4368717074394226 0
      vertex -15 -3.4500000029802322 0
      vertex -11.658890046119689 -1.450359860539436 86.7
    endloop
  endfacet
  facet normal 0.043609570725463155 -0.9988230844775622 0.021228548133810237
    outer loop
      vertex -15 -3.4500000029802322 0
      vertex -14.699312686920166 -3.4368717074394226 0
      vertex -11.532 -1.4559000012576577 86.7
    endloop
  endfacet
  facet normal 0.1305056166816937 -0.9912885907610186 0.017754262630838163
    outer loop
      vertex -14.699312686920166 -3.4368717074394226 0
      vertex -14.400913789868355 -3.3975867480039597 0
      vertex -11.40510995388031 -1.450359860539436 86.7
    endloop
  endfacet
  facet normal 0.2164174220216828 -0.9761959147980607 0.01431905643072552
    outer loop
      vertex -14.400913789868355 -3.3975867480039597 0
      vertex -14.107074297964573 -3.3324441015720367 0
      vertex -11.279185619324446 -1.4337816076576708 86.7
    endloop
  endfacet
  facet normal 0.3006877616880281 -0.9536597844753317 0.010949221228345695
    outer loop
      vertex -14.107074297964573 -3.3324441015720367 0
      vertex -13.820030502974987 -3.2419395446777344 0
      vertex -11.15518535374105 -1.4062914108633993 86.7
    endloop
  endfacet
  facet normal 0.3826721762777033 -0.923852351962058 0.007670546073139847
    outer loop
      vertex -13.820030502974987 -3.2419395446777344 0
      vertex -13.541966997087002 -3.126761868596077 0
      vertex -11.034052872255444 -1.3680984878540037 86.7
    endloop
  endfacet
  facet normal 0.46174393149328313 -0.8870018143149838 0.004508118349519568
    outer loop
      vertex -13.541966997087002 -3.126761868596077 0
      vertex -13.274999998509884 -2.987787641584873 0
      vertex -10.916710072770714 -1.3194935085475443 86.7
    endloop
  endfacet
  facet normal 0.53729900868809 -0.8433905185026079 0.0014861233791400193
    outer loop
      vertex -13.274999998509884 -2.987787641584873 0
      vertex -13.021161295473576 -2.826074555516243 0
      vertex -10.80404999937117 -1.2608463847488163 86.7
    endloop
  endfacet
  facet normal 0.1961047270501596 -0.9805236373539293 0.010785760001152597
    outer loop
      vertex -12.473618224263191 -2.344723641872406 0
      vertex -11.942180621037666 -2.0541603069110916 16.752346791873233
      vertex -12.082778461057435 -2.0809032753821497 16.87749219858461
    endloop
  endfacet
  facet normal 0.19610472705016063 -0.9805236373539291 0.01078576000115257
    outer loop
      vertex -12.473618224263191 -2.344723641872406 0
      vertex -11.672542857739675 -2.0022790275633957 16.566321955684042
      vertex -11.942180621037666 -2.0541603069110916 16.752346791873233
    endloop
  endfacet
  facet normal 0.19610472705015886 -0.9805236373539296 0.010785760001152672
    outer loop
      vertex -12.473618224263191 -2.344723641872406 0
      vertex -11.341234616614694 -1.9380552247540863 16.38106329428387
      vertex -11.672542857739675 -2.0022790275633957 16.566321955684042
    endloop
  endfacet
  facet normal 0.19610472705016013 -0.9805236373539292 0.010785760001152564
    outer loop
      vertex -12.473618224263191 -2.344723641872406 0
      vertex -10.9462769727367 -1.8610900343680756 16.196850728648506
      vertex -11.341234616614694 -1.9380552247540863 16.38106329428387
    endloop
  endfacet
  facet normal 0.19610472705015988 -0.9805236373539292 0.010785760001152578
    outer loop
      vertex -12.473618224263191 -2.344723641872406 0
      vertex -10.485345694138514 -1.7709148508395307 16.01402600181418
      vertex -10.9462769727367 -1.8610900343680756 16.196850728648506
    endloop
  endfacet
  facet normal 0.1961047270501598 -0.9805236373539293 0.01078576000115261
    outer loop
      vertex -12.473618224263191 -2.344723641872406 0
      vertex -9.955780887090997 -1.6669930997728597 15.83300690022714
      vertex -10.485345694138514 -1.7709148508395307 16.01402600181418
    endloop
  endfacet
  facet normal 0.19610472705015988 -0.9805236373539292 0.010785760001152599
    outer loop
      vertex -12.473618224263191 -2.344723641872406 0
      vertex -9 -1.6499999985098839 0
      vertex -9.35460365742045 -1.5487233933448548 15.654303332046572
    endloop
  endfacet
  facet normal 0 0 -1
    outer loop
      vertex -12.473618224263191 -2.344723641872406 0
      vertex -9 1.6499999985098839 0
      vertex -9 -1.6499999985098839 0
    endloop
  endfacet
  facet normal 0.19610472705015983 -0.9805236373539293 0.010785760001152547
    outer loop
      vertex -12.473618224263191 -2.344723641872406 0
      vertex -9.35460365742045 -1.5487233933448548 15.654303332046572
      vertex -9.955780887090997 -1.6669930997728597 15.83300690022714
    endloop
  endfacet
  facet normal 0.7372617043092183 -0.6755758744879798 -0.006512846448994974
    outer loop
      vertex -12.560481607913971 -2.439518392086029 0
      vertex -12.131706280399442 -2.1366678127166385 17.123247815806714
      vertex -12.149870981608345 -2.158182245697278 17.298669317359444
    endloop
  endfacet
  facet normal 0.6755846826715821 -0.7372713006365136 -0.004045466262537483
    outer loop
      vertex -12.560481607913971 -2.439518392086029 0
      vertex -12.149870981608345 -2.158182245697278 17.298669317359444
      vertex -12.151428160939329 -2.1596770864890935 17.31105273805551
    endloop
  endfacet
  facet normal 0.7372617043092063 -0.6755758744879927 -0.006512846448994465
    outer loop
      vertex -12.560481607913971 -2.439518392086029 0
      vertex -12.098354662325185 -2.098482274838044 16.937713369126122
      vertex -12.131706280399442 -2.1366678127166385 17.123247815806714
    endloop
  endfacet
  facet normal 0.6755846826715804 -0.7372713006365149 -0.004045466262537252
    outer loop
      vertex -12.560481607913971 -2.439518392086029 0
      vertex -12.151428160939329 -2.1596770864890935 17.31105273805551
      vertex -12.1586218402306 -2.167305647793425 17.5
    endloop
  endfacet
  facet normal 0.7372617043091901 -0.6755758744880105 -0.0065128464489938595
    outer loop
      vertex -12.473618224263191 -2.344723641872406 0
      vertex -12.082778461057435 -2.0809032753821497 16.87749219858461
      vertex -12.098354662325185 -2.098482274838044 16.937713369126122
    endloop
  endfacet
  facet normal 0.19610472705015977 -0.9805236373539293 0.010785760001152599
    outer loop
      vertex -9.35460365742045 -1.5487233933448548 15.654303332046572
      vertex -9 -1.6499999985098839 0
      vertex -9 -1.4788167822647098 15.56211058179725
    endloop
  endfacet
  facet normal 0.6087608674205408 -0.793352584265305 -0.0013723472421677697
    outer loop
      vertex -13.021161295473576 -2.826074555516243 0
      vertex -12.782382749021053 -2.6428533270955086 0
      vertex -10.696930066689848 -1.1926034624278543 86.7
    endloop
  endfacet
  facet normal 0.6755846826715569 -0.7372713006365367 -0.004045466262536368
    outer loop
      vertex -12.782382749021053 -2.6428533270955086 0
      vertex -12.560481607913971 -2.439518392086029 0
      vertex -10.596165520086885 -1.1152841040343044 86.7
    endloop
  endfacet
  facet normal 0.6755846826715359 -0.7372713006365559 -0.004045466262535659
    outer loop
      vertex -12.560481607913971 -2.439518392086029 0
      vertex -12.1586218402306 -2.167305647793425 17.5
      vertex -10.596165520086885 -1.1152841040343044 86.7
    endloop
  endfacet
  facet normal 0.6755846826715627 -0.7372713006365315 -0.004045466262536573
    outer loop
      vertex -12.1586218402306 -2.167305647793425 17.5
      vertex -12.149359370893443 -2.159855012381717 17.688962828443046
      vertex -10.596165520086885 -1.1152841040343044 86.7
    endloop
  endfacet
  facet normal 0.6755846826715356 -0.7372713006365562 -0.004045466262535591
    outer loop
      vertex -12.149359370893443 -2.159855012381717 17.688962828443046
      vertex -12.138767366876026 -2.150574434355712 17.766454969206546
      vertex -10.596165520086885 -1.1152841040343044 86.7
    endloop
  endfacet
  facet normal 0.7372617043092216 -0.6755758744879762 -0.006512846448995147
    outer loop
      vertex -12.138767366876026 -2.150574434355712 17.766454969206546
      vertex -12.12553029049764 -2.13719290609967 17.876844772324105
      vertex -10.502523238539695 -1.0294767614603042 86.7
    endloop
  endfacet
  facet normal 0.7372617043092236 -0.675575874487974 -0.00651284644899523
    outer loop
      vertex -12.12553029049764 -2.13719290609967 17.876844772324105
      vertex -12.089123910021748 -2.0992520420080125 18.06249288936543
      vertex -10.502523238539695 -1.0294767614603042 86.7
    endloop
  endfacet
  facet normal 0.7372617043092021 -0.6755758744879973 -0.006512846448994368
    outer loop
      vertex -12.089123910021748 -2.0992520420080125 18.06249288936543
      vertex -12.052229644995213 -2.0602825489154415 18.196670678627655
      vertex -10.502523238539695 -1.0294767614603042 86.7
    endloop
  endfacet
  facet normal 0.19610472705015966 -0.9805236373539294 0.010785760001152602
    outer loop
      vertex -12.052229644995213 -2.0602825489154415 18.196670678627655
      vertex -12.000621825520966 -2.049419159221717 18.245927571491574
      vertex -10.465866890639067 -0.9894733768701551 86.7
    endloop
  endfacet
  facet normal 0.1961047270501596 -0.9805236373539294 0.010785760001152604
    outer loop
      vertex -12.000621825520966 -2.049419159221717 18.245927571491574
      vertex -11.746259770873376 -1.9965110792253862 18.430988405834103
      vertex -10.465866890639067 -0.9894733768701551 86.7
    endloop
  endfacet
  facet normal 0.19610472705016008 -0.9805236373539291 0.010785760001152589
    outer loop
      vertex -11.746259770873376 -1.9965110792253862 18.430988405834103
      vertex -11.430670948938927 -1.9313683510288029 18.6150760373708
      vertex -10.465866890639067 -0.9894733768701551 86.7
    endloop
  endfacet
  facet normal 0.19610472705016033 -0.9805236373539292 0.010785760001152589
    outer loop
      vertex -11.430670948938927 -1.9313683510288029 18.6150760373708
      vertex -11.051964406236277 -1.8536158057025522 18.79791576009759
      vertex -10.465866890639067 -0.9894733768701551 86.7
    endloop
  endfacet
  facet normal 0.19610472705015958 -0.9805236373539294 0.010785760001152597
    outer loop
      vertex -11.051964406236277 -1.8536158057025522 18.79791576009759
      vertex -10.607902270388314 -1.7628095508032653 18.979172843914807
      vertex -10.465866890639067 -0.9894733768701551 86.7
    endloop
  endfacet
  facet normal 0.19610472705016022 -0.9805236373539293 0.010785760001152597
    outer loop
      vertex -10.607902270388314 -1.7628095508032653 18.979172843914807
      vertex -10.095908016312354 -1.6584387749679057 19.158438774967905
      vertex -10.465866890639067 -0.9894733768701551 86.7
    endloop
  endfacet
  facet normal 0.19610472705015933 -0.9805236373539294 0.010785760001152592
    outer loop
      vertex -10.095908016312354 -1.6584387749679057 19.158438774967905
      vertex -9.513081104812665 -1.5399288463595204 19.335215734988417
      vertex -10.465866890639067 -0.9894733768701551 86.7
    endloop
  endfacet
  facet normal 0.19610472705016016 -0.9805236373539291 0.0107857600011526
    outer loop
      vertex -9.513081104812665 -1.5399288463595204 19.335215734988417
      vertex -9 -1.4358202991221412 19.470881780106225
      vertex -10.465866890639067 -0.9894733768701551 86.7
    endloop
  endfacet
  facet normal -0.9519401581310966 -0.30014556560847394 0.06101290669122583
    outer loop
      vertex -18.241939544677734 -1.179969497025013 0
      vertex -12.900098487854002 -0.4979471277445554 86.7
      vertex -12.9382914108634 -0.37681464625895017 86.7
    endloop
  endfacet
  facet normal -0.9744231562454542 -0.21602441091600688 0.061910955904747066
    outer loop
      vertex -18.332444101572037 -0.8929257020354271 0
      vertex -12.9382914108634 -0.37681464625895017 86.7
      vertex -12.96578160765767 -0.25281438067555423 86.7
    endloop
  endfacet
  facet normal -0.9895057193942765 -0.13027089721720705 0.06251339555838721
    outer loop
      vertex -18.39758674800396 -0.5990862101316452 0
      vertex -12.96578160765767 -0.25281438067555423 86.7
      vertex -12.982359860539436 -0.12689004611968993 86.7
    endloop
  endfacet
  facet normal -0.9970752419957455 -0.04353325825179421 0.06281574026554208
    outer loop
      vertex -18.436871707439423 -0.300687313079834 0
      vertex -12.982359860539436 -0.12689004611968993 86.7
      vertex -12.987900001257657 0 86.7
    endloop
  endfacet
  facet normal -0.8420383493120608 -0.5364375819234775 0.0566227779953655
    outer loop
      vertex -17.826074555516243 -1.9788387045264244 0
      vertex -12.724603462427854 -0.835069933310151 86.7
      vertex -12.792846384748817 -0.7279500006288289 86.7
    endloop
  endfacet
  facet normal -0.7921685669423277 -0.6078523389467367 0.05463053711542782
    outer loop
      vertex -17.64285332709551 -2.2176172509789467 0
      vertex -12.647284104034304 -0.9358344799131153 86.7
      vertex -12.724603462427854 -0.835069933310151 86.7
    endloop
  endfacet
  facet normal -0.7362645558026297 -0.6746621709875149 0.05239712689804049
    outer loop
      vertex -17.43951839208603 -2.439518392086029 0
      vertex -12.561476761460304 -1.0294767614603042 86.7
      vertex -12.647284104034304 -0.9358344799131153 86.7
    endloop
  endfacet
  facet normal -0.6747472455388371 -0.7363573983828594 0.04993932803492007
    outer loop
      vertex -17.217617250978947 -2.6428533270955086 0
      vertex -12.467834479913115 -1.1152841040343044 86.7
      vertex -12.561476761460304 -1.0294767614603042 86.7
    endloop
  endfacet
  facet normal -0.6080807732247051 -0.792466268280359 0.04727564777183769
    outer loop
      vertex -16.978838704526424 -2.826074555516243 0
      vertex -12.36706993331015 -1.1926034624278543 86.7
      vertex -12.467834479913115 -1.1152841040343044 86.7
    endloop
  endfacet
  facet normal -0.8854990654865436 -0.46096164994559863 0.05835890936171966
    outer loop
      vertex -17.987787641584873 -1.7250000014901161 0
      vertex -12.792846384748817 -0.7279500006288289 86.7
      vertex -12.851493508547543 -0.6152899272292851 86.7
    endloop
  endfacet
  facet normal -0.922224701106596 -0.3819979812142194 0.059825939333290425
    outer loop
      vertex -18.126761868596077 -1.4580330029129982 0
      vertex -12.851493508547543 -0.6152899272292851 86.7
      vertex -12.900098487854002 -0.4979471277445554 86.7
    endloop
  endfacet
  facet normal -0.5367691097688897 -0.8425587437980279 0.04442618650529031
    outer loop
      vertex -16.725000001490116 -2.987787641584873 0
      vertex -12.259950000628828 -1.2608463847488163 86.7
      vertex -12.36706993331015 -1.1926034624278543 86.7
    endloop
  endfacet
  facet normal -0.46135250542515355 -0.8862498918555415 0.041412497195591355
    outer loop
      vertex -16.458033002912998 -3.126761868596077 0
      vertex -12.147289927229284 -1.3194935085475443 86.7
      vertex -12.259950000628828 -1.2608463847488163 86.7
    endloop
  endfacet
  facet normal -0.38240327843101335 -0.9232031751378712 0.038257418372990355
    outer loop
      vertex -16.179969497025013 -3.2419395446777344 0
      vertex -12.029947127744554 -1.3680984878540037 86.7
      vertex -12.147289927229284 -1.3194935085475443 86.7
    endloop
  endfacet
  facet normal -0.3005217074855904 -0.9531331278065636 0.034984911142126006
    outer loop
      vertex -15.892925702035427 -3.3324441015720367 0
      vertex -11.90881464625895 -1.4062914108633993 86.7
      vertex -12.029947127744554 -1.3680984878540037 86.7
    endloop
  endfacet
  facet normal -0.21633138504441396 -0.9758078270695039 0.031619874678101095
    outer loop
      vertex -15.599086210131645 -3.3975867480039597 0
      vertex -11.784814380675554 -1.4337816076576708 86.7
      vertex -11.90881464625895 -1.4062914108633993 86.7
    endloop
  endfacet
  facet normal -0.1304743243446943 -0.991050901859693 0.028187951502101308
    outer loop
      vertex -15.300687313079834 -3.4368717074394226 0
      vertex -11.658890046119689 -1.450359860539436 86.7
      vertex -11.784814380675554 -1.4337816076576708 86.7
    endloop
  endfacet
  facet normal -0.04360607596180742 -0.9987430412541347 0.024715333007160552
    outer loop
      vertex -15 -3.4500000029802322 0
      vertex -11.532 -1.4559000012576577 86.7
      vertex -11.658890046119689 -1.450359860539436 86.7
    endloop
  endfacet
  facet normal 0.0436095707254615 -0.9988230844775624 0.021228548133810168
    outer loop
      vertex -14.699312686920166 -3.4368717074394226 0
      vertex -11.40510995388031 -1.450359860539436 86.7
      vertex -11.532 -1.4559000012576577 86.7
    endloop
  endfacet
  facet normal 0.13050561668169264 -0.9912885907610187 0.017754262630838107
    outer loop
      vertex -14.400913789868355 -3.3975867480039597 0
      vertex -11.279185619324446 -1.4337816076576708 86.7
      vertex -11.40510995388031 -1.450359860539436 86.7
    endloop
  endfacet
  facet normal 0.21641742202168388 -0.9761959147980606 0.014319056430725435
    outer loop
      vertex -14.107074297964573 -3.3324441015720367 0
      vertex -11.15518535374105 -1.4062914108633993 86.7
      vertex -11.279185619324446 -1.4337816076576708 86.7
    endloop
  endfacet
  facet normal 0.3006877616880256 -0.9536597844753326 0.010949221228345797
    outer loop
      vertex -13.820030502974987 -3.2419395446777344 0
      vertex -11.034052872255444 -1.3680984878540037 86.7
      vertex -11.15518535374105 -1.4062914108633993 86.7
    endloop
  endfacet
  facet normal 0.38267217627770195 -0.9238523519620584 0.007670546073139817
    outer loop
      vertex -13.541966997087002 -3.126761868596077 0
      vertex -10.916710072770714 -1.3194935085475443 86.7
      vertex -11.034052872255444 -1.3680984878540037 86.7
    endloop
  endfacet
  facet normal 0.461743931493283 -0.8870018143149839 0.004508118349519615
    outer loop
      vertex -13.274999998509884 -2.987787641584873 0
      vertex -10.80404999937117 -1.2608463847488163 86.7
      vertex -10.916710072770714 -1.3194935085475443 86.7
    endloop
  endfacet
  facet normal 0.5372990086880919 -0.8433905185026067 0.0014861233791399382
    outer loop
      vertex -13.021161295473576 -2.826074555516243 0
      vertex -10.696930066689848 -1.1926034624278543 86.7
      vertex -10.80404999937117 -1.2608463847488163 86.7
    endloop
  endfacet
  facet normal 0.6087608674205429 -0.7933525842653033 -0.0013723472421678666
    outer loop
      vertex -12.782382749021053 -2.6428533270955086 0
      vertex -10.596165520086885 -1.1152841040343044 86.7
      vertex -10.696930066689848 -1.1926034624278543 86.7
    endloop
  endfacet
  facet normal 0.6755846826715511 -0.7372713006365421 -0.004045466262536153
    outer loop
      vertex -12.138767366876026 -2.150574434355712 17.766454969206546
      vertex -10.502523238539695 -1.0294767614603042 86.7
      vertex -10.596165520086885 -1.1152841040343044 86.7
    endloop
  endfacet
  facet normal 0.737261704309221 -0.6755758744879768 -0.006512846448995076
    outer loop
      vertex -12.052229644995213 -2.0602825489154415 18.196670678627655
      vertex -10.465866890639067 -0.9894733768701551 86.7
      vertex -10.502523238539695 -1.0294767614603042 86.7
    endloop
  endfacet
  facet normal 0.1961047270501598 -0.9805236373539293 0.010785760001152596
    outer loop
      vertex -9 -1.4358202991221412 19.470881780106225
      vertex -9 -0.6962999993711709 86.7
      vertex -10.465866890639067 -0.9894733768701551 86.7
    endloop
  endfacet
  facet normal 0 0 1
    outer loop
      vertex -12.851493508547543 -0.6152899272292851 86.7
      vertex -12.792846384748817 -0.7279500006288289 86.7
      vertex -10.596165520086885 1.1152841040343044 86.7
    endloop
  endfacet
  facet normal 0 0 1
    outer loop
      vertex -12.792846384748817 -0.7279500006288289 86.7
      vertex -12.724603462427854 -0.835069933310151 86.7
      vertex -10.596165520086885 1.1152841040343044 86.7
    endloop
  endfacet
  facet normal 0 0 1
    outer loop
      vertex -12.724603462427854 -0.835069933310151 86.7
      vertex -12.647284104034304 -0.9358344799131153 86.7
      vertex -10.596165520086885 1.1152841040343044 86.7
    endloop
  endfacet
  facet normal 0 0 1
    outer loop
      vertex -12.647284104034304 -0.9358344799131153 86.7
      vertex -12.561476761460304 -1.0294767614603042 86.7
      vertex -10.502523238539695 1.0294767614603042 86.7
    endloop
  endfacet
  facet normal 0 0 1
    outer loop
      vertex -12.36706993331015 -1.1926034624278543 86.7
      vertex -10.465866890639067 0.9894733768701551 86.7
      vertex -12.467834479913115 -1.1152841040343044 86.7
    endloop
  endfacet
  facet normal 0 0 1
    outer loop
      vertex -12.561476761460304 -1.0294767614603042 86.7
      vertex -12.467834479913115 -1.1152841040343044 86.7
      vertex -10.465866890639067 0.9894733768701551 86.7
    endloop
  endfacet
  facet normal 0 0 1
    outer loop
      vertex -12.36706993331015 -1.1926034624278543 86.7
      vertex -12.259950000628828 -1.2608463847488163 86.7
      vertex -10.465866890639067 0.9894733768701551 86.7
    endloop
  endfacet
  facet normal 0 0 1
    outer loop
      vertex -12.259950000628828 -1.2608463847488163 86.7
      vertex -12.147289927229284 -1.3194935085475443 86.7
      vertex -10.465866890639067 0.9894733768701551 86.7
    endloop
  endfacet
  facet normal 0 0 1
    outer loop
      vertex -12.029947127744554 -1.3680984878540037 86.7
      vertex -11.90881464625895 -1.4062914108633993 86.7
      vertex -10.465866890639067 0.9894733768701551 86.7
    endloop
  endfacet
  facet normal 0 0 1
    outer loop
      vertex -11.90881464625895 -1.4062914108633993 86.7
      vertex -11.784814380675554 -1.4337816076576708 86.7
      vertex -10.465866890639067 0.9894733768701551 86.7
    endloop
  endfacet
  facet normal 0 0 1
    outer loop
      vertex -11.784814380675554 -1.4337816076576708 86.7
      vertex -11.658890046119689 -1.450359860539436 86.7
      vertex -10.465866890639067 0.9894733768701551 86.7
    endloop
  endfacet
  facet normal 0 0 1
    outer loop
      vertex -11.658890046119689 -1.450359860539436 86.7
      vertex -11.532 -1.4559000012576577 86.7
      vertex -10.465866890639067 0.9894733768701551 86.7
    endloop
  endfacet
  facet normal 0 0 1
    outer loop
      vertex -12.147289927229284 -1.3194935085475443 86.7
      vertex -12.029947127744554 -1.3680984878540037 86.7
      vertex -10.465866890639067 0.9894733768701551 86.7
    endloop
  endfacet
  facet normal 0 0 1
    outer loop
      vertex -11.532 -1.4559000012576577 86.7
      vertex -11.40510995388031 -1.450359860539436 86.7
      vertex -10.465866890639067 0.9894733768701551 86.7
    endloop
  endfacet
  facet normal 0 0 1
    outer loop
      vertex -11.40510995388031 -1.450359860539436 86.7
      vertex -11.279185619324446 -1.4337816076576708 86.7
      vertex -10.465866890639067 0.9894733768701551 86.7
    endloop
  endfacet
  facet normal 0 0 1
    outer loop
      vertex -11.279185619324446 -1.4337816076576708 86.7
      vertex -11.15518535374105 -1.4062914108633993 86.7
      vertex -10.465866890639067 0.9894733768701551 86.7
    endloop
  endfacet
  facet normal 0 0 1
    outer loop
      vertex -11.15518535374105 -1.4062914108633993 86.7
      vertex -11.034052872255444 -1.3680984878540037 86.7
      vertex -10.465866890639067 0.9894733768701551 86.7
    endloop
  endfacet
  facet normal 0 0 1
    outer loop
      vertex -11.034052872255444 -1.3680984878540037 86.7
      vertex -10.916710072770714 -1.3194935085475443 86.7
      vertex -10.465866890639067 0.9894733768701551 86.7
    endloop
  endfacet
  facet normal 0 0 1
    outer loop
      vertex -10.916710072770714 -1.3194935085475443 86.7
      vertex -10.80404999937117 -1.2608463847488163 86.7
      vertex -10.465866890639067 0.9894733768701551 86.7
    endloop
  endfacet
  facet normal 0 0 1
    outer loop
      vertex -10.80404999937117 -1.2608463847488163 86.7
      vertex -10.696930066689848 -1.1926034624278543 86.7
      vertex -10.465866890639067 0.9894733768701551 86.7
    endloop
  endfacet
  facet normal 0 0 1
    outer loop
      vertex -10.696930066689848 -1.1926034624278543 86.7
      vertex -10.596165520086885 -1.1152841040343044 86.7
      vertex -10.465866890639067 0.9894733768701551 86.7
    endloop
  endfacet
  facet normal 0 0 1
    outer loop
      vertex -10.596165520086885 -1.1152841040343044 86.7
      vertex -10.502523238539695 -1.0294767614603042 86.7
      vertex -10.465866890639067 0.9894733768701551 86.7
    endloop
  endfacet
  facet normal 0 0 1
    outer loop
      vertex -10.502523238539695 -1.0294767614603042 86.7
      vertex -10.465866890639067 -0.9894733768701551 86.7
      vertex -10.465866890639067 0.9894733768701551 86.7
    endloop
  endfacet
  facet normal 0 0 1
    outer loop
      vertex -10.465866890639067 -0.9894733768701551 86.7
      vertex -9 -0.6962999993711709 86.7
      vertex -9 0.6962999993711709 86.7
    endloop
  endfacet
  facet normal 0 0 -1
    outer loop
      vertex -18.436871707439423 -0.300687313079834 0
      vertex -18.450000002980232 0 0
      vertex -12.782382749021053 2.6428533270955086 0
    endloop
  endfacet
  facet normal 0 0 -1
    outer loop
      vertex -18.450000002980232 0 0
      vertex -18.436871707439423 0.300687313079834 0
      vertex -12.782382749021053 2.6428533270955086 0
    endloop
  endfacet
  facet normal 0 0 -1
    outer loop
      vertex -18.241939544677734 -1.179969497025013 0
      vertex -18.332444101572037 -0.8929257020354271 0
      vertex -12.782382749021053 2.6428533270955086 0
    endloop
  endfacet
  facet normal 0 0 -1
    outer loop
      vertex -18.126761868596077 -1.4580330029129982 0
      vertex -18.241939544677734 -1.179969497025013 0
      vertex -12.782382749021053 2.6428533270955086 0
    endloop
  endfacet
  facet normal 0 0 -1
    outer loop
      vertex -18.332444101572037 -0.8929257020354271 0
      vertex -18.39758674800396 -0.5990862101316452 0
      vertex -12.782382749021053 2.6428533270955086 0
    endloop
  endfacet
  facet normal 0 0 -1
    outer loop
      vertex -18.39758674800396 -0.5990862101316452 0
      vertex -18.436871707439423 -0.300687313079834 0
      vertex -12.782382749021053 2.6428533270955086 0
    endloop
  endfacet
  facet normal 0 0 -1
    outer loop
      vertex -18.332444101572037 0.8929257020354271 0
      vertex -18.241939544677734 1.179969497025013 0
      vertex -13.274999998509884 2.987787641584873 0
    endloop
  endfacet
  facet normal 0 0 -1
    outer loop
      vertex -18.241939544677734 1.179969497025013 0
      vertex -18.126761868596077 1.4580330029129982 0
      vertex -13.274999998509884 2.987787641584873 0
    endloop
  endfacet
  facet normal 0 0 -1
    outer loop
      vertex -18.126761868596077 1.4580330029129982 0
      vertex -17.987787641584873 1.7250000014901161 0
      vertex -13.820030502974987 3.2419395446777344 0
    endloop
  endfacet
  facet normal 0 0 -1
    outer loop
      vertex -18.436871707439423 0.300687313079834 0
      vertex -18.39758674800396 0.5990862101316452 0
      vertex -12.782382749021053 2.6428533270955086 0
    endloop
  endfacet
  facet normal 0 0 -1
    outer loop
      vertex -18.39758674800396 0.5990862101316452 0
      vertex -18.332444101572037 0.8929257020354271 0
      vertex -12.782382749021053 2.6428533270955086 0
    endloop
  endfacet
  facet normal 0 0 -1
    outer loop
      vertex -17.987787641584873 1.7250000014901161 0
      vertex -17.826074555516243 1.9788387045264244 0
      vertex -14.400913789868355 3.3975867480039597 0
    endloop
  endfacet
  facet normal 0 0 -1
    outer loop
      vertex -17.826074555516243 1.9788387045264244 0
      vertex -17.64285332709551 2.2176172509789467 0
      vertex -14.400913789868355 3.3975867480039597 0
    endloop
  endfacet
  facet normal 0 0 -1
    outer loop
      vertex -17.64285332709551 2.2176172509789467 0
      vertex -17.43951839208603 2.439518392086029 0
      vertex -14.699312686920166 3.4368717074394226 0
    endloop
  endfacet
  facet normal 0 0 -1
    outer loop
      vertex -17.217617250978947 2.6428533270955086 0
      vertex -16.978838704526424 2.826074555516243 0
      vertex -15.892925702035427 3.3324441015720367 0
    endloop
  endfacet
  facet normal 0 0 -1
    outer loop
      vertex -16.978838704526424 2.826074555516243 0
      vertex -16.725000001490116 2.987787641584873 0
      vertex -16.179969497025013 3.2419395446777344 0
    endloop
  endfacet
  facet normal 0 0 -1
    outer loop
      vertex -17.43951839208603 2.439518392086029 0
      vertex -17.217617250978947 2.6428533270955086 0
      vertex -14.699312686920166 3.4368717074394226 0
    endloop
  endfacet
  facet normal 0 0 -1
    outer loop
      vertex -16.725000001490116 2.987787641584873 0
      vertex -16.458033002912998 3.126761868596077 0
      vertex -16.179969497025013 3.2419395446777344 0
    endloop
  endfacet
  facet normal 0 0 -1
    outer loop
      vertex -16.978838704526424 2.826074555516243 0
      vertex -16.179969497025013 3.2419395446777344 0
      vertex -15.892925702035427 3.3324441015720367 0
    endloop
  endfacet
  facet normal 0 0 -1
    outer loop
      vertex -17.217617250978947 2.6428533270955086 0
      vertex -15.892925702035427 3.3324441015720367 0
      vertex -15.599086210131645 3.3975867480039597 0
    endloop
  endfacet
  facet normal 0 0 -1
    outer loop
      vertex -17.217617250978947 2.6428533270955086 0
      vertex -15.599086210131645 3.3975867480039597 0
      vertex -15.300687313079834 3.4368717074394226 0
    endloop
  endfacet
  facet normal 0 0 -1
    outer loop
      vertex -17.217617250978947 2.6428533270955086 0
      vertex -15.300687313079834 3.4368717074394226 0
      vertex -15 3.4500000029802322 0
    endloop
  endfacet
  facet normal 0 0 -1
    outer loop
      vertex -17.987787641584873 1.7250000014901161 0
      vertex -14.400913789868355 3.3975867480039597 0
      vertex -14.107074297964573 3.3324441015720367 0
    endloop
  endfacet
  facet normal 0 0 -1
    outer loop
      vertex -17.217617250978947 2.6428533270955086 0
      vertex -15 3.4500000029802322 0
      vertex -14.699312686920166 3.4368717074394226 0
    endloop
  endfacet
  facet normal 0 0 -1
    outer loop
      vertex -17.64285332709551 2.2176172509789467 0
      vertex -14.699312686920166 3.4368717074394226 0
      vertex -14.400913789868355 3.3975867480039597 0
    endloop
  endfacet
  facet normal 0 0 -1
    outer loop
      vertex -18.332444101572037 0.8929257020354271 0
      vertex -13.274999998509884 2.987787641584873 0
      vertex -13.021161295473576 2.826074555516243 0
    endloop
  endfacet
  facet normal 0 0 -1
    outer loop
      vertex -18.332444101572037 0.8929257020354271 0
      vertex -13.021161295473576 2.826074555516243 0
      vertex -12.782382749021053 2.6428533270955086 0
    endloop
  endfacet
  facet normal 0 0 -1
    outer loop
      vertex -17.64285332709551 -2.2176172509789467 0
      vertex -12.782382749021053 2.6428533270955086 0
      vertex -12.560481607913971 2.439518392086029 0
    endloop
  endfacet
  facet normal 0 0 -1
    outer loop
      vertex -17.43951839208603 -2.439518392086029 0
      vertex -12.560481607913971 2.439518392086029 0
      vertex -12.473618224263191 2.344723641872406 0
    endloop
  endfacet
  facet normal 0 0 -1
    outer loop
      vertex -17.987787641584873 1.7250000014901161 0
      vertex -14.107074297964573 3.3324441015720367 0
      vertex -13.820030502974987 3.2419395446777344 0
    endloop
  endfacet
  facet normal 0 0 -1
    outer loop
      vertex -18.126761868596077 1.4580330029129982 0
      vertex -13.820030502974987 3.2419395446777344 0
      vertex -13.541966997087002 3.126761868596077 0
    endloop
  endfacet
  facet normal 0 0 -1
    outer loop
      vertex -18.126761868596077 1.4580330029129982 0
      vertex -13.541966997087002 3.126761868596077 0
      vertex -13.274999998509884 2.987787641584873 0
    endloop
  endfacet
  facet normal 0.7372617043092112 0.6755758744879875 -0.006512846448994729
    outer loop
      vertex -12.560481607913971 2.439518392086029 0
      vertex -12.082778461057435 2.0809032753821497 16.87749219858461
      vertex -12.473618224263191 2.344723641872406 0
    endloop
  endfacet
  facet normal -0.9970752419957453 0.04353325825180058 0.06281574026554208
    outer loop
      vertex -18.450000002980232 0 0
      vertex -12.987900001257657 0 86.7
      vertex -18.436871707439423 0.300687313079834 0
    endloop
  endfacet
  facet normal -0.9895057193942771 0.13027089721720142 0.06251339555838724
    outer loop
      vertex -18.436871707439423 0.300687313079834 0
      vertex -12.982359860539436 0.12689004611968993 86.7
      vertex -18.39758674800396 0.5990862101316452 0
    endloop
  endfacet
  facet normal -0.9744231562454522 0.21602441091601576 0.06191095590474701
    outer loop
      vertex -18.39758674800396 0.5990862101316452 0
      vertex -12.96578160765767 0.25281438067555423 86.7
      vertex -18.332444101572037 0.8929257020354271 0
    endloop
  endfacet
  facet normal -0.9519401581311016 0.30014556560845784 0.06101290669122601
    outer loop
      vertex -18.332444101572037 0.8929257020354271 0
      vertex -12.9382914108634 0.37681464625895017 86.7
      vertex -18.241939544677734 1.179969497025013 0
    endloop
  endfacet
  facet normal -0.9222247011065956 0.38199798121422024 0.05982593933329044
    outer loop
      vertex -18.241939544677734 1.179969497025013 0
      vertex -12.900098487854002 0.4979471277445554 86.7
      vertex -18.126761868596077 1.4580330029129982 0
    endloop
  endfacet
  facet normal -0.8854990654865388 0.46096164994560784 0.05835890936171952
    outer loop
      vertex -18.126761868596077 1.4580330029129982 0
      vertex -12.851493508547543 0.6152899272292851 86.7
      vertex -17.987787641584873 1.7250000014901161 0
    endloop
  endfacet
  facet normal -0.8420383493120613 0.5364375819234767 0.05662277799536548
    outer loop
      vertex -17.987787641584873 1.7250000014901161 0
      vertex -12.792846384748817 0.7279500006288289 86.7
      vertex -17.826074555516243 1.9788387045264244 0
    endloop
  endfacet
  facet normal -0.7921685669423312 0.6078523389467325 0.05463053711542789
    outer loop
      vertex -17.826074555516243 1.9788387045264244 0
      vertex -12.724603462427854 0.835069933310151 86.7
      vertex -17.64285332709551 2.2176172509789467 0
    endloop
  endfacet
  facet normal -0.7362645558026298 0.6746621709875147 0.052397126898040526
    outer loop
      vertex -17.64285332709551 2.2176172509789467 0
      vertex -12.647284104034304 0.9358344799131153 86.7
      vertex -17.43951839208603 2.439518392086029 0
    endloop
  endfacet
  facet normal -0.6747472455388358 0.7363573983828605 0.04993932803492
    outer loop
      vertex -17.43951839208603 2.439518392086029 0
      vertex -12.561476761460304 1.0294767614603042 86.7
      vertex -17.217617250978947 2.6428533270955086 0
    endloop
  endfacet
  facet normal -0.6080807732247097 0.7924662682803555 0.04727564777183793
    outer loop
      vertex -17.217617250978947 2.6428533270955086 0
      vertex -12.467834479913115 1.1152841040343044 86.7
      vertex -16.978838704526424 2.826074555516243 0
    endloop
  endfacet
  facet normal -0.536769109768886 0.8425587437980302 0.044426186505290156
    outer loop
      vertex -16.978838704526424 2.826074555516243 0
      vertex -12.36706993331015 1.1926034624278543 86.7
      vertex -16.725000001490116 2.987787641584873 0
    endloop
  endfacet
  facet normal -0.4613525054251536 0.8862498918555413 0.04141249719559132
    outer loop
      vertex -16.725000001490116 2.987787641584873 0
      vertex -12.259950000628828 1.2608463847488163 86.7
      vertex -16.458033002912998 3.126761868596077 0
    endloop
  endfacet
  facet normal -0.3824032784310146 0.9232031751378706 0.038257418372990376
    outer loop
      vertex -16.458033002912998 3.126761868596077 0
      vertex -12.147289927229284 1.3194935085475443 86.7
      vertex -16.179969497025013 3.2419395446777344 0
    endloop
  endfacet
  facet normal -0.30052170748558843 0.953133127806564 0.03498491114212584
    outer loop
      vertex -16.179969497025013 3.2419395446777344 0
      vertex -12.029947127744554 1.3680984878540037 86.7
      vertex -15.892925702035427 3.3324441015720367 0
    endloop
  endfacet
  facet normal -0.21633138504441288 0.9758078270695041 0.031619874678101005
    outer loop
      vertex -15.892925702035427 3.3324441015720367 0
      vertex -11.90881464625895 1.4062914108633993 86.7
      vertex -15.599086210131645 3.3975867480039597 0
    endloop
  endfacet
  facet normal -0.13047432434469414 0.9910509018596929 0.028187951502101204
    outer loop
      vertex -15.599086210131645 3.3975867480039597 0
      vertex -11.784814380675554 1.4337816076576708 86.7
      vertex -15.300687313079834 3.4368717074394226 0
    endloop
  endfacet
  facet normal -0.04360607596180841 0.9987430412541348 0.02471533300716068
    outer loop
      vertex -15.300687313079834 3.4368717074394226 0
      vertex -11.658890046119689 1.450359860539436 86.7
      vertex -15 3.4500000029802322 0
    endloop
  endfacet
  facet normal 0.043609570725463155 0.9988230844775622 0.021228548133810237
    outer loop
      vertex -15 3.4500000029802322 0
      vertex -11.532 1.4559000012576577 86.7
      vertex -14.699312686920166 3.4368717074394226 0
    endloop
  endfacet
  facet normal 0.1305056166816937 0.9912885907610186 0.017754262630838163
    outer loop
      vertex -14.699312686920166 3.4368717074394226 0
      vertex -11.40510995388031 1.450359860539436 86.7
      vertex -14.400913789868355 3.3975867480039597 0
    endloop
  endfacet
  facet normal 0.2164174220216828 0.9761959147980607 0.01431905643072552
    outer loop
      vertex -14.400913789868355 3.3975867480039597 0
      vertex -11.279185619324446 1.4337816076576708 86.7
      vertex -14.107074297964573 3.3324441015720367 0
    endloop
  endfacet
  facet normal 0.3006877616880281 0.9536597844753317 0.010949221228345695
    outer loop
      vertex -14.107074297964573 3.3324441015720367 0
      vertex -11.15518535374105 1.4062914108633993 86.7
      vertex -13.820030502974987 3.2419395446777344 0
    endloop
  endfacet
  facet normal 0.3826721762777033 0.923852351962058 0.007670546073139847
    outer loop
      vertex -13.820030502974987 3.2419395446777344 0
      vertex -11.034052872255444 1.3680984878540037 86.7
      vertex -13.541966997087002 3.126761868596077 0
    endloop
  endfacet
  facet normal 0.46174393149328313 0.8870018143149838 0.004508118349519568
    outer loop
      vertex -13.541966997087002 3.126761868596077 0
      vertex -10.916710072770714 1.3194935085475443 86.7
      vertex -13.274999998509884 2.987787641584873 0
    endloop
  endfacet
  facet normal 0.53729900868809 0.8433905185026079 0.0014861233791400193
    outer loop
      vertex -13.274999998509884 2.987787641584873 0
      vertex -10.80404999937117 1.2608463847488163 86.7
      vertex -13.021161295473576 2.826074555516243 0
    endloop
  endfacet
  facet normal 0 0 -1
    outer loop
      vertex -12.473618224263191 -2.344723641872406 0
      vertex -12.473618224263191 2.344723641872406 0
      vertex -9 1.6499999985098839 0
    endloop
  endfacet
  facet normal 0.1961047270501596 0.9805236373539293 0.010785760001152597
    outer loop
      vertex -12.473618224263191 2.344723641872406 0
      vertex -12.082778461057435 2.0809032753821497 16.87749219858461
      vertex -11.942180621037666 2.0541603069110916 16.752346791873233
    endloop
  endfacet
  facet normal 0.19610472705016063 0.9805236373539291 0.01078576000115257
    outer loop
      vertex -12.473618224263191 2.344723641872406 0
      vertex -11.942180621037666 2.0541603069110916 16.752346791873233
      vertex -11.672542857739675 2.0022790275633957 16.566321955684042
    endloop
  endfacet
  facet normal 0.19610472705015886 0.9805236373539296 0.010785760001152672
    outer loop
      vertex -12.473618224263191 2.344723641872406 0
      vertex -11.672542857739675 2.0022790275633957 16.566321955684042
      vertex -11.341234616614694 1.9380552247540863 16.38106329428387
    endloop
  endfacet
  facet normal 0.19610472705016013 0.9805236373539292 0.010785760001152564
    outer loop
      vertex -12.473618224263191 2.344723641872406 0
      vertex -11.341234616614694 1.9380552247540863 16.38106329428387
      vertex -10.9462769727367 1.8610900343680756 16.196850728648506
    endloop
  endfacet
  facet normal 0.19610472705015988 0.9805236373539292 0.010785760001152578
    outer loop
      vertex -12.473618224263191 2.344723641872406 0
      vertex -10.9462769727367 1.8610900343680756 16.196850728648506
      vertex -10.485345694138514 1.7709148508395307 16.01402600181418
    endloop
  endfacet
  facet normal 0.1961047270501598 0.9805236373539293 0.01078576000115261
    outer loop
      vertex -12.473618224263191 2.344723641872406 0
      vertex -10.485345694138514 1.7709148508395307 16.01402600181418
      vertex -9.955780887090997 1.6669930997728597 15.83300690022714
    endloop
  endfacet
  facet normal 0.19610472705015988 0.9805236373539293 0.010785760001152602
    outer loop
      vertex -12.473618224263191 2.344723641872406 0
      vertex -9 1.4788167822647098 15.56211058179725
      vertex -9 1.6499999985098839 0
    endloop
  endfacet
  facet normal 0.19610472705015983 0.9805236373539293 0.010785760001152547
    outer loop
      vertex -12.473618224263191 2.344723641872406 0
      vertex -9.955780887090997 1.6669930997728597 15.83300690022714
      vertex -9.35460365742045 1.5487233933448548 15.654303332046572
    endloop
  endfacet
  facet normal 0.19610472705015958 0.9805236373539293 0.010785760001152613
    outer loop
      vertex -12.473618224263191 2.344723641872406 0
      vertex -9.35460365742045 1.5487233933448548 15.654303332046572
      vertex -9 1.4788167822647098 15.56211058179725
    endloop
  endfacet
  facet normal 0.7372617043091891 0.6755758744880117 -0.006512846448993655
    outer loop
      vertex -12.560481607913971 2.439518392086029 0
      vertex -12.098354662325185 2.098482274838044 16.937713369126122
      vertex -12.082778461057435 2.0809032753821497 16.87749219858461
    endloop
  endfacet
  facet normal 0.7372617043092063 0.6755758744879927 -0.006512846448994465
    outer loop
      vertex -12.560481607913971 2.439518392086029 0
      vertex -12.131706280399442 2.1366678127166385 17.123247815806714
      vertex -12.098354662325185 2.098482274838044 16.937713369126122
    endloop
  endfacet
  facet normal 0.7372617043092183 0.6755758744879798 -0.006512846448994974
    outer loop
      vertex -12.560481607913971 2.439518392086029 0
      vertex -12.149870981608345 2.158182245697278 17.298669317359444
      vertex -12.131706280399442 2.1366678127166385 17.123247815806714
    endloop
  endfacet
  facet normal 0.6755846826715821 0.7372713006365136 -0.004045466262537483
    outer loop
      vertex -12.560481607913971 2.439518392086029 0
      vertex -12.151428160939329 2.1596770864890935 17.31105273805551
      vertex -12.149870981608345 2.158182245697278 17.298669317359444
    endloop
  endfacet
  facet normal 0.6755846826715804 0.7372713006365149 -0.004045466262537252
    outer loop
      vertex -12.560481607913971 2.439518392086029 0
      vertex -12.1586218402306 2.167305647793425 17.5
      vertex -12.151428160939329 2.1596770864890935 17.31105273805551
    endloop
  endfacet
  facet normal 0.6087608674205408 0.793352584265305 -0.0013723472421677697
    outer loop
      vertex -13.021161295473576 2.826074555516243 0
      vertex -10.696930066689848 1.1926034624278543 86.7
      vertex -12.782382749021053 2.6428533270955086 0
    endloop
  endfacet
  facet normal 0.6755846826715569 0.7372713006365367 -0.004045466262536368
    outer loop
      vertex -12.782382749021053 2.6428533270955086 0
      vertex -10.596165520086885 1.1152841040343044 86.7
      vertex -12.560481607913971 2.439518392086029 0
    endloop
  endfacet
  facet normal 0.6755846826715359 0.7372713006365559 -0.004045466262535659
    outer loop
      vertex -12.560481607913971 2.439518392086029 0
      vertex -10.596165520086885 1.1152841040343044 86.7
      vertex -12.1586218402306 2.167305647793425 17.5
    endloop
  endfacet
  facet normal 0.6755846826715627 0.7372713006365315 -0.004045466262536573
    outer loop
      vertex -12.1586218402306 2.167305647793425 17.5
      vertex -10.596165520086885 1.1152841040343044 86.7
      vertex -12.149359370893443 2.159855012381717 17.688962828443046
    endloop
  endfacet
  facet normal 0.6755846826715356 0.7372713006365562 -0.004045466262535591
    outer loop
      vertex -12.149359370893443 2.159855012381717 17.688962828443046
      vertex -10.596165520086885 1.1152841040343044 86.7
      vertex -12.138767366876026 2.150574434355712 17.766454969206546
    endloop
  endfacet
  facet normal 0.7372617043092216 0.6755758744879762 -0.006512846448995147
    outer loop
      vertex -12.138767366876026 2.150574434355712 17.766454969206546
      vertex -10.502523238539695 1.0294767614603042 86.7
      vertex -12.12553029049764 2.13719290609967 17.876844772324105
    endloop
  endfacet
  facet normal 0.7372617043092021 0.6755758744879973 -0.006512846448994368
    outer loop
      vertex -12.052229644995213 2.0602825489154415 18.196670678627655
      vertex -12.089123910021748 2.0992520420080125 18.06249288936543
      vertex -10.502523238539695 1.0294767614603042 86.7
    endloop
  endfacet
  facet normal 0.19610472705015966 0.9805236373539294 0.010785760001152602
    outer loop
      vertex -12.052229644995213 2.0602825489154415 18.196670678627655
      vertex -10.465866890639067 0.9894733768701551 86.7
      vertex -12.000621825520966 2.049419159221717 18.245927571491574
    endloop
  endfacet
  facet normal 0.1961047270501596 0.9805236373539294 0.010785760001152604
    outer loop
      vertex -12.000621825520966 2.049419159221717 18.245927571491574
      vertex -10.465866890639067 0.9894733768701551 86.7
      vertex -11.746259770873376 1.9965110792253862 18.430988405834103
    endloop
  endfacet
  facet normal 0.19610472705016008 0.9805236373539291 0.010785760001152589
    outer loop
      vertex -11.746259770873376 1.9965110792253862 18.430988405834103
      vertex -10.465866890639067 0.9894733768701551 86.7
      vertex -11.430670948938927 1.9313683510288029 18.6150760373708
    endloop
  endfacet
  facet normal 0.7372617043092236 0.675575874487974 -0.00651284644899523
    outer loop
      vertex -12.12553029049764 2.13719290609967 17.876844772324105
      vertex -10.502523238539695 1.0294767614603042 86.7
      vertex -12.089123910021748 2.0992520420080125 18.06249288936543
    endloop
  endfacet
  facet normal 0.19610472705016033 0.9805236373539292 0.010785760001152589
    outer loop
      vertex -11.430670948938927 1.9313683510288029 18.6150760373708
      vertex -10.465866890639067 0.9894733768701551 86.7
      vertex -11.051964406236277 1.8536158057025522 18.79791576009759
    endloop
  endfacet
  facet normal 0.19610472705015958 0.9805236373539294 0.010785760001152597
    outer loop
      vertex -11.051964406236277 1.8536158057025522 18.79791576009759
      vertex -10.465866890639067 0.9894733768701551 86.7
      vertex -10.607902270388314 1.7628095508032653 18.979172843914807
    endloop
  endfacet
  facet normal 0.19610472705016022 0.9805236373539293 0.010785760001152597
    outer loop
      vertex -10.607902270388314 1.7628095508032653 18.979172843914807
      vertex -10.465866890639067 0.9894733768701551 86.7
      vertex -10.095908016312354 1.6584387749679057 19.158438774967905
    endloop
  endfacet
  facet normal 0.19610472705015933 0.9805236373539294 0.010785760001152592
    outer loop
      vertex -10.095908016312354 1.6584387749679057 19.158438774967905
      vertex -10.465866890639067 0.9894733768701551 86.7
      vertex -9.513081104812665 1.5399288463595204 19.335215734988417
    endloop
  endfacet
  facet normal 0.19610472705016016 0.9805236373539291 0.0107857600011526
    outer loop
      vertex -9.513081104812665 1.5399288463595204 19.335215734988417
      vertex -10.465866890639067 0.9894733768701551 86.7
      vertex -9 1.4358202991221412 19.470881780106225
    endloop
  endfacet
  facet normal -0.9970752419957455 0.04353325825179421 0.06281574026554208
    outer loop
      vertex -18.436871707439423 0.300687313079834 0
      vertex -12.987900001257657 0 86.7
      vertex -12.982359860539436 0.12689004611968993 86.7
    endloop
  endfacet
  facet normal -0.9895057193942765 0.13027089721720705 0.06251339555838721
    outer loop
      vertex -18.39758674800396 0.5990862101316452 0
      vertex -12.982359860539436 0.12689004611968993 86.7
      vertex -12.96578160765767 0.25281438067555423 86.7
    endloop
  endfacet
  facet normal -0.9744231562454542 0.21602441091600688 0.061910955904747066
    outer loop
      vertex -18.332444101572037 0.8929257020354271 0
      vertex -12.96578160765767 0.25281438067555423 86.7
      vertex -12.9382914108634 0.37681464625895017 86.7
    endloop
  endfacet
  facet normal -0.9519401581310966 0.30014556560847394 0.06101290669122583
    outer loop
      vertex -18.241939544677734 1.179969497025013 0
      vertex -12.9382914108634 0.37681464625895017 86.7
      vertex -12.900098487854002 0.4979471277445554 86.7
    endloop
  endfacet
  facet normal -0.922224701106596 0.3819979812142194 0.059825939333290425
    outer loop
      vertex -18.126761868596077 1.4580330029129982 0
      vertex -12.900098487854002 0.4979471277445554 86.7
      vertex -12.851493508547543 0.6152899272292851 86.7
    endloop
  endfacet
  facet normal -0.8854990654865436 0.46096164994559863 0.05835890936171966
    outer loop
      vertex -17.987787641584873 1.7250000014901161 0
      vertex -12.851493508547543 0.6152899272292851 86.7
      vertex -12.792846384748817 0.7279500006288289 86.7
    endloop
  endfacet
  facet normal -0.8420383493120608 0.5364375819234775 0.0566227779953655
    outer loop
      vertex -17.826074555516243 1.9788387045264244 0
      vertex -12.792846384748817 0.7279500006288289 86.7
      vertex -12.724603462427854 0.835069933310151 86.7
    endloop
  endfacet
  facet normal -0.7921685669423277 0.6078523389467367 0.05463053711542782
    outer loop
      vertex -17.64285332709551 2.2176172509789467 0
      vertex -12.724603462427854 0.835069933310151 86.7
      vertex -12.647284104034304 0.9358344799131153 86.7
    endloop
  endfacet
  facet normal -0.7362645558026297 0.6746621709875149 0.05239712689804049
    outer loop
      vertex -17.43951839208603 2.439518392086029 0
      vertex -12.647284104034304 0.9358344799131153 86.7
      vertex -12.561476761460304 1.0294767614603042 86.7
    endloop
  endfacet
  facet normal -0.6747472455388371 0.7363573983828594 0.04993932803492007
    outer loop
      vertex -17.217617250978947 2.6428533270955086 0
      vertex -12.561476761460304 1.0294767614603042 86.7
      vertex -12.467834479913115 1.1152841040343044 86.7
    endloop
  endfacet
  facet normal -0.6080807732247051 0.792466268280359 0.04727564777183769
    outer loop
      vertex -16.978838704526424 2.826074555516243 0
      vertex -12.467834479913115 1.1152841040343044 86.7
      vertex -12.36706993331015 1.1926034624278543 86.7
    endloop
  endfacet
  facet normal -0.5367691097688897 0.8425587437980279 0.04442618650529031
    outer loop
      vertex -16.725000001490116 2.987787641584873 0
      vertex -12.36706993331015 1.1926034624278543 86.7
      vertex -12.259950000628828 1.2608463847488163 86.7
    endloop
  endfacet
  facet normal -0.46135250542515355 0.8862498918555415 0.041412497195591355
    outer loop
      vertex -16.458033002912998 3.126761868596077 0
      vertex -12.259950000628828 1.2608463847488163 86.7
      vertex -12.147289927229284 1.3194935085475443 86.7
    endloop
  endfacet
  facet normal -0.38240327843101335 0.9232031751378712 0.038257418372990355
    outer loop
      vertex -16.179969497025013 3.2419395446777344 0
      vertex -12.147289927229284 1.3194935085475443 86.7
      vertex -12.029947127744554 1.3680984878540037 86.7
    endloop
  endfacet
  facet normal -0.3005217074855904 0.9531331278065636 0.034984911142126006
    outer loop
      vertex -15.892925702035427 3.3324441015720367 0
      vertex -12.029947127744554 1.3680984878540037 86.7
      vertex -11.90881464625895 1.4062914108633993 86.7
    endloop
  endfacet
  facet normal -0.21633138504441396 0.9758078270695039 0.031619874678101095
    outer loop
      vertex -15.599086210131645 3.3975867480039597 0
      vertex -11.90881464625895 1.4062914108633993 86.7
      vertex -11.784814380675554 1.4337816076576708 86.7
    endloop
  endfacet
  facet normal -0.1304743243446943 0.991050901859693 0.028187951502101308
    outer loop
      vertex -15.300687313079834 3.4368717074394226 0
      vertex -11.784814380675554 1.4337816076576708 86.7
      vertex -11.658890046119689 1.450359860539436 86.7
    endloop
  endfacet
  facet normal -0.04360607596180742 0.9987430412541347 0.024715333007160552
    outer loop
      vertex -15 3.4500000029802322 0
      vertex -11.658890046119689 1.450359860539436 86.7
      vertex -11.532 1.4559000012576577 86.7
    endloop
  endfacet
  facet normal 0.0436095707254615 0.9988230844775624 0.021228548133810168
    outer loop
      vertex -14.699312686920166 3.4368717074394226 0
      vertex -11.532 1.4559000012576577 86.7
      vertex -11.40510995388031 1.450359860539436 86.7
    endloop
  endfacet
  facet normal 0.13050561668169264 0.9912885907610187 0.017754262630838107
    outer loop
      vertex -14.400913789868355 3.3975867480039597 0
      vertex -11.40510995388031 1.450359860539436 86.7
      vertex -11.279185619324446 1.4337816076576708 86.7
    endloop
  endfacet
  facet normal 0.21641742202168388 0.9761959147980606 0.014319056430725435
    outer loop
      vertex -14.107074297964573 3.3324441015720367 0
      vertex -11.279185619324446 1.4337816076576708 86.7
      vertex -11.15518535374105 1.4062914108633993 86.7
    endloop
  endfacet
  facet normal 0.3006877616880256 0.9536597844753326 0.010949221228345797
    outer loop
      vertex -13.820030502974987 3.2419395446777344 0
      vertex -11.15518535374105 1.4062914108633993 86.7
      vertex -11.034052872255444 1.3680984878540037 86.7
    endloop
  endfacet
  facet normal 0.38267217627770195 0.9238523519620584 0.007670546073139817
    outer loop
      vertex -13.541966997087002 3.126761868596077 0
      vertex -11.034052872255444 1.3680984878540037 86.7
      vertex -10.916710072770714 1.3194935085475443 86.7
    endloop
  endfacet
  facet normal 0.461743931493283 0.8870018143149839 0.004508118349519615
    outer loop
      vertex -13.274999998509884 2.987787641584873 0
      vertex -10.916710072770714 1.3194935085475443 86.7
      vertex -10.80404999937117 1.2608463847488163 86.7
    endloop
  endfacet
  facet normal 0.6087608674205429 0.7933525842653033 -0.0013723472421678666
    outer loop
      vertex -12.782382749021053 2.6428533270955086 0
      vertex -10.696930066689848 1.1926034624278543 86.7
      vertex -10.596165520086885 1.1152841040343044 86.7
    endloop
  endfacet
  facet normal 0.5372990086880919 0.8433905185026067 0.0014861233791399382
    outer loop
      vertex -13.021161295473576 2.826074555516243 0
      vertex -10.80404999937117 1.2608463847488163 86.7
      vertex -10.696930066689848 1.1926034624278543 86.7
    endloop
  endfacet
  facet normal 0.6755846826715511 0.7372713006365421 -0.004045466262536153
    outer loop
      vertex -12.138767366876026 2.150574434355712 17.766454969206546
      vertex -10.596165520086885 1.1152841040343044 86.7
      vertex -10.502523238539695 1.0294767614603042 86.7
    endloop
  endfacet
  facet normal 0.737261704309221 0.6755758744879768 -0.006512846448995076
    outer loop
      vertex -12.052229644995213 2.0602825489154415 18.196670678627655
      vertex -10.502523238539695 1.0294767614603042 86.7
      vertex -10.465866890639067 0.9894733768701551 86.7
    endloop
  endfacet
  facet normal 0.1961047270501598 0.9805236373539293 0.010785760001152596
    outer loop
      vertex -9 1.4358202991221412 19.470881780106225
      vertex -10.465866890639067 0.9894733768701551 86.7
      vertex -9 0.6962999993711709 86.7
    endloop
  endfacet
  facet normal 0 0 1
    outer loop
      vertex -12.9382914108634 -0.37681464625895017 86.7
      vertex -10.596165520086885 1.1152841040343044 86.7
      vertex -12.96578160765767 -0.25281438067555423 86.7
    endloop
  endfacet
  facet normal 0 0 1
    outer loop
      vertex -12.96578160765767 -0.25281438067555423 86.7
      vertex -10.596165520086885 1.1152841040343044 86.7
      vertex -12.982359860539436 -0.12689004611968993 86.7
    endloop
  endfacet
  facet normal 0 0 1
    outer loop
      vertex -12.982359860539436 -0.12689004611968993 86.7
      vertex -10.596165520086885 1.1152841040343044 86.7
      vertex -12.987900001257657 0 86.7
    endloop
  endfacet
  facet normal 0 0 1
    outer loop
      vertex -12.987900001257657 0 86.7
      vertex -10.596165520086885 1.1152841040343044 86.7
      vertex -12.982359860539436 0.12689004611968993 86.7
    endloop
  endfacet
  facet normal 0 0 1
    outer loop
      vertex -12.982359860539436 0.12689004611968993 86.7
      vertex -10.596165520086885 1.1152841040343044 86.7
      vertex -12.96578160765767 0.25281438067555423 86.7
    endloop
  endfacet
  facet normal 0 0 1
    outer loop
      vertex -12.851493508547543 -0.6152899272292851 86.7
      vertex -10.596165520086885 1.1152841040343044 86.7
      vertex -12.900098487854002 -0.4979471277445554 86.7
    endloop
  endfacet
  facet normal 0 0 1
    outer loop
      vertex -12.9382914108634 -0.37681464625895017 86.7
      vertex -12.900098487854002 -0.4979471277445554 86.7
      vertex -10.596165520086885 1.1152841040343044 86.7
    endloop
  endfacet
  facet normal 0 0 1
    outer loop
      vertex -12.9382914108634 0.37681464625895017 86.7
      vertex -10.80404999937117 1.2608463847488163 86.7
      vertex -12.900098487854002 0.4979471277445554 86.7
    endloop
  endfacet
  facet normal 0 0 1
    outer loop
      vertex -12.96578160765767 0.25281438067555423 86.7
      vertex -10.596165520086885 1.1152841040343044 86.7
      vertex -12.9382914108634 0.37681464625895017 86.7
    endloop
  endfacet
  facet normal 0 0 1
    outer loop
      vertex -12.900098487854002 0.4979471277445554 86.7
      vertex -10.80404999937117 1.2608463847488163 86.7
      vertex -12.851493508547543 0.6152899272292851 86.7
    endloop
  endfacet
  facet normal 0 0 1
    outer loop
      vertex -12.792846384748817 0.7279500006288289 86.7
      vertex -11.279185619324446 1.4337816076576708 86.7
      vertex -12.724603462427854 0.835069933310151 86.7
    endloop
  endfacet
  facet normal 0 0 1
    outer loop
      vertex -12.851493508547543 0.6152899272292851 86.7
      vertex -11.034052872255444 1.3680984878540037 86.7
      vertex -12.792846384748817 0.7279500006288289 86.7
    endloop
  endfacet
  facet normal 0 0 1
    outer loop
      vertex -12.724603462427854 0.835069933310151 86.7
      vertex -11.279185619324446 1.4337816076576708 86.7
      vertex -12.647284104034304 0.9358344799131153 86.7
    endloop
  endfacet
  facet normal 0 0 1
    outer loop
      vertex -12.647284104034304 0.9358344799131153 86.7
      vertex -11.40510995388031 1.450359860539436 86.7
      vertex -12.561476761460304 1.0294767614603042 86.7
    endloop
  endfacet
  facet normal 0 0 1
    outer loop
      vertex -12.851493508547543 0.6152899272292851 86.7
      vertex -10.916710072770714 1.3194935085475443 86.7
      vertex -11.034052872255444 1.3680984878540037 86.7
    endloop
  endfacet
  facet normal 0 0 1
    outer loop
      vertex -12.467834479913115 1.1152841040343044 86.7
      vertex -11.90881464625895 1.4062914108633993 86.7
      vertex -12.36706993331015 1.1926034624278543 86.7
    endloop
  endfacet
  facet normal 0 0 1
    outer loop
      vertex -12.36706993331015 1.1926034624278543 86.7
      vertex -12.029947127744554 1.3680984878540037 86.7
      vertex -12.259950000628828 1.2608463847488163 86.7
    endloop
  endfacet
  facet normal 0 0 1
    outer loop
      vertex -12.561476761460304 1.0294767614603042 86.7
      vertex -11.40510995388031 1.450359860539436 86.7
      vertex -12.467834479913115 1.1152841040343044 86.7
    endloop
  endfacet
  facet normal 0 0 1
    outer loop
      vertex -12.259950000628828 1.2608463847488163 86.7
      vertex -12.029947127744554 1.3680984878540037 86.7
      vertex -12.147289927229284 1.3194935085475443 86.7
    endloop
  endfacet
  facet normal 0 0 1
    outer loop
      vertex -12.36706993331015 1.1926034624278543 86.7
      vertex -11.90881464625895 1.4062914108633993 86.7
      vertex -12.029947127744554 1.3680984878540037 86.7
    endloop
  endfacet
  facet normal 0 0 1
    outer loop
      vertex -12.467834479913115 1.1152841040343044 86.7
      vertex -11.784814380675554 1.4337816076576708 86.7
      vertex -11.90881464625895 1.4062914108633993 86.7
    endloop
  endfacet
  facet normal 0 0 1
    outer loop
      vertex -12.467834479913115 1.1152841040343044 86.7
      vertex -11.658890046119689 1.450359860539436 86.7
      vertex -11.784814380675554 1.4337816076576708 86.7
    endloop
  endfacet
  facet normal 0 0 1
    outer loop
      vertex -12.467834479913115 1.1152841040343044 86.7
      vertex -11.532 1.4559000012576577 86.7
      vertex -11.658890046119689 1.450359860539436 86.7
    endloop
  endfacet
  facet normal 0 0 1
    outer loop
      vertex -12.647284104034304 0.9358344799131153 86.7
      vertex -11.279185619324446 1.4337816076576708 86.7
      vertex -11.40510995388031 1.450359860539436 86.7
    endloop
  endfacet
  facet normal 0 0 1
    outer loop
      vertex -12.467834479913115 1.1152841040343044 86.7
      vertex -11.40510995388031 1.450359860539436 86.7
      vertex -11.532 1.4559000012576577 86.7
    endloop
  endfacet
  facet normal 0 0 1
    outer loop
      vertex -12.792846384748817 0.7279500006288289 86.7
      vertex -11.15518535374105 1.4062914108633993 86.7
      vertex -11.279185619324446 1.4337816076576708 86.7
    endloop
  endfacet
  facet normal 0 0 1
    outer loop
      vertex -12.792846384748817 0.7279500006288289 86.7
      vertex -11.034052872255444 1.3680984878540037 86.7
      vertex -11.15518535374105 1.4062914108633993 86.7
    endloop
  endfacet
  facet normal 0 0 1
    outer loop
      vertex -12.647284104034304 -0.9358344799131153 86.7
      vertex -10.502523238539695 1.0294767614603042 86.7
      vertex -10.596165520086885 1.1152841040343044 86.7
    endloop
  endfacet
  facet normal 0 0 1
    outer loop
      vertex -12.9382914108634 0.37681464625895017 86.7
      vertex -10.696930066689848 1.1926034624278543 86.7
      vertex -10.80404999937117 1.2608463847488163 86.7
    endloop
  endfacet
  facet normal 0 0 1
    outer loop
      vertex -12.851493508547543 0.6152899272292851 86.7
      vertex -10.80404999937117 1.2608463847488163 86.7
      vertex -10.916710072770714 1.3194935085475443 86.7
    endloop
  endfacet
  facet normal 0 0 1
    outer loop
      vertex -12.9382914108634 0.37681464625895017 86.7
      vertex -10.596165520086885 1.1152841040343044 86.7
      vertex -10.696930066689848 1.1926034624278543 86.7
    endloop
  endfacet
  facet normal 0 0 1
    outer loop
      vertex -12.561476761460304 -1.0294767614603042 86.7
      vertex -10.465866890639067 0.9894733768701551 86.7
      vertex -10.502523238539695 1.0294767614603042 86.7
    endloop
  endfacet
  facet normal 0 0 1
    outer loop
      vertex -10.465866890639067 -0.9894733768701551 86.7
      vertex -9 0.6962999993711709 86.7
      vertex -10.465866890639067 0.9894733768701551 86.7
    endloop
  endfacet
  facet normal -0.9501891461118355 -0.0859321195678193 -0.29959348697500604
    outer loop
      vertex -2.0541603069110916 -11.942180621037666 16.752346791873233
      vertex -2.0809032753821497 -12.082778461057435 16.87749219858461
      vertex -2.3568590161453264 -9 16.86848152994985
    endloop
  endfacet
  facet normal -0.9204620966612611 -0.0859321195678189 -0.38126788408747075
    outer loop
      vertex -2.0541603069110916 -11.942180621037666 16.752346791873233
      vertex -2.2928499947176166 -9 16.665470850285367
      vertex -2.0022790275633957 -11.672542857739675 16.566321955684042
    endloop
  endfacet
  facet normal -0.883729774864885 -0.0859321195678188 -0.4600406023861825
    outer loop
      vertex -2.0022790275633957 -11.672542857739675 16.566321955684042
      vertex -2.2113910003694257 -9 16.468811441352692
      vertex -1.9380552247540863 -11.341234616614694 16.38106329428387
    endloop
  endfacet
  facet normal -0.8402717358711689 -0.08593211956781915 -0.5353121339206074
    outer loop
      vertex -1.9380552247540863 -11.341234616614694 16.38106329428387
      vertex -2.1131019852340303 -9 16.28
      vertex -1.8610900343680756 -10.9462769727367 16.196850728648506
    endloop
  endfacet
  facet normal -0.9501891461118338 -0.0859321195678189 -0.2995934869750111
    outer loop
      vertex -2.0541603069110916 -11.942180621037666 16.752346791873233
      vertex -2.3568590161453264 -9 16.86848152994985
      vertex -2.2928499947176166 -9 16.665470850285367
    endloop
  endfacet
  facet normal -0.920462096661261 -0.08593211956781885 -0.3812678840874711
    outer loop
      vertex -2.0022790275633957 -11.672542857739675 16.566321955684042
      vertex -2.2928499947176166 -9 16.665470850285367
      vertex -2.2113910003694257 -9 16.468811441352692
    endloop
  endfacet
  facet normal -0.8837297748648868 -0.08593211956781913 -0.4600406023861787
    outer loop
      vertex -1.9380552247540863 -11.341234616614694 16.38106329428387
      vertex -2.2113910003694257 -9 16.468811441352692
      vertex -2.1131019852340303 -9 16.28
    endloop
  endfacet
  facet normal -0.7904187215975241 -0.0859321195678194 -0.6065096168856005
    outer loop
      vertex -1.8610900343680756 -10.9462769727367 16.196850728648506
      vertex -1.99873098806514 -9 16.100473495303447
      vertex -1.7709148508395307 -10.485345694138514 16.01402600181418
    endloop
  endfacet
  facet normal -0.7345501435846421 -0.08593211956781784 -0.6730911954455828
    outer loop
      vertex -1.7709148508395307 -10.485345694138514 16.01402600181418
      vertex -1.8691484412103063 -9 15.931598232364845
      vertex -1.6669930997728597 -9.955780887090997 15.83300690022714
    endloop
  endfacet
  facet normal -0.8402717358711697 -0.08593211956781932 -0.5353121339206062
    outer loop
      vertex -1.8610900343680756 -10.9462769727367 16.196850728648506
      vertex -2.1131019852340303 -9 16.28
      vertex -1.99873098806514 -9 16.100473495303447
    endloop
  endfacet
  facet normal -0.7904187215975178 -0.08593211956781795 -0.6065096168856087
    outer loop
      vertex -1.7709148508395307 -10.485345694138514 16.01402600181418
      vertex -1.99873098806514 -9 16.100473495303447
      vertex -1.8691484412103063 -9 15.931598232364845
    endloop
  endfacet
  facet normal -0.7345501435846435 -0.08593211956781828 -0.6730911954455814
    outer loop
      vertex -1.6669930997728597 -9.955780887090997 15.83300690022714
      vertex -1.8691484412103063 -9 15.931598232364845
      vertex -1.725340546095176 -9 15.774659453904825
    endloop
  endfacet
  facet normal -0.673091195445586 -0.08593211956781825 -0.7345501435846392
    outer loop
      vertex -1.6669930997728597 -9.955780887090997 15.83300690022714
      vertex -1.725340546095176 -9 15.774659453904825
      vertex -1.5487233933448548 -9.35460365742045 15.654303332046572
    endloop
  endfacet
  facet normal -0.9877775009730723 -0.08593211956781893 -0.13004337506376132
    outer loop
      vertex -2.158182245697278 -12.149870981608345 17.298669317359444
      vertex -2.1596770864890935 -12.151428160939329 17.31105273805551
      vertex -2.4307150633438592 -9 17.287339987695713
    endloop
  endfacet
  facet normal -0.995352736306784 -0.08593211956781897 -0.043458038993720284
    outer loop
      vertex -2.167305647793425 -12.1586218402306 17.5
      vertex -2.44 -9 17.5
      vertex -2.1596770864890935 -12.151428160939329 17.31105273805551
    endloop
  endfacet
  facet normal -0.9877775009730752 -0.0859321195678191 -0.13004337506373959
    outer loop
      vertex -2.1366678127166385 -12.131706280399442 17.123247815806714
      vertex -2.158182245697278 -12.149870981608345 17.298669317359444
      vertex -2.4307150633438592 -9 17.287339987695713
    endloop
  endfacet
  facet normal -0.995352736306784 -0.08593211956781902 0.04345803899372117
    outer loop
      vertex -2.167305647793425 -12.1586218402306 17.5
      vertex -2.159855012381717 -12.149359370893443 17.688962828443046
      vertex -2.4307150633438592 -9 17.712660012304287
    endloop
  endfacet
  facet normal -0.9877775009730748 -0.08593211956781902 0.13004337506374203
    outer loop
      vertex -2.159855012381717 -12.149359370893443 17.688962828443046
      vertex -2.150574434355712 -12.138767366876026 17.766454969206546
      vertex -2.4307150633438592 -9 17.712660012304287
    endloop
  endfacet
  facet normal -0.9877775009730748 -0.085932119567819 0.13004337506374253
    outer loop
      vertex -2.150574434355712 -12.138767366876026 17.766454969206546
      vertex -2.13719290609967 -12.12553029049764 17.876844772324105
      vertex -2.4307150633438592 -9 17.712660012304287
    endloop
  endfacet
  facet normal -0.9726846824205978 -0.08593211956781889 -0.2156390025271937
    outer loop
      vertex -2.1366678127166385 -12.131706280399442 17.123247815806714
      vertex -2.4029309173497877 -9 17.07629844649269
      vertex -2.098482274838044 -12.098354662325185 16.937713369126122
    endloop
  endfacet
  facet normal -0.9501891461118315 -0.08593211956781897 -0.2995934869750186
    outer loop
      vertex -2.098482274838044 -12.098354662325185 16.937713369126122
      vertex -2.3568590161453264 -9 16.86848152994985
      vertex -2.0809032753821497 -12.082778461057435 16.87749219858461
    endloop
  endfacet
  facet normal -0.9726846824205978 -0.08593211956781897 0.2156390025271936
    outer loop
      vertex -2.13719290609967 -12.12553029049764 17.876844772324105
      vertex -2.0992520420080125 -12.089123910021748 18.06249288936543
      vertex -2.4029309173497877 -9 17.92370155350731
    endloop
  endfacet
  facet normal -0.950189146111834 -0.08593211956781914 0.2995934869750106
    outer loop
      vertex -2.0992520420080125 -12.089123910021748 18.06249288936543
      vertex -2.0602825489154415 -12.052229644995213 18.196670678627655
      vertex -2.3568590161453264 -9 18.13151847005015
    endloop
  endfacet
  facet normal -0.9501891461118371 -0.08593211956781965 0.2995934869750007
    outer loop
      vertex -2.0602825489154415 -12.052229644995213 18.196670678627655
      vertex -2.049419159221717 -12.000621825520966 18.245927571491574
      vertex -2.3568590161453264 -9 18.13151847005015
    endloop
  endfacet
  facet normal -0.920462096661263 -0.08593211956781893 0.3812678840874666
    outer loop
      vertex -2.049419159221717 -12.000621825520966 18.245927571491574
      vertex -1.9965110792253862 -11.746259770873376 18.430988405834103
      vertex -2.2928499947176166 -9 18.334529149714633
    endloop
  endfacet
  facet normal -0.8837297748648835 -0.08593211956781842 0.4600406023861855
    outer loop
      vertex -1.9965110792253862 -11.746259770873376 18.430988405834103
      vertex -1.9313683510288029 -11.430670948938927 18.6150760373708
      vertex -2.2113910003694257 -9 18.531188558647308
    endloop
  endfacet
  facet normal -0.8402717358711697 -0.08593211956781907 0.5353121339206065
    outer loop
      vertex -1.9313683510288029 -11.430670948938927 18.6150760373708
      vertex -1.8536158057025522 -11.051964406236277 18.79791576009759
      vertex -2.1131019852340303 -9 18.72
    endloop
  endfacet
  facet normal -0.9877775009730748 -0.08593211956781892 -0.1300433750637424
    outer loop
      vertex -2.1366678127166385 -12.131706280399442 17.123247815806714
      vertex -2.4307150633438592 -9 17.287339987695713
      vertex -2.4029309173497877 -9 17.07629844649269
    endloop
  endfacet
  facet normal -0.9953527363067839 -0.08593211956781895 -0.0434580389937206
    outer loop
      vertex -2.1596770864890935 -12.151428160939329 17.31105273805551
      vertex -2.44 -9 17.5
      vertex -2.4307150633438592 -9 17.287339987695713
    endloop
  endfacet
  facet normal -0.995352736306784 -0.08593211956781899 0.04345803899372068
    outer loop
      vertex -2.167305647793425 -12.1586218402306 17.5
      vertex -2.4307150633438592 -9 17.712660012304287
      vertex -2.44 -9 17.5
    endloop
  endfacet
  facet normal -0.9726846824205981 -0.08593211956781899 -0.2156390025271921
    outer loop
      vertex -2.098482274838044 -12.098354662325185 16.937713369126122
      vertex -2.4029309173497877 -9 17.07629844649269
      vertex -2.3568590161453264 -9 16.86848152994985
    endloop
  endfacet
  facet normal -0.9877775009730748 -0.08593211956781899 0.13004337506374247
    outer loop
      vertex -2.13719290609967 -12.12553029049764 17.876844772324105
      vertex -2.4029309173497877 -9 17.92370155350731
      vertex -2.4307150633438592 -9 17.712660012304287
    endloop
  endfacet
  facet normal -0.972684682420598 -0.08593211956781907 0.21563900252719206
    outer loop
      vertex -2.0992520420080125 -12.089123910021748 18.06249288936543
      vertex -2.3568590161453264 -9 18.13151847005015
      vertex -2.4029309173497877 -9 17.92370155350731
    endloop
  endfacet
  facet normal -0.9501891461118339 -0.08593211956781893 0.29959348697501115
    outer loop
      vertex -2.049419159221717 -12.000621825520966 18.245927571491574
      vertex -2.2928499947176166 -9 18.334529149714633
      vertex -2.3568590161453264 -9 18.13151847005015
    endloop
  endfacet
  facet normal -0.9204620966612611 -0.08593211956781856 0.3812678840874712
    outer loop
      vertex -1.9965110792253862 -11.746259770873376 18.430988405834103
      vertex -2.2113910003694257 -9 18.531188558647308
      vertex -2.2928499947176166 -9 18.334529149714633
    endloop
  endfacet
  facet normal -0.8837297748648871 -0.08593211956781906 0.46004060238617883
    outer loop
      vertex -1.9313683510288029 -11.430670948938927 18.6150760373708
      vertex -2.1131019852340303 -9 18.72
      vertex -2.2113910003694257 -9 18.531188558647308
    endloop
  endfacet
  facet normal -0.7904187215975198 -0.0859321195678191 0.6065096168856059
    outer loop
      vertex -1.8536158057025522 -11.051964406236277 18.79791576009759
      vertex -1.7628095508032653 -10.607902270388314 18.979172843914807
      vertex -1.99873098806514 -9 18.899526504696553
    endloop
  endfacet
  facet normal -0.7345501435846428 -0.08593211956781864 0.673091195445582
    outer loop
      vertex -1.7628095508032653 -10.607902270388314 18.979172843914807
      vertex -1.6584387749679057 -10.095908016312354 19.158438774967905
      vertex -1.8691484412103063 -9 19.068401767635155
    endloop
  endfacet
  facet normal -0.8402717358711699 -0.08593211956781908 0.5353121339206062
    outer loop
      vertex -1.8536158057025522 -11.051964406236277 18.79791576009759
      vertex -1.99873098806514 -9 18.899526504696553
      vertex -2.1131019852340303 -9 18.72
    endloop
  endfacet
  facet normal -0.7904187215975178 -0.08593211956781868 0.6065096168856087
    outer loop
      vertex -1.7628095508032653 -10.607902270388314 18.979172843914807
      vertex -1.8691484412103063 -9 19.068401767635155
      vertex -1.99873098806514 -9 18.899526504696553
    endloop
  endfacet
  facet normal -0.7345501435846434 -0.08593211956781882 0.6730911954455814
    outer loop
      vertex -1.6584387749679057 -10.095908016312354 19.158438774967905
      vertex -1.725340546095176 -9 19.225340546095175
      vertex -1.8691484412103063 -9 19.068401767635155
    endloop
  endfacet
  facet normal -0.6730911954455835 -0.08593211956781882 0.7345501435846414
    outer loop
      vertex -1.6584387749679057 -10.095908016312354 19.158438774967905
      vertex -1.5684017676351558 -9 19.369148441210307
      vertex -1.725340546095176 -9 19.225340546095175
    endloop
  endfacet
  facet normal -0.6730911954455867 -0.08593211956781806 0.7345501435846387
    outer loop
      vertex -1.6584387749679057 -10.095908016312354 19.158438774967905
      vertex -1.5399288463595204 -9.513081104812665 19.335215734988417
      vertex -1.5684017676351558 -9 19.369148441210307
    endloop
  endfacet
  facet normal -0.6730911954455838 -0.0859321195678163 -0.7345501435846415
    outer loop
      vertex -1.5487233933448548 -9.35460365742045 15.654303332046572
      vertex -1.725340546095176 -9 15.774659453904825
      vertex -1.5684017676351558 -9 15.630851558789693
    endloop
  endfacet
  facet normal -0.6065096168856098 -0.08593211956781613 -0.7904187215975172
    outer loop
      vertex -1.5487233933448548 -9.35460365742045 15.654303332046572
      vertex -1.5684017676351558 -9 15.630851558789693
      vertex -1.4788167822647098 -9 15.56211058179725
    endloop
  endfacet
  facet normal -0.6065096168856049 -0.08593211956781802 0.7904187215975207
    outer loop
      vertex -1.5399288463595204 -9.513081104812665 19.335215734988417
      vertex -1.4358202991221412 -9 19.470881780106225
      vertex -1.5684017676351558 -9 19.369148441210307
    endloop
  endfacet
  facet normal 0.9501891461118355 -0.0859321195678193 -0.29959348697500604
    outer loop
      vertex 2.0541603069110916 -11.942180621037666 16.752346791873233
      vertex 2.3568590161453264 -9 16.86848152994985
      vertex 2.0809032753821497 -12.082778461057435 16.87749219858461
    endloop
  endfacet
  facet normal 0.8402717358711689 -0.08593211956781915 -0.5353121339206074
    outer loop
      vertex 1.9380552247540863 -11.341234616614694 16.38106329428387
      vertex 1.8610900343680756 -10.9462769727367 16.196850728648506
      vertex 2.1131019852340303 -9 16.28
    endloop
  endfacet
  facet normal 0.883729774864885 -0.0859321195678188 -0.4600406023861825
    outer loop
      vertex 2.0022790275633957 -11.672542857739675 16.566321955684042
      vertex 1.9380552247540863 -11.341234616614694 16.38106329428387
      vertex 2.2113910003694257 -9 16.468811441352692
    endloop
  endfacet
  facet normal 0.9204620966612611 -0.0859321195678189 -0.38126788408747075
    outer loop
      vertex 2.0541603069110916 -11.942180621037666 16.752346791873233
      vertex 2.0022790275633957 -11.672542857739675 16.566321955684042
      vertex 2.2928499947176166 -9 16.665470850285367
    endloop
  endfacet
  facet normal 0.7345501435846421 -0.08593211956781784 -0.6730911954455828
    outer loop
      vertex 1.7709148508395307 -10.485345694138514 16.01402600181418
      vertex 1.6669930997728597 -9.955780887090997 15.83300690022714
      vertex 1.8691484412103063 -9 15.931598232364845
    endloop
  endfacet
  facet normal 0.6730911954455904 -0.08593211956781621 -0.7345501435846353
    outer loop
      vertex 1.6669930997728597 -9.955780887090997 15.83300690022714
      vertex 1.5487233933448548 -9.35460365742045 15.654303332046572
      vertex 1.5684017676351558 -9 15.630851558789693
    endloop
  endfacet
  facet normal 0.6730911954455836 -0.08593211956781822 -0.7345501435846414
    outer loop
      vertex 1.6669930997728597 -9.955780887090997 15.83300690022714
      vertex 1.5684017676351558 -9 15.630851558789693
      vertex 1.725340546095176 -9 15.774659453904825
    endloop
  endfacet
  facet normal 0.7345501435846435 -0.08593211956781828 -0.6730911954455814
    outer loop
      vertex 1.6669930997728597 -9.955780887090997 15.83300690022714
      vertex 1.725340546095176 -9 15.774659453904825
      vertex 1.8691484412103063 -9 15.931598232364845
    endloop
  endfacet
  facet normal 0.7904187215975241 -0.0859321195678194 -0.6065096168856005
    outer loop
      vertex 1.7709148508395307 -10.485345694138514 16.01402600181418
      vertex 1.99873098806514 -9 16.100473495303447
      vertex 1.8610900343680756 -10.9462769727367 16.196850728648506
    endloop
  endfacet
  facet normal 0.920462096661261 -0.08593211956781885 -0.3812678840874711
    outer loop
      vertex 2.0022790275633957 -11.672542857739675 16.566321955684042
      vertex 2.2113910003694257 -9 16.468811441352692
      vertex 2.2928499947176166 -9 16.665470850285367
    endloop
  endfacet
  facet normal 0.7904187215975178 -0.08593211956781795 -0.6065096168856087
    outer loop
      vertex 1.7709148508395307 -10.485345694138514 16.01402600181418
      vertex 1.8691484412103063 -9 15.931598232364845
      vertex 1.99873098806514 -9 16.100473495303447
    endloop
  endfacet
  facet normal 0.8402717358711697 -0.08593211956781932 -0.5353121339206062
    outer loop
      vertex 1.8610900343680756 -10.9462769727367 16.196850728648506
      vertex 1.99873098806514 -9 16.100473495303447
      vertex 2.1131019852340303 -9 16.28
    endloop
  endfacet
  facet normal 0.8837297748648868 -0.08593211956781913 -0.4600406023861787
    outer loop
      vertex 1.9380552247540863 -11.341234616614694 16.38106329428387
      vertex 2.1131019852340303 -9 16.28
      vertex 2.2113910003694257 -9 16.468811441352692
    endloop
  endfacet
  facet normal 0.9501891461118338 -0.0859321195678189 -0.2995934869750111
    outer loop
      vertex 2.0541603069110916 -11.942180621037666 16.752346791873233
      vertex 2.2928499947176166 -9 16.665470850285367
      vertex 2.3568590161453264 -9 16.86848152994985
    endloop
  endfacet
  facet normal 0.9501891461118315 -0.08593211956781897 -0.2995934869750186
    outer loop
      vertex 2.0809032753821497 -12.082778461057435 16.87749219858461
      vertex 2.3568590161453264 -9 16.86848152994985
      vertex 2.098482274838044 -12.098354662325185 16.937713369126122
    endloop
  endfacet
  facet normal 0.9501891461118339 -0.08593211956781914 0.2995934869750106
    outer loop
      vertex 2.0602825489154415 -12.052229644995213 18.196670678627655
      vertex 2.0992520420080125 -12.089123910021748 18.06249288936543
      vertex 2.3568590161453264 -9 18.13151847005015
    endloop
  endfacet
  facet normal 0.9501891461118371 -0.08593211956781965 0.2995934869750007
    outer loop
      vertex 2.0602825489154415 -12.052229644995213 18.196670678627655
      vertex 2.3568590161453264 -9 18.13151847005015
      vertex 2.049419159221717 -12.000621825520966 18.245927571491574
    endloop
  endfacet
  facet normal 0.8402717358711697 -0.08593211956781907 0.5353121339206065
    outer loop
      vertex 1.9313683510288029 -11.430670948938927 18.6150760373708
      vertex 2.1131019852340303 -9 18.72
      vertex 1.8536158057025522 -11.051964406236277 18.79791576009759
    endloop
  endfacet
  facet normal 0.8837297748648835 -0.08593211956781842 0.4600406023861855
    outer loop
      vertex 1.9965110792253862 -11.746259770873376 18.430988405834103
      vertex 2.2113910003694257 -9 18.531188558647308
      vertex 1.9313683510288029 -11.430670948938927 18.6150760373708
    endloop
  endfacet
  facet normal 0.920462096661263 -0.08593211956781893 0.3812678840874666
    outer loop
      vertex 2.049419159221717 -12.000621825520966 18.245927571491574
      vertex 2.2928499947176166 -9 18.334529149714633
      vertex 1.9965110792253862 -11.746259770873376 18.430988405834103
    endloop
  endfacet
  facet normal 0.7345501435846428 -0.08593211956781864 0.673091195445582
    outer loop
      vertex 1.7628095508032653 -10.607902270388314 18.979172843914807
      vertex 1.8691484412103063 -9 19.068401767635155
      vertex 1.6584387749679057 -10.095908016312354 19.158438774967905
    endloop
  endfacet
  facet normal 0.6730911954455849 -0.08593211956781883 0.7345501435846401
    outer loop
      vertex 1.6584387749679057 -10.095908016312354 19.158438774967905
      vertex 1.725340546095176 -9 19.225340546095175
      vertex 1.5399288463595204 -9.513081104812665 19.335215734988417
    endloop
  endfacet
  facet normal 0.7345501435846434 -0.08593211956781882 0.6730911954455814
    outer loop
      vertex 1.6584387749679057 -10.095908016312354 19.158438774967905
      vertex 1.8691484412103063 -9 19.068401767635155
      vertex 1.725340546095176 -9 19.225340546095175
    endloop
  endfacet
  facet normal 0.7904187215975198 -0.08593211956781911 0.606509616885606
    outer loop
      vertex 1.7628095508032653 -10.607902270388314 18.979172843914807
      vertex 1.8536158057025522 -11.051964406236277 18.79791576009759
      vertex 1.99873098806514 -9 18.899526504696553
    endloop
  endfacet
  facet normal 0.8837297748648871 -0.08593211956781906 0.46004060238617883
    outer loop
      vertex 1.9313683510288029 -11.430670948938927 18.6150760373708
      vertex 2.2113910003694257 -9 18.531188558647308
      vertex 2.1131019852340303 -9 18.72
    endloop
  endfacet
  facet normal 0.9204620966612611 -0.08593211956781856 0.3812678840874712
    outer loop
      vertex 1.9965110792253862 -11.746259770873376 18.430988405834103
      vertex 2.2928499947176166 -9 18.334529149714633
      vertex 2.2113910003694257 -9 18.531188558647308
    endloop
  endfacet
  facet normal 0.7904187215975178 -0.08593211956781868 0.6065096168856087
    outer loop
      vertex 1.7628095508032653 -10.607902270388314 18.979172843914807
      vertex 1.99873098806514 -9 18.899526504696553
      vertex 1.8691484412103063 -9 19.068401767635155
    endloop
  endfacet
  facet normal 0.8402717358711699 -0.08593211956781908 0.5353121339206062
    outer loop
      vertex 1.8536158057025522 -11.051964406236277 18.79791576009759
      vertex 2.1131019852340303 -9 18.72
      vertex 1.99873098806514 -9 18.899526504696553
    endloop
  endfacet
  facet normal 0.9877775009730723 -0.08593211956781893 -0.13004337506376132
    outer loop
      vertex 2.158182245697278 -12.149870981608345 17.298669317359444
      vertex 2.4307150633438592 -9 17.287339987695713
      vertex 2.1596770864890935 -12.151428160939329 17.31105273805551
    endloop
  endfacet
  facet normal 0.995352736306784 -0.08593211956781895 -0.043458038993720284
    outer loop
      vertex 2.1596770864890935 -12.151428160939329 17.31105273805551
      vertex 2.4307150633438592 -9 17.287339987695713
      vertex 2.167305647793425 -12.1586218402306 17.5
    endloop
  endfacet
  facet normal 0.9953527363067839 -0.08593211956781897 0.043458038993721165
    outer loop
      vertex 2.167305647793425 -12.1586218402306 17.5
      vertex 2.44 -9 17.5
      vertex 2.159855012381717 -12.149359370893443 17.688962828443046
    endloop
  endfacet
  facet normal 0.9726846824205978 -0.08593211956781889 -0.2156390025271937
    outer loop
      vertex 2.1366678127166385 -12.131706280399442 17.123247815806714
      vertex 2.098482274838044 -12.098354662325185 16.937713369126122
      vertex 2.4029309173497877 -9 17.07629844649269
    endloop
  endfacet
  facet normal 0.9877775009730752 -0.0859321195678191 -0.13004337506373959
    outer loop
      vertex 2.1366678127166385 -12.131706280399442 17.123247815806714
      vertex 2.4307150633438592 -9 17.287339987695713
      vertex 2.158182245697278 -12.149870981608345 17.298669317359444
    endloop
  endfacet
  facet normal 0.9877775009730748 -0.08593211956781902 0.13004337506374203
    outer loop
      vertex 2.159855012381717 -12.149359370893443 17.688962828443046
      vertex 2.4307150633438592 -9 17.712660012304287
      vertex 2.150574434355712 -12.138767366876026 17.766454969206546
    endloop
  endfacet
  facet normal 0.9877775009730748 -0.085932119567819 0.13004337506374253
    outer loop
      vertex 2.150574434355712 -12.138767366876026 17.766454969206546
      vertex 2.4307150633438592 -9 17.712660012304287
      vertex 2.13719290609967 -12.12553029049764 17.876844772324105
    endloop
  endfacet
  facet normal 0.9726846824205978 -0.08593211956781897 0.2156390025271936
    outer loop
      vertex 2.13719290609967 -12.12553029049764 17.876844772324105
      vertex 2.4029309173497877 -9 17.92370155350731
      vertex 2.0992520420080125 -12.089123910021748 18.06249288936543
    endloop
  endfacet
  facet normal 0.9726846824205981 -0.08593211956781899 -0.2156390025271921
    outer loop
      vertex 2.098482274838044 -12.098354662325185 16.937713369126122
      vertex 2.3568590161453264 -9 16.86848152994985
      vertex 2.4029309173497877 -9 17.07629844649269
    endloop
  endfacet
  facet normal 0.9877775009730748 -0.08593211956781892 -0.1300433750637424
    outer loop
      vertex 2.1366678127166385 -12.131706280399442 17.123247815806714
      vertex 2.4029309173497877 -9 17.07629844649269
      vertex 2.4307150633438592 -9 17.287339987695713
    endloop
  endfacet
  facet normal 0.995352736306784 -0.08593211956781899 -0.04345803899372068
    outer loop
      vertex 2.167305647793425 -12.1586218402306 17.5
      vertex 2.4307150633438592 -9 17.287339987695713
      vertex 2.44 -9 17.5
    endloop
  endfacet
  facet normal 0.9501891461118339 -0.08593211956781893 0.29959348697501115
    outer loop
      vertex 2.049419159221717 -12.000621825520966 18.245927571491574
      vertex 2.3568590161453264 -9 18.13151847005015
      vertex 2.2928499947176166 -9 18.334529149714633
    endloop
  endfacet
  facet normal 0.9953527363067839 -0.085932119567819 0.043458038993720666
    outer loop
      vertex 2.159855012381717 -12.149359370893443 17.688962828443046
      vertex 2.44 -9 17.5
      vertex 2.4307150633438592 -9 17.712660012304287
    endloop
  endfacet
  facet normal 0.9877775009730748 -0.08593211956781899 0.13004337506374247
    outer loop
      vertex 2.13719290609967 -12.12553029049764 17.876844772324105
      vertex 2.4307150633438592 -9 17.712660012304287
      vertex 2.4029309173497877 -9 17.92370155350731
    endloop
  endfacet
  facet normal 0.972684682420598 -0.08593211956781907 0.21563900252719206
    outer loop
      vertex 2.0992520420080125 -12.089123910021748 18.06249288936543
      vertex 2.4029309173497877 -9 17.92370155350731
      vertex 2.3568590161453264 -9 18.13151847005015
    endloop
  endfacet
  facet normal 0.6065096168856098 -0.08593211956781613 -0.7904187215975172
    outer loop
      vertex 1.5487233933448548 -9.35460365742045 15.654303332046572
      vertex 1.4788167822647098 -9 15.56211058179725
      vertex 1.5684017676351558 -9 15.630851558789693
    endloop
  endfacet
  facet normal 0.6065096168856049 -0.08593211956781802 0.7904187215975207
    outer loop
      vertex 1.5399288463595204 -9.513081104812665 19.335215734988417
      vertex 1.5684017676351558 -9 19.369148441210307
      vertex 1.4358202991221412 -9 19.470881780106225
    endloop
  endfacet
  facet normal 0.6730911954455836 -0.08593211956781807 0.7345501435846415
    outer loop
      vertex 1.5399288463595204 -9.513081104812665 19.335215734988417
      vertex 1.725340546095176 -9 19.225340546095175
      vertex 1.5684017676351558 -9 19.369148441210307
    endloop
  endfacet
  facet normal -0.6065096168856098 0.08593211956781613 -0.7904187215975172
    outer loop
      vertex -1.5684017676351558 9 15.630851558789693
      vertex -1.5487233933448548 9.35460365742045 15.654303332046572
      vertex -1.4788167822647098 9 15.56211058179725
    endloop
  endfacet
  facet normal -0.6730911954455836 0.08593211956781807 0.7345501435846413
    outer loop
      vertex -1.725340546095176 9 19.225340546095175
      vertex -1.5684017676351558 9 19.369148441210307
      vertex -1.5399288463595204 9.513081104812665 19.335215734988417
    endloop
  endfacet
  facet normal -0.6065096168856049 0.08593211956781802 0.7904187215975207
    outer loop
      vertex -1.5684017676351558 9 19.369148441210307
      vertex -1.4358202991221412 9 19.470881780106225
      vertex -1.5399288463595204 9.513081104812665 19.335215734988417
    endloop
  endfacet
  facet normal -0.8837297748648868 0.08593211956781913 -0.4600406023861788
    outer loop
      vertex -2.2113910003694257 9 16.468811441352692
      vertex -1.9380552247540863 11.341234616614694 16.38106329428387
      vertex -2.1131019852340303 9 16.28
    endloop
  endfacet
  facet normal -0.9501891461118338 0.0859321195678189 -0.29959348697501115
    outer loop
      vertex -2.3568590161453264 9 16.86848152994985
      vertex -2.0541603069110916 11.942180621037666 16.752346791873233
      vertex -2.2928499947176166 9 16.665470850285367
    endloop
  endfacet
  facet normal -0.920462096661261 0.08593211956781888 -0.3812678840874712
    outer loop
      vertex -2.2928499947176166 9 16.665470850285367
      vertex -2.0022790275633957 11.672542857739675 16.566321955684042
      vertex -2.2113910003694257 9 16.468811441352692
    endloop
  endfacet
  facet normal -0.7904187215975179 0.08593211956781796 -0.6065096168856087
    outer loop
      vertex -1.99873098806514 9 16.100473495303447
      vertex -1.7709148508395307 10.485345694138514 16.01402600181418
      vertex -1.8691484412103063 9 15.931598232364845
    endloop
  endfacet
  facet normal -0.8402717358711698 0.08593211956781933 -0.5353121339206062
    outer loop
      vertex -2.1131019852340303 9 16.28
      vertex -1.8610900343680756 10.9462769727367 16.196850728648506
      vertex -1.99873098806514 9 16.100473495303447
    endloop
  endfacet
  facet normal -0.7345501435846435 0.08593211956781827 -0.6730911954455814
    outer loop
      vertex -1.8691484412103063 9 15.931598232364845
      vertex -1.6669930997728597 9.955780887090997 15.83300690022714
      vertex -1.725340546095176 9 15.774659453904825
    endloop
  endfacet
  facet normal -0.6730911954455836 0.08593211956781822 -0.7345501435846414
    outer loop
      vertex -1.725340546095176 9 15.774659453904825
      vertex -1.6669930997728597 9.955780887090997 15.83300690022714
      vertex -1.5684017676351558 9 15.630851558789693
    endloop
  endfacet
  facet normal -0.7904187215975241 0.0859321195678194 -0.6065096168856003
    outer loop
      vertex -1.99873098806514 9 16.100473495303447
      vertex -1.8610900343680756 10.9462769727367 16.196850728648506
      vertex -1.7709148508395307 10.485345694138514 16.01402600181418
    endloop
  endfacet
  facet normal -0.7345501435846421 0.08593211956781784 -0.6730911954455829
    outer loop
      vertex -1.8691484412103063 9 15.931598232364845
      vertex -1.7709148508395307 10.485345694138514 16.01402600181418
      vertex -1.6669930997728597 9.955780887090997 15.83300690022714
    endloop
  endfacet
  facet normal -0.883729774864885 0.08593211956781881 -0.4600406023861825
    outer loop
      vertex -2.2113910003694257 9 16.468811441352692
      vertex -2.0022790275633957 11.672542857739675 16.566321955684042
      vertex -1.9380552247540863 11.341234616614694 16.38106329428387
    endloop
  endfacet
  facet normal -0.9204620966612611 0.0859321195678189 -0.38126788408747087
    outer loop
      vertex -2.2928499947176166 9 16.665470850285367
      vertex -2.0541603069110916 11.942180621037666 16.752346791873233
      vertex -2.0022790275633957 11.672542857739675 16.566321955684042
    endloop
  endfacet
  facet normal -0.9501891461118355 0.0859321195678193 -0.29959348697500615
    outer loop
      vertex -2.3568590161453264 9 16.86848152994985
      vertex -2.0809032753821497 12.082778461057435 16.87749219858461
      vertex -2.0541603069110916 11.942180621037666 16.752346791873233
    endloop
  endfacet
  facet normal -0.8402717358711691 0.08593211956781917 -0.5353121339206074
    outer loop
      vertex -2.1131019852340303 9 16.28
      vertex -1.9380552247540863 11.341234616614694 16.38106329428387
      vertex -1.8610900343680756 10.9462769727367 16.196850728648506
    endloop
  endfacet
  facet normal -0.9877775009730748 0.08593211956781892 -0.13004337506374244
    outer loop
      vertex -2.4307150633438592 9 17.287339987695713
      vertex -2.1366678127166385 12.131706280399442 17.123247815806714
      vertex -2.4029309173497877 9 17.07629844649269
    endloop
  endfacet
  facet normal -0.995352736306784 0.08593211956781899 -0.04345803899372069
    outer loop
      vertex -2.4307150633438592 9 17.287339987695713
      vertex -2.44 9 17.5
      vertex -2.167305647793425 12.1586218402306 17.5
    endloop
  endfacet
  facet normal -0.9726846824205981 0.08593211956781899 -0.2156390025271921
    outer loop
      vertex -2.3568590161453264 9 16.86848152994985
      vertex -2.4029309173497877 9 17.07629844649269
      vertex -2.098482274838044 12.098354662325185 16.937713369126122
    endloop
  endfacet
  facet normal -0.9953527363067839 0.085932119567819 0.04345803899372068
    outer loop
      vertex -2.44 9 17.5
      vertex -2.4307150633438592 9 17.712660012304287
      vertex -2.159855012381717 12.149359370893443 17.688962828443046
    endloop
  endfacet
  facet normal -0.9877775009730748 0.085932119567819 0.13004337506374244
    outer loop
      vertex -2.4307150633438592 9 17.712660012304287
      vertex -2.4029309173497877 9 17.92370155350731
      vertex -2.13719290609967 12.12553029049764 17.876844772324105
    endloop
  endfacet
  facet normal -0.972684682420598 0.08593211956781908 0.21563900252719206
    outer loop
      vertex -2.4029309173497877 9 17.92370155350731
      vertex -2.3568590161453264 9 18.13151847005015
      vertex -2.0992520420080125 12.089123910021748 18.06249288936543
    endloop
  endfacet
  facet normal -0.9501891461118338 0.0859321195678189 0.2995934869750111
    outer loop
      vertex -2.3568590161453264 9 18.13151847005015
      vertex -2.2928499947176166 9 18.334529149714633
      vertex -2.049419159221717 12.000621825520966 18.245927571491574
    endloop
  endfacet
  facet normal -0.9204620966612611 0.08593211956781856 0.38126788408747125
    outer loop
      vertex -2.2928499947176166 9 18.334529149714633
      vertex -2.2113910003694257 9 18.531188558647308
      vertex -1.9965110792253862 11.746259770873376 18.430988405834103
    endloop
  endfacet
  facet normal -0.883729774864887 0.08593211956781906 0.46004060238617883
    outer loop
      vertex -2.2113910003694257 9 18.531188558647308
      vertex -2.1131019852340303 9 18.72
      vertex -1.9313683510288029 11.430670948938927 18.6150760373708
    endloop
  endfacet
  facet normal -0.8402717358711699 0.08593211956781908 0.5353121339206062
    outer loop
      vertex -2.1131019852340303 9 18.72
      vertex -1.99873098806514 9 18.899526504696553
      vertex -1.8536158057025522 11.051964406236277 18.79791576009759
    endloop
  endfacet
  facet normal -0.7904187215975178 0.0859321195678187 0.6065096168856087
    outer loop
      vertex -1.99873098806514 9 18.899526504696553
      vertex -1.8691484412103063 9 19.068401767635155
      vertex -1.7628095508032653 10.607902270388314 18.979172843914807
    endloop
  endfacet
  facet normal -0.7345501435846434 0.08593211956781882 0.6730911954455814
    outer loop
      vertex -1.8691484412103063 9 19.068401767635155
      vertex -1.725340546095176 9 19.225340546095175
      vertex -1.6584387749679057 10.095908016312354 19.158438774967905
    endloop
  endfacet
  facet normal -0.6730911954455849 0.08593211956781883 0.73455014358464
    outer loop
      vertex -1.725340546095176 9 19.225340546095175
      vertex -1.5399288463595204 9.513081104812665 19.335215734988417
      vertex -1.6584387749679057 10.095908016312354 19.158438774967905
    endloop
  endfacet
  facet normal -0.7904187215975198 0.08593211956781913 0.606509616885606
    outer loop
      vertex -1.99873098806514 9 18.899526504696553
      vertex -1.7628095508032653 10.607902270388314 18.979172843914807
      vertex -1.8536158057025522 11.051964406236277 18.79791576009759
    endloop
  endfacet
  facet normal -0.7345501435846428 0.08593211956781864 0.6730911954455822
    outer loop
      vertex -1.8691484412103063 9 19.068401767635155
      vertex -1.6584387749679057 10.095908016312354 19.158438774967905
      vertex -1.7628095508032653 10.607902270388314 18.979172843914807
    endloop
  endfacet
  facet normal -0.8837297748648835 0.08593211956781842 0.4600406023861857
    outer loop
      vertex -2.2113910003694257 9 18.531188558647308
      vertex -1.9313683510288029 11.430670948938927 18.6150760373708
      vertex -1.9965110792253862 11.746259770873376 18.430988405834103
    endloop
  endfacet
  facet normal -0.920462096661263 0.08593211956781893 0.38126788408746665
    outer loop
      vertex -2.2928499947176166 9 18.334529149714633
      vertex -1.9965110792253862 11.746259770873376 18.430988405834103
      vertex -2.049419159221717 12.000621825520966 18.245927571491574
    endloop
  endfacet
  facet normal -0.9877775009730752 0.0859321195678191 -0.13004337506373967
    outer loop
      vertex -2.4307150633438592 9 17.287339987695713
      vertex -2.158182245697278 12.149870981608345 17.298669317359444
      vertex -2.1366678127166385 12.131706280399442 17.123247815806714
    endloop
  endfacet
  facet normal -0.9877775009730723 0.08593211956781892 -0.13004337506376212
    outer loop
      vertex -2.4307150633438592 9 17.287339987695713
      vertex -2.1596770864890935 12.151428160939329 17.31105273805551
      vertex -2.158182245697278 12.149870981608345 17.298669317359444
    endloop
  endfacet
  facet normal -0.995352736306784 0.08593211956781895 -0.04345803899372021
    outer loop
      vertex -2.4307150633438592 9 17.287339987695713
      vertex -2.167305647793425 12.1586218402306 17.5
      vertex -2.1596770864890935 12.151428160939329 17.31105273805551
    endloop
  endfacet
  facet normal -0.9953527363067839 0.08593211956781897 0.04345803899372118
    outer loop
      vertex -2.44 9 17.5
      vertex -2.159855012381717 12.149359370893443 17.688962828443046
      vertex -2.167305647793425 12.1586218402306 17.5
    endloop
  endfacet
  facet normal -0.9877775009730748 0.08593211956781902 0.13004337506374233
    outer loop
      vertex -2.4307150633438592 9 17.712660012304287
      vertex -2.150574434355712 12.138767366876026 17.766454969206546
      vertex -2.159855012381717 12.149359370893443 17.688962828443046
    endloop
  endfacet
  facet normal -0.9877775009730748 0.08593211956781899 0.13004337506374242
    outer loop
      vertex -2.4307150633438592 9 17.712660012304287
      vertex -2.13719290609967 12.12553029049764 17.876844772324105
      vertex -2.150574434355712 12.138767366876026 17.766454969206546
    endloop
  endfacet
  facet normal -0.9726846824205978 0.08593211956781888 -0.21563900252719356
    outer loop
      vertex -2.4029309173497877 9 17.07629844649269
      vertex -2.1366678127166385 12.131706280399442 17.123247815806714
      vertex -2.098482274838044 12.098354662325185 16.937713369126122
    endloop
  endfacet
  facet normal -0.9501891461118314 0.08593211956781896 -0.29959348697501903
    outer loop
      vertex -2.3568590161453264 9 16.86848152994985
      vertex -2.098482274838044 12.098354662325185 16.937713369126122
      vertex -2.0809032753821497 12.082778461057435 16.87749219858461
    endloop
  endfacet
  facet normal -0.9726846824205978 0.08593211956781897 0.21563900252719365
    outer loop
      vertex -2.4029309173497877 9 17.92370155350731
      vertex -2.0992520420080125 12.089123910021748 18.06249288936543
      vertex -2.13719290609967 12.12553029049764 17.876844772324105
    endloop
  endfacet
  facet normal -0.950189146111834 0.08593211956781913 0.29959348697501054
    outer loop
      vertex -2.3568590161453264 9 18.13151847005015
      vertex -2.0602825489154415 12.052229644995213 18.196670678627655
      vertex -2.0992520420080125 12.089123910021748 18.06249288936543
    endloop
  endfacet
  facet normal -0.9501891461118372 0.08593211956781967 0.29959348697500016
    outer loop
      vertex -2.3568590161453264 9 18.13151847005015
      vertex -2.049419159221717 12.000621825520966 18.245927571491574
      vertex -2.0602825489154415 12.052229644995213 18.196670678627655
    endloop
  endfacet
  facet normal -0.8402717358711697 0.08593211956781904 0.5353121339206065
    outer loop
      vertex -2.1131019852340303 9 18.72
      vertex -1.8536158057025522 11.051964406236277 18.79791576009759
      vertex -1.9313683510288029 11.430670948938927 18.6150760373708
    endloop
  endfacet
  facet normal -0.6730911954455904 0.08593211956781624 -0.7345501435846354
    outer loop
      vertex -1.5684017676351558 9 15.630851558789693
      vertex -1.6669930997728597 9.955780887090997 15.83300690022714
      vertex -1.5487233933448548 9.35460365742045 15.654303332046572
    endloop
  endfacet
  facet normal 0.6065096168856098 0.08593211956781613 -0.7904187215975172
    outer loop
      vertex 1.4788167822647098 9 15.56211058179725
      vertex 1.5487233933448548 9.35460365742045 15.654303332046572
      vertex 1.5684017676351558 9 15.630851558789693
    endloop
  endfacet
  facet normal 0.6730911954455836 0.08593211956781627 -0.7345501435846414
    outer loop
      vertex 1.5684017676351558 9 15.630851558789693
      vertex 1.5487233933448548 9.35460365742045 15.654303332046572
      vertex 1.725340546095176 9 15.774659453904825
    endloop
  endfacet
  facet normal 0.6065096168856049 0.08593211956781802 0.7904187215975207
    outer loop
      vertex 1.4358202991221412 9 19.470881780106225
      vertex 1.5684017676351558 9 19.369148441210307
      vertex 1.5399288463595204 9.513081104812665 19.335215734988417
    endloop
  endfacet
  facet normal 0.6730911954455862 0.08593211956781827 -0.7345501435846391
    outer loop
      vertex 1.725340546095176 9 15.774659453904825
      vertex 1.5487233933448548 9.35460365742045 15.654303332046572
      vertex 1.6669930997728597 9.955780887090997 15.83300690022714
    endloop
  endfacet
  facet normal 0.7345501435846435 0.08593211956781828 -0.6730911954455814
    outer loop
      vertex 1.725340546095176 9 15.774659453904825
      vertex 1.6669930997728597 9.955780887090997 15.83300690022714
      vertex 1.8691484412103063 9 15.931598232364845
    endloop
  endfacet
  facet normal 0.7345501435846421 0.08593211956781784 -0.6730911954455829
    outer loop
      vertex 1.8691484412103063 9 15.931598232364845
      vertex 1.6669930997728597 9.955780887090997 15.83300690022714
      vertex 1.7709148508395307 10.485345694138514 16.01402600181418
    endloop
  endfacet
  facet normal 0.7904187215975179 0.08593211956781796 -0.6065096168856087
    outer loop
      vertex 1.8691484412103063 9 15.931598232364845
      vertex 1.7709148508395307 10.485345694138514 16.01402600181418
      vertex 1.99873098806514 9 16.100473495303447
    endloop
  endfacet
  facet normal 0.8402717358711698 0.08593211956781933 -0.5353121339206062
    outer loop
      vertex 1.99873098806514 9 16.100473495303447
      vertex 1.8610900343680756 10.9462769727367 16.196850728648506
      vertex 2.1131019852340303 9 16.28
    endloop
  endfacet
  facet normal 0.8837297748648868 0.08593211956781913 -0.4600406023861788
    outer loop
      vertex 2.1131019852340303 9 16.28
      vertex 1.9380552247540863 11.341234616614694 16.38106329428387
      vertex 2.2113910003694257 9 16.468811441352692
    endloop
  endfacet
  facet normal 0.7904187215975241 0.0859321195678194 -0.6065096168856003
    outer loop
      vertex 1.99873098806514 9 16.100473495303447
      vertex 1.7709148508395307 10.485345694138514 16.01402600181418
      vertex 1.8610900343680756 10.9462769727367 16.196850728648506
    endloop
  endfacet
  facet normal 0.920462096661261 0.08593211956781888 -0.3812678840874712
    outer loop
      vertex 2.2113910003694257 9 16.468811441352692
      vertex 2.0022790275633957 11.672542857739675 16.566321955684042
      vertex 2.2928499947176166 9 16.665470850285367
    endloop
  endfacet
  facet normal 0.8402717358711691 0.08593211956781917 -0.5353121339206074
    outer loop
      vertex 2.1131019852340303 9 16.28
      vertex 1.8610900343680756 10.9462769727367 16.196850728648506
      vertex 1.9380552247540863 11.341234616614694 16.38106329428387
    endloop
  endfacet
  facet normal 0.883729774864885 0.08593211956781881 -0.4600406023861825
    outer loop
      vertex 2.2113910003694257 9 16.468811441352692
      vertex 1.9380552247540863 11.341234616614694 16.38106329428387
      vertex 2.0022790275633957 11.672542857739675 16.566321955684042
    endloop
  endfacet
  facet normal 0.9204620966612611 0.0859321195678189 -0.38126788408747087
    outer loop
      vertex 2.2928499947176166 9 16.665470850285367
      vertex 2.0022790275633957 11.672542857739675 16.566321955684042
      vertex 2.0541603069110916 11.942180621037666 16.752346791873233
    endloop
  endfacet
  facet normal 0.9501891461118355 0.0859321195678193 -0.29959348697500615
    outer loop
      vertex 2.3568590161453264 9 16.86848152994985
      vertex 2.0541603069110916 11.942180621037666 16.752346791873233
      vertex 2.0809032753821497 12.082778461057435 16.87749219858461
    endloop
  endfacet
  facet normal 0.9501891461118338 0.0859321195678189 -0.29959348697501115
    outer loop
      vertex 2.2928499947176166 9 16.665470850285367
      vertex 2.0541603069110916 11.942180621037666 16.752346791873233
      vertex 2.3568590161453264 9 16.86848152994985
    endloop
  endfacet
  facet normal 0.6730911954455866 0.08593211956781807 0.7345501435846388
    outer loop
      vertex 1.5684017676351558 9 19.369148441210307
      vertex 1.6584387749679057 10.095908016312354 19.158438774967905
      vertex 1.5399288463595204 9.513081104812665 19.335215734988417
    endloop
  endfacet
  facet normal 0.6730911954455836 0.08593211956781883 0.7345501435846414
    outer loop
      vertex 1.5684017676351558 9 19.369148441210307
      vertex 1.725340546095176 9 19.225340546095175
      vertex 1.6584387749679057 10.095908016312354 19.158438774967905
    endloop
  endfacet
  facet normal 0.7345501435846434 0.08593211956781881 0.6730911954455814
    outer loop
      vertex 1.725340546095176 9 19.225340546095175
      vertex 1.8691484412103063 9 19.068401767635155
      vertex 1.6584387749679057 10.095908016312354 19.158438774967905
    endloop
  endfacet
  facet normal 0.7345501435846428 0.08593211956781864 0.6730911954455822
    outer loop
      vertex 1.8691484412103063 9 19.068401767635155
      vertex 1.7628095508032653 10.607902270388314 18.979172843914807
      vertex 1.6584387749679057 10.095908016312354 19.158438774967905
    endloop
  endfacet
  facet normal 0.7904187215975178 0.0859321195678187 0.6065096168856087
    outer loop
      vertex 1.8691484412103063 9 19.068401767635155
      vertex 1.99873098806514 9 18.899526504696553
      vertex 1.7628095508032653 10.607902270388314 18.979172843914807
    endloop
  endfacet
  facet normal 0.8402717358711699 0.08593211956781908 0.5353121339206062
    outer loop
      vertex 1.99873098806514 9 18.899526504696553
      vertex 2.1131019852340303 9 18.72
      vertex 1.8536158057025522 11.051964406236277 18.79791576009759
    endloop
  endfacet
  facet normal 0.7904187215975198 0.08593211956781913 0.606509616885606
    outer loop
      vertex 1.99873098806514 9 18.899526504696553
      vertex 1.8536158057025522 11.051964406236277 18.79791576009759
      vertex 1.7628095508032653 10.607902270388314 18.979172843914807
    endloop
  endfacet
  facet normal 0.883729774864887 0.08593211956781906 0.46004060238617883
    outer loop
      vertex 2.1131019852340303 9 18.72
      vertex 2.2113910003694257 9 18.531188558647308
      vertex 1.9313683510288029 11.430670948938927 18.6150760373708
    endloop
  endfacet
  facet normal 0.9204620966612611 0.08593211956781856 0.38126788408747125
    outer loop
      vertex 2.2113910003694257 9 18.531188558647308
      vertex 2.2928499947176166 9 18.334529149714633
      vertex 1.9965110792253862 11.746259770873376 18.430988405834103
    endloop
  endfacet
  facet normal 0.8402717358711697 0.08593211956781904 0.5353121339206065
    outer loop
      vertex 2.1131019852340303 9 18.72
      vertex 1.9313683510288029 11.430670948938927 18.6150760373708
      vertex 1.8536158057025522 11.051964406236277 18.79791576009759
    endloop
  endfacet
  facet normal 0.8837297748648835 0.08593211956781842 0.4600406023861857
    outer loop
      vertex 2.2113910003694257 9 18.531188558647308
      vertex 1.9965110792253862 11.746259770873376 18.430988405834103
      vertex 1.9313683510288029 11.430670948938927 18.6150760373708
    endloop
  endfacet
  facet normal 0.920462096661263 0.08593211956781893 0.38126788408746665
    outer loop
      vertex 2.2928499947176166 9 18.334529149714633
      vertex 2.049419159221717 12.000621825520966 18.245927571491574
      vertex 1.9965110792253862 11.746259770873376 18.430988405834103
    endloop
  endfacet
  facet normal 0.9501891461118314 0.08593211956781896 -0.29959348697501903
    outer loop
      vertex 2.3568590161453264 9 16.86848152994985
      vertex 2.0809032753821497 12.082778461057435 16.87749219858461
      vertex 2.098482274838044 12.098354662325185 16.937713369126122
    endloop
  endfacet
  facet normal 0.9501891461118372 0.08593211956781967 0.29959348697500016
    outer loop
      vertex 2.3568590161453264 9 18.13151847005015
      vertex 2.0602825489154415 12.052229644995213 18.196670678627655
      vertex 2.049419159221717 12.000621825520966 18.245927571491574
    endloop
  endfacet
  facet normal 0.950189146111834 0.08593211956781913 0.29959348697501054
    outer loop
      vertex 2.3568590161453264 9 18.13151847005015
      vertex 2.0992520420080125 12.089123910021748 18.06249288936543
      vertex 2.0602825489154415 12.052229644995213 18.196670678627655
    endloop
  endfacet
  facet normal 0.9726846824205981 0.08593211956781899 -0.2156390025271921
    outer loop
      vertex 2.3568590161453264 9 16.86848152994985
      vertex 2.098482274838044 12.098354662325185 16.937713369126122
      vertex 2.4029309173497877 9 17.07629844649269
    endloop
  endfacet
  facet normal 0.9877775009730748 0.08593211956781893 -0.13004337506374244
    outer loop
      vertex 2.4029309173497877 9 17.07629844649269
      vertex 2.1366678127166385 12.131706280399442 17.123247815806714
      vertex 2.4307150633438592 9 17.287339987695713
    endloop
  endfacet
  facet normal 0.9953527363067839 0.08593211956781895 -0.043458038993720687
    outer loop
      vertex 2.4307150633438592 9 17.287339987695713
      vertex 2.1596770864890935 12.151428160939329 17.31105273805551
      vertex 2.44 9 17.5
    endloop
  endfacet
  facet normal 0.995352736306784 0.08593211956781899 0.04345803899372069
    outer loop
      vertex 2.44 9 17.5
      vertex 2.167305647793425 12.1586218402306 17.5
      vertex 2.4307150633438592 9 17.712660012304287
    endloop
  endfacet
  facet normal 0.9501891461118338 0.0859321195678189 0.2995934869750111
    outer loop
      vertex 2.3568590161453264 9 18.13151847005015
      vertex 2.049419159221717 12.000621825520966 18.245927571491574
      vertex 2.2928499947176166 9 18.334529149714633
    endloop
  endfacet
  facet normal 0.9877775009730748 0.085932119567819 0.13004337506374244
    outer loop
      vertex 2.4029309173497877 9 17.92370155350731
      vertex 2.4307150633438592 9 17.712660012304287
      vertex 2.13719290609967 12.12553029049764 17.876844772324105
    endloop
  endfacet
  facet normal 0.972684682420598 0.08593211956781908 0.21563900252719206
    outer loop
      vertex 2.3568590161453264 9 18.13151847005015
      vertex 2.4029309173497877 9 17.92370155350731
      vertex 2.0992520420080125 12.089123910021748 18.06249288936543
    endloop
  endfacet
  facet normal 0.9726846824205978 0.08593211956781888 -0.21563900252719356
    outer loop
      vertex 2.4029309173497877 9 17.07629844649269
      vertex 2.098482274838044 12.098354662325185 16.937713369126122
      vertex 2.1366678127166385 12.131706280399442 17.123247815806714
    endloop
  endfacet
  facet normal 0.9877775009730752 0.0859321195678191 -0.13004337506373967
    outer loop
      vertex 2.4307150633438592 9 17.287339987695713
      vertex 2.1366678127166385 12.131706280399442 17.123247815806714
      vertex 2.158182245697278 12.149870981608345 17.298669317359444
    endloop
  endfacet
  facet normal 0.9877775009730723 0.08593211956781892 -0.13004337506376212
    outer loop
      vertex 2.4307150633438592 9 17.287339987695713
      vertex 2.158182245697278 12.149870981608345 17.298669317359444
      vertex 2.1596770864890935 12.151428160939329 17.31105273805551
    endloop
  endfacet
  facet normal 0.995352736306784 0.08593211956781897 -0.04345803899372029
    outer loop
      vertex 2.44 9 17.5
      vertex 2.1596770864890935 12.151428160939329 17.31105273805551
      vertex 2.167305647793425 12.1586218402306 17.5
    endloop
  endfacet
  facet normal 0.9877775009730748 0.08593211956781902 0.13004337506374233
    outer loop
      vertex 2.4307150633438592 9 17.712660012304287
      vertex 2.159855012381717 12.149359370893443 17.688962828443046
      vertex 2.150574434355712 12.138767366876026 17.766454969206546
    endloop
  endfacet
  facet normal 0.9877775009730748 0.08593211956781899 0.13004337506374242
    outer loop
      vertex 2.4307150633438592 9 17.712660012304287
      vertex 2.150574434355712 12.138767366876026 17.766454969206546
      vertex 2.13719290609967 12.12553029049764 17.876844772324105
    endloop
  endfacet
  facet normal 0.9726846824205978 0.08593211956781897 0.21563900252719365
    outer loop
      vertex 2.4029309173497877 9 17.92370155350731
      vertex 2.13719290609967 12.12553029049764 17.876844772324105
      vertex 2.0992520420080125 12.089123910021748 18.06249288936543
    endloop
  endfacet
  facet normal 0.995352736306784 0.085932119567819 0.043458038993721165
    outer loop
      vertex 2.4307150633438592 9 17.712660012304287
      vertex 2.167305647793425 12.1586218402306 17.5
      vertex 2.159855012381717 12.149359370893443 17.688962828443046
    endloop
  endfacet
  facet normal -0.0859321195678193 -0.9501891461118355 -0.29959348697500604
    outer loop
      vertex -11.942180621037666 -2.0541603069110916 16.752346791873233
      vertex -9 -2.3568590161453264 16.86848152994985
      vertex -12.082778461057435 -2.0809032753821497 16.87749219858461
    endloop
  endfacet
  facet normal -0.0859321195678189 -0.9204620966612611 -0.38126788408747075
    outer loop
      vertex -11.942180621037666 -2.0541603069110916 16.752346791873233
      vertex -11.672542857739675 -2.0022790275633957 16.566321955684042
      vertex -9 -2.2928499947176166 16.665470850285367
    endloop
  endfacet
  facet normal -0.08593211956781893 -0.9877775009730723 -0.13004337506376132
    outer loop
      vertex -12.149870981608345 -2.158182245697278 17.298669317359444
      vertex -9 -2.4307150633438592 17.287339987695713
      vertex -12.151428160939329 -2.1596770864890935 17.31105273805551
    endloop
  endfacet
  facet normal -0.08593211956781896 -0.995352736306784 -0.043458038993720284
    outer loop
      vertex -12.1586218402306 -2.167305647793425 17.5
      vertex -12.151428160939329 -2.1596770864890935 17.31105273805551
      vertex -9 -2.4307150633438592 17.287339987695713
    endloop
  endfacet
  facet normal -0.08593211956781897 -0.9953527363067839 0.043458038993721165
    outer loop
      vertex -12.1586218402306 -2.167305647793425 17.5
      vertex -9 -2.44 17.5
      vertex -12.149359370893443 -2.159855012381717 17.688962828443046
    endloop
  endfacet
  facet normal -0.08593211956781889 -0.9726846824205978 -0.2156390025271937
    outer loop
      vertex -12.131706280399442 -2.1366678127166385 17.123247815806714
      vertex -12.098354662325185 -2.098482274838044 16.937713369126122
      vertex -9 -2.4029309173497877 17.07629844649269
    endloop
  endfacet
  facet normal -0.08593211956781897 -0.9501891461118315 -0.2995934869750186
    outer loop
      vertex -12.098354662325185 -2.098482274838044 16.937713369126122
      vertex -12.082778461057435 -2.0809032753821497 16.87749219858461
      vertex -9 -2.3568590161453264 16.86848152994985
    endloop
  endfacet
  facet normal -0.0859321195678191 -0.9877775009730752 -0.13004337506373959
    outer loop
      vertex -12.149870981608345 -2.158182245697278 17.298669317359444
      vertex -12.131706280399442 -2.1366678127166385 17.123247815806714
      vertex -9 -2.4307150633438592 17.287339987695713
    endloop
  endfacet
  facet normal -0.08593211956781902 -0.9877775009730748 0.13004337506374203
    outer loop
      vertex -12.149359370893443 -2.159855012381717 17.688962828443046
      vertex -9 -2.4307150633438592 17.712660012304287
      vertex -12.138767366876026 -2.150574434355712 17.766454969206546
    endloop
  endfacet
  facet normal -0.085932119567819 -0.9877775009730748 0.13004337506374253
    outer loop
      vertex -12.138767366876026 -2.150574434355712 17.766454969206546
      vertex -9 -2.4307150633438592 17.712660012304287
      vertex -12.12553029049764 -2.13719290609967 17.876844772324105
    endloop
  endfacet
  facet normal -0.08593211956781897 -0.9726846824205978 0.2156390025271936
    outer loop
      vertex -12.12553029049764 -2.13719290609967 17.876844772324105
      vertex -9 -2.4029309173497877 17.92370155350731
      vertex -12.089123910021748 -2.0992520420080125 18.06249288936543
    endloop
  endfacet
  facet normal -0.08593211956781914 -0.950189146111834 0.2995934869750106
    outer loop
      vertex -12.089123910021748 -2.0992520420080125 18.06249288936543
      vertex -9 -2.3568590161453264 18.13151847005015
      vertex -12.052229644995213 -2.0602825489154415 18.196670678627655
    endloop
  endfacet
  facet normal -0.08593211956781965 -0.9501891461118371 0.2995934869750007
    outer loop
      vertex -12.052229644995213 -2.0602825489154415 18.196670678627655
      vertex -9 -2.3568590161453264 18.13151847005015
      vertex -12.000621825520966 -2.049419159221717 18.245927571491574
    endloop
  endfacet
  facet normal -0.08593211956781893 -0.920462096661263 0.3812678840874666
    outer loop
      vertex -12.000621825520966 -2.049419159221717 18.245927571491574
      vertex -9 -2.2928499947176166 18.334529149714633
      vertex -11.746259770873376 -1.9965110792253862 18.430988405834103
    endloop
  endfacet
  facet normal -0.08593211956781899 -0.995352736306784 -0.04345803899372068
    outer loop
      vertex -12.1586218402306 -2.167305647793425 17.5
      vertex -9 -2.4307150633438592 17.287339987695713
      vertex -9 -2.44 17.5
    endloop
  endfacet
  facet normal -0.085932119567819 -0.9953527363067839 0.043458038993720666
    outer loop
      vertex -12.149359370893443 -2.159855012381717 17.688962828443046
      vertex -9 -2.44 17.5
      vertex -9 -2.4307150633438592 17.712660012304287
    endloop
  endfacet
  facet normal -0.08593211956781892 -0.9877775009730748 -0.1300433750637424
    outer loop
      vertex -12.131706280399442 -2.1366678127166385 17.123247815806714
      vertex -9 -2.4029309173497877 17.07629844649269
      vertex -9 -2.4307150633438592 17.287339987695713
    endloop
  endfacet
  facet normal -0.08593211956781899 -0.9877775009730748 0.13004337506374247
    outer loop
      vertex -12.12553029049764 -2.13719290609967 17.876844772324105
      vertex -9 -2.4307150633438592 17.712660012304287
      vertex -9 -2.4029309173497877 17.92370155350731
    endloop
  endfacet
  facet normal -0.0859321195678188 -0.883729774864885 -0.4600406023861825
    outer loop
      vertex -11.672542857739675 -2.0022790275633957 16.566321955684042
      vertex -11.341234616614694 -1.9380552247540863 16.38106329428387
      vertex -9 -2.2113910003694257 16.468811441352692
    endloop
  endfacet
  facet normal -0.08593211956781915 -0.8402717358711689 -0.5353121339206074
    outer loop
      vertex -11.341234616614694 -1.9380552247540863 16.38106329428387
      vertex -10.9462769727367 -1.8610900343680756 16.196850728648506
      vertex -9 -2.1131019852340303 16.28
    endloop
  endfacet
  facet normal -0.0859321195678194 -0.7904187215975241 -0.6065096168856005
    outer loop
      vertex -10.9462769727367 -1.8610900343680756 16.196850728648506
      vertex -10.485345694138514 -1.7709148508395307 16.01402600181418
      vertex -9 -1.99873098806514 16.100473495303447
    endloop
  endfacet
  facet normal -0.0859321195678189 -0.9501891461118338 -0.2995934869750111
    outer loop
      vertex -11.942180621037666 -2.0541603069110916 16.752346791873233
      vertex -9 -2.2928499947176166 16.665470850285367
      vertex -9 -2.3568590161453264 16.86848152994985
    endloop
  endfacet
  facet normal -0.08593211956781885 -0.920462096661261 -0.3812678840874711
    outer loop
      vertex -11.672542857739675 -2.0022790275633957 16.566321955684042
      vertex -9 -2.2113910003694257 16.468811441352692
      vertex -9 -2.2928499947176166 16.665470850285367
    endloop
  endfacet
  facet normal -0.08593211956781913 -0.8837297748648868 -0.4600406023861787
    outer loop
      vertex -11.341234616614694 -1.9380552247540863 16.38106329428387
      vertex -9 -2.1131019852340303 16.28
      vertex -9 -2.2113910003694257 16.468811441352692
    endloop
  endfacet
  facet normal -0.08593211956781784 -0.7345501435846421 -0.6730911954455828
    outer loop
      vertex -10.485345694138514 -1.7709148508395307 16.01402600181418
      vertex -9.955780887090997 -1.6669930997728597 15.83300690022714
      vertex -9 -1.8691484412103063 15.931598232364845
    endloop
  endfacet
  facet normal -0.08593211956781795 -0.7904187215975178 -0.6065096168856087
    outer loop
      vertex -10.485345694138514 -1.7709148508395307 16.01402600181418
      vertex -9 -1.8691484412103063 15.931598232364845
      vertex -9 -1.99873098806514 16.100473495303447
    endloop
  endfacet
  facet normal -0.08593211956781932 -0.8402717358711697 -0.5353121339206062
    outer loop
      vertex -10.9462769727367 -1.8610900343680756 16.196850728648506
      vertex -9 -1.99873098806514 16.100473495303447
      vertex -9 -2.1131019852340303 16.28
    endloop
  endfacet
  facet normal -0.08593211956781828 -0.7345501435846435 -0.6730911954455814
    outer loop
      vertex -9.955780887090997 -1.6669930997728597 15.83300690022714
      vertex -9 -1.725340546095176 15.774659453904825
      vertex -9 -1.8691484412103063 15.931598232364845
    endloop
  endfacet
  facet normal -0.08593211956781621 -0.6730911954455904 -0.7345501435846353
    outer loop
      vertex -9.955780887090997 -1.6669930997728597 15.83300690022714
      vertex -9.35460365742045 -1.5487233933448548 15.654303332046572
      vertex -9 -1.5684017676351558 15.630851558789693
    endloop
  endfacet
  facet normal -0.08593211956781822 -0.6730911954455836 -0.7345501435846414
    outer loop
      vertex -9.955780887090997 -1.6669930997728597 15.83300690022714
      vertex -9 -1.5684017676351558 15.630851558789693
      vertex -9 -1.725340546095176 15.774659453904825
    endloop
  endfacet
  facet normal -0.08593211956781842 -0.8837297748648835 0.4600406023861855
    outer loop
      vertex -11.746259770873376 -1.9965110792253862 18.430988405834103
      vertex -9 -2.2113910003694257 18.531188558647308
      vertex -11.430670948938927 -1.9313683510288029 18.6150760373708
    endloop
  endfacet
  facet normal -0.08593211956781907 -0.8402717358711697 0.5353121339206065
    outer loop
      vertex -11.430670948938927 -1.9313683510288029 18.6150760373708
      vertex -9 -2.1131019852340303 18.72
      vertex -11.051964406236277 -1.8536158057025522 18.79791576009759
    endloop
  endfacet
  facet normal -0.0859321195678191 -0.7904187215975198 0.6065096168856059
    outer loop
      vertex -11.051964406236277 -1.8536158057025522 18.79791576009759
      vertex -9 -1.99873098806514 18.899526504696553
      vertex -10.607902270388314 -1.7628095508032653 18.979172843914807
    endloop
  endfacet
  facet normal -0.08593211956781899 -0.9726846824205981 -0.2156390025271921
    outer loop
      vertex -12.098354662325185 -2.098482274838044 16.937713369126122
      vertex -9 -2.3568590161453264 16.86848152994985
      vertex -9 -2.4029309173497877 17.07629844649269
    endloop
  endfacet
  facet normal -0.08593211956781907 -0.972684682420598 0.21563900252719206
    outer loop
      vertex -12.089123910021748 -2.0992520420080125 18.06249288936543
      vertex -9 -2.4029309173497877 17.92370155350731
      vertex -9 -2.3568590161453264 18.13151847005015
    endloop
  endfacet
  facet normal -0.08593211956781893 -0.9501891461118339 0.29959348697501115
    outer loop
      vertex -12.000621825520966 -2.049419159221717 18.245927571491574
      vertex -9 -2.3568590161453264 18.13151847005015
      vertex -9 -2.2928499947176166 18.334529149714633
    endloop
  endfacet
  facet normal -0.08593211956781856 -0.9204620966612611 0.3812678840874712
    outer loop
      vertex -11.746259770873376 -1.9965110792253862 18.430988405834103
      vertex -9 -2.2928499947176166 18.334529149714633
      vertex -9 -2.2113910003694257 18.531188558647308
    endloop
  endfacet
  facet normal -0.08593211956781864 -0.7345501435846428 0.673091195445582
    outer loop
      vertex -10.607902270388314 -1.7628095508032653 18.979172843914807
      vertex -9 -1.8691484412103063 19.068401767635155
      vertex -10.095908016312354 -1.6584387749679057 19.158438774967905
    endloop
  endfacet
  facet normal -0.08593211956781906 -0.8837297748648871 0.46004060238617883
    outer loop
      vertex -11.430670948938927 -1.9313683510288029 18.6150760373708
      vertex -9 -2.2113910003694257 18.531188558647308
      vertex -9 -2.1131019852340303 18.72
    endloop
  endfacet
  facet normal -0.08593211956781908 -0.8402717358711699 0.5353121339206062
    outer loop
      vertex -11.051964406236277 -1.8536158057025522 18.79791576009759
      vertex -9 -2.1131019852340303 18.72
      vertex -9 -1.99873098806514 18.899526504696553
    endloop
  endfacet
  facet normal -0.08593211956781868 -0.7904187215975178 0.6065096168856087
    outer loop
      vertex -10.607902270388314 -1.7628095508032653 18.979172843914807
      vertex -9 -1.99873098806514 18.899526504696553
      vertex -9 -1.8691484412103063 19.068401767635155
    endloop
  endfacet
  facet normal -0.08593211956781882 -0.7345501435846434 0.6730911954455814
    outer loop
      vertex -10.095908016312354 -1.6584387749679057 19.158438774967905
      vertex -9 -1.8691484412103063 19.068401767635155
      vertex -9 -1.725340546095176 19.225340546095175
    endloop
  endfacet
  facet normal -0.08593211956781883 -0.6730911954455849 0.7345501435846401
    outer loop
      vertex -10.095908016312354 -1.6584387749679057 19.158438774967905
      vertex -9 -1.725340546095176 19.225340546095175
      vertex -9.513081104812665 -1.5399288463595204 19.335215734988417
    endloop
  endfacet
  facet normal -0.08593211956781613 -0.6065096168856098 -0.7904187215975172
    outer loop
      vertex -9.35460365742045 -1.5487233933448548 15.654303332046572
      vertex -9 -1.4788167822647098 15.56211058179725
      vertex -9 -1.5684017676351558 15.630851558789693
    endloop
  endfacet
  facet normal -0.08593211956781807 -0.6730911954455836 0.7345501435846415
    outer loop
      vertex -9.513081104812665 -1.5399288463595204 19.335215734988417
      vertex -9 -1.725340546095176 19.225340546095175
      vertex -9 -1.5684017676351558 19.369148441210307
    endloop
  endfacet
  facet normal -0.08593211956781802 -0.6065096168856049 0.7904187215975207
    outer loop
      vertex -9.513081104812665 -1.5399288463595204 19.335215734988417
      vertex -9 -1.5684017676351558 19.369148441210307
      vertex -9 -1.4358202991221412 19.470881780106225
    endloop
  endfacet
  facet normal -0.0859321195678193 0.9501891461118355 -0.29959348697500604
    outer loop
      vertex -11.942180621037666 2.0541603069110916 16.752346791873233
      vertex -12.082778461057435 2.0809032753821497 16.87749219858461
      vertex -9 2.3568590161453264 16.86848152994985
    endloop
  endfacet
  facet normal -0.0859321195678189 0.9204620966612611 -0.38126788408747075
    outer loop
      vertex -11.942180621037666 2.0541603069110916 16.752346791873233
      vertex -9 2.2928499947176166 16.665470850285367
      vertex -11.672542857739675 2.0022790275633957 16.566321955684042
    endloop
  endfacet
  facet normal -0.08593211956781893 0.9877775009730723 -0.13004337506376132
    outer loop
      vertex -12.149870981608345 2.158182245697278 17.298669317359444
      vertex -12.151428160939329 2.1596770864890935 17.31105273805551
      vertex -9 2.4307150633438592 17.287339987695713
    endloop
  endfacet
  facet normal -0.08593211956781897 0.995352736306784 -0.043458038993720284
    outer loop
      vertex -12.151428160939329 2.1596770864890935 17.31105273805551
      vertex -12.1586218402306 2.167305647793425 17.5
      vertex -9 2.44 17.5
    endloop
  endfacet
  facet normal -0.08593211956781889 0.9726846824205978 -0.2156390025271937
    outer loop
      vertex -12.131706280399442 2.1366678127166385 17.123247815806714
      vertex -9 2.4029309173497877 17.07629844649269
      vertex -12.098354662325185 2.098482274838044 16.937713369126122
    endloop
  endfacet
  facet normal -0.08593211956781897 0.9501891461118315 -0.2995934869750186
    outer loop
      vertex -12.082778461057435 2.0809032753821497 16.87749219858461
      vertex -12.098354662325185 2.098482274838044 16.937713369126122
      vertex -9 2.3568590161453264 16.86848152994985
    endloop
  endfacet
  facet normal -0.0859321195678191 0.9877775009730752 -0.13004337506373959
    outer loop
      vertex -12.149870981608345 2.158182245697278 17.298669317359444
      vertex -9 2.4307150633438592 17.287339987695713
      vertex -12.131706280399442 2.1366678127166385 17.123247815806714
    endloop
  endfacet
  facet normal -0.08593211956781902 0.995352736306784 0.04345803899372117
    outer loop
      vertex -12.1586218402306 2.167305647793425 17.5
      vertex -12.149359370893443 2.159855012381717 17.688962828443046
      vertex -9 2.4307150633438592 17.712660012304287
    endloop
  endfacet
  facet normal -0.08593211956781902 0.9877775009730748 0.13004337506374203
    outer loop
      vertex -12.149359370893443 2.159855012381717 17.688962828443046
      vertex -12.138767366876026 2.150574434355712 17.766454969206546
      vertex -9 2.4307150633438592 17.712660012304287
    endloop
  endfacet
  facet normal -0.08593211956781965 0.9501891461118371 0.2995934869750007
    outer loop
      vertex -12.052229644995213 2.0602825489154415 18.196670678627655
      vertex -12.000621825520966 2.049419159221717 18.245927571491574
      vertex -9 2.3568590161453264 18.13151847005015
    endloop
  endfacet
  facet normal -0.085932119567819 0.9877775009730748 0.13004337506374253
    outer loop
      vertex -12.138767366876026 2.150574434355712 17.766454969206546
      vertex -12.12553029049764 2.13719290609967 17.876844772324105
      vertex -9 2.4307150633438592 17.712660012304287
    endloop
  endfacet
  facet normal -0.08593211956781897 0.9726846824205978 0.2156390025271936
    outer loop
      vertex -12.12553029049764 2.13719290609967 17.876844772324105
      vertex -12.089123910021748 2.0992520420080125 18.06249288936543
      vertex -9 2.4029309173497877 17.92370155350731
    endloop
  endfacet
  facet normal -0.08593211956781914 0.9501891461118339 0.2995934869750106
    outer loop
      vertex -12.052229644995213 2.0602825489154415 18.196670678627655
      vertex -9 2.3568590161453264 18.13151847005015
      vertex -12.089123910021748 2.0992520420080125 18.06249288936543
    endloop
  endfacet
  facet normal -0.08593211956781893 0.920462096661263 0.3812678840874666
    outer loop
      vertex -12.000621825520966 2.049419159221717 18.245927571491574
      vertex -11.746259770873376 1.9965110792253862 18.430988405834103
      vertex -9 2.2928499947176166 18.334529149714633
    endloop
  endfacet
  facet normal -0.0859321195678188 0.883729774864885 -0.4600406023861825
    outer loop
      vertex -11.672542857739675 2.0022790275633957 16.566321955684042
      vertex -9 2.2113910003694257 16.468811441352692
      vertex -11.341234616614694 1.9380552247540863 16.38106329428387
    endloop
  endfacet
  facet normal -0.08593211956781915 0.8402717358711689 -0.5353121339206074
    outer loop
      vertex -11.341234616614694 1.9380552247540863 16.38106329428387
      vertex -9 2.1131019852340303 16.28
      vertex -10.9462769727367 1.8610900343680756 16.196850728648506
    endloop
  endfacet
  facet normal -0.0859321195678194 0.7904187215975241 -0.6065096168856005
    outer loop
      vertex -10.9462769727367 1.8610900343680756 16.196850728648506
      vertex -9 1.99873098806514 16.100473495303447
      vertex -10.485345694138514 1.7709148508395307 16.01402600181418
    endloop
  endfacet
  facet normal -0.0859321195678189 0.9501891461118338 -0.2995934869750111
    outer loop
      vertex -11.942180621037666 2.0541603069110916 16.752346791873233
      vertex -9 2.3568590161453264 16.86848152994985
      vertex -9 2.2928499947176166 16.665470850285367
    endloop
  endfacet
  facet normal -0.08593211956781885 0.920462096661261 -0.3812678840874711
    outer loop
      vertex -11.672542857739675 2.0022790275633957 16.566321955684042
      vertex -9 2.2928499947176166 16.665470850285367
      vertex -9 2.2113910003694257 16.468811441352692
    endloop
  endfacet
  facet normal -0.08593211956781784 0.7345501435846421 -0.6730911954455828
    outer loop
      vertex -10.485345694138514 1.7709148508395307 16.01402600181418
      vertex -9 1.8691484412103063 15.931598232364845
      vertex -9.955780887090997 1.6669930997728597 15.83300690022714
    endloop
  endfacet
  facet normal -0.08593211956781913 0.8837297748648868 -0.4600406023861787
    outer loop
      vertex -11.341234616614694 1.9380552247540863 16.38106329428387
      vertex -9 2.2113910003694257 16.468811441352692
      vertex -9 2.1131019852340303 16.28
    endloop
  endfacet
  facet normal -0.08593211956781825 0.673091195445586 -0.7345501435846392
    outer loop
      vertex -9.955780887090997 1.6669930997728597 15.83300690022714
      vertex -9 1.725340546095176 15.774659453904825
      vertex -9.35460365742045 1.5487233933448548 15.654303332046572
    endloop
  endfacet
  facet normal -0.08593211956781795 0.7904187215975178 -0.6065096168856087
    outer loop
      vertex -10.485345694138514 1.7709148508395307 16.01402600181418
      vertex -9 1.99873098806514 16.100473495303447
      vertex -9 1.8691484412103063 15.931598232364845
    endloop
  endfacet
  facet normal -0.08593211956781932 0.8402717358711697 -0.5353121339206062
    outer loop
      vertex -10.9462769727367 1.8610900343680756 16.196850728648506
      vertex -9 2.1131019852340303 16.28
      vertex -9 1.99873098806514 16.100473495303447
    endloop
  endfacet
  facet normal -0.08593211956781828 0.7345501435846435 -0.6730911954455814
    outer loop
      vertex -9.955780887090997 1.6669930997728597 15.83300690022714
      vertex -9 1.8691484412103063 15.931598232364845
      vertex -9 1.725340546095176 15.774659453904825
    endloop
  endfacet
  facet normal -0.08593211956781842 0.8837297748648835 0.4600406023861855
    outer loop
      vertex -11.746259770873376 1.9965110792253862 18.430988405834103
      vertex -11.430670948938927 1.9313683510288029 18.6150760373708
      vertex -9 2.2113910003694257 18.531188558647308
    endloop
  endfacet
  facet normal -0.08593211956781907 0.8402717358711697 0.5353121339206065
    outer loop
      vertex -11.430670948938927 1.9313683510288029 18.6150760373708
      vertex -11.051964406236277 1.8536158057025522 18.79791576009759
      vertex -9 2.1131019852340303 18.72
    endloop
  endfacet
  facet normal -0.0859321195678191 0.7904187215975198 0.6065096168856059
    outer loop
      vertex -11.051964406236277 1.8536158057025522 18.79791576009759
      vertex -10.607902270388314 1.7628095508032653 18.979172843914807
      vertex -9 1.99873098806514 18.899526504696553
    endloop
  endfacet
  facet normal -0.08593211956781899 0.9726846824205981 -0.2156390025271921
    outer loop
      vertex -12.098354662325185 2.098482274838044 16.937713369126122
      vertex -9 2.4029309173497877 17.07629844649269
      vertex -9 2.3568590161453264 16.86848152994985
    endloop
  endfacet
  facet normal -0.08593211956781893 0.9501891461118339 0.29959348697501115
    outer loop
      vertex -12.000621825520966 2.049419159221717 18.245927571491574
      vertex -9 2.2928499947176166 18.334529149714633
      vertex -9 2.3568590161453264 18.13151847005015
    endloop
  endfacet
  facet normal -0.08593211956781907 0.972684682420598 0.21563900252719206
    outer loop
      vertex -12.089123910021748 2.0992520420080125 18.06249288936543
      vertex -9 2.3568590161453264 18.13151847005015
      vertex -9 2.4029309173497877 17.92370155350731
    endloop
  endfacet
  facet normal -0.08593211956781864 0.7345501435846428 0.673091195445582
    outer loop
      vertex -10.607902270388314 1.7628095508032653 18.979172843914807
      vertex -10.095908016312354 1.6584387749679057 19.158438774967905
      vertex -9 1.8691484412103063 19.068401767635155
    endloop
  endfacet
  facet normal -0.08593211956781856 0.9204620966612611 0.3812678840874712
    outer loop
      vertex -11.746259770873376 1.9965110792253862 18.430988405834103
      vertex -9 2.2113910003694257 18.531188558647308
      vertex -9 2.2928499947176166 18.334529149714633
    endloop
  endfacet
  facet normal -0.08593211956781908 0.8402717358711699 0.5353121339206062
    outer loop
      vertex -11.051964406236277 1.8536158057025522 18.79791576009759
      vertex -9 1.99873098806514 18.899526504696553
      vertex -9 2.1131019852340303 18.72
    endloop
  endfacet
  facet normal -0.08593211956781906 0.8837297748648871 0.46004060238617883
    outer loop
      vertex -11.430670948938927 1.9313683510288029 18.6150760373708
      vertex -9 2.1131019852340303 18.72
      vertex -9 2.2113910003694257 18.531188558647308
    endloop
  endfacet
  facet normal -0.08593211956781806 0.6730911954455867 0.7345501435846387
    outer loop
      vertex -10.095908016312354 1.6584387749679057 19.158438774967905
      vertex -9.513081104812665 1.5399288463595204 19.335215734988417
      vertex -9 1.5684017676351558 19.369148441210307
    endloop
  endfacet
  facet normal -0.08593211956781882 0.6730911954455835 0.7345501435846414
    outer loop
      vertex -10.095908016312354 1.6584387749679057 19.158438774967905
      vertex -9 1.5684017676351558 19.369148441210307
      vertex -9 1.725340546095176 19.225340546095175
    endloop
  endfacet
  facet normal -0.08593211956781868 0.7904187215975178 0.6065096168856087
    outer loop
      vertex -10.607902270388314 1.7628095508032653 18.979172843914807
      vertex -9 1.8691484412103063 19.068401767635155
      vertex -9 1.99873098806514 18.899526504696553
    endloop
  endfacet
  facet normal -0.08593211956781882 0.7345501435846434 0.6730911954455814
    outer loop
      vertex -10.095908016312354 1.6584387749679057 19.158438774967905
      vertex -9 1.725340546095176 19.225340546095175
      vertex -9 1.8691484412103063 19.068401767635155
    endloop
  endfacet
  facet normal -0.08593211956781895 0.9953527363067839 -0.0434580389937206
    outer loop
      vertex -12.151428160939329 2.1596770864890935 17.31105273805551
      vertex -9 2.44 17.5
      vertex -9 2.4307150633438592 17.287339987695713
    endloop
  endfacet
  facet normal -0.08593211956781899 0.995352736306784 0.04345803899372068
    outer loop
      vertex -12.1586218402306 2.167305647793425 17.5
      vertex -9 2.4307150633438592 17.712660012304287
      vertex -9 2.44 17.5
    endloop
  endfacet
  facet normal -0.08593211956781892 0.9877775009730748 -0.1300433750637424
    outer loop
      vertex -12.131706280399442 2.1366678127166385 17.123247815806714
      vertex -9 2.4307150633438592 17.287339987695713
      vertex -9 2.4029309173497877 17.07629844649269
    endloop
  endfacet
  facet normal -0.08593211956781899 0.9877775009730748 0.13004337506374247
    outer loop
      vertex -12.12553029049764 2.13719290609967 17.876844772324105
      vertex -9 2.4029309173497877 17.92370155350731
      vertex -9 2.4307150633438592 17.712660012304287
    endloop
  endfacet
  facet normal -0.08593211956781613 0.6065096168856098 -0.7904187215975172
    outer loop
      vertex -9.35460365742045 1.5487233933448548 15.654303332046572
      vertex -9 1.5684017676351558 15.630851558789693
      vertex -9 1.4788167822647098 15.56211058179725
    endloop
  endfacet
  facet normal -0.0859321195678163 0.6730911954455838 -0.7345501435846415
    outer loop
      vertex -9.35460365742045 1.5487233933448548 15.654303332046572
      vertex -9 1.725340546095176 15.774659453904825
      vertex -9 1.5684017676351558 15.630851558789693
    endloop
  endfacet
  facet normal -0.08593211956781802 0.6065096168856049 0.7904187215975207
    outer loop
      vertex -9.513081104812665 1.5399288463595204 19.335215734988417
      vertex -9 1.4358202991221412 19.470881780106225
      vertex -9 1.5684017676351558 19.369148441210307
    endloop
  endfacet
  facet normal 0 0 1
    outer loop
      vertex -9 0 90
      vertex 0 0 90
      vertex -8.215598315271077 0.034247717174290315 90
    endloop
  endfacet
  facet normal 0 0 1
    outer loop
      vertex -8.215598315271077 0.034247717174290315 90
      vertex 0 0 90
      vertex -7.4371664009976275 0.1367302228901277 90
    endloop
  endfacet
  facet normal 0 0 1
    outer loop
      vertex -7.4371664009976275 0.1367302228901277 90
      vertex 0 0 90
      vertex -6.670628594077313 0.30666756339838486 90
    endloop
  endfacet
  facet normal 0 0 1
    outer loop
      vertex -6.670628594077313 0.30666756339838486 90
      vertex 0 0 90
      vertex -5.921818710068981 0.5427664129268237 90
    endloop
  endfacet
  facet normal 0 0 1
    outer loop
      vertex -5.921818710068981 0.5427664129268237 90
      vertex 0 0 90
      vertex -5.196435644333706 0.8432299166701505 90
    endloop
  endfacet
  facet normal 0 0 1
    outer loop
      vertex -5.196435644333706 0.8432299166701505 90
      vertex 0 0 90
      vertex -4.5 1.2057713659400529 90
    endloop
  endfacet
  facet normal 0 0 1
    outer loop
      vertex -4.5 1.2057713659400529 90
      vertex 0 0 90
      vertex -3.8378120728405856 1.6276316013990737 90
    endloop
  endfacet
  facet normal 0 0 1
    outer loop
      vertex -3.8378120728405856 1.6276316013990737 90
      vertex 0 0 90
      vertex -3.2149115128211463 2.105600011929198 90
    endloop
  endfacet
  facet normal 0 0 1
    outer loop
      vertex -3.2149115128211463 2.105600011929198 90
      vertex 0 0 90
      vertex -2.6360389693210715 2.6360389693210715 90
    endloop
  endfacet
  facet normal 0 0 1
    outer loop
      vertex -2.6360389693210715 2.6360389693210715 90
      vertex 0 0 90
      vertex -2.105600011929198 3.2149115128211463 90
    endloop
  endfacet
  facet normal 0 0 1
    outer loop
      vertex -2.105600011929198 3.2149115128211463 90
      vertex 0 0 90
      vertex -1.6276316013990737 3.8378120728405856 90
    endloop
  endfacet
  facet normal 0 0 1
    outer loop
      vertex -1.6276316013990737 3.8378120728405856 90
      vertex 0 0 90
      vertex -1.2057713659400529 4.5 90
    endloop
  endfacet
  facet normal 0 0 1
    outer loop
      vertex -1.2057713659400529 4.5 90
      vertex 0 0 90
      vertex -0.8432299166701505 5.196435644333706 90
    endloop
  endfacet
  facet normal 0 0 1
    outer loop
      vertex -0.8432299166701505 5.196435644333706 90
      vertex 0 0 90
      vertex -0.5427664129268237 5.921818710068981 90
    endloop
  endfacet
  facet normal 0 0 1
    outer loop
      vertex -0.5427664129268237 5.921818710068981 90
      vertex 0 0 90
      vertex -0.30666756339838486 6.670628594077313 90
    endloop
  endfacet
  facet normal 0 0 1
    outer loop
      vertex -0.30666756339838486 6.670628594077313 90
      vertex 0 0 90
      vertex -0.1367302228901277 7.4371664009976275 90
    endloop
  endfacet
  facet normal 0 0 1
    outer loop
      vertex -0.1367302228901277 7.4371664009976275 90
      vertex 0 0 90
      vertex -0.034247717174290315 8.215598315271077 90
    endloop
  endfacet
  facet normal 0 0 1
    outer loop
      vertex 0 0 90
      vertex 0 9 90
      vertex -0.034247717174290315 8.215598315271077 90
    endloop
  endfacet
  facet normal 0 0 1
    outer loop
      vertex -8.215598315271077 -0.034247717174290315 90
      vertex 0 0 90
      vertex -9 0 90
    endloop
  endfacet
  facet normal 0 0 1
    outer loop
      vertex -8.215598315271077 -0.034247717174290315 90
      vertex -7.4371664009976275 -0.1367302228901277 90
      vertex 0 0 90
    endloop
  endfacet
  facet normal 0 0 1
    outer loop
      vertex -7.4371664009976275 -0.1367302228901277 90
      vertex -6.670628594077313 -0.30666756339838486 90
      vertex 0 0 90
    endloop
  endfacet
  facet normal 0 0 1
    outer loop
      vertex -6.670628594077313 -0.30666756339838486 90
      vertex -5.921818710068981 -0.5427664129268237 90
      vertex 0 0 90
    endloop
  endfacet
  facet normal 0 0 1
    outer loop
      vertex -5.921818710068981 -0.5427664129268237 90
      vertex -5.196435644333706 -0.8432299166701505 90
      vertex 0 0 90
    endloop
  endfacet
  facet normal 0 0 1
    outer loop
      vertex -5.196435644333706 -0.8432299166701505 90
      vertex -4.5 -1.2057713659400529 90
      vertex 0 0 90
    endloop
  endfacet
  facet normal 0 0 1
    outer loop
      vertex -0.1367302228901277 -7.4371664009976275 90
      vertex 0 0 90
      vertex -0.30666756339838486 -6.670628594077313 90
    endloop
  endfacet
  facet normal 0 0 1
    outer loop
      vertex -4.5 -1.2057713659400529 90
      vertex -3.8378120728405856 -1.6276316013990737 90
      vertex 0 0 90
    endloop
  endfacet
  facet normal 0 0 1
    outer loop
      vertex -3.8378120728405856 -1.6276316013990737 90
      vertex -3.2149115128211463 -2.105600011929198 90
      vertex 0 0 90
    endloop
  endfacet
  facet normal 0 0 1
    outer loop
      vertex -3.2149115128211463 -2.105600011929198 90
      vertex -2.6360389693210715 -2.6360389693210715 90
      vertex 0 0 90
    endloop
  endfacet
  facet normal 0 0 1
    outer loop
      vertex -2.105600011929198 -3.2149115128211463 90
      vertex -1.6276316013990737 -3.8378120728405856 90
      vertex 0 0 90
    endloop
  endfacet
  facet normal 0 0 1
    outer loop
      vertex -1.6276316013990737 -3.8378120728405856 90
      vertex -1.2057713659400529 -4.5 90
      vertex 0 0 90
    endloop
  endfacet
  facet normal 0 0 1
    outer loop
      vertex -0.5427664129268237 -5.921818710068981 90
      vertex -0.30666756339838486 -6.670628594077313 90
      vertex 0 0 90
    endloop
  endfacet
  facet normal 0 0 1
    outer loop
      vertex -0.5427664129268237 -5.921818710068981 90
      vertex 0 0 90
      vertex -0.8432299166701505 -5.196435644333706 90
    endloop
  endfacet
  facet normal 0 0 1
    outer loop
      vertex -0.8432299166701505 -5.196435644333706 90
      vertex 0 0 90
      vertex -1.2057713659400529 -4.5 90
    endloop
  endfacet
  facet normal 0 0 1
    outer loop
      vertex -2.6360389693210715 -2.6360389693210715 90
      vertex -2.105600011929198 -3.2149115128211463 90
      vertex 0 0 90
    endloop
  endfacet
  facet normal 0 0 1
    outer loop
      vertex 0 -9 90
      vertex 0 0 90
      vertex -0.034247717174290315 -8.215598315271077 90
    endloop
  endfacet
  facet normal 0 0 1
    outer loop
      vertex -0.1367302228901277 -7.4371664009976275 90
      vertex -0.034247717174290315 -8.215598315271077 90
      vertex 0 0 90
    endloop
  endfacet
  facet normal 0 0 -1
    outer loop
      vertex -9 -6 0
      vertex -9 -1.6499999985098839 0
      vertex -7.692663858785128 -5.942920471376183 0
    endloop
  endfacet
  facet normal -1 0 0
    outer loop
      vertex -9 -6 0
      vertex -9 -2.3568590161453264 16.86848152994985
      vertex -9 -1.6499999985098839 0
    endloop
  endfacet
  facet normal 0 0 -1
    outer loop
      vertex -7.692663858785128 -5.942920471376183 0
      vertex -9 -1.6499999985098839 0
      vertex -9 1.6499999985098839 0
    endloop
  endfacet
  facet normal -1 0 0
    outer loop
      vertex -9 -1.6499999985098839 0
      vertex -9 -2.3568590161453264 16.86848152994985
      vertex -9 -2.2928499947176166 16.665470850285367
    endloop
  endfacet
  facet normal -1 0 0
    outer loop
      vertex -9 -1.6499999985098839 0
      vertex -9 -2.2928499947176166 16.665470850285367
      vertex -9 -2.2113910003694257 16.468811441352692
    endloop
  endfacet
  facet normal -1 0 0
    outer loop
      vertex -9 -1.6499999985098839 0
      vertex -9 -2.1131019852340303 16.28
      vertex -9 -1.99873098806514 16.100473495303447
    endloop
  endfacet
  facet normal -1 0 0
    outer loop
      vertex -9 -1.6499999985098839 0
      vertex -9 -2.2113910003694257 16.468811441352692
      vertex -9 -2.1131019852340303 16.28
    endloop
  endfacet
  facet normal -1 0 0
    outer loop
      vertex -9 -1.6499999985098839 0
      vertex -9 -1.99873098806514 16.100473495303447
      vertex -9 -1.8691484412103063 15.931598232364845
    endloop
  endfacet
  facet normal -1 0 0
    outer loop
      vertex -9 -1.6499999985098839 0
      vertex -9 -1.8691484412103063 15.931598232364845
      vertex -9 -1.725340546095176 15.774659453904825
    endloop
  endfacet
  facet normal -1 0 0
    outer loop
      vertex -9 -1.6499999985098839 0
      vertex -9 -1.725340546095176 15.774659453904825
      vertex -9 -1.5684017676351558 15.630851558789693
    endloop
  endfacet
  facet normal -1 0 0
    outer loop
      vertex -9 -1.6499999985098839 0
      vertex -9 -1.5684017676351558 15.630851558789693
      vertex -9 -1.4788167822647098 15.56211058179725
    endloop
  endfacet
  facet normal 0 0 -1
    outer loop
      vertex -7.692663858785128 -5.942920471376183 0
      vertex -8.738532771757026 6.011415905724763 0
      vertex -6.395277334996045 -5.772116295183121 0
    endloop
  endfacet
  facet normal 0 0 -1
    outer loop
      vertex -6.395277334996045 -5.772116295183121 0
      vertex -8.47905546699921 6.0455767409633765 0
      vertex -5.117714323462189 -5.488887394336025 0
    endloop
  endfacet
  facet normal -1 0 0
    outer loop
      vertex -9 -6 0
      vertex -9 -2.4307150633438592 17.287339987695713
      vertex -9 -2.4029309173497877 17.07629844649269
    endloop
  endfacet
  facet normal -1 0 0
    outer loop
      vertex -9 -6 0
      vertex -9 -2.44 17.5
      vertex -9 -2.4307150633438592 17.287339987695713
    endloop
  endfacet
  facet normal -1 0 0
    outer loop
      vertex -9 -6 0
      vertex -9 -2.4307150633438592 17.712660012304287
      vertex -9 -2.44 17.5
    endloop
  endfacet
  facet normal -1 0 0
    outer loop
      vertex -9 -6 0
      vertex -9 -2.4029309173497877 17.92370155350731
      vertex -9 -2.4307150633438592 17.712660012304287
    endloop
  endfacet
  facet normal -1 0 0
    outer loop
      vertex -9 -6 0
      vertex -9 -2.4029309173497877 17.07629844649269
      vertex -9 -2.3568590161453264 16.86848152994985
    endloop
  endfacet
  facet normal -1 0 0
    outer loop
      vertex -9 -6 0
      vertex -9 -0.6962999993711709 86.7
      vertex -9 -2.4029309173497877 17.92370155350731
    endloop
  endfacet
  facet normal -1 0 0
    outer loop
      vertex -9 -2.4029309173497877 17.92370155350731
      vertex -9 -0.6962999993711709 86.7
      vertex -9 -2.3568590161453264 18.13151847005015
    endloop
  endfacet
  facet normal -1 0 0
    outer loop
      vertex -9 -2.3568590161453264 18.13151847005015
      vertex -9 -0.6962999993711709 86.7
      vertex -9 -2.2928499947176166 18.334529149714633
    endloop
  endfacet
  facet normal -1 0 0
    outer loop
      vertex -9 -2.2928499947176166 18.334529149714633
      vertex -9 -0.6962999993711709 86.7
      vertex -9 -2.2113910003694257 18.531188558647308
    endloop
  endfacet
  facet normal -1 0 0
    outer loop
      vertex -9 -2.2113910003694257 18.531188558647308
      vertex -9 -0.6962999993711709 86.7
      vertex -9 -2.1131019852340303 18.72
    endloop
  endfacet
  facet normal -1 0 0
    outer loop
      vertex -9 -2.1131019852340303 18.72
      vertex -9 -0.6962999993711709 86.7
      vertex -9 -1.99873098806514 18.899526504696553
    endloop
  endfacet
  facet normal -1 0 0
    outer loop
      vertex -9 -1.99873098806514 18.899526504696553
      vertex -9 -0.6962999993711709 86.7
      vertex -9 -1.8691484412103063 19.068401767635155
    endloop
  endfacet
  facet normal -1 0 0
    outer loop
      vertex -9 -1.8691484412103063 19.068401767635155
      vertex -9 -0.6962999993711709 86.7
      vertex -9 -1.725340546095176 19.225340546095175
    endloop
  endfacet
  facet normal -1 0 0
    outer loop
      vertex -9 -1.725340546095176 19.225340546095175
      vertex -9 -0.6962999993711709 86.7
      vertex -9 -1.5684017676351558 19.369148441210307
    endloop
  endfacet
  facet normal -1 0 0
    outer loop
      vertex -9 -1.5684017676351558 19.369148441210307
      vertex -9 -0.6962999993711709 86.7
      vertex -9 -1.4358202991221412 19.470881780106225
    endloop
  endfacet
  facet normal -1 0 0
    outer loop
      vertex -9 -6 0
      vertex -9 -2.5 87.5
      vertex -9 -2.4904867485165596 87.71788935363293
    endloop
  endfacet
  facet normal -1 0 0
    outer loop
      vertex -9 -6 0
      vertex -9 -2.4904867485165596 87.71788935363293
      vertex -9 -0.6962999993711709 86.7
    endloop
  endfacet
  facet normal -1 0 0
    outer loop
      vertex -9 -2.4904867485165596 87.71788935363293
      vertex -9 -2.462019383907318 87.93412044644356
      vertex -9 -0.6962999993711709 86.7
    endloop
  endfacet
  facet normal -1 0 0
    outer loop
      vertex -9 -2.462019383907318 87.93412044644356
      vertex -9 0.6962999993711709 86.7
      vertex -9 -0.6962999993711709 86.7
    endloop
  endfacet
  facet normal -1 0 0
    outer loop
      vertex -9 -2.462019383907318 87.93412044644356
      vertex -9 -2.414814569056034 88.1470476090908
      vertex -9 2.5 87.5
    endloop
  endfacet
  facet normal -1 0 0
    outer loop
      vertex -9 -2.414814569056034 88.1470476090908
      vertex -9 -2.3492315486073494 88.355050355196
      vertex -9 2.4904867485165596 87.71788935363293
    endloop
  endfacet
  facet normal -1 0 0
    outer loop
      vertex -9 -2.3492315486073494 88.355050355196
      vertex -9 -2.2657694667577744 88.55654565244913
      vertex -9 2.462019383907318 87.93412044644356
    endloop
  endfacet
  facet normal -1 0 0
    outer loop
      vertex -9 -2.2657694667577744 88.55654565244913
      vertex -9 -2.1650635078549385 88.75
      vertex -9 2.414814569056034 88.1470476090908
    endloop
  endfacet
  facet normal -1 0 0
    outer loop
      vertex -9 -2.1650635078549385 88.75
      vertex -9 -2.0478801131248474 88.93394108861685
      vertex -9 2.3492315486073494 88.355050355196
    endloop
  endfacet
  facet normal -1 0 0
    outer loop
      vertex -9 -2.0478801131248474 88.93394108861685
      vertex -9 -1.9151111096143723 89.10696902126074
      vertex -9 2.2657694667577744 88.55654565244913
    endloop
  endfacet
  facet normal -1 0 0
    outer loop
      vertex -9 -1.9151111096143723 89.10696902126074
      vertex -9 -1.7677669525146484 89.26776695251465
      vertex -9 2.1650635078549385 88.75
    endloop
  endfacet
  facet normal -1 0 0
    outer loop
      vertex -9 -1.7677669525146484 89.26776695251465
      vertex -9 -1.6069690212607384 89.41511110961437
      vertex -9 2.0478801131248474 88.93394108861685
    endloop
  endfacet
  facet normal -1 0 0
    outer loop
      vertex -9 -1.6069690212607384 89.41511110961437
      vertex -9 -1.433941088616848 89.54788011312485
      vertex -9 1.9151111096143723 89.10696902126074
    endloop
  endfacet
  facet normal -1 0 0
    outer loop
      vertex -9 -1.433941088616848 89.54788011312485
      vertex -9 -1.25 89.66506350785494
      vertex -9 1.7677669525146484 89.26776695251465
    endloop
  endfacet
  facet normal -1 0 0
    outer loop
      vertex -9 -1.25 89.66506350785494
      vertex -9 -1.056545652449131 89.76576946675777
      vertex -9 1.6069690212607384 89.41511110961437
    endloop
  endfacet
  facet normal -1 0 0
    outer loop
      vertex -9 -1.056545652449131 89.76576946675777
      vertex -9 -0.8550503551959991 89.84923154860735
      vertex -9 1.433941088616848 89.54788011312485
    endloop
  endfacet
  facet normal -1 0 0
    outer loop
      vertex -9 -0.8550503551959991 89.84923154860735
      vertex -9 -0.647047609090805 89.91481456905603
      vertex -9 1.25 89.66506350785494
    endloop
  endfacet
  facet normal -1 0 0
    outer loop
      vertex -9 -0.647047609090805 89.91481456905603
      vertex -9 -0.43412044644355774 89.96201938390732
      vertex -9 1.056545652449131 89.76576946675777
    endloop
  endfacet
  facet normal 0 0 -1
    outer loop
      vertex -7.692663858785128 -5.942920471376183 0
      vertex -9 1.6499999985098839 0
      vertex -9 6 0
    endloop
  endfacet
  facet normal 0 0 -1
    outer loop
      vertex -7.692663858785128 -5.942920471376183 0
      vertex -9 6 0
      vertex -8.738532771757026 6.011415905724763 0
    endloop
  endfacet
  facet normal 0 0 -1
    outer loop
      vertex -6.395277334996045 -5.772116295183121 0
      vertex -8.738532771757026 6.011415905724763 0
      vertex -8.47905546699921 6.0455767409633765 0
    endloop
  endfacet
  facet normal -1 0 0
    outer loop
      vertex -9 1.6499999985098839 0
      vertex -9 1.4788167822647098 15.56211058179725
      vertex -9 1.5684017676351558 15.630851558789693
    endloop
  endfacet
  facet normal -1 0 0
    outer loop
      vertex -9 1.6499999985098839 0
      vertex -9 1.5684017676351558 15.630851558789693
      vertex -9 1.725340546095176 15.774659453904825
    endloop
  endfacet
  facet normal -1 0 0
    outer loop
      vertex -9 1.6499999985098839 0
      vertex -9 1.725340546095176 15.774659453904825
      vertex -9 1.8691484412103063 15.931598232364845
    endloop
  endfacet
  facet normal -1 0 0
    outer loop
      vertex -9 1.6499999985098839 0
      vertex -9 1.8691484412103063 15.931598232364845
      vertex -9 1.99873098806514 16.100473495303447
    endloop
  endfacet
  facet normal -1 0 0
    outer loop
      vertex -9 1.6499999985098839 0
      vertex -9 1.99873098806514 16.100473495303447
      vertex -9 2.1131019852340303 16.28
    endloop
  endfacet
  facet normal -1 0 0
    outer loop
      vertex -9 1.6499999985098839 0
      vertex -9 2.1131019852340303 16.28
      vertex -9 2.2113910003694257 16.468811441352692
    endloop
  endfacet
  facet normal -1 0 0
    outer loop
      vertex -9 1.6499999985098839 0
      vertex -9 2.2113910003694257 16.468811441352692
      vertex -9 2.2928499947176166 16.665470850285367
    endloop
  endfacet
  facet normal -1 0 0
    outer loop
      vertex -9 1.6499999985098839 0
      vertex -9 2.2928499947176166 16.665470850285367
      vertex -9 2.3568590161453264 16.86848152994985
    endloop
  endfacet
  facet normal -1 0 0
    outer loop
      vertex -9 1.6499999985098839 0
      vertex -9 2.3568590161453264 16.86848152994985
      vertex -9 6 0
    endloop
  endfacet
  facet normal 0 0 -1
    outer loop
      vertex -8.47905546699921 6.0455767409633765 0
      vertex -8.223542864692437 6.102222521132795 0
      vertex -5.117714323462189 -5.488887394336025 0
    endloop
  endfacet
  facet normal 0 0 -1
    outer loop
      vertex -8.223542864692437 6.102222521132795 0
      vertex -7.973939570022994 6.180922137642275 0
      vertex -3.869697850114969 -5.095389311788626 0
    endloop
  endfacet
  facet normal -1 0 0
    outer loop
      vertex -9 2.3568590161453264 16.86848152994985
      vertex -9 2.4029309173497877 17.07629844649269
      vertex -9 6 0
    endloop
  endfacet
  facet normal -1 0 0
    outer loop
      vertex -9 2.4029309173497877 17.07629844649269
      vertex -9 2.4307150633438592 17.287339987695713
      vertex -9 6 0
    endloop
  endfacet
  facet normal -1 0 0
    outer loop
      vertex -9 2.4307150633438592 17.287339987695713
      vertex -9 2.44 17.5
      vertex -9 6 0
    endloop
  endfacet
  facet normal -1 0 0
    outer loop
      vertex -9 1.4358202991221412 19.470881780106225
      vertex -9 0.6962999993711709 86.7
      vertex -9 1.5684017676351558 19.369148441210307
    endloop
  endfacet
  facet normal -1 0 0
    outer loop
      vertex -9 1.5684017676351558 19.369148441210307
      vertex -9 0.6962999993711709 86.7
      vertex -9 1.725340546095176 19.225340546095175
    endloop
  endfacet
  facet normal -1 0 0
    outer loop
      vertex -9 1.725340546095176 19.225340546095175
      vertex -9 0.6962999993711709 86.7
      vertex -9 1.8691484412103063 19.068401767635155
    endloop
  endfacet
  facet normal -1 0 0
    outer loop
      vertex -9 1.99873098806514 18.899526504696553
      vertex -9 0.6962999993711709 86.7
      vertex -9 2.1131019852340303 18.72
    endloop
  endfacet
  facet normal -1 0 0
    outer loop
      vertex -9 2.1131019852340303 18.72
      vertex -9 0.6962999993711709 86.7
      vertex -9 2.2113910003694257 18.531188558647308
    endloop
  endfacet
  facet normal -1 0 0
    outer loop
      vertex -9 1.99873098806514 18.899526504696553
      vertex -9 1.8691484412103063 19.068401767635155
      vertex -9 0.6962999993711709 86.7
    endloop
  endfacet
  facet normal -1 0 0
    outer loop
      vertex -9 2.44 17.5
      vertex -9 2.4307150633438592 17.712660012304287
      vertex -9 0.6962999993711709 86.7
    endloop
  endfacet
  facet normal -1 0 0
    outer loop
      vertex -9 2.4307150633438592 17.712660012304287
      vertex -9 2.4029309173497877 17.92370155350731
      vertex -9 0.6962999993711709 86.7
    endloop
  endfacet
  facet normal -1 0 0
    outer loop
      vertex -9 2.2928499947176166 18.334529149714633
      vertex -9 0.6962999993711709 86.7
      vertex -9 2.3568590161453264 18.13151847005015
    endloop
  endfacet
  facet normal -1 0 0
    outer loop
      vertex -9 2.4029309173497877 17.92370155350731
      vertex -9 2.3568590161453264 18.13151847005015
      vertex -9 0.6962999993711709 86.7
    endloop
  endfacet
  facet normal -1 0 0
    outer loop
      vertex -9 2.2113910003694257 18.531188558647308
      vertex -9 0.6962999993711709 86.7
      vertex -9 2.2928499947176166 18.334529149714633
    endloop
  endfacet
  facet normal -1 0 0
    outer loop
      vertex -9 2.44 17.5
      vertex -9 0.6962999993711709 86.7
      vertex -9 6 0
    endloop
  endfacet
  facet normal -0.0435845999093986 0.9982514578470635 0.03993005831388254
    outer loop
      vertex -9 6 0
      vertex -9 2.5 87.5
      vertex -8.738532771757026 6.011415905724763 0
    endloop
  endfacet
  facet normal -0.13042209460579107 0.9906541614921364 0.039930058313882535
    outer loop
      vertex -8.738532771757026 6.011415905724763 0
      vertex -8.433487672140222 2.5247344624036536 87.5
      vertex -8.47905546699921 6.0455767409633765 0
    endloop
  endfacet
  facet normal -0.21626699841120656 0.975517388794919 0.039930058313882556
    outer loop
      vertex -8.47905546699921 6.0455767409633765 0
      vertex -7.871286845164953 2.5987496054206476 87.5
      vertex -8.223542864692437 6.102222521132795 0
    endloop
  endfacet
  facet normal -0.3004659797731441 0.9529563397354648 0.03993005831388253
    outer loop
      vertex -8.223542864692437 6.102222521132795 0
      vertex -7.317676206833616 2.721482129121056 87.5
      vertex -7.973939570022994 6.180922137642275 0
    endloop
  endfacet
  facet normal -0.38237823360267986 0.9231427175198559 0.03993005831388255
    outer loop
      vertex -7.973939570022994 6.180922137642275 0
      vertex -6.776869068383153 2.891997964891595 87.5
      vertex -7.732145214777901 6.281076638890051 0
    endloop
  endfacet
  facet normal -0.4613803581882092 0.8863034218151081 0.03993005831388255
    outer loop
      vertex -7.732145214777901 6.281076638890051 0
      vertex -6.252981298685453 3.108999384261775 87.5
      vertex -7.5 6.401923788646684 0
    endloop
  endfacet
  facet normal -0.5368710996588546 0.8427188219057067 0.039930058313882535
    outer loop
      vertex -7.5 6.401923788646684 0
      vertex -5.75 3.3708348754011492 87.5
      vertex -7.279270690946862 6.542543867133025 0
    endloop
  endfacet
  facet normal -0.6082759278894562 0.7927206229140699 0.039930058313882556
    outer loop
      vertex -7.279270690946862 6.542543867133025 0
      vertex -5.2717531637182 3.675511712121553 87.5
      vertex -7.071637170940383 6.701866670643065 0
    endloop
  endfacet
  facet normal -0.6750514090217752 0.7366893413242557 0.039930058313882535
    outer loop
      vertex -7.071637170940383 6.701866670643065 0
      vertex -4.821880537037495 4.020711119726643 87.5
      vertex -6.878679656440357 6.878679656440357 0
    endloop
  endfacet
  facet normal -1 0 0
    outer loop
      vertex -9 6 0
      vertex -9 0.6962999993711709 86.7
      vertex -9 2.5 87.5
    endloop
  endfacet
  facet normal -0.043584599909398114 0.9982514578470636 0.03993005831388254
    outer loop
      vertex -8.738532771757026 6.011415905724763 0
      vertex -9 2.5 87.5
      vertex -8.433487672140222 2.5247344624036536 87.5
    endloop
  endfacet
  facet normal -0.13042209460578688 0.990654161492137 0.03993005831388255
    outer loop
      vertex -8.47905546699921 6.0455767409633765 0
      vertex -8.433487672140222 2.5247344624036536 87.5
      vertex -7.871286845164953 2.5987496054206476 87.5
    endloop
  endfacet
  facet normal -0.21626699841121147 0.9755173887949179 0.03993005831388252
    outer loop
      vertex -8.223542864692437 6.102222521132795 0
      vertex -7.871286845164953 2.5987496054206476 87.5
      vertex -7.317676206833616 2.721482129121056 87.5
    endloop
  endfacet
  facet normal -0.3004659797731408 0.9529563397354658 0.039930058313882535
    outer loop
      vertex -7.973939570022994 6.180922137642275 0
      vertex -7.317676206833616 2.721482129121056 87.5
      vertex -6.776869068383153 2.891997964891595 87.5
    endloop
  endfacet
  facet normal -0.3823782336026802 0.9231427175198557 0.03993005831388256
    outer loop
      vertex -7.732145214777901 6.281076638890051 0
      vertex -6.776869068383153 2.891997964891595 87.5
      vertex -6.252981298685453 3.108999384261775 87.5
    endloop
  endfacet
  facet normal -0.46138035818821144 0.886303421815107 0.039930058313882535
    outer loop
      vertex -7.5 6.401923788646684 0
      vertex -6.252981298685453 3.108999384261775 87.5
      vertex -5.75 3.3708348754011492 87.5
    endloop
  endfacet
  facet normal -1 0 0
    outer loop
      vertex -9 -2.462019383907318 87.93412044644356
      vertex -9 2.5 87.5
      vertex -9 0.6962999993711709 86.7
    endloop
  endfacet
  facet normal -1 0 0
    outer loop
      vertex -9 -0.43412044644355774 89.96201938390732
      vertex -9 -0.21788935363292694 89.99048674851656
      vertex -9 0.8550503551959991 89.84923154860735
    endloop
  endfacet
  facet normal -1 0 0
    outer loop
      vertex -9 -0.21788935363292694 89.99048674851656
      vertex -9 0 90
      vertex -9 0.647047609090805 89.91481456905603
    endloop
  endfacet
  facet normal -1 0 0
    outer loop
      vertex -9 0 90
      vertex -9 0.21788935363292694 89.99048674851656
      vertex -9 0.43412044644355774 89.96201938390732
    endloop
  endfacet
  facet normal -1 0 0
    outer loop
      vertex -9 0 90
      vertex -9 0.43412044644355774 89.96201938390732
      vertex -9 0.647047609090805 89.91481456905603
    endloop
  endfacet
  facet normal -1 0 0
    outer loop
      vertex -9 -0.21788935363292694 89.99048674851656
      vertex -9 0.647047609090805 89.91481456905603
      vertex -9 0.8550503551959991 89.84923154860735
    endloop
  endfacet
  facet normal -1 0 0
    outer loop
      vertex -9 -0.43412044644355774 89.96201938390732
      vertex -9 0.8550503551959991 89.84923154860735
      vertex -9 1.056545652449131 89.76576946675777
    endloop
  endfacet
  facet normal -1 0 0
    outer loop
      vertex -9 -0.647047609090805 89.91481456905603
      vertex -9 1.056545652449131 89.76576946675777
      vertex -9 1.25 89.66506350785494
    endloop
  endfacet
  facet normal -1 0 0
    outer loop
      vertex -9 -2.414814569056034 88.1470476090908
      vertex -9 2.4904867485165596 87.71788935363293
      vertex -9 2.5 87.5
    endloop
  endfacet
  facet normal -1 0 0
    outer loop
      vertex -9 -2.3492315486073494 88.355050355196
      vertex -9 2.462019383907318 87.93412044644356
      vertex -9 2.4904867485165596 87.71788935363293
    endloop
  endfacet
  facet normal -1 0 0
    outer loop
      vertex -9 -2.2657694667577744 88.55654565244913
      vertex -9 2.414814569056034 88.1470476090908
      vertex -9 2.462019383907318 87.93412044644356
    endloop
  endfacet
  facet normal -1 0 0
    outer loop
      vertex -9 -2.1650635078549385 88.75
      vertex -9 2.3492315486073494 88.355050355196
      vertex -9 2.414814569056034 88.1470476090908
    endloop
  endfacet
  facet normal -1 0 0
    outer loop
      vertex -9 -2.0478801131248474 88.93394108861685
      vertex -9 2.2657694667577744 88.55654565244913
      vertex -9 2.3492315486073494 88.355050355196
    endloop
  endfacet
  facet normal -1 0 0
    outer loop
      vertex -9 -1.9151111096143723 89.10696902126074
      vertex -9 2.1650635078549385 88.75
      vertex -9 2.2657694667577744 88.55654565244913
    endloop
  endfacet
  facet normal -1 0 0
    outer loop
      vertex -9 -1.6069690212607384 89.41511110961437
      vertex -9 1.9151111096143723 89.10696902126074
      vertex -9 2.0478801131248474 88.93394108861685
    endloop
  endfacet
  facet normal -1 0 0
    outer loop
      vertex -9 -1.7677669525146484 89.26776695251465
      vertex -9 2.0478801131248474 88.93394108861685
      vertex -9 2.1650635078549385 88.75
    endloop
  endfacet
  facet normal -1 0 0
    outer loop
      vertex -9 -1.25 89.66506350785494
      vertex -9 1.6069690212607384 89.41511110961437
      vertex -9 1.7677669525146484 89.26776695251465
    endloop
  endfacet
  facet normal -1 0 0
    outer loop
      vertex -9 -1.056545652449131 89.76576946675777
      vertex -9 1.433941088616848 89.54788011312485
      vertex -9 1.6069690212607384 89.41511110961437
    endloop
  endfacet
  facet normal -1 0 0
    outer loop
      vertex -9 -0.8550503551959991 89.84923154860735
      vertex -9 1.25 89.66506350785494
      vertex -9 1.433941088616848 89.54788011312485
    endloop
  endfacet
  facet normal -1 0 0
    outer loop
      vertex -9 -1.433941088616848 89.54788011312485
      vertex -9 1.7677669525146484 89.26776695251465
      vertex -9 1.9151111096143723 89.10696902126074
    endloop
  endfacet
  facet normal -0.0019044594991668295 0.043619293865400185 0.9990464104518367
    outer loop
      vertex -9 0 90
      vertex -8.234588623723761 0.2513079360340491 89.99048674851656
      vertex -9 0.21788935363292694 89.99048674851656
    endloop
  endfacet
  facet normal -0.005698804319209709 0.13052407803356328 0.9914287612747674
    outer loop
      vertex -9 0.21788935363292694 89.99048674851656
      vertex -8.25343440522281 0.4667162042545847 89.96201938390732
      vertex -9 0.43412044644355774 89.96201938390732
    endloop
  endfacet
  facet normal -0.00944953558494067 0.2164299475790406 0.9762524182137335
    outer loop
      vertex -9 0.43412044644355774 89.96201938390732
      vertex -8.271992230234481 0.6788331147634903 89.91481456905603
      vertex -9 0.647047609090805 89.91481456905603
    endloop
  endfacet
  facet normal -0.013127968524661382 0.3006799132160354 0.953634755150426
    outer loop
      vertex -9 0.647047609090805 89.91481456905603
      vertex -8.290120864064832 0.8860443476220077 89.84923154860735
      vertex -9 0.8550503551959991 89.84923154860735
    endloop
  endfacet
  facet normal -0.016705987250123625 0.3826300152319086 0.923750605647232
    outer loop
      vertex -9 0.8550503551959991 89.84923154860735
      vertex -8.30768233635709 1.086772894435999 89.76576946675777
      vertex -9 1.056545652449131 89.76576946675777
    endloop
  endfacet
  facet normal -0.013127968524661597 0.30067991321603604 0.9536347551504258
    outer loop
      vertex -9 0.647047609090805 89.91481456905603
      vertex -8.271992230234481 0.6788331147634903 89.91481456905603
      vertex -8.290120864064832 0.8860443476220077 89.84923154860735
    endloop
  endfacet
  facet normal -0.016705987250123015 0.38263001523190704 0.9237506056472329
    outer loop
      vertex -9 0.8550503551959991 89.84923154860735
      vertex -8.290120864064832 0.8860443476220077 89.84923154860735
      vertex -8.30768233635709 1.086772894435999 89.76576946675777
    endloop
  endfacet
  facet normal -0.020156284053054332 0.4616548042787342 0.8868306297707226
    outer loop
      vertex -9 1.056545652449131 89.76576946675777
      vertex -8.30768233635709 1.086772894435999 89.76576946675777
      vertex -8.324542993705649 1.279491089788972 89.66506350785494
    endloop
  endfacet
  facet normal -0.020156284053053967 0.46165480427873323 0.886830629770723
    outer loop
      vertex -9 1.056545652449131 89.76576946675777
      vertex -8.324542993705649 1.279491089788972 89.66506350785494
      vertex -9 1.25 89.66506350785494
    endloop
  endfacet
  facet normal -0.023452554782883953 0.5371518162589082 0.8431594771832385
    outer loop
      vertex -9 1.25 89.66506350785494
      vertex -8.340574515905864 1.4627322270303003 89.54788011312485
      vertex -9 1.433941088616848 89.54788011312485
    endloop
  endfacet
  facet normal -0.026569714727735675 0.6085465168127518 0.7930732545826734
    outer loop
      vertex -9 1.433941088616848 89.54788011312485
      vertex -8.355654893891533 1.6351017361519196 89.41511110961437
      vertex -9 1.6069690212607384 89.41511110961437
    endloop
  endfacet
  facet normal -0.029484081700598453 0.675296494681291 0.7369568055167368
    outer loop
      vertex -9 1.6069690212607384 89.41511110961437
      vertex -8.369669357022255 1.7952877827311857 89.26776695251465
      vertex -9 1.7677669525146484 89.26776695251465
    endloop
  endfacet
  facet normal -0.023452554782883564 0.5371518162589073 0.8431594771832391
    outer loop
      vertex -9 1.25 89.66506350785494
      vertex -8.324542993705649 1.279491089788972 89.66506350785494
      vertex -8.340574515905864 1.4627322270303003 89.54788011312485
    endloop
  endfacet
  facet normal -0.026569714727735675 0.6085465168127518 0.7930732545826734
    outer loop
      vertex -9 1.433941088616848 89.54788011312485
      vertex -8.340574515905864 1.4627322270303003 89.54788011312485
      vertex -8.355654893891533 1.6351017361519196 89.41511110961437
    endloop
  endfacet
  facet normal -0.02948408170059843 0.675296494681291 0.7369568055167369
    outer loop
      vertex -9 1.6069690212607384 89.41511110961437
      vertex -8.355654893891533 1.6351017361519196 89.41511110961437
      vertex -8.369669357022255 1.7952877827311857 89.26776695251465
    endloop
  endfacet
  facet normal -0.03217355873902463 0.7368956462172903 0.6752404525086371
    outer loop
      vertex -9 1.7677669525146484 89.26776695251465
      vertex -8.38251124647381 1.942071250828728 89.10696902126074
      vertex -9 1.9151111096143723 89.10696902126074
    endloop
  endfacet
  facet normal -0.034617793289855016 0.7928778213148829 0.6083965555907638
    outer loop
      vertex -9 1.9151111096143723 89.10696902126074
      vertex -8.394082827588631 2.0743350281967876 88.93394108861685
      vertex -9 2.0478801131248474 88.93394108861685
    endloop
  endfacet
  facet normal -0.03869871935201954 0.8863463950631958 0.46140272764580703
    outer loop
      vertex -9 2.2657694667577744 88.55654565244913
      vertex -9 2.1650635078549385 88.75
      vertex -8.413073136041316 2.2913952470565464 88.55654565244913
    endloop
  endfacet
  facet normal -0.036798326050825954 0.8428202324428521 0.5369356935284093
    outer loop
      vertex -9 2.0478801131248474 88.93394108861685
      vertex -8.404296033394024 2.191072504731296 88.75
      vertex -9 2.1650635078549385 88.75
    endloop
  endfacet
  facet normal -0.032173558739024534 0.7368956462172902 0.6752404525086371
    outer loop
      vertex -9 1.7677669525146484 89.26776695251465
      vertex -8.369669357022255 1.7952877827311857 89.26776695251465
      vertex -8.38251124647381 1.942071250828728 89.10696902126074
    endloop
  endfacet
  facet normal -0.03461779328985498 0.7928778213148829 0.6083965555907638
    outer loop
      vertex -9 1.9151111096143723 89.10696902126074
      vertex -8.38251124647381 1.942071250828728 89.10696902126074
      vertex -8.394082827588631 2.0743350281967876 88.93394108861685
    endloop
  endfacet
  facet normal -0.03679832605082681 0.8428202324428533 0.5369356935284074
    outer loop
      vertex -9 2.0478801131248474 88.93394108861685
      vertex -8.394082827588631 2.0743350281967876 88.93394108861685
      vertex -8.404296033394024 2.191072504731296 88.75
    endloop
  endfacet
  facet normal -0.03869871935201936 0.8863463950631957 0.4614027276458074
    outer loop
      vertex -9 2.1650635078549385 88.75
      vertex -8.404296033394024 2.191072504731296 88.75
      vertex -8.413073136041316 2.2913952470565464 88.55654565244913
    endloop
  endfacet
  facet normal -0.0019044594991668585 0.04361929386540028 0.9990464104518368
    outer loop
      vertex -9 0 90
      vertex -8.215598315271077 0.034247717174290315 90
      vertex -8.234588623723761 0.2513079360340491 89.99048674851656
    endloop
  endfacet
  facet normal -0.005698804319209493 0.13052407803356267 0.9914287612747675
    outer loop
      vertex -9 0.21788935363292694 89.99048674851656
      vertex -8.234588623723761 0.2513079360340491 89.99048674851656
      vertex -8.25343440522281 0.4667162042545847 89.96201938390732
    endloop
  endfacet
  facet normal -0.00944953558494101 0.21642994757904163 0.9762524182137335
    outer loop
      vertex -9 0.43412044644355774 89.96201938390732
      vertex -8.25343440522281 0.4667162042545847 89.96201938390732
      vertex -8.271992230234481 0.6788331147634903 89.91481456905603
    endloop
  endfacet
  facet normal -0.005698884410767872 0.04328732470103484 0.9990464104518367
    outer loop
      vertex -8.234588623723761 0.2513079360340491 89.99048674851656
      vertex -8.215598315271077 0.034247717174290315 90
      vertex -7.47500249018901 0.35130934764665334 89.99048674851656
    endloop
  endfacet
  facet normal -0.017053041615727297 0.12953071098713403 0.9914287612747674
    outer loop
      vertex -8.234588623723761 0.2513079360340491 89.99048674851656
      vertex -7.512550625410505 0.5642554042888648 89.96201938390732
      vertex -8.25343440522281 0.4667162042545847 89.96201938390732
    endloop
  endfacet
  facet normal -0.03928399380662904 0.2983915575209664 0.9536347551504257
    outer loop
      vertex -8.271992230234481 0.6788331147634903 89.91481456905603
      vertex -7.585644336990874 0.9787904419029907 89.84923154860735
      vertex -8.290120864064832 0.8860443476220077 89.84923154860735
    endloop
  endfacet
  facet normal -0.028276690083235835 0.2147827849939898 0.9762524182137333
    outer loop
      vertex -8.25343440522281 0.4667162042545847 89.96201938390732
      vertex -7.54952503917999 0.7739477248907658 89.91481456905603
      vertex -8.271992230234481 0.6788331147634903 89.91481456905603
    endloop
  endfacet
  facet normal -0.04999081910004563 0.37971796977767214 0.9237506056472329
    outer loop
      vertex -8.290120864064832 0.8860443476220077 89.84923154860735
      vertex -7.620633628167337 1.1772245728333735 89.76576946675777
      vertex -8.30768233635709 1.086772894435999 89.76576946675777
    endloop
  endfacet
  facet normal -0.028276690083235148 0.2147827849939883 0.9762524182137338
    outer loop
      vertex -8.25343440522281 0.4667162042545847 89.96201938390732
      vertex -7.512550625410505 0.5642554042888648 89.96201938390732
      vertex -7.54952503917999 0.7739477248907658 89.91481456905603
    endloop
  endfacet
  facet normal -0.03928399380662886 0.298391557520966 0.953634755150426
    outer loop
      vertex -8.271992230234481 0.6788331147634903 89.91481456905603
      vertex -7.54952503917999 0.7739477248907658 89.91481456905603
      vertex -7.585644336990874 0.9787904419029907 89.84923154860735
    endloop
  endfacet
  facet normal -0.04999081910004714 0.37971796977767514 0.9237506056472314
    outer loop
      vertex -8.290120864064832 0.8860443476220077 89.84923154860735
      vertex -7.585644336990874 0.9787904419029907 89.84923154860735
      vertex -7.620633628167337 1.1772245728333735 89.76576946675777
    endloop
  endfacet
  facet normal -0.07950693261089635 0.6039151103693737 0.7930732545826732
    outer loop
      vertex -8.340574515905864 1.4627322270303003 89.54788011312485
      vertex -7.716213643106765 1.719285773878143 89.41511110961437
      vertex -8.355654893891533 1.6351017361519196 89.41511110961437
    endloop
  endfacet
  facet normal -0.09627581600814282 0.7312874253998198 0.6752404525086371
    outer loop
      vertex -8.369669357022255 1.7952877827311857 89.26776695251465
      vertex -7.769721955211856 2.0227464915181743 89.10696902126074
      vertex -8.38251124647381 1.942071250828728 89.10696902126074
    endloop
  endfacet
  facet normal -0.08822785343707797 0.6701570806015942 0.736956805516737
    outer loop
      vertex -8.355654893891533 1.6351017361519196 89.41511110961437
      vertex -7.744135910841619 1.8776408232453177 89.26776695251465
      vertex -8.369669357022255 1.7952877827311857 89.26776695251465
    endloop
  endfacet
  facet normal -0.10358991755983299 0.7868435423419586 0.608396555590764
    outer loop
      vertex -8.38251124647381 1.942071250828728 89.10696902126074
      vertex -7.792777050722104 2.1534984355349955 88.93394108861685
      vertex -8.394082827588631 2.0743350281967876 88.93394108861685
    endloop
  endfacet
  facet normal -0.1101149206717956 0.8364058615651928 0.5369356935284072
    outer loop
      vertex -8.394082827588631 2.0743350281967876 88.93394108861685
      vertex -7.813125733669809 2.2689015511894786 88.75
      vertex -8.404296033394024 2.191072504731296 88.75
    endloop
  endfacet
  facet normal -0.11580163743486485 0.8796007638061786 0.4614027276458074
    outer loop
      vertex -8.413073136041316 2.2913952470565464 88.55654565244913
      vertex -8.404296033394024 2.191072504731296 88.75
      vertex -7.830613139913487 2.3680775602915203 88.55654565244913
    endloop
  endfacet
  facet normal -0.06031545066682212 0.4581413324633808 0.8868306297707226
    outer loop
      vertex -8.30768233635709 1.086772894435999 89.76576946675777
      vertex -7.65422662308129 1.367739914155388 89.66506350785494
      vertex -8.324542993705649 1.279491089788972 89.66506350785494
    endloop
  endfacet
  facet normal -0.07017917624571347 0.5330637665960423 0.8431594771832392
    outer loop
      vertex -8.340574515905864 1.4627322270303003 89.54788011312485
      vertex -8.324542993705649 1.279491089788972 89.66506350785494
      vertex -7.686167657917677 1.5488865243227652 89.54788011312485
    endloop
  endfacet
  facet normal -0.06031545066682108 0.45814133246337874 0.8868306297707236
    outer loop
      vertex -8.30768233635709 1.086772894435999 89.76576946675777
      vertex -7.620633628167337 1.1772245728333735 89.76576946675777
      vertex -7.65422662308129 1.367739914155388 89.66506350785494
    endloop
  endfacet
  facet normal -0.0701791762457145 0.533063766596044 0.8431594771832379
    outer loop
      vertex -8.324542993705649 1.279491089788972 89.66506350785494
      vertex -7.65422662308129 1.367739914155388 89.66506350785494
      vertex -7.686167657917677 1.5488865243227652 89.54788011312485
    endloop
  endfacet
  facet normal -0.07950693261089557 0.6039151103693724 0.7930732545826743
    outer loop
      vertex -8.340574515905864 1.4627322270303003 89.54788011312485
      vertex -7.686167657917677 1.5488865243227652 89.54788011312485
      vertex -7.716213643106765 1.719285773878143 89.41511110961437
    endloop
  endfacet
  facet normal -0.09627581600814315 0.7312874253998204 0.6752404525086364
    outer loop
      vertex -8.369669357022255 1.7952877827311857 89.26776695251465
      vertex -7.744135910841619 1.8776408232453177 89.26776695251465
      vertex -7.769721955211856 2.0227464915181743 89.10696902126074
    endloop
  endfacet
  facet normal -0.10358991755983277 0.7868435423419582 0.6083965555907643
    outer loop
      vertex -8.38251124647381 1.942071250828728 89.10696902126074
      vertex -7.769721955211856 2.0227464915181743 89.10696902126074
      vertex -7.792777050722104 2.1534984355349955 88.93394108861685
    endloop
  endfacet
  facet normal -0.11011492067179558 0.8364058615651927 0.5369356935284072
    outer loop
      vertex -8.394082827588631 2.0743350281967876 88.93394108861685
      vertex -7.792777050722104 2.1534984355349955 88.93394108861685
      vertex -7.813125733669809 2.2689015511894786 88.75
    endloop
  endfacet
  facet normal -0.11580163743486484 0.8796007638061787 0.46140272764580753
    outer loop
      vertex -8.404296033394024 2.191072504731296 88.75
      vertex -7.813125733669809 2.2689015511894786 88.75
      vertex -7.830613139913487 2.3680775602915203 88.55654565244913
    endloop
  endfacet
  facet normal -0.08822785343707819 0.6701570806015945 0.7369568055167368
    outer loop
      vertex -8.355654893891533 1.6351017361519196 89.41511110961437
      vertex -7.716213643106765 1.719285773878143 89.41511110961437
      vertex -7.744135910841619 1.8776408232453177 89.26776695251465
    endloop
  endfacet
  facet normal -0.043577950279113355 0.9980991562740207 0.04357793586849922
    outer loop
      vertex -9 2.5 87.5
      vertex -9 2.4904867485165596 87.71788935363293
      vertex -8.433487672140222 2.5247344624036536 87.5
    endloop
  endfacet
  facet normal -0.043246918372754746 0.9905172791017259 0.13040407912398225
    outer loop
      vertex -9 2.4904867485165596 87.71788935363293
      vertex -9 2.462019383907318 87.93412044644356
      vertex -8.432658537641238 2.515257411714237 87.71788935363293
    endloop
  endfacet
  facet normal -0.041604127788950444 0.9528911887250895 0.30044546759937446
    outer loop
      vertex -9 2.414814569056034 88.1470476090908
      vertex -9 2.3492315486073494 88.355050355196
      vertex -8.426063272635021 2.4398731877426147 88.1470476090908
    endloop
  endfacet
  facet normal -0.04030467499486954 0.9231288265882128 0.38237246592220425
    outer loop
      vertex -9 2.2657694667577744 88.55654565244913
      vertex -8.420347335776182 2.3745397304867923 88.355050355196
      vertex -9 2.3492315486073494 88.355050355196
    endloop
  endfacet
  facet normal -0.04258733172959501 0.9754102612679211 0.21624324588157492
    outer loop
      vertex -9 2.414814569056034 88.1470476090908
      vertex -8.430177443334651 2.486898374021866 87.93412044644356
      vertex -9 2.462019383907318 87.93412044644356
    endloop
  endfacet
  facet normal -0.04357795027911365 0.9980991562740208 0.04357793586849848
    outer loop
      vertex -9 2.4904867485165596 87.71788935363293
      vertex -8.432658537641238 2.515257411714237 87.71788935363293
      vertex -8.433487672140222 2.5247344624036536 87.5
    endloop
  endfacet
  facet normal -0.04324691837275463 0.990517279101726 0.13040407912398255
    outer loop
      vertex -9 2.462019383907318 87.93412044644356
      vertex -8.430177443334651 2.486898374021866 87.93412044644356
      vertex -8.432658537641238 2.515257411714237 87.71788935363293
    endloop
  endfacet
  facet normal -0.042587331729595675 0.9754102612679214 0.21624324588157326
    outer loop
      vertex -9 2.414814569056034 88.1470476090908
      vertex -8.426063272635021 2.4398731877426147 88.1470476090908
      vertex -8.430177443334651 2.486898374021866 87.93412044644356
    endloop
  endfacet
  facet normal -0.041604127788950146 0.9528911887250892 0.3004454675993752
    outer loop
      vertex -9 2.3492315486073494 88.355050355196
      vertex -8.420347335776182 2.3745397304867923 88.355050355196
      vertex -8.426063272635021 2.4398731877426147 88.1470476090908
    endloop
  endfacet
  facet normal -0.040304674994869547 0.9231288265882127 0.38237246592220414
    outer loop
      vertex -9 2.2657694667577744 88.55654565244913
      vertex -8.413073136041316 2.2913952470565464 88.55654565244913
      vertex -8.420347335776182 2.3745397304867923 88.355050355196
    endloop
  endfacet
  facet normal -0.13040219632263297 0.9905030190260272 0.04357793586849825
    outer loop
      vertex -8.433487672140222 2.5247344624036536 87.5
      vertex -8.432658537641238 2.515257411714237 87.71788935363293
      vertex -7.871286845164953 2.5987496054206476 87.5
    endloop
  endfacet
  facet normal -0.12941161995624686 0.9829788445170761 0.13040407912398255
    outer loop
      vertex -8.432658537641238 2.515257411714237 87.71788935363293
      vertex -8.430177443334651 2.486898374021866 87.93412044644356
      vertex -7.869634886381166 2.589380881603401 87.71788935363293
    endloop
  endfacet
  facet normal -0.12449575083311819 0.9456391114074604 0.3004454675993751
    outer loop
      vertex -8.426063272635021 2.4398731877426147 88.1470476090908
      vertex -8.420347335776182 2.3745397304867923 88.355050355196
      vertex -7.856494550317761 2.5148583325833442 88.1470476090908
    endloop
  endfacet
  facet normal -0.1274378798793914 0.9679868002108537 0.21624324588157348
    outer loop
      vertex -8.426063272635021 2.4398731877426147 88.1470476090908
      vertex -7.864691580393791 2.5613460002283945 87.93412044644356
      vertex -8.430177443334651 2.486898374021866 87.93412044644356
    endloop
  endfacet
  facet normal -0.12060728207127021 0.916103258817451 0.38237246592220425
    outer loop
      vertex -8.413073136041316 2.2913952470565464 88.55654565244913
      vertex -7.845106178330954 2.450271665579521 88.355050355196
      vertex -8.420347335776182 2.3745397304867923 88.355050355196
    endloop
  endfacet
  facet normal -0.13040219632263372 0.9905030190260272 0.043577935868496426
    outer loop
      vertex -8.432658537641238 2.515257411714237 87.71788935363293
      vertex -7.869634886381166 2.589380881603401 87.71788935363293
      vertex -7.871286845164953 2.5987496054206476 87.5
    endloop
  endfacet
  facet normal -0.12941161995624645 0.982978844517076 0.13040407912398352
    outer loop
      vertex -8.430177443334651 2.486898374021866 87.93412044644356
      vertex -7.864691580393791 2.5613460002283945 87.93412044644356
      vertex -7.869634886381166 2.589380881603401 87.71788935363293
    endloop
  endfacet
  facet normal -0.12449575083311806 0.9456391114074602 0.30044546759937524
    outer loop
      vertex -8.420347335776182 2.3745397304867923 88.355050355196
      vertex -7.845106178330954 2.450271665579521 88.355050355196
      vertex -7.856494550317761 2.5148583325833442 88.1470476090908
    endloop
  endfacet
  facet normal -0.1274378798793908 0.9679868002108534 0.21624324588157484
    outer loop
      vertex -8.426063272635021 2.4398731877426147 88.1470476090908
      vertex -7.856494550317761 2.5148583325833442 88.1470476090908
      vertex -7.864691580393791 2.5613460002283945 87.93412044644356
    endloop
  endfacet
  facet normal -0.12060728207127037 0.9161032588174514 0.38237246592220403
    outer loop
      vertex -8.413073136041316 2.2913952470565464 88.55654565244913
      vertex -7.830613139913487 2.3680775602915203 88.55654565244913
      vertex -7.845106178330954 2.450271665579521 88.355050355196
    endloop
  endfacet
  facet normal -0.005698884410767798 0.04328732470103467 0.9990464104518368
    outer loop
      vertex -8.215598315271077 0.034247717174290315 90
      vertex -7.4371664009976275 0.1367302228901277 90
      vertex -7.47500249018901 0.35130934764665334 89.99048674851656
    endloop
  endfacet
  facet normal -0.017053041615727616 0.12953071098713476 0.9914287612747673
    outer loop
      vertex -8.234588623723761 0.2513079360340491 89.99048674851656
      vertex -7.47500249018901 0.35130934764665334 89.99048674851656
      vertex -7.512550625410505 0.5642554042888648 89.96201938390732
    endloop
  endfacet
  facet normal -0.009449937370922213 0.0426259128580931 0.9990464104518367
    outer loop
      vertex -7.4371664009976275 0.1367302228901277 90
      vertex -6.727022508522593 0.5171325173458605 89.99048674851656
      vertex -7.47500249018901 0.35130934764665334 89.99048674851656
    endloop
  endfacet
  facet normal -0.028277494968641508 0.12755153701731248 0.9914287612747674
    outer loop
      vertex -7.47500249018901 0.35130934764665334 89.99048674851656
      vertex -6.782987233485315 0.7259957143383584 89.96201938390732
      vertex -7.512550625410505 0.5642554042888648 89.96201938390732
    endloop
  endfacet
  facet normal -0.028277494968641122 0.12755153701731178 0.9914287612747675
    outer loop
      vertex -7.47500249018901 0.35130934764665334 89.99048674851656
      vertex -6.727022508522593 0.5171325173458605 89.99048674851656
      vertex -6.782987233485315 0.7259957143383584 89.96201938390732
    endloop
  endfacet
  facet normal -0.046888641896063704 0.21150099572574077 0.9762524182137338
    outer loop
      vertex -7.512550625410505 0.5642554042888648 89.96201938390732
      vertex -6.838096838398064 0.9316675598577877 89.91481456905603
      vertex -7.54952503917999 0.7739477248907658 89.91481456905603
    endloop
  endfacet
  facet normal -0.06514104417540201 0.2938322618994135 0.9536347551504258
    outer loop
      vertex -7.585644336990874 0.9787904419029907 89.84923154860735
      vertex -7.54952503917999 0.7739477248907658 89.91481456905603
      vertex -6.891931910523713 1.1325827842598422 89.84923154860735
    endloop
  endfacet
  facet normal -0.046888641896063996 0.21150099572574124 0.9762524182137337
    outer loop
      vertex -7.512550625410505 0.5642554042888648 89.96201938390732
      vertex -6.782987233485315 0.7259957143383584 89.96201938390732
      vertex -6.838096838398064 0.9316675598577877 89.91481456905603
    endloop
  endfacet
  facet normal -0.06514104417540215 0.2938322618994138 0.9536347551504258
    outer loop
      vertex -7.54952503917999 0.7739477248907658 89.91481456905603
      vertex -6.838096838398064 0.9316675598577877 89.91481456905603
      vertex -6.891931910523713 1.1325827842598422 89.84923154860735
    endloop
  endfacet
  facet normal -0.08289519063133484 0.3739160412934518 0.9237506056472322
    outer loop
      vertex -7.585644336990874 0.9787904419029907 89.84923154860735
      vertex -6.891931910523713 1.1325827842598422 89.84923154860735
      vertex -6.944082730951417 1.3272122957524353 89.76576946675777
    endloop
  endfacet
  facet normal -0.08289519063133582 0.37391604129345346 0.9237506056472314
    outer loop
      vertex -7.585644336990874 0.9787904419029907 89.84923154860735
      vertex -6.944082730951417 1.3272122957524353 89.76576946675777
      vertex -7.620633628167337 1.1772245728333735 89.76576946675777
    endloop
  endfacet
  facet normal -0.1000155802815488 0.45114112847467897 0.8868306297707235
    outer loop
      vertex -7.620633628167337 1.1772245728333735 89.76576946675777
      vertex -6.994152400455464 1.5140748462597209 89.66506350785494
      vertex -7.65422662308129 1.367739914155388 89.66506350785494
    endloop
  endfacet
  facet normal -0.1318390547292876 0.5946875452821696 0.7930732545826743
    outer loop
      vertex -7.686167657917677 1.5488865243227652 89.54788011312485
      vertex -7.08654278166935 1.858880443080599 89.41511110961437
      vertex -7.716213643106765 1.719285773878143 89.41511110961437
    endloop
  endfacet
  facet normal -0.11637169180196855 0.5249187797966811 0.8431594771832379
    outer loop
      vertex -7.65422662308129 1.367739914155388 89.66506350785494
      vertex -7.0417598573663955 1.69174829427046 89.54788011312485
      vertex -7.686167657917677 1.5488865243227652 89.54788011312485
    endloop
  endfacet
  facet normal -0.17177366000787667 0.7748209089026912 0.6083965555907643
    outer loop
      vertex -7.792777050722104 2.1534984355349955 88.93394108861685
      vertex -7.769721955211856 2.0227464915181743 89.10696902126074
      vertex -7.200658969440728 2.284767853809454 88.93394108861685
    endloop
  endfacet
  facet normal -0.18259347425724443 0.8236259370453539 0.5369356935284073
    outer loop
      vertex -7.792777050722104 2.1534984355349955 88.93394108861685
      vertex -7.230988263766642 2.3979583211914752 88.75
      vertex -7.813125733669809 2.2689015511894786 88.75
    endloop
  endfacet
  facet normal -0.14630015793546572 0.6599173664866114 0.7369568055167368
    outer loop
      vertex -7.716213643106765 1.719285773878143 89.41511110961437
      vertex -7.1281603486909475 2.014199317692605 89.26776695251465
      vertex -7.744135910841619 1.8776408232453177 89.26776695251465
    endloop
  endfacet
  facet normal -0.1596453561845118 0.7201136657116376 0.6752404525086366
    outer loop
      vertex -7.769721955211856 2.0227464915181743 89.10696902126074
      vertex -7.744135910841619 1.8776408232453177 89.26776695251465
      vertex -7.166295822732934 2.1565228443880224 89.10696902126074
    endloop
  endfacet
  facet normal -0.17177366000787797 0.7748209089026926 0.6083965555907622
    outer loop
      vertex -7.769721955211856 2.0227464915181743 89.10696902126074
      vertex -7.166295822732934 2.1565228443880224 89.10696902126074
      vertex -7.200658969440728 2.284767853809454 88.93394108861685
    endloop
  endfacet
  facet normal -0.18259347425724312 0.8236259370453527 0.5369356935284098
    outer loop
      vertex -7.792777050722104 2.1534984355349955 88.93394108861685
      vertex -7.200658969440728 2.284767853809454 88.93394108861685
      vertex -7.230988263766642 2.3979583211914752 88.75
    endloop
  endfacet
  facet normal -0.1000155802815495 0.45114112847468013 0.886830629770723
    outer loop
      vertex -7.620633628167337 1.1772245728333735 89.76576946675777
      vertex -6.944082730951417 1.3272122957524353 89.76576946675777
      vertex -6.994152400455464 1.5140748462597209 89.66506350785494
    endloop
  endfacet
  facet normal -0.11637169180196841 0.5249187797966809 0.843159477183238
    outer loop
      vertex -7.65422662308129 1.367739914155388 89.66506350785494
      vertex -6.994152400455464 1.5140748462597209 89.66506350785494
      vertex -7.0417598573663955 1.69174829427046 89.54788011312485
    endloop
  endfacet
  facet normal -0.1318390547292886 0.594687545282171 0.7930732545826731
    outer loop
      vertex -7.686167657917677 1.5488865243227652 89.54788011312485
      vertex -7.0417598573663955 1.69174829427046 89.54788011312485
      vertex -7.08654278166935 1.858880443080599 89.41511110961437
    endloop
  endfacet
  facet normal -0.1596453561845111 0.7201136657116367 0.6752404525086375
    outer loop
      vertex -7.744135910841619 1.8776408232453177 89.26776695251465
      vertex -7.1281603486909475 2.014199317692605 89.26776695251465
      vertex -7.166295822732934 2.1565228443880224 89.10696902126074
    endloop
  endfacet
  facet normal -0.14630015793546536 0.6599173664866108 0.7369568055167373
    outer loop
      vertex -7.716213643106765 1.719285773878143 89.41511110961437
      vertex -7.08654278166935 1.858880443080599 89.41511110961437
      vertex -7.1281603486909475 2.014199317692605 89.26776695251465
    endloop
  endfacet
  facet normal -0.23865010118349322 0.7569014204970189 0.6083965555907621
    outer loop
      vertex -7.200658969440728 2.284767853809454 88.93394108861685
      vertex -7.166295822732934 2.1565228443880224 89.10696902126074
      vertex -6.622234959873729 2.467144243484455 88.93394108861685
    endloop
  endfacet
  facet normal -0.009449937370922283 0.04262591285809323 0.9990464104518368
    outer loop
      vertex -7.4371664009976275 0.1367302228901277 90
      vertex -6.670628594077313 0.30666756339838486 90
      vertex -6.727022508522593 0.5171325173458605 89.99048674851656
    endloop
  endfacet
  facet normal -0.09050233186476388 0.2870367253440358 0.9536347551504258
    outer loop
      vertex -6.838096838398064 0.9316675598577877 89.91481456905603
      vertex -6.214263155103781 1.3462509221048746 89.84923154860735
      vertex -6.891931910523713 1.1325827842598422 89.84923154860735
    endloop
  endfacet
  facet normal -0.013129070601656016 0.04164009208007162 0.9990464104518367
    outer loop
      vertex -6.727022508522593 0.5171325173458605 89.99048674851656
      vertex -6.670628594077313 0.30666756339838486 90
      vertex -5.996341258027653 0.7475154306834977 89.99048674851656
    endloop
  endfacet
  facet normal -0.039286739510425675 0.12460161883306389 0.9914287612747674
    outer loop
      vertex -6.727022508522593 0.5171325173458605 89.99048674851656
      vertex -6.070296647382211 0.9507061929821194 89.96201938390732
      vertex -6.782987233485315 0.7259957143383584 89.96201938390732
    endloop
  endfacet
  facet normal -0.06514374283192757 0.20660955617222806 0.9762524182137337
    outer loop
      vertex -6.838096838398064 0.9316675598577877 89.91481456905603
      vertex -6.782987233485315 0.7259957143383584 89.96201938390732
      vertex -6.14312202606875 1.1507922764866185 89.91481456905603
    endloop
  endfacet
  facet normal -0.03928673951042633 0.12460161883306486 0.9914287612747674
    outer loop
      vertex -6.727022508522593 0.5171325173458605 89.99048674851656
      vertex -5.996341258027653 0.7475154306834977 89.99048674851656
      vertex -6.070296647382211 0.9507061929821194 89.96201938390732
    endloop
  endfacet
  facet normal -0.0651437428319277 0.20660955617222823 0.9762524182137337
    outer loop
      vertex -6.782987233485315 0.7259957143383584 89.96201938390732
      vertex -6.070296647382211 0.9507061929821194 89.96201938390732
      vertex -6.14312202606875 1.1507922764866185 89.91481456905603
    endloop
  endfacet
  facet normal -0.09050233186476335 0.28703672534403507 0.9536347551504262
    outer loop
      vertex -6.838096838398064 0.9316675598577877 89.91481456905603
      vertex -6.14312202606875 1.1507922764866185 89.91481456905603
      vertex -6.214263155103781 1.3462509221048746 89.84923154860735
    endloop
  endfacet
  facet normal -0.1616785485164624 0.5127788441284395 0.8431594771832381
    outer loop
      vertex -6.994152400455464 1.5140748462597209 89.66506350785494
      vertex -6.412255446718282 1.890230272541789 89.54788011312485
      vertex -7.0417598573663955 1.69174829427046 89.54788011312485
    endloop
  endfacet
  facet normal -0.11516867970843515 0.3652683859583082 0.9237506056472322
    outer loop
      vertex -6.891931910523713 1.1325827842598422 89.84923154860735
      vertex -6.283178605549745 1.5355945660567052 89.76576946675777
      vertex -6.944082730951417 1.3272122957524353 89.76576946675777
    endloop
  endfacet
  facet normal -0.1389545309392762 0.44070746809182687 0.886830629770723
    outer loop
      vertex -6.994152400455464 1.5140748462597209 89.66506350785494
      vertex -6.944082730951417 1.3272122957524353 89.76576946675777
      vertex -6.349343889226068 1.7173821889092098 89.66506350785494
    endloop
  endfacet
  facet normal -0.18316780203459482 0.5809340488932132 0.7930732545826732
    outer loop
      vertex -7.0417598573663955 1.69174829427046 89.54788011312485
      vertex -6.471434485040489 2.052823344037094 89.41511110961437
      vertex -7.08654278166935 1.858880443080599 89.41511110961437
    endloop
  endfacet
  facet normal -0.22179989880381543 0.7034594062108683 0.6752404525086376
    outer loop
      vertex -7.1281603486909475 2.014199317692605 89.26776695251465
      vertex -6.576825286263869 2.342382190616563 89.10696902126074
      vertex -7.166295822732934 2.1565228443880224 89.10696902126074
    endloop
  endfacet
  facet normal -0.2032590298935156 0.6446552827436637 0.7369568055167371
    outer loop
      vertex -7.1281603486909475 2.014199317692605 89.26776695251465
      vertex -7.08654278166935 1.858880443080599 89.41511110961437
      vertex -6.526430616534422 2.2039239734740326 89.26776695251465
    endloop
  endfacet
  facet normal -0.18316780203459468 0.5809340488932129 0.7930732545826732
    outer loop
      vertex -7.0417598573663955 1.69174829427046 89.54788011312485
      vertex -6.412255446718282 1.890230272541789 89.54788011312485
      vertex -6.471434485040489 2.052823344037094 89.41511110961437
    endloop
  endfacet
  facet normal -0.22179989880381545 0.7034594062108684 0.6752404525086377
    outer loop
      vertex -7.1281603486909475 2.014199317692605 89.26776695251465
      vertex -6.526430616534422 2.2039239734740326 89.26776695251465
      vertex -6.576825286263869 2.342382190616563 89.10696902126074
    endloop
  endfacet
  facet normal -0.2032590298935168 0.6446552827436649 0.7369568055167357
    outer loop
      vertex -7.08654278166935 1.858880443080599 89.41511110961437
      vertex -6.471434485040489 2.052823344037094 89.41511110961437
      vertex -6.526430616534422 2.2039239734740326 89.26776695251465
    endloop
  endfacet
  facet normal -0.11516867970843601 0.36526838595830935 0.9237506056472315
    outer loop
      vertex -6.891931910523713 1.1325827842598422 89.84923154860735
      vertex -6.214263155103781 1.3462509221048746 89.84923154860735
      vertex -6.283178605549745 1.5355945660567052 89.76576946675777
    endloop
  endfacet
  facet normal -0.13895453093927518 0.4407074680918254 0.8868306297707239
    outer loop
      vertex -6.944082730951417 1.3272122957524353 89.76576946675777
      vertex -6.283178605549745 1.5355945660567052 89.76576946675777
      vertex -6.349343889226068 1.7173821889092098 89.66506350785494
    endloop
  endfacet
  facet normal -0.1616785485164617 0.5127788441284387 0.8431594771832389
    outer loop
      vertex -6.994152400455464 1.5140748462597209 89.66506350785494
      vertex -6.349343889226068 1.7173821889092098 89.66506350785494
      vertex -6.412255446718282 1.890230272541789 89.54788011312485
    endloop
  endfacet
  facet normal -0.23310253176667348 0.5627592936146089 0.7930732545826732
    outer loop
      vertex -6.471434485040489 2.052823344037094 89.41511110961437
      vertex -6.412255446718282 1.890230272541789 89.54788011312485
      vertex -5.875570098770071 2.2996384541654216 89.41511110961437
    endloop
  endfacet
  facet normal -0.25867097790291893 0.6244869830455363 0.7369568055167357
    outer loop
      vertex -6.526430616534422 2.2039239734740326 89.26776695251465
      vertex -6.471434485040489 2.052823344037094 89.41511110961437
      vertex -5.943526240968099 2.4453708714002245 89.26776695251465
    endloop
  endfacet
  facet normal -0.21131854881420667 0.953196375117771 0.216243245881575
    outer loop
      vertex -7.856494550317761 2.5148583325833442 88.1470476090908
      vertex -7.3078461000441015 2.6847956711387644 87.93412044644356
      vertex -7.864691580393791 2.5613460002283945 87.93412044644356
    endloop
  endfacet
  facet normal -0.20643988604085506 0.9311901494595138 0.3004454675993752
    outer loop
      vertex -7.856494550317761 2.5148583325833442 88.1470476090908
      vertex -7.845106178330954 2.450271665579521 88.355050355196
      vertex -7.295628594940052 2.6391993213487153 88.1470476090908
    endloop
  endfacet
  facet normal -0.19999199490644012 0.9021055920888172 0.38237246592220414
    outer loop
      vertex -7.830613139913487 2.3680775602915203 88.55654565244913
      vertex -7.278654460212584 2.575850988131287 88.355050355196
      vertex -7.845106178330954 2.450271665579521 88.355050355196
    endloop
  endfacet
  facet normal -0.21623400291313663 0.975368555721171 0.04357793586849638
    outer loop
      vertex -7.869634886381166 2.589380881603401 87.71788935363293
      vertex -7.317676206833616 2.721482129121056 87.5
      vertex -7.871286845164953 2.5987496054206476 87.5
    endloop
  endfacet
  facet normal -0.21459142097099415 0.9679593473867978 0.13040407912398355
    outer loop
      vertex -7.869634886381166 2.589380881603401 87.71788935363293
      vertex -7.864691580393791 2.5613460002283945 87.93412044644356
      vertex -7.3152139961688505 2.7122930338212177 87.71788935363293
    endloop
  endfacet
  facet normal -0.20643988604085603 0.9311901494595142 0.3004454675993731
    outer loop
      vertex -7.845106178330954 2.450271665579521 88.355050355196
      vertex -7.278654460212584 2.575850988131287 88.355050355196
      vertex -7.295628594940052 2.6391993213487153 88.1470476090908
    endloop
  endfacet
  facet normal -0.19999199490643965 0.9021055920888168 0.38237246592220503
    outer loop
      vertex -7.830613139913487 2.3680775602915203 88.55654565244913
      vertex -7.257052883886008 2.4952328077569303 88.55654565244913
      vertex -7.278654460212584 2.575850988131287 88.355050355196
    endloop
  endfacet
  facet normal -0.21459142097099562 0.9679593473867979 0.13040407912397992
    outer loop
      vertex -7.864691580393791 2.5613460002283945 87.93412044644356
      vertex -7.3078461000441015 2.6847956711387644 87.93412044644356
      vertex -7.3152139961688505 2.7122930338212177 87.71788935363293
    endloop
  endfacet
  facet normal -0.21623400291313427 0.9753685557211711 0.043577935868502386
    outer loop
      vertex -7.869634886381166 2.589380881603401 87.71788935363293
      vertex -7.3152139961688505 2.7122930338212177 87.71788935363293
      vertex -7.317676206833616 2.721482129121056 87.5
    endloop
  endfacet
  facet normal -0.2113185488142068 0.9531963751177711 0.21624324588157462
    outer loop
      vertex -7.856494550317761 2.5148583325833442 88.1470476090908
      vertex -7.295628594940052 2.6391993213487153 88.1470476090908
      vertex -7.3078461000441015 2.6847956711387644 87.93412044644356
    endloop
  endfacet
  facet normal -0.19202323513388944 0.8661608396191344 0.46140272764580736
    outer loop
      vertex -7.813125733669809 2.2689015511894786 88.75
      vertex -7.257052883886008 2.4952328077569303 88.55654565244913
      vertex -7.830613139913487 2.3680775602915203 88.55654565244913
    endloop
  endfacet
  facet normal -0.19202323513388886 0.866160839619134 0.46140272764580853
    outer loop
      vertex -7.813125733669809 2.2689015511894786 88.75
      vertex -7.230988263766642 2.3979583211914752 88.75
      vertex -7.257052883886008 2.4952328077569303 88.55654565244913
    endloop
  endfacet
  facet normal -0.30042013817580976 0.9528109487636401 0.04357793586850268
    outer loop
      vertex -7.317676206833616 2.721482129121056 87.5
      vertex -7.3152139961688505 2.7122930338212177 87.71788935363293
      vertex -6.776869068383153 2.891997964891595 87.5
    endloop
  endfacet
  facet normal -0.29813805169831625 0.9455730951530711 0.13040407912397992
    outer loop
      vertex -7.3152139961688505 2.7122930338212177 87.71788935363293
      vertex -7.3078461000441015 2.6847956711387644 87.93412044644356
      vertex -6.773615344747293 2.883058432672926 87.71788935363293
    endloop
  endfacet
  facet normal -0.2935909559949201 0.9311515500543345 0.21624324588157437
    outer loop
      vertex -7.295628594940052 2.6391993213487153 88.1470476090908
      vertex -6.763878932623538 2.8563078602163996 87.93412044644356
      vertex -7.3078461000441015 2.6847956711387644 87.93412044644356
    endloop
  endfacet
  facet normal -0.28681288906401137 0.9096542682061957 0.30044546759937313
    outer loop
      vertex -7.278654460212584 2.575850988131287 88.355050355196
      vertex -6.747733935082439 2.811949844035083 88.1470476090908
      vertex -7.295628594940052 2.6391993213487153 88.1470476090908
    endloop
  endfacet
  facet normal -0.27785464790190245 0.8812423570981379 0.38237246592220536
    outer loop
      vertex -7.278654460212584 2.575850988131287 88.355050355196
      vertex -7.257052883886008 2.4952328077569303 88.55654565244913
      vertex -6.72530322102885 2.7503219636706024 88.355050355196
    endloop
  endfacet
  facet normal -0.25368238125064296 0.8045777218256601 0.5369356935284098
    outer loop
      vertex -7.200658969440728 2.284767853809454 88.93394108861685
      vertex -6.662314041334703 2.577260614790964 88.75
      vertex -7.230988263766642 2.3979583211914752 88.75
    endloop
  endfacet
  facet normal -0.2667834200667457 0.8461289084403737 0.4614027276458084
    outer loop
      vertex -7.257052883886008 2.4952328077569303 88.55654565244913
      vertex -7.230988263766642 2.3979583211914752 88.75
      vertex -6.6967575078324 2.6718932612411272 88.55654565244913
    endloop
  endfacet
  facet normal -0.2981380516983154 0.9455730951530711 0.1304040791239821
    outer loop
      vertex -7.3078461000441015 2.6847956711387644 87.93412044644356
      vertex -6.763878932623538 2.8563078602163996 87.93412044644356
      vertex -6.773615344747293 2.883058432672926 87.71788935363293
    endloop
  endfacet
  facet normal -0.300420138175812 0.9528109487636398 0.04357793586849691
    outer loop
      vertex -7.3152139961688505 2.7122930338212177 87.71788935363293
      vertex -6.773615344747293 2.883058432672926 87.71788935363293
      vertex -6.776869068383153 2.891997964891595 87.5
    endloop
  endfacet
  facet normal -0.2868128890640102 0.9096542682061951 0.3004454675993754
    outer loop
      vertex -7.278654460212584 2.575850988131287 88.355050355196
      vertex -6.72530322102885 2.7503219636706024 88.355050355196
      vertex -6.747733935082439 2.811949844035083 88.1470476090908
    endloop
  endfacet
  facet normal -0.2935909559949197 0.9311515500543345 0.21624324588157554
    outer loop
      vertex -7.295628594940052 2.6391993213487153 88.1470476090908
      vertex -6.747733935082439 2.811949844035083 88.1470476090908
      vertex -6.763878932623538 2.8563078602163996 87.93412044644356
    endloop
  endfacet
  facet normal -0.2778546479019033 0.8812423570981384 0.3823724659222036
    outer loop
      vertex -7.257052883886008 2.4952328077569303 88.55654565244913
      vertex -6.6967575078324 2.6718932612411272 88.55654565244913
      vertex -6.72530322102885 2.7503219636706024 88.355050355196
    endloop
  endfacet
  facet normal -0.25368238125064335 0.8045777218256605 0.536935693528409
    outer loop
      vertex -7.200658969440728 2.284767853809454 88.93394108861685
      vertex -6.622234959873729 2.467144243484455 88.93394108861685
      vertex -6.662314041334703 2.577260614790964 88.75
    endloop
  endfacet
  facet normal -0.2667834200667471 0.8461289084403746 0.46140272764580587
    outer loop
      vertex -7.230988263766642 2.3979583211914752 88.75
      vertex -6.662314041334703 2.577260614790964 88.75
      vertex -6.6967575078324 2.6718932612411272 88.55654565244913
    endloop
  endfacet
  facet normal -0.2386501011834916 0.7569014204970175 0.6083965555907644
    outer loop
      vertex -7.166295822732934 2.1565228443880224 89.10696902126074
      vertex -6.576825286263869 2.342382190616563 89.10696902126074
      vertex -6.622234959873729 2.467144243484455 88.93394108861685
    endloop
  endfacet
  facet normal -0.3650030728190329 0.8811953687075623 0.3004454675993754
    outer loop
      vertex -6.747733935082439 2.811949844035083 88.1470476090908
      vertex -6.72530322102885 2.7503219636706024 88.355050355196
      vertex -6.216980379934283 3.031795164855186 88.1470476090908
    endloop
  endfacet
  facet normal -0.35360265925361156 0.853672335661258 0.38237246592220336
    outer loop
      vertex -6.72530322102885 2.7503219636706024 88.355050355196
      vertex -6.6967575078324 2.6718932612411272 88.55654565244913
      vertex -6.189263797832554 2.97235676272516 88.355050355196
    endloop
  endfacet
  facet normal -0.35360265925361095 0.8536723356612579 0.38237246592220464
    outer loop
      vertex -6.6967575078324 2.6718932612411272 88.55654565244913
      vertex -6.153991197880027 2.8967144280226 88.55654565244913
      vertex -6.189263797832554 2.97235676272516 88.355050355196
    endloop
  endfacet
  facet normal -0.303710270988228 0.7332214552517885 0.6083965555907647
    outer loop
      vertex -6.622234959873729 2.467144243484455 88.93394108861685
      vertex -6.576825286263869 2.342382190616563 89.10696902126074
      vertex -6.0619071779958755 2.699239610112695 88.93394108861685
    endloop
  endfacet
  facet normal -0.3228406121451127 0.7794061843255642 0.5369356935284091
    outer loop
      vertex -6.662314041334703 2.577260614790964 88.75
      vertex -6.622234959873729 2.467144243484455 88.93394108861685
      vertex -6.1114310205815805 2.805443833267966 88.75
    endloop
  endfacet
  facet normal -0.33951322208466267 0.8196574253617792 0.461402727645806
    outer loop
      vertex -6.6967575078324 2.6718932612411272 88.55654565244913
      vertex -6.662314041334703 2.577260614790964 88.75
      vertex -6.153991197880027 2.8967144280226 88.55654565244913
    endloop
  endfacet
  facet normal -0.2822664102667821 0.6814513958684324 0.6752404525086375
    outer loop
      vertex -6.526430616534422 2.2039239734740326 89.26776695251465
      vertex -6.005796572519233 2.5789100283540556 89.10696902126074
      vertex -6.576825286263869 2.342382190616563 89.10696902126074
    endloop
  endfacet
  facet normal -0.32284061214511284 0.7794061843255643 0.5369356935284089
    outer loop
      vertex -6.622234959873729 2.467144243484455 88.93394108861685
      vertex -6.0619071779958755 2.699239610112695 88.93394108861685
      vertex -6.1114310205815805 2.805443833267966 88.75
    endloop
  endfacet
  facet normal -0.3395132220846611 0.8196574253617784 0.46140272764580853
    outer loop
      vertex -6.662314041334703 2.577260614790964 88.75
      vertex -6.1114310205815805 2.805443833267966 88.75
      vertex -6.153991197880027 2.8967144280226 88.55654565244913
    endloop
  endfacet
  facet normal -0.37941567183153374 0.9159904607125842 0.13040407912398164
    outer loop
      vertex -6.763878932623538 2.8563078602163996 87.93412044644356
      vertex -6.248960824880021 3.100377450362296 87.71788935363293
      vertex -6.773615344747293 2.883058432672926 87.71788935363293
    endloop
  endfacet
  facet normal -0.38231989478832895 0.9230018751630369 0.04357793586849708
    outer loop
      vertex -6.776869068383153 2.891997964891595 87.5
      vertex -6.773615344747293 2.883058432672926 87.71788935363293
      vertex -6.252981298685453 3.108999384261775 87.5
    endloop
  endfacet
  facet normal -0.3794156718315321 0.9159904607125843 0.13040407912398572
    outer loop
      vertex -6.763878932623538 2.8563078602163996 87.93412044644356
      vertex -6.236929996732524 3.074577256140528 87.93412044644356
      vertex -6.248960824880021 3.100377450362296 87.71788935363293
    endloop
  endfacet
  facet normal -0.3823198947883299 0.9230018751630367 0.04357793586849465
    outer loop
      vertex -6.773615344747293 2.883058432672926 87.71788935363293
      vertex -6.248960824880021 3.100377450362296 87.71788935363293
      vertex -6.252981298685453 3.108999384261775 87.5
    endloop
  endfacet
  facet normal -0.3736289587254449 0.9020200994503061 0.21624324588157565
    outer loop
      vertex -6.763878932623538 2.8563078602163996 87.93412044644356
      vertex -6.747733935082439 2.811949844035083 88.1470476090908
      vertex -6.236929996732524 3.074577256140528 87.93412044644356
    endloop
  endfacet
  facet normal -0.37362895872544544 0.9020200994503064 0.21624324588157437
    outer loop
      vertex -6.747733935082439 2.811949844035083 88.1470476090908
      vertex -6.216980379934283 3.031795164855186 88.1470476090908
      vertex -6.236929996732524 3.074577256140528 87.93412044644356
    endloop
  endfacet
  facet normal -0.3650030728190338 0.8811953687075624 0.30044546759937335
    outer loop
      vertex -6.72530322102885 2.7503219636706024 88.355050355196
      vertex -6.189263797832554 2.97235676272516 88.355050355196
      vertex -6.216980379934283 3.031795164855186 88.1470476090908
    endloop
  endfacet
  facet normal 0 0 -1
    outer loop
      vertex -8.223542864692437 6.102222521132795 0
      vertex -3.869697850114969 -5.095389311788626 0
      vertex -5.117714323462189 -5.488887394336025 0
    endloop
  endfacet
  facet normal 0 0 -1
    outer loop
      vertex -7.973939570022994 6.180922137642275 0
      vertex -2.660726073889508 -4.59461680554975 0
      vertex -3.869697850114969 -5.095389311788626 0
    endloop
  endfacet
  facet normal 0 0 -1
    outer loop
      vertex -7.732145214777901 6.281076638890051 0
      vertex -1.5 -3.9903810567665783 0
      vertex -2.660726073889508 -4.59461680554975 0
    endloop
  endfacet
  facet normal 0 0 -1
    outer loop
      vertex -7.5 6.401923788646684 0
      vertex -0.39635345473431016 -3.2872806643348778 0
      vertex -1.5 -3.9903810567665783 0
    endloop
  endfacet
  facet normal 0 0 -1
    outer loop
      vertex -7.973939570022994 6.180922137642275 0
      vertex -7.732145214777901 6.281076638890051 0
      vertex -2.660726073889508 -4.59461680554975 0
    endloop
  endfacet
  facet normal 0 0 -1
    outer loop
      vertex -7.732145214777901 6.281076638890051 0
      vertex -7.5 6.401923788646684 0
      vertex -1.5 -3.9903810567665783 0
    endloop
  endfacet
  facet normal 0 0 -1
    outer loop
      vertex -7.5 6.401923788646684 0
      vertex -7.279270690946862 6.542543867133025 0
      vertex -0.39635345473431016 -3.2872806643348778 0
    endloop
  endfacet
  facet normal 0 0 -1
    outer loop
      vertex -7.279270690946862 6.542543867133025 0
      vertex -7.071637170940383 6.701866670643065 0
      vertex 0.6418141452980883 -2.4906666467846694 0
    endloop
  endfacet
  facet normal 0 0 -1
    outer loop
      vertex -7.071637170940383 6.701866670643065 0
      vertex -6.878679656440357 6.878679656440357 0
      vertex 1.6066017177982133 -1.6066017177982133 0
    endloop
  endfacet
  facet normal 0 0 -1
    outer loop
      vertex -6.878679656440357 6.878679656440357 0
      vertex -6.701866670643065 7.071637170940383 0
      vertex 2.4906666467846694 -0.6418141452980883 0
    endloop
  endfacet
  facet normal 0 0 -1
    outer loop
      vertex -6.701866670643065 7.071637170940383 0
      vertex -6.542543867133025 7.279270690946862 0
      vertex 3.2872806643348778 0.39635345473431016 0
    endloop
  endfacet
  facet normal 0 0 -1
    outer loop
      vertex -6.011415905724763 8.738532771757026 0
      vertex -6 9 0
      vertex -1.6499999985098839 9 0
    endloop
  endfacet
  facet normal 0 1 0
    outer loop
      vertex -6 9 0
      vertex -2.3568590161453264 9 16.86848152994985
      vertex -1.6499999985098839 9 0
    endloop
  endfacet
  facet normal 0 1 0
    outer loop
      vertex -6 9 0
      vertex -2.44 9 17.5
      vertex -2.4307150633438592 9 17.287339987695713
    endloop
  endfacet
  facet normal 0 1 0
    outer loop
      vertex -6 9 0
      vertex -2.4307150633438592 9 17.287339987695713
      vertex -2.4029309173497877 9 17.07629844649269
    endloop
  endfacet
  facet normal 0 1 0
    outer loop
      vertex -6 9 0
      vertex -2.4029309173497877 9 17.07629844649269
      vertex -2.3568590161453264 9 16.86848152994985
    endloop
  endfacet
  facet normal 0 0 -1
    outer loop
      vertex -7.279270690946862 6.542543867133025 0
      vertex 0.6418141452980883 -2.4906666467846694 0
      vertex -0.39635345473431016 -3.2872806643348778 0
    endloop
  endfacet
  facet normal 0 0 -1
    outer loop
      vertex -7.071637170940383 6.701866670643065 0
      vertex 1.6066017177982133 -1.6066017177982133 0
      vertex 0.6418141452980883 -2.4906666467846694 0
    endloop
  endfacet
  facet normal 0 0 -1
    outer loop
      vertex -6.878679656440357 6.878679656440357 0
      vertex 2.4906666467846694 -0.6418141452980883 0
      vertex 1.6066017177982133 -1.6066017177982133 0
    endloop
  endfacet
  facet normal 0 0 -1
    outer loop
      vertex -6.701866670643065 7.071637170940383 0
      vertex 2.9831479617385437 0 0
      vertex 2.4906666467846694 -0.6418141452980883 0
    endloop
  endfacet
  facet normal 0 0 -1
    outer loop
      vertex -6.701866670643065 7.071637170940383 0
      vertex 3.2872806643348778 0.39635345473431016 0
      vertex 2.9831479617385437 0 0
    endloop
  endfacet
  facet normal 0 0 -1
    outer loop
      vertex -6.542543867133025 7.279270690946862 0
      vertex -6.401923788646684 7.5 0
      vertex 3.9903810567665783 1.5 0
    endloop
  endfacet
  facet normal 0 0 -1
    outer loop
      vertex -6.401923788646684 7.5 0
      vertex -6.281076638890051 7.732145214777901 0
      vertex 4.59461680554975 2.660726073889508 0
    endloop
  endfacet
  facet normal 0 0 -1
    outer loop
      vertex -6.281076638890051 7.732145214777901 0
      vertex -6.180922137642275 7.973939570022994 0
      vertex 5.095389311788626 3.869697850114969 0
    endloop
  endfacet
  facet normal 0 0 -1
    outer loop
      vertex -6.180922137642275 7.973939570022994 0
      vertex -6.102222521132795 8.223542864692437 0
      vertex 5.488887394336025 5.117714323462189 0
    endloop
  endfacet
  facet normal 0 0 -1
    outer loop
      vertex -6.102222521132795 8.223542864692437 0
      vertex -6.0455767409633765 8.47905546699921 0
      vertex 5.772116295183121 6.395277334996045 0
    endloop
  endfacet
  facet normal 0 0 -1
    outer loop
      vertex -6.0455767409633765 8.47905546699921 0
      vertex -6.011415905724763 8.738532771757026 0
      vertex 5.942920471376183 7.692663858785128 0
    endloop
  endfacet
  facet normal 0 0 -1
    outer loop
      vertex -6.011415905724763 8.738532771757026 0
      vertex -1.6499999985098839 9 0
      vertex 1.6499999985098839 9 0
    endloop
  endfacet
  facet normal 0 1 0
    outer loop
      vertex -1.6499999985098839 9 0
      vertex -2.3568590161453264 9 16.86848152994985
      vertex -2.2928499947176166 9 16.665470850285367
    endloop
  endfacet
  facet normal 0 1 0
    outer loop
      vertex -1.6499999985098839 9 0
      vertex -2.2928499947176166 9 16.665470850285367
      vertex -2.2113910003694257 9 16.468811441352692
    endloop
  endfacet
  facet normal 0 1 0
    outer loop
      vertex -1.6499999985098839 9 0
      vertex -2.2113910003694257 9 16.468811441352692
      vertex -2.1131019852340303 9 16.28
    endloop
  endfacet
  facet normal 0 1 0
    outer loop
      vertex -1.6499999985098839 9 0
      vertex -2.1131019852340303 9 16.28
      vertex -1.99873098806514 9 16.100473495303447
    endloop
  endfacet
  facet normal 0 1 0
    outer loop
      vertex -1.6499999985098839 9 0
      vertex -1.99873098806514 9 16.100473495303447
      vertex -1.8691484412103063 9 15.931598232364845
    endloop
  endfacet
  facet normal 0 1 0
    outer loop
      vertex -1.6499999985098839 9 0
      vertex -1.725340546095176 9 15.774659453904825
      vertex -1.5684017676351558 9 15.630851558789693
    endloop
  endfacet
  facet normal 0 1 0
    outer loop
      vertex -1.6499999985098839 9 0
      vertex -1.8691484412103063 9 15.931598232364845
      vertex -1.725340546095176 9 15.774659453904825
    endloop
  endfacet
  facet normal 0 1 0
    outer loop
      vertex -1.6499999985098839 9 0
      vertex -1.5684017676351558 9 15.630851558789693
      vertex -1.4788167822647098 9 15.56211058179725
    endloop
  endfacet
  facet normal -0.7366893413242557 0.6750514090217752 0.039930058313882535
    outer loop
      vertex -6.878679656440357 6.878679656440357 0
      vertex -4.40380592228744 4.40380592228744 87.5
      vertex -6.701866670643065 7.071637170940383 0
    endloop
  endfacet
  facet normal -0.7927206229140699 0.6082759278894562 0.03993005831388253
    outer loop
      vertex -6.701866670643065 7.071637170940383 0
      vertex -4.020711119726643 4.821880537037495 87.5
      vertex -6.542543867133025 7.279270690946862 0
    endloop
  endfacet
  facet normal -0.8427188219057067 0.5368710996588546 0.039930058313882556
    outer loop
      vertex -6.542543867133025 7.279270690946862 0
      vertex -3.675511712121553 5.2717531637182 87.5
      vertex -6.401923788646684 7.5 0
    endloop
  endfacet
  facet normal -0.8863034218151081 0.4613803581882092 0.03993005831388253
    outer loop
      vertex -6.401923788646684 7.5 0
      vertex -3.3708348754011492 5.75 87.5
      vertex -6.281076638890051 7.732145214777901 0
    endloop
  endfacet
  facet normal -0.9231427175198559 0.38237823360267986 0.03993005831388254
    outer loop
      vertex -6.281076638890051 7.732145214777901 0
      vertex -3.108999384261775 6.252981298685453 87.5
      vertex -6.180922137642275 7.973939570022994 0
    endloop
  endfacet
  facet normal -0.9529563397354648 0.3004659797731441 0.03993005831388255
    outer loop
      vertex -6.180922137642275 7.973939570022994 0
      vertex -2.891997964891595 6.776869068383153 87.5
      vertex -6.102222521132795 8.223542864692437 0
    endloop
  endfacet
  facet normal -0.975517388794919 0.21626699841120656 0.03993005831388253
    outer loop
      vertex -6.102222521132795 8.223542864692437 0
      vertex -2.721482129121056 7.317676206833616 87.5
      vertex -6.0455767409633765 8.47905546699921 0
    endloop
  endfacet
  facet normal -0.9906541614921364 0.13042209460579107 0.03993005831388255
    outer loop
      vertex -6.0455767409633765 8.47905546699921 0
      vertex -2.5987496054206476 7.871286845164953 87.5
      vertex -6.011415905724763 8.738532771757026 0
    endloop
  endfacet
  facet normal -0.9982514578470635 0.0435845999093986 0.03993005831388254
    outer loop
      vertex -6.011415905724763 8.738532771757026 0
      vertex -2.5247344624036536 8.433487672140222 87.5
      vertex -6 9 0
    endloop
  endfacet
  facet normal 0 1 0
    outer loop
      vertex -6 9 0
      vertex -0.6962999993711709 9 86.7
      vertex -2.44 9 17.5
    endloop
  endfacet
  facet normal 0 1 0
    outer loop
      vertex -2.44 9 17.5
      vertex -0.6962999993711709 9 86.7
      vertex -2.4307150633438592 9 17.712660012304287
    endloop
  endfacet
  facet normal 0 1 0
    outer loop
      vertex -2.4307150633438592 9 17.712660012304287
      vertex -0.6962999993711709 9 86.7
      vertex -2.4029309173497877 9 17.92370155350731
    endloop
  endfacet
  facet normal 0 1 0
    outer loop
      vertex -2.4029309173497877 9 17.92370155350731
      vertex -0.6962999993711709 9 86.7
      vertex -2.3568590161453264 9 18.13151847005015
    endloop
  endfacet
  facet normal 0 1 0
    outer loop
      vertex -2.3568590161453264 9 18.13151847005015
      vertex -0.6962999993711709 9 86.7
      vertex -2.2928499947176166 9 18.334529149714633
    endloop
  endfacet
  facet normal 0 1 0
    outer loop
      vertex -2.2928499947176166 9 18.334529149714633
      vertex -0.6962999993711709 9 86.7
      vertex -2.2113910003694257 9 18.531188558647308
    endloop
  endfacet
  facet normal 0 1 0
    outer loop
      vertex -2.2113910003694257 9 18.531188558647308
      vertex -0.6962999993711709 9 86.7
      vertex -2.1131019852340303 9 18.72
    endloop
  endfacet
  facet normal 0 1 0
    outer loop
      vertex -2.1131019852340303 9 18.72
      vertex -0.6962999993711709 9 86.7
      vertex -1.99873098806514 9 18.899526504696553
    endloop
  endfacet
  facet normal 0 1 0
    outer loop
      vertex -1.99873098806514 9 18.899526504696553
      vertex -0.6962999993711709 9 86.7
      vertex -1.8691484412103063 9 19.068401767635155
    endloop
  endfacet
  facet normal 0 1 0
    outer loop
      vertex -1.8691484412103063 9 19.068401767635155
      vertex -0.6962999993711709 9 86.7
      vertex -1.725340546095176 9 19.225340546095175
    endloop
  endfacet
  facet normal 0 1 0
    outer loop
      vertex -1.725340546095176 9 19.225340546095175
      vertex -0.6962999993711709 9 86.7
      vertex -1.5684017676351558 9 19.369148441210307
    endloop
  endfacet
  facet normal 0 1 0
    outer loop
      vertex -1.5684017676351558 9 19.369148441210307
      vertex -0.6962999993711709 9 86.7
      vertex -1.4358202991221412 9 19.470881780106225
    endloop
  endfacet
  facet normal 0 0 -1
    outer loop
      vertex -6.542543867133025 7.279270690946862 0
      vertex 3.9903810567665783 1.5 0
      vertex 3.2872806643348778 0.39635345473431016 0
    endloop
  endfacet
  facet normal 0 0 -1
    outer loop
      vertex -6.401923788646684 7.5 0
      vertex 4.59461680554975 2.660726073889508 0
      vertex 3.9903810567665783 1.5 0
    endloop
  endfacet
  facet normal 0 0 -1
    outer loop
      vertex -6.281076638890051 7.732145214777901 0
      vertex 5.095389311788626 3.869697850114969 0
      vertex 4.59461680554975 2.660726073889508 0
    endloop
  endfacet
  facet normal 0 0 -1
    outer loop
      vertex -6.011415905724763 8.738532771757026 0
      vertex 1.6499999985098839 9 0
      vertex 6 9 0
    endloop
  endfacet
  facet normal 0 0 -1
    outer loop
      vertex -6.180922137642275 7.973939570022994 0
      vertex 5.488887394336025 5.117714323462189 0
      vertex 5.095389311788626 3.869697850114969 0
    endloop
  endfacet
  facet normal 0 0 -1
    outer loop
      vertex -6.102222521132795 8.223542864692437 0
      vertex 5.772116295183121 6.395277334996045 0
      vertex 5.488887394336025 5.117714323462189 0
    endloop
  endfacet
  facet normal 0 0 -1
    outer loop
      vertex -6.0455767409633765 8.47905546699921 0
      vertex 5.942920471376183 7.692663858785128 0
      vertex 5.772116295183121 6.395277334996045 0
    endloop
  endfacet
  facet normal 0 0 -1
    outer loop
      vertex -6.011415905724763 8.738532771757026 0
      vertex 6 9 0
      vertex 5.942920471376183 7.692663858785128 0
    endloop
  endfacet
  facet normal 0 1 0
    outer loop
      vertex 1.6499999985098839 9 0
      vertex 1.4788167822647098 9 15.56211058179725
      vertex 1.5684017676351558 9 15.630851558789693
    endloop
  endfacet
  facet normal 0 1 0
    outer loop
      vertex 1.6499999985098839 9 0
      vertex 1.5684017676351558 9 15.630851558789693
      vertex 1.725340546095176 9 15.774659453904825
    endloop
  endfacet
  facet normal 0 1 0
    outer loop
      vertex 1.6499999985098839 9 0
      vertex 1.725340546095176 9 15.774659453904825
      vertex 1.8691484412103063 9 15.931598232364845
    endloop
  endfacet
  facet normal 0 1 0
    outer loop
      vertex 1.6499999985098839 9 0
      vertex 1.8691484412103063 9 15.931598232364845
      vertex 1.99873098806514 9 16.100473495303447
    endloop
  endfacet
  facet normal 0 1 0
    outer loop
      vertex 1.6499999985098839 9 0
      vertex 1.99873098806514 9 16.100473495303447
      vertex 2.1131019852340303 9 16.28
    endloop
  endfacet
  facet normal 0 1 0
    outer loop
      vertex 1.6499999985098839 9 0
      vertex 2.1131019852340303 9 16.28
      vertex 2.2113910003694257 9 16.468811441352692
    endloop
  endfacet
  facet normal 0 1 0
    outer loop
      vertex 1.6499999985098839 9 0
      vertex 2.2113910003694257 9 16.468811441352692
      vertex 2.2928499947176166 9 16.665470850285367
    endloop
  endfacet
  facet normal 0 1 0
    outer loop
      vertex 1.6499999985098839 9 0
      vertex 2.2928499947176166 9 16.665470850285367
      vertex 2.3568590161453264 9 16.86848152994985
    endloop
  endfacet
  facet normal 0 1 0
    outer loop
      vertex 1.6499999985098839 9 0
      vertex 2.3568590161453264 9 16.86848152994985
      vertex 6 9 0
    endloop
  endfacet
  facet normal 0 1 0
    outer loop
      vertex 2.3568590161453264 9 16.86848152994985
      vertex 2.4029309173497877 9 17.07629844649269
      vertex 6 9 0
    endloop
  endfacet
  facet normal 0 1 0
    outer loop
      vertex 2.4029309173497877 9 17.07629844649269
      vertex 2.4307150633438592 9 17.287339987695713
      vertex 6 9 0
    endloop
  endfacet
  facet normal 0 1 0
    outer loop
      vertex 2.4029309173497877 9 17.92370155350731
      vertex 6 9 0
      vertex 2.4307150633438592 9 17.712660012304287
    endloop
  endfacet
  facet normal 0 1 0
    outer loop
      vertex 2.4307150633438592 9 17.287339987695713
      vertex 2.44 9 17.5
      vertex 6 9 0
    endloop
  endfacet
  facet normal 0 1 0
    outer loop
      vertex 2.44 9 17.5
      vertex 2.4307150633438592 9 17.712660012304287
      vertex 6 9 0
    endloop
  endfacet
  facet normal 0 1 0
    outer loop
      vertex 1.4358202991221412 9 19.470881780106225
      vertex 0.6962999993711709 9 86.7
      vertex 1.5684017676351558 9 19.369148441210307
    endloop
  endfacet
  facet normal 0 1 0
    outer loop
      vertex 1.5684017676351558 9 19.369148441210307
      vertex 0.6962999993711709 9 86.7
      vertex 1.725340546095176 9 19.225340546095175
    endloop
  endfacet
  facet normal 0 1 0
    outer loop
      vertex 1.99873098806514 9 18.899526504696553
      vertex 0.6962999993711709 9 86.7
      vertex 2.1131019852340303 9 18.72
    endloop
  endfacet
  facet normal 0 1 0
    outer loop
      vertex 1.725340546095176 9 19.225340546095175
      vertex 0.6962999993711709 9 86.7
      vertex 1.8691484412103063 9 19.068401767635155
    endloop
  endfacet
  facet normal 0 1 0
    outer loop
      vertex 1.8691484412103063 9 19.068401767635155
      vertex 0.6962999993711709 9 86.7
      vertex 1.99873098806514 9 18.899526504696553
    endloop
  endfacet
  facet normal 0 1 0
    outer loop
      vertex 2.1131019852340303 9 18.72
      vertex 0.6962999993711709 9 86.7
      vertex 2.2113910003694257 9 18.531188558647308
    endloop
  endfacet
  facet normal 0 1 0
    outer loop
      vertex 2.3568590161453264 9 18.13151847005015
      vertex 2.2928499947176166 9 18.334529149714633
      vertex 0.6962999993711709 9 86.7
    endloop
  endfacet
  facet normal 0 1 0
    outer loop
      vertex 2.2113910003694257 9 18.531188558647308
      vertex 0.6962999993711709 9 86.7
      vertex 2.2928499947176166 9 18.334529149714633
    endloop
  endfacet
  facet normal 0 1 0
    outer loop
      vertex 2.3568590161453264 9 18.13151847005015
      vertex 0.6962999993711709 9 86.7
      vertex 2.4029309173497877 9 17.92370155350731
    endloop
  endfacet
  facet normal 0 1 0
    outer loop
      vertex 2.4029309173497877 9 17.92370155350731
      vertex 0.6962999993711709 9 86.7
      vertex 6 9 0
    endloop
  endfacet
  facet normal -0.5368710996588518 0.8427188219057086 0.039930058313882535
    outer loop
      vertex -7.279270690946862 6.542543867133025 0
      vertex -5.75 3.3708348754011492 87.5
      vertex -5.2717531637182 3.675511712121553 87.5
    endloop
  endfacet
  facet normal -0.6082759278894587 0.792720622914068 0.03993005831388252
    outer loop
      vertex -7.071637170940383 6.701866670643065 0
      vertex -5.2717531637182 3.675511712121553 87.5
      vertex -4.821880537037495 4.020711119726643 87.5
    endloop
  endfacet
  facet normal -0.6750514090217745 0.7366893413242565 0.039930058313882535
    outer loop
      vertex -6.878679656440357 6.878679656440357 0
      vertex -4.821880537037495 4.020711119726643 87.5
      vertex -4.40380592228744 4.40380592228744 87.5
    endloop
  endfacet
  facet normal -0.7366893413242565 0.6750514090217745 0.039930058313882535
    outer loop
      vertex -6.701866670643065 7.071637170940383 0
      vertex -4.40380592228744 4.40380592228744 87.5
      vertex -4.020711119726643 4.821880537037495 87.5
    endloop
  endfacet
  facet normal -0.792720622914068 0.6082759278894587 0.03993005831388254
    outer loop
      vertex -6.542543867133025 7.279270690946862 0
      vertex -4.020711119726643 4.821880537037495 87.5
      vertex -3.675511712121553 5.2717531637182 87.5
    endloop
  endfacet
  facet normal -0.8427188219057086 0.5368710996588518 0.039930058313882515
    outer loop
      vertex -6.401923788646684 7.5 0
      vertex -3.675511712121553 5.2717531637182 87.5
      vertex -3.3708348754011492 5.75 87.5
    endloop
  endfacet
  facet normal -0.8863034218151068 0.4613803581882119 0.039930058313882535
    outer loop
      vertex -6.281076638890051 7.732145214777901 0
      vertex -3.3708348754011492 5.75 87.5
      vertex -3.108999384261775 6.252981298685453 87.5
    endloop
  endfacet
  facet normal -0.9231427175198562 0.38237823360267925 0.039930058313882584
    outer loop
      vertex -6.180922137642275 7.973939570022994 0
      vertex -3.108999384261775 6.252981298685453 87.5
      vertex -2.891997964891595 6.776869068383153 87.5
    endloop
  endfacet
  facet normal -0.952956339735466 0.3004659797731398 0.03993005831388254
    outer loop
      vertex -6.102222521132795 8.223542864692437 0
      vertex -2.891997964891595 6.776869068383153 87.5
      vertex -2.721482129121056 7.317676206833616 87.5
    endloop
  endfacet
  facet normal -0.9755173887949179 0.21626699841121153 0.03993005831388255
    outer loop
      vertex -6.0455767409633765 8.47905546699921 0
      vertex -2.721482129121056 7.317676206833616 87.5
      vertex -2.5987496054206476 7.871286845164953 87.5
    endloop
  endfacet
  facet normal -0.9906541614921369 0.130422094605788 0.039930058313882535
    outer loop
      vertex -6.011415905724763 8.738532771757026 0
      vertex -2.5987496054206476 7.871286845164953 87.5
      vertex -2.5247344624036536 8.433487672140222 87.5
    endloop
  endfacet
  facet normal -0.9982514578470636 0.04358459990939926 0.03993005831388254
    outer loop
      vertex -6 9 0
      vertex -2.5247344624036536 8.433487672140222 87.5
      vertex -2.5 9 87.5
    endloop
  endfacet
  facet normal 0 1 0
    outer loop
      vertex -6 9 0
      vertex -2.5 9 87.5
      vertex -0.6962999993711709 9 86.7
    endloop
  endfacet
  facet normal -0.013129070601655825 0.04164009208007133 0.9990464104518368
    outer loop
      vertex -6.670628594077313 0.30666756339838486 90
      vertex -5.921818710068981 0.5427664129268237 90
      vertex -5.996341258027653 0.7475154306834977 89.99048674851656
    endloop
  endfacet
  facet normal -0.016708283677561213 0.0403373650583454 0.9990464104518367
    outer loop
      vertex -5.921818710068981 0.5427664129268237 90
      vertex -5.288519664217857 1.0407047345800544 89.99048674851656
      vertex -5.996341258027653 0.7475154306834977 89.99048674851656
    endloop
  endfacet
  facet normal -0.049996988242554496 0.12070340709298283 0.9914287612747672
    outer loop
      vertex -6.070296647382211 0.9507061929821194 89.96201938390732
      vertex -5.996341258027653 0.7475154306834977 89.99048674851656
      vertex -5.379902872795778 1.2366766577937742 89.96201938390732
    endloop
  endfacet
  facet normal -0.016708283677561445 0.040337365058345696 0.9990464104518368
    outer loop
      vertex -5.921818710068981 0.5427664129268237 90
      vertex -5.196435644333706 0.8432299166701505 90
      vertex -5.288519664217857 1.0407047345800544 89.99048674851656
    endloop
  endfacet
  facet normal -0.04999698824255388 0.12070340709298205 0.9914287612747675
    outer loop
      vertex -5.996341258027653 0.7475154306834977 89.99048674851656
      vertex -5.288519664217857 1.0407047345800544 89.99048674851656
      vertex -5.379902872795778 1.2366766577937742 89.96201938390732
    endloop
  endfacet
  facet normal -0.14656566559220588 0.3538408176509411 0.9237506056472314
    outer loop
      vertex -6.283178605549745 1.5355945660567052 89.76576946675777
      vertex -6.214263155103781 1.3462509221048746 89.84923154860735
      vertex -5.64295113142145 1.8007854688445164 89.76576946675777
    endloop
  endfacet
  facet normal -0.11517484216183242 0.27805666599127554 0.9536347551504262
    outer loop
      vertex -6.14312202606875 1.1507922764866185 89.91481456905603
      vertex -5.557795539147406 1.6181687118927384 89.84923154860735
      vertex -6.214263155103781 1.3462509221048746 89.84923154860735
    endloop
  endfacet
  facet normal -0.08290306054997351 0.2001456931419832 0.9762524182137335
    outer loop
      vertex -6.14312202606875 1.1507922764866185 89.91481456905603
      vertex -6.070296647382211 0.9507061929821194 89.96201938390732
      vertex -5.469889780151137 1.4296542033725936 89.91481456905603
    endloop
  endfacet
  facet normal -0.20575493385256774 0.49673635183204873 0.8431594771832389
    outer loop
      vertex -6.349343889226068 1.7173821889092098 89.66506350785494
      vertex -5.802445334643524 2.1428218914354105 89.54788011312485
      vertex -6.412255446718282 1.890230272541789 89.54788011312485
    endloop
  endfacet
  facet normal -0.1768359537135148 0.4269197577703483 0.8868306297707239
    outer loop
      vertex -6.349343889226068 1.7173821889092098 89.66506350785494
      vertex -6.283178605549745 1.5355945660567052 89.76576946675777
      vertex -5.7247084715095795 1.9761146504659628 89.66506350785494
    endloop
  endfacet
  facet normal -0.25867097790291727 0.6244869830455346 0.7369568055167376
    outer loop
      vertex -6.471434485040489 2.052823344037094 89.41511110961437
      vertex -5.875570098770071 2.2996384541654216 89.41511110961437
      vertex -5.943526240968099 2.4453708714002245 89.26776695251465
    endloop
  endfacet
  facet normal -0.20575493385256813 0.496736351832049 0.8431594771832385
    outer loop
      vertex -6.349343889226068 1.7173821889092098 89.66506350785494
      vertex -5.7247084715095795 1.9761146504659628 89.66506350785494
      vertex -5.802445334643524 2.1428218914354105 89.54788011312485
    endloop
  endfacet
  facet normal -0.17683595371351662 0.4269197577703503 0.8868306297707225
    outer loop
      vertex -6.283178605549745 1.5355945660567052 89.76576946675777
      vertex -5.64295113142145 1.8007854688445164 89.76576946675777
      vertex -5.7247084715095795 1.9761146504659628 89.66506350785494
    endloop
  endfacet
  facet normal -0.2331025317666733 0.5627592936146086 0.7930732545826734
    outer loop
      vertex -6.412255446718282 1.890230272541789 89.54788011312485
      vertex -5.802445334643524 2.1428218914354105 89.54788011312485
      vertex -5.875570098770071 2.2996384541654216 89.41511110961437
    endloop
  endfacet
  facet normal -0.11517484216183257 0.2780566659912757 0.9536347551504262
    outer loop
      vertex -6.14312202606875 1.1507922764866185 89.91481456905603
      vertex -5.469889780151137 1.4296542033725936 89.91481456905603
      vertex -5.557795539147406 1.6181687118927384 89.84923154860735
    endloop
  endfacet
  facet normal -0.14656566559220513 0.3538408176509403 0.9237506056472319
    outer loop
      vertex -6.214263155103781 1.3462509221048746 89.84923154860735
      vertex -5.557795539147406 1.6181687118927384 89.84923154860735
      vertex -5.64295113142145 1.8007854688445164 89.76576946675777
    endloop
  endfacet
  facet normal -0.08290306054997346 0.2001456931419831 0.9762524182137337
    outer loop
      vertex -6.070296647382211 0.9507061929821194 89.96201938390732
      vertex -5.379902872795778 1.2366766577937742 89.96201938390732
      vertex -5.469889780151137 1.4296542033725936 89.91481456905603
    endloop
  endfacet
  facet normal -0.2482653999038308 0.4769133959606073 0.8431594771832385
    outer loop
      vertex -5.7247084715095795 1.9761146504659628 89.66506350785494
      vertex -5.216970544308424 2.447600776212556 89.54788011312485
      vertex -5.802445334643524 2.1428218914354105 89.54788011312485
    endloop
  endfacet
  facet normal -0.213371548103527 0.4098829303110436 0.8868306297707226
    outer loop
      vertex -5.7247084715095795 1.9761146504659628 89.66506350785494
      vertex -5.64295113142145 1.8007854688445164 89.76576946675777
      vertex -5.125 2.2883031206706006 89.66506350785494
    endloop
  endfacet
  facet normal -0.020160336625943114 0.03872764633215879 0.9990464104518367
    outer loop
      vertex -5.288519664217857 1.0407047345800544 89.99048674851656
      vertex -5.196435644333706 0.8432299166701505 90
      vertex -4.6089446768164635 1.3944690814003389 89.99048674851656
    endloop
  endfacet
  facet normal -0.020160336625943014 0.03872764633215868 0.9990464104518368
    outer loop
      vertex -5.196435644333706 0.8432299166701505 90
      vertex -4.5 1.2057713659400529 90
      vertex -4.6089446768164635 1.3944690814003389 89.99048674851656
    endloop
  endfacet
  facet normal -0.1389708023655778 0.26696042751511767 0.9536347551504262
    outer loop
      vertex -5.469889780151137 1.4296542033725936 89.91481456905603
      vertex -4.927525177598 1.9462666950546952 89.84923154860735
      vertex -5.557795539147406 1.6181687118927384 89.84923154860735
    endloop
  endfacet
  facet normal -0.06032672970514938 0.11588656954221253 0.9914287612747674
    outer loop
      vertex -5.288519664217857 1.0407047345800544 89.99048674851656
      vertex -4.717060223221779 1.5817307008624155 89.96201938390732
      vertex -5.379902872795778 1.2366766577937742 89.96201938390732
    endloop
  endfacet
  facet normal -0.10003143591899676 0.19215860053565412 0.9762524182137335
    outer loop
      vertex -5.469889780151137 1.4296542033725936 89.91481456905603
      vertex -5.379902872795778 1.2366766577937742 89.96201938390732
      vertex -4.8235238045454025 1.766131032870673 89.91481456905603
    endloop
  endfacet
  facet normal -0.1768471982620484 0.33972030706632167 0.9237506056472319
    outer loop
      vertex -5.557795539147406 1.6181687118927384 89.84923154860735
      vertex -5.0282728262245655 2.120766741219004 89.76576946675777
      vertex -5.64295113142145 1.8007854688445164 89.76576946675777
    endloop
  endfacet
  facet normal -0.24826539990383015 0.4769133959606067 0.8431594771832389
    outer loop
      vertex -5.7247084715095795 1.9761146504659628 89.66506350785494
      vertex -5.125 2.2883031206706006 89.66506350785494
      vertex -5.216970544308424 2.447600776212556 89.54788011312485
    endloop
  endfacet
  facet normal -0.17684719826204826 0.33972030706632156 0.9237506056472321
    outer loop
      vertex -5.557795539147406 1.6181687118927384 89.84923154860735
      vertex -4.927525177598 1.9462666950546952 89.84923154860735
      vertex -5.0282728262245655 2.120766741219004 89.76576946675777
    endloop
  endfacet
  facet normal -0.21337154810352638 0.40988293031104317 0.886830629770723
    outer loop
      vertex -5.64295113142145 1.8007854688445164 89.76576946675777
      vertex -5.0282728262245655 2.120766741219004 89.76576946675777
      vertex -5.125 2.2883031206706006 89.66506350785494
    endloop
  endfacet
  facet normal -0.13897080236557857 0.26696042751511845 0.9536347551504258
    outer loop
      vertex -5.469889780151137 1.4296542033725936 89.91481456905603
      vertex -4.8235238045454025 1.766131032870673 89.91481456905603
      vertex -4.927525177598 1.9462666950546952 89.84923154860735
    endloop
  endfacet
  facet normal -0.10003143591899641 0.19215860053565376 0.9762524182137337
    outer loop
      vertex -5.379902872795778 1.2366766577937742 89.96201938390732
      vertex -4.717060223221779 1.5817307008624155 89.96201938390732
      vertex -4.8235238045454025 1.766131032870673 89.91481456905603
    endloop
  endfacet
  facet normal -0.06032672970514987 0.11588656954221306 0.9914287612747674
    outer loop
      vertex -5.288519664217857 1.0407047345800544 89.99048674851656
      vertex -4.6089446768164635 1.3944690814003389 89.99048674851656
      vertex -4.717060223221779 1.5817307008624155 89.96201938390732
    endloop
  endfacet
  facet normal -0.20578281696986028 0.323014319816198 0.9237506056472321
    outer loop
      vertex -4.927525177598 1.9462666950546952 89.84923154860735
      vertex -4.443821763014549 2.493103132487426 89.76576946675777
      vertex -5.0282728262245655 2.120766741219004 89.76576946675777
    endloop
  endfacet
  facet normal -0.2822664102667827 0.6814513958684328 0.6752404525086368
    outer loop
      vertex -6.526430616534422 2.2039239734740326 89.26776695251465
      vertex -5.943526240968099 2.4453708714002245 89.26776695251465
      vertex -6.005796572519233 2.5789100283540556 89.10696902126074
    endloop
  endfacet
  facet normal -0.3037102709882292 0.7332214552517895 0.6083965555907631
    outer loop
      vertex -6.576825286263869 2.342382190616563 89.10696902126074
      vertex -6.005796572519233 2.5789100283540556 89.10696902126074
      vertex -6.0619071779958755 2.699239610112695 88.93394108861685
    endloop
  endfacet
  facet normal -0.389541831044668 0.7483028951444287 0.5369356935284088
    outer loop
      vertex -6.0619071779958755 2.699239610112695 88.93394108861685
      vertex -5.582531753927469 3.0807713645490784 88.75
      vertex -6.1114310205815805 2.805443833267966 88.75
    endloop
  endfacet
  facet normal -0.36645902224546917 0.7039612320008751 0.6083965555907632
    outer loop
      vertex -6.0619071779958755 2.699239610112695 88.93394108861685
      vertex -6.005796572519233 2.5789100283540556 89.10696902126074
      vertex -5.523940056562424 2.97928756781112 88.93394108861685
    endloop
  endfacet
  facet normal -0.4508234194767366 0.8660237312348336 0.2162432458815745
    outer loop
      vertex -6.236929996732524 3.074577256140528 87.93412044644356
      vertex -6.216980379934283 3.031795164855186 88.1470476090908
      vertex -5.731009691953659 3.337942697013503 87.93412044644356
    endloop
  endfacet
  facet normal -0.44041536279501975 0.8460300403727548 0.30044546759937374
    outer loop
      vertex -6.189263797832554 2.97235676272516 88.355050355196
      vertex -5.707407284528017 3.2970621281713495 88.1470476090908
      vertex -6.216980379934283 3.031795164855186 88.1470476090908
    endloop
  endfacet
  facet normal -0.46130996615044345 0.886168199968673 0.04357793586849445
    outer loop
      vertex -6.252981298685453 3.108999384261775 87.5
      vertex -6.248960824880021 3.100377450362296 87.71788935363293
      vertex -5.75 3.3708348754011492 87.5
    endloop
  endfacet
  facet normal -0.4578057096046638 0.8794365857759134 0.1304040791239856
    outer loop
      vertex -6.248960824880021 3.100377450362296 87.71788935363293
      vertex -6.236929996732524 3.074577256140528 87.93412044644356
      vertex -5.74524337425828 3.3625961579438997 87.71788935363293
    endloop
  endfacet
  facet normal -0.42665954085727337 0.8196053522885469 0.38237246592220464
    outer loop
      vertex -6.189263797832554 2.97235676272516 88.355050355196
      vertex -6.153991197880027 2.8967144280226 88.55654565244913
      vertex -5.674615774303675 3.240265566405874 88.355050355196
    endloop
  endfacet
  facet normal -0.4404153627950192 0.8460300403727545 0.3004454675993747
    outer loop
      vertex -6.189263797832554 2.97235676272516 88.355050355196
      vertex -5.674615774303675 3.240265566405874 88.355050355196
      vertex -5.707407284528017 3.2970621281713495 88.1470476090908
    endloop
  endfacet
  facet normal -0.46130996615044145 0.8861681999686738 0.043577935868500034
    outer loop
      vertex -6.248960824880021 3.100377450362296 87.71788935363293
      vertex -5.74524337425828 3.3625961579438997 87.71788935363293
      vertex -5.75 3.3708348754011492 87.5
    endloop
  endfacet
  facet normal -0.4578057096046659 0.8794365857759131 0.13040407912398055
    outer loop
      vertex -6.236929996732524 3.074577256140528 87.93412044644356
      vertex -5.731009691953659 3.337942697013503 87.93412044644356
      vertex -5.74524337425828 3.3625961579438997 87.71788935363293
    endloop
  endfacet
  facet normal -0.4508234194767355 0.8660237312348336 0.21624324588157676
    outer loop
      vertex -6.216980379934283 3.031795164855186 88.1470476090908
      vertex -5.707407284528017 3.2970621281713495 88.1470476090908
      vertex -5.731009691953659 3.337942697013503 87.93412044644356
    endloop
  endfacet
  facet normal -0.40965912347882405 0.7869478543534951 0.46140272764580825
    outer loop
      vertex -6.1114310205815805 2.805443833267966 88.75
      vertex -5.632884733378887 3.167985283271406 88.55654565244913
      vertex -6.153991197880027 2.8967144280226 88.55654565244913
    endloop
  endfacet
  facet normal -0.2812632104808517 0.5403016003082451 0.7930732545826732
    outer loop
      vertex -5.875570098770071 2.2996384541654216 89.41511110961437
      vertex -5.802445334643524 2.1428218914354105 89.54788011312485
      vertex -5.303484510630369 2.5974473614464673 89.41511110961437
    endloop
  endfacet
  facet normal -0.3121142835806715 0.5995659603308793 0.7369568055167375
    outer loop
      vertex -5.875570098770071 2.2996384541654216 89.41511110961437
      vertex -5.383883476257324 2.736702454788338 89.26776695251465
      vertex -5.943526240968099 2.4453708714002245 89.26776695251465
    endloop
  endfacet
  facet normal -0.3405847039104997 0.6542571289318356 0.6752404525086368
    outer loop
      vertex -5.943526240968099 2.4453708714002245 89.26776695251465
      vertex -5.457555554807186 2.864306237935904 89.10696902126074
      vertex -6.005796572519233 2.5789100283540556 89.10696902126074
    endloop
  endfacet
  facet normal -0.36645902224546983 0.7039612320008756 0.6083965555907624
    outer loop
      vertex -6.005796572519233 2.5789100283540556 89.10696902126074
      vertex -5.457555554807186 2.864306237935904 89.10696902126074
      vertex -5.523940056562424 2.97928756781112 88.93394108861685
    endloop
  endfacet
  facet normal -0.312114283580671 0.5995659603308788 0.7369568055167381
    outer loop
      vertex -5.875570098770071 2.2996384541654216 89.41511110961437
      vertex -5.303484510630369 2.5974473614464673 89.41511110961437
      vertex -5.383883476257324 2.736702454788338 89.26776695251465
    endloop
  endfacet
  facet normal -0.3405847039104997 0.6542571289318356 0.6752404525086368
    outer loop
      vertex -5.943526240968099 2.4453708714002245 89.26776695251465
      vertex -5.383883476257324 2.736702454788338 89.26776695251465
      vertex -5.457555554807186 2.864306237935904 89.10696902126074
    endloop
  endfacet
  facet normal -0.4266595408572738 0.8196053522885471 0.38237246592220386
    outer loop
      vertex -6.153991197880027 2.8967144280226 88.55654565244913
      vertex -5.632884733378887 3.167985283271406 88.55654565244913
      vertex -5.674615774303675 3.240265566405874 88.355050355196
    endloop
  endfacet
  facet normal -0.5327115694970604 0.8361896674031586 0.13040407912398064
    outer loop
      vertex -5.74524337425828 3.3625961579438997 87.71788935363293
      vertex -5.731009691953659 3.337942697013503 87.93412044644356
      vertex -5.266296586834217 3.6677189127210577 87.71788935363293
    endloop
  endfacet
  facet normal -0.5245868417911844 0.8234363995052384 0.21624324588157673
    outer loop
      vertex -5.707407284528017 3.2970621281713495 88.1470476090908
      vertex -5.249968377289343 3.6443998128058777 87.93412044644356
      vertex -5.731009691953659 3.337942697013503 87.93412044644356
    endloop
  endfacet
  facet normal -0.5124758259300692 0.8044259125838044 0.3004454675993747
    outer loop
      vertex -5.707407284528017 3.2970621281713495 88.1470476090908
      vertex -5.674615774303675 3.240265566405874 88.355050355196
      vertex -5.222892807808332 3.605731892220165 88.1470476090908
    endloop
  endfacet
  facet normal -0.4964692857309394 0.7793006772936771 0.3823724659222039
    outer loop
      vertex -5.674615774303675 3.240265566405874 88.355050355196
      vertex -5.632884733378887 3.167985283271406 88.55654565244913
      vertex -5.185275932654238 3.5520094269489784 88.355050355196
    endloop
  endfacet
  facet normal -0.4096591234788242 0.7869478543534951 0.46140272764580786
    outer loop
      vertex -6.1114310205815805 2.805443833267966 88.75
      vertex -5.582531753927469 3.0807713645490784 88.75
      vertex -5.632884733378887 3.167985283271406 88.55654565244913
    endloop
  endfacet
  facet normal -0.389541831044668 0.7483028951444288 0.536935693528409
    outer loop
      vertex -6.0619071779958755 2.699239610112695 88.93394108861685
      vertex -5.523940056562424 2.97928756781112 88.93394108861685
      vertex -5.582531753927469 3.0807713645490784 88.75
    endloop
  endfacet
  facet normal -0.5367891901235772 0.84259024968956 0.04357793586849998
    outer loop
      vertex -5.75 3.3708348754011492 87.5
      vertex -5.74524337425828 3.3625961579438997 87.71788935363293
      vertex -5.2717531637182 3.675511712121553 87.5
    endloop
  endfacet
  facet normal -0.2812632104808523 0.5403016003082455 0.7930732545826726
    outer loop
      vertex -5.802445334643524 2.1428218914354105 89.54788011312485
      vertex -5.216970544308424 2.447600776212556 89.54788011312485
      vertex -5.303484510630369 2.5974473614464673 89.41511110961437
    endloop
  endfacet
  facet normal -0.3631822111006183 0.570081878630281 0.736956805516738
    outer loop
      vertex -5.383883476257324 2.736702454788338 89.26776695251465
      vertex -5.303484510630369 2.5974473614464673 89.41511110961437
      vertex -4.851761541763087 3.075701514377969 89.26776695251465
    endloop
  endfacet
  facet normal -0.32728330633190117 0.5137318855805101 0.7930732545826726
    outer loop
      vertex -5.303484510630369 2.5974473614464673 89.41511110961437
      vertex -5.216970544308424 2.447600776212556 89.54788011312485
      vertex -4.759531637381849 2.943983560273888 89.41511110961437
    endloop
  endfacet
  facet normal -0.4964692857309383 0.7793006772936769 0.3823724659222059
    outer loop
      vertex -5.632884733378887 3.167985283271406 88.55654565244913
      vertex -5.13740404917652 3.483641291981283 88.55654565244913
      vertex -5.185275932654238 3.5520094269489784 88.355050355196
    endloop
  endfacet
  facet normal -0.4532784013981845 0.7115045690936024 0.5369356935284089
    outer loop
      vertex -5.582531753927469 3.0807713645490784 88.75
      vertex -5.523940056562424 2.97928756781112 88.93394108861685
      vertex -5.079641484149716 3.401147799873942 88.75
    endloop
  endfacet
  facet normal -0.42641879906941493 0.6693434387110209 0.6083965555907624
    outer loop
      vertex -5.523940056562424 2.97928756781112 88.93394108861685
      vertex -5.457555554807186 2.864306237935904 89.10696902126074
      vertex -5.012427850200913 3.3051567825240644 88.93394108861685
    endloop
  endfacet
  facet normal -0.47668727158437085 0.7482491350014758 0.46140272764580786
    outer loop
      vertex -5.632884733378887 3.167985283271406 88.55654565244913
      vertex -5.582531753927469 3.0807713645490784 88.75
      vertex -5.13740404917652 3.483641291981283 88.55654565244913
    endloop
  endfacet
  facet normal -0.39631094230679054 0.6220835701928119 0.6752404525086368
    outer loop
      vertex -5.383883476257324 2.736702454788338 89.26776695251465
      vertex -4.936274678309495 3.196398781880246 89.10696902126074
      vertex -5.457555554807186 2.864306237935904 89.10696902126074
    endloop
  endfacet
  facet normal -0.4264187990694132 0.6693434387110201 0.6083965555907647
    outer loop
      vertex -5.457555554807186 2.864306237935904 89.10696902126074
      vertex -4.936274678309495 3.196398781880246 89.10696902126074
      vertex -5.012427850200913 3.3051567825240644 88.93394108861685
    endloop
  endfacet
  facet normal -0.453278401398185 0.7115045690936026 0.5369356935284082
    outer loop
      vertex -5.523940056562424 2.97928756781112 88.93394108861685
      vertex -5.012427850200913 3.3051567825240644 88.93394108861685
      vertex -5.079641484149716 3.401147799873942 88.75
    endloop
  endfacet
  facet normal -0.47668727158437174 0.7482491350014762 0.4614027276458066
    outer loop
      vertex -5.582531753927469 3.0807713645490784 88.75
      vertex -5.079641484149716 3.401147799873942 88.75
      vertex -5.13740404917652 3.483641291981283 88.55654565244913
    endloop
  endfacet
  facet normal -0.2888864163550773 0.4534608411777229 0.8431594771832389
    outer loop
      vertex -5.125 2.2883031206706006 89.66506350785494
      vertex -4.660286892386777 2.8022473755295474 89.54788011312485
      vertex -5.216970544308424 2.447600776212556 89.54788011312485
    endloop
  endfacet
  facet normal -0.24828325617520652 0.38972664625798875 0.8868306297707229
    outer loop
      vertex -5.125 2.2883031206706006 89.66506350785494
      vertex -5.0282728262245655 2.120766741219004 89.76576946675777
      vertex -4.554782618279393 2.6515716567603134 89.66506350785494
    endloop
  endfacet
  facet normal -0.36318221110062 0.5700818786302821 0.7369568055167366
    outer loop
      vertex -5.303484510630369 2.5974473614464673 89.41511110961437
      vertex -4.759531637381849 2.943983560273888 89.41511110961437
      vertex -4.851761541763087 3.075701514377969 89.26776695251465
    endloop
  endfacet
  facet normal -0.28888641635507717 0.45346084117772295 0.8431594771832389
    outer loop
      vertex -5.125 2.2883031206706006 89.66506350785494
      vertex -4.554782618279393 2.6515716567603134 89.66506350785494
      vertex -4.660286892386777 2.8022473755295474 89.54788011312485
    endloop
  endfacet
  facet normal -0.32728330633190056 0.5137318855805096 0.7930732545826732
    outer loop
      vertex -5.216970544308424 2.447600776212556 89.54788011312485
      vertex -4.660286892386777 2.8022473755295474 89.54788011312485
      vertex -4.759531637381849 2.943983560273888 89.41511110961437
    endloop
  endfacet
  facet normal -0.3963109423067907 0.622083570192812 0.6752404525086366
    outer loop
      vertex -5.383883476257324 2.736702454788338 89.26776695251465
      vertex -4.851761541763087 3.075701514377969 89.26776695251465
      vertex -4.936274678309495 3.196398781880246 89.10696902126074
    endloop
  endfacet
  facet normal -0.4831332713537295 0.6296315376919561 0.6083965555907647
    outer loop
      vertex -5.012427850200913 3.3051567825240644 88.93394108861685
      vertex -4.936274678309495 3.196398781880246 89.10696902126074
      vertex -4.531263475661267 3.674367192762351 88.93394108861685
    endloop
  endfacet
  facet normal -0.44902101513303916 0.58517557986029 0.6752404525086366
    outer loop
      vertex -4.936274678309495 3.196398781880246 89.10696902126074
      vertex -4.851761541763087 3.075701514377969 89.26776695251465
      vertex -4.445921205254305 3.572660235404708 89.10696902126074
    endloop
  endfacet
  facet normal -0.5367891901235778 0.8425902496895598 0.04357793586849852
    outer loop
      vertex -5.74524337425828 3.3625961579438997 87.71788935363293
      vertex -5.266296586834217 3.6677189127210577 87.71788935363293
      vertex -5.2717531637182 3.675511712121553 87.5
    endloop
  endfacet
  facet normal -0.5327115694970603 0.8361896674031587 0.13040407912398083
    outer loop
      vertex -5.731009691953659 3.337942697013503 87.93412044644356
      vertex -5.249968377289343 3.6443998128058777 87.93412044644356
      vertex -5.266296586834217 3.6677189127210577 87.71788935363293
    endloop
  endfacet
  facet normal -0.5245868417911848 0.8234363995052385 0.216243245881576
    outer loop
      vertex -5.707407284528017 3.2970621281713495 88.1470476090908
      vertex -5.222892807808332 3.605731892220165 88.1470476090908
      vertex -5.249968377289343 3.6443998128058777 87.93412044644356
    endloop
  endfacet
  facet normal -0.5124758259300705 0.8044259125838044 0.30044546759937246
    outer loop
      vertex -5.674615774303675 3.240265566405874 88.355050355196
      vertex -5.185275932654238 3.5520094269489784 88.355050355196
      vertex -5.222892807808332 3.605731892220165 88.1470476090908
    endloop
  endfacet
  facet normal -0.5943578414854094 0.774582219570915 0.21624324588157615
    outer loop
      vertex -5.249968377289343 3.6443998128058777 87.93412044644356
      vertex -5.222892807808332 3.605731892220165 88.1470476090908
      vertex -4.797467067604858 3.991616279822609 87.93412044644356
    endloop
  endfacet
  facet normal -0.6081831242377002 0.7925996788404038 0.0435779358684985
    outer loop
      vertex -5.2717531637182 3.675511712121553 87.5
      vertex -5.266296586834217 3.6677189127210577 87.71788935363293
      vertex -4.821880537037495 4.020711119726643 87.5
    endloop
  endfacet
  facet normal -0.6035631726855444 0.7865788407563391 0.13040407912398086
    outer loop
      vertex -5.266296586834217 3.6677189127210577 87.71788935363293
      vertex -5.249968377289343 3.6443998128058777 87.93412044644356
      vertex -4.815765536856107 4.01342354629176 87.71788935363293
    endloop
  endfacet
  facet normal -0.5806360385884287 0.7566996178744451 0.3004454675993724
    outer loop
      vertex -5.185275932654238 3.5520094269489784 88.355050355196
      vertex -4.767124397500905 3.955455293717322 88.1470476090908
      vertex -5.222892807808332 3.605731892220165 88.1470476090908
    endloop
  endfacet
  facet normal -0.5625005995638405 0.7330650535899876 0.3823724659222057
    outer loop
      vertex -5.185275932654238 3.5520094269489784 88.355050355196
      vertex -5.13740404917652 3.483641291981283 88.55654565244913
      vertex -4.724968444550671 3.9052157853396494 88.355050355196
    endloop
  endfacet
  facet normal -0.6035631726855452 0.7865788407563388 0.13040407912397875
    outer loop
      vertex -5.249968377289343 3.6443998128058777 87.93412044644356
      vertex -4.797467067604858 3.991616279822609 87.93412044644356
      vertex -4.815765536856107 4.01342354629176 87.71788935363293
    endloop
  endfacet
  facet normal -0.6081831242376993 0.7925996788404044 0.043577935868501415
    outer loop
      vertex -5.266296586834217 3.6677189127210577 87.71788935363293
      vertex -4.815765536856107 4.01342354629176 87.71788935363293
      vertex -4.821880537037495 4.020711119726643 87.5
    endloop
  endfacet
  facet normal -0.5943578414854086 0.7745822195709151 0.21624324588157806
    outer loop
      vertex -5.222892807808332 3.605731892220165 88.1470476090908
      vertex -4.767124397500905 3.955455293717322 88.1470476090908
      vertex -4.797467067604858 3.991616279822609 87.93412044644356
    endloop
  endfacet
  facet normal -0.5806360385884284 0.7566996178744451 0.3004454675993732
    outer loop
      vertex -5.185275932654238 3.5520094269489784 88.355050355196
      vertex -4.724968444550671 3.9052157853396494 88.355050355196
      vertex -4.767124397500905 3.955455293717322 88.1470476090908
    endloop
  endfacet
  facet normal -0.562500599563841 0.7330650535899877 0.38237246592220486
    outer loop
      vertex -5.13740404917652 3.483641291981283 88.55654565244913
      vertex -4.671320052459121 3.8412801213276406 88.55654565244913
      vertex -4.724968444550671 3.9052157853396494 88.355050355196
    endloop
  endfacet
  facet normal -0.5400875417215176 0.7038557879269144 0.4614027276458065
    outer loop
      vertex -5.079641484149716 3.401147799873942 88.75
      vertex -4.671320052459121 3.8412801213276406 88.55654565244913
      vertex -5.13740404917652 3.483641291981283 88.55654565244913
    endloop
  endfacet
  facet normal -0.5135652494200791 0.6692912636537693 0.5369356935284082
    outer loop
      vertex -5.079641484149716 3.401147799873942 88.75
      vertex -5.012427850200913 3.3051567825240644 88.93394108861685
      vertex -4.606587509854776 3.764134881121155 88.75
    endloop
  endfacet
  facet normal -0.5135652494200784 0.6692912636537691 0.536935693528409
    outer loop
      vertex -5.012427850200913 3.3051567825240644 88.93394108861685
      vertex -4.531263475661267 3.674367192762351 88.93394108861685
      vertex -4.606587509854776 3.764134881121155 88.75
    endloop
  endfacet
  facet normal -0.5400875417215171 0.7038557879269144 0.4614027276458074
    outer loop
      vertex -5.079641484149716 3.401147799873942 88.75
      vertex -4.606587509854776 3.764134881121155 88.75
      vertex -4.671320052459121 3.8412801213276406 88.55654565244913
    endloop
  endfacet
  facet normal -0.07019734832841364 0.11018776522300358 0.9914287612747672
    outer loop
      vertex -4.717060223221779 1.5817307008624155 89.96201938390732
      vertex -4.6089446768164635 1.3944690814003389 89.99048674851656
      vertex -4.086813331458806 1.9832422525709639 89.96201938390732
    endloop
  endfacet
  facet normal -0.02345895723945714 0.03682318683299185 0.9990464104518367
    outer loop
      vertex -4.6089446768164635 1.3944690814003389 89.99048674851656
      vertex -4.5 1.2057713659400529 90
      vertex -3.9627882718161924 1.8061161108562933 89.99048674851656
    endloop
  endfacet
  facet normal -0.16170911085045775 0.25383245899045664 0.9536347551504257
    outer loop
      vertex -4.927525177598 1.9462666950546952 89.84923154860735
      vertex -4.8235238045454025 1.766131032870673 89.91481456905603
      vertex -4.328248808474603 2.3280478478279054 89.84923154860735
    endloop
  endfacet
  facet normal -0.1163985116600439 0.18270906495071304 0.9762524182137337
    outer loop
      vertex -4.717060223221779 1.5817307008624155 89.96201938390732
      vertex -4.208943334612354 2.1576619731381115 89.91481456905603
      vertex -4.8235238045454025 1.766131032870673 89.91481456905603
    endloop
  endfacet
  facet normal -0.20578281696986075 0.3230143198161983 0.9237506056472319
    outer loop
      vertex -4.927525177598 1.9462666950546952 89.84923154860735
      vertex -4.328248808474603 2.3280478478279054 89.84923154860735
      vertex -4.443821763014549 2.493103132487426 89.76576946675777
    endloop
  endfacet
  facet normal -0.11639851166004377 0.1827090649507129 0.9762524182137337
    outer loop
      vertex -4.717060223221779 1.5817307008624155 89.96201938390732
      vertex -4.086813331458806 1.9832422525709639 89.96201938390732
      vertex -4.208943334612354 2.1576619731381115 89.91481456905603
    endloop
  endfacet
  facet normal -0.16170911085045708 0.2538324589904561 0.9536347551504261
    outer loop
      vertex -4.8235238045454025 1.766131032870673 89.91481456905603
      vertex -4.208943334612354 2.1576619731381115 89.91481456905603
      vertex -4.328248808474603 2.3280478478279054 89.84923154860735
    endloop
  endfacet
  facet normal -0.07019734832841365 0.1101877652230036 0.9914287612747674
    outer loop
      vertex -4.6089446768164635 1.3944690814003389 89.99048674851656
      vertex -3.9627882718161924 1.8061161108562933 89.99048674851656
      vertex -4.086813331458806 1.9832422525709639 89.96201938390732
    endloop
  endfacet
  facet normal -0.023458957239457127 0.03682318683299184 0.9990464104518368
    outer loop
      vertex -4.5 1.2057713659400529 90
      vertex -3.8378120728405856 1.6276316013990737 90
      vertex -3.9627882718161924 1.8061161108562933 89.99048674851656
    endloop
  endfacet
  facet normal -0.13187972444401544 0.17186900305874747 0.9762524182137338
    outer loop
      vertex -4.208943334612354 2.1576619731381115 89.91481456905603
      vertex -4.086813331458806 1.9832422525709639 89.96201938390732
      vertex -3.630825698822016 2.6012672373066295 89.91481456905603
    endloop
  endfacet
  facet normal -0.07953372274458077 0.10365036547725509 0.9914287612747674
    outer loop
      vertex -4.086813331458806 1.9832422525709639 89.96201938390732
      vertex -3.9627882718161924 1.8061161108562933 89.99048674851656
      vertex -3.493958756906655 2.4381555675716156 89.96201938390732
    endloop
  endfacet
  facet normal -0.026579041023473374 0.03463848064757778 0.9990464104518367
    outer loop
      vertex -3.9627882718161924 1.8061161108562933 89.99048674851656
      vertex -3.8378120728405856 1.6276316013990737 90
      vertex -3.3549680896190006 2.2725129404944875 89.99048674851656
    endloop
  endfacet
  facet normal -0.07953372274458032 0.10365036547725476 0.9914287612747674
    outer loop
      vertex -3.9627882718161924 1.8061161108562933 89.99048674851656
      vertex -3.3549680896190006 2.2725129404944875 89.99048674851656
      vertex -3.493958756906655 2.4381555675716156 89.96201938390732
    endloop
  endfacet
  facet normal -0.026579041023473412 0.03463848064757781 0.9990464104518368
    outer loop
      vertex -3.8378120728405856 1.6276316013990737 90
      vertex -3.2149115128211463 2.105600011929198 90
      vertex -3.3549680896190006 2.2725129404944875 89.99048674851656
    endloop
  endfacet
  facet normal -0.24828325617520666 0.3897266462579889 0.886830629770723
    outer loop
      vertex -5.0282728262245655 2.120766741219004 89.76576946675777
      vertex -4.443821763014549 2.493103132487426 89.76576946675777
      vertex -4.554782618279393 2.6515716567603134 89.66506350785494
    endloop
  endfacet
  facet normal -0.28130537874986467 0.36660430710352837 0.886830629770723
    outer loop
      vertex -4.554782618279393 2.6515716567603134 89.66506350785494
      vertex -4.443821763014549 2.493103132487426 89.76576946675777
      vertex -4.018396024929321 3.0631555658279206 89.66506350785494
    endloop
  endfacet
  facet normal -0.41148610269867714 0.5362591296084579 0.7369568055167366
    outer loop
      vertex -4.851761541763087 3.075701514377969 89.26776695251465
      vertex -4.759531637381849 2.943983560273888 89.41511110961437
      vertex -4.3512102067108955 3.4597880626324145 89.26776695251465
    endloop
  endfacet
  facet normal -0.3708125786027 0.48325236100371294 0.7930732545826732
    outer loop
      vertex -4.759531637381849 2.943983560273888 89.41511110961437
      vertex -4.660286892386777 2.8022473755295474 89.54788011312485
      vertex -4.247851288837654 3.336609700930329 89.41511110961437
    endloop
  endfacet
  facet normal -0.4490210151330374 0.5851755798602891 0.6752404525086386
    outer loop
      vertex -4.851761541763087 3.075701514377969 89.26776695251465
      vertex -4.3512102067108955 3.4597880626324145 89.26776695251465
      vertex -4.445921205254305 3.572660235404708 89.10696902126074
    endloop
  endfacet
  facet normal -0.32730883274347444 0.4265571755863349 0.8431594771832389
    outer loop
      vertex -4.660286892386777 2.8022473755295474 89.54788011312485
      vertex -4.554782618279393 2.6515716567603134 89.66506350785494
      vertex -4.136631077604484 3.204062614624112 89.54788011312485
    endloop
  endfacet
  facet normal -0.3708125786026995 0.48325236100371266 0.7930732545826735
    outer loop
      vertex -4.660286892386777 2.8022473755295474 89.54788011312485
      vertex -4.136631077604484 3.204062614624112 89.54788011312485
      vertex -4.247851288837654 3.336609700930329 89.41511110961437
    endloop
  endfacet
  facet normal -0.4114861026986762 0.5362591296084575 0.7369568055167373
    outer loop
      vertex -4.759531637381849 2.943983560273888 89.41511110961437
      vertex -4.247851288837654 3.336609700930329 89.41511110961437
      vertex -4.3512102067108955 3.4597880626324145 89.26776695251465
    endloop
  endfacet
  facet normal -0.23315230418546962 0.3038499985508948 0.9237506056472319
    outer loop
      vertex -4.443821763014549 2.493103132487426 89.76576946675777
      vertex -4.328248808474603 2.3280478478279054 89.84923154860735
      vertex -3.8940459672836285 2.9149609378893695 89.76576946675777
    endloop
  endfacet
  facet normal -0.1832167153591336 0.2387726721846477 0.9536347551504261
    outer loop
      vertex -4.208943334612354 2.1576619731381115 89.91481456905603
      vertex -3.7645272867992094 2.760606585114002 89.84923154860735
      vertex -4.328248808474603 2.3280478478279054 89.84923154860735
    endloop
  endfacet
  facet normal -0.2813053787498638 0.36660430710352776 0.8868306297707234
    outer loop
      vertex -4.443821763014549 2.493103132487426 89.76576946675777
      vertex -3.8940459672836285 2.9149609378893695 89.76576946675777
      vertex -4.018396024929321 3.0631555658279206 89.66506350785494
    endloop
  endfacet
  facet normal -0.23315230418546992 0.303849998550895 0.9237506056472315
    outer loop
      vertex -4.328248808474603 2.3280478478279054 89.84923154860735
      vertex -3.7645272867992094 2.760606585114002 89.84923154860735
      vertex -3.8940459672836285 2.9149609378893695 89.76576946675777
    endloop
  endfacet
  facet normal -0.3273088327434764 0.4265571755863361 0.8431594771832376
    outer loop
      vertex -4.554782618279393 2.6515716567603134 89.66506350785494
      vertex -4.018396024929321 3.0631555658279206 89.66506350785494
      vertex -4.136631077604484 3.204062614624112 89.54788011312485
    endloop
  endfacet
  facet normal -0.41151974324757606 0.449094994163924 0.7930732545826735
    outer loop
      vertex -4.247851288837654 3.336609700930329 89.41511110961437
      vertex -4.136631077604484 3.204062614624112 89.54788011312485
      vertex -3.7723376614112496 3.7723376614112496 89.41511110961437
    endloop
  endfacet
  facet normal -0.3632402312802189 0.39640715232647156 0.8431594771832377
    outer loop
      vertex -4.136631077604484 3.204062614624112 89.54788011312485
      vertex -4.018396024929321 3.0631555658279206 89.66506350785494
      vertex -3.6499884369040654 3.6499884369040654 89.54788011312485
    endloop
  endfacet
  facet normal -0.6242509441869123 0.6812503621916991 0.3823724659222048
    outer loop
      vertex -4.724968444550671 3.9052157853396494 88.355050355196
      vertex -4.671320052459121 3.8412801213276406 88.55654565244913
      vertex -4.297196527918703 4.297196527918703 88.355050355196
    endloop
  endfacet
  facet normal -0.4831332713537322 0.6296315376919572 0.6083965555907616
    outer loop
      vertex -4.936274678309495 3.196398781880246 89.10696902126074
      vertex -4.445921205254305 3.572660235404708 89.10696902126074
      vertex -4.531263475661267 3.674367192762351 88.93394108861685
    endloop
  endfacet
  facet normal -0.5699435557947095 0.6219842475684164 0.5369356935284092
    outer loop
      vertex -4.531263475661267 3.674367192762351 88.93394108861685
      vertex -4.166970057424833 4.166970057424833 88.75
      vertex -4.606587509854776 3.764134881121155 88.75
    endloop
  endfacet
  facet normal -0.5993774195523869 0.6541056733064856 0.4614027276458073
    outer loop
      vertex -4.671320052459121 3.8412801213276406 88.55654565244913
      vertex -4.606587509854776 3.764134881121155 88.75
      vertex -4.238179923870922 4.238179923870922 88.55654565244913
    endloop
  endfacet
  facet normal -0.5361708077191994 0.585127760489142 0.6083965555907616
    outer loop
      vertex -4.531263475661267 3.674367192762351 88.93394108861685
      vertex -4.445921205254305 3.572660235404708 89.10696902126074
      vertex -4.084108884368725 4.084108884368725 88.93394108861685
    endloop
  endfacet
  facet normal -0.674948417545358 0.7365769458505051 0.04357793586850121
    outer loop
      vertex -4.821880537037495 4.020711119726643 87.5
      vertex -4.815765536856107 4.01342354629176 87.71788935363293
      vertex -4.40380592228744 4.40380592228744 87.5
    endloop
  endfacet
  facet normal -0.6698212956884821 0.7309816741820756 0.13040407912397886
    outer loop
      vertex -4.815765536856107 4.01342354629176 87.71788935363293
      vertex -4.797467067604858 3.991616279822609 87.93412044644356
      vertex -4.397079037652367 4.397079037652367 87.71788935363293
    endloop
  endfacet
  facet normal -0.6749484175453596 0.736576945850504 0.04357793586849602
    outer loop
      vertex -4.815765536856107 4.01342354629176 87.71788935363293
      vertex -4.397079037652367 4.397079037652367 87.71788935363293
      vertex -4.40380592228744 4.40380592228744 87.5
    endloop
  endfacet
  facet normal -0.6698212956884814 0.7309816741820758 0.13040407912398047
    outer loop
      vertex -4.797467067604858 3.991616279822609 87.93412044644356
      vertex -4.376949571094663 4.376949571094663 87.93412044644356
      vertex -4.397079037652367 4.397079037652367 87.71788935363293
    endloop
  endfacet
  facet normal -0.6596054191228496 0.7198330012401274 0.21624324588157795
    outer loop
      vertex -4.797467067604858 3.991616279822609 87.93412044644356
      vertex -4.767124397500905 3.955455293717322 88.1470476090908
      vertex -4.376949571094663 4.376949571094663 87.93412044644356
    endloop
  endfacet
  facet normal -0.6443772603955027 0.7032143821653398 0.30044546759937335
    outer loop
      vertex -4.767124397500905 3.955455293717322 88.1470476090908
      vertex -4.724968444550671 3.9052157853396494 88.355050355196
      vertex -4.3435707264086645 4.3435707264086645 88.1470476090908
    endloop
  endfacet
  facet normal -0.659605419122851 0.7198330012401272 0.21624324588157512
    outer loop
      vertex -4.767124397500905 3.955455293717322 88.1470476090908
      vertex -4.3435707264086645 4.3435707264086645 88.1470476090908
      vertex -4.376949571094663 4.376949571094663 87.93412044644356
    endloop
  endfacet
  facet normal -0.6443772603955006 0.7032143821653399 0.3004454675993775
    outer loop
      vertex -4.724968444550671 3.9052157853396494 88.355050355196
      vertex -4.297196527918703 4.297196527918703 88.355050355196
      vertex -4.3435707264086645 4.3435707264086645 88.1470476090908
    endloop
  endfacet
  facet normal -0.6242509441869121 0.681250362191699 0.3823724659222048
    outer loop
      vertex -4.671320052459121 3.8412801213276406 88.55654565244913
      vertex -4.238179923870922 4.238179923870922 88.55654565244913
      vertex -4.297196527918703 4.297196527918703 88.355050355196
    endloop
  endfacet
  facet normal -0.599377419552388 0.6541056733064858 0.4614027276458057
    outer loop
      vertex -4.606587509854776 3.764134881121155 88.75
      vertex -4.166970057424833 4.166970057424833 88.75
      vertex -4.238179923870922 4.238179923870922 88.55654565244913
    endloop
  endfacet
  facet normal -0.4983137669078193 0.5438140500263565 0.6752404525086385
    outer loop
      vertex -4.445921205254305 3.572660235404708 89.10696902126074
      vertex -4.3512102067108955 3.4597880626324145 89.26776695251465
      vertex -3.9902270216550884 3.9902270216550884 89.10696902126074
    endloop
  endfacet
  facet normal -0.45665833659309435 0.4983551248081974 0.7369568055167373
    outer loop
      vertex -4.247851288837654 3.336609700930329 89.41511110961437
      vertex -3.8860389690016577 3.8860389690016577 89.26776695251465
      vertex -4.3512102067108955 3.4597880626324145 89.26776695251465
    endloop
  endfacet
  facet normal -0.5699435557947089 0.6219842475684164 0.53693569352841
    outer loop
      vertex -4.531263475661267 3.674367192762351 88.93394108861685
      vertex -4.084108884368725 4.084108884368725 88.93394108861685
      vertex -4.166970057424833 4.166970057424833 88.75
    endloop
  endfacet
  facet normal -0.5361708077191991 0.5851277604891418 0.608396555590762
    outer loop
      vertex -4.445921205254305 3.572660235404708 89.10696902126074
      vertex -3.9902270216550884 3.9902270216550884 89.10696902126074
      vertex -4.084108884368725 4.084108884368725 88.93394108861685
    endloop
  endfacet
  facet normal -0.45665833659309496 0.49835512480819755 0.7369568055167367
    outer loop
      vertex -4.247851288837654 3.336609700930329 89.41511110961437
      vertex -3.7723376614112496 3.7723376614112496 89.41511110961437
      vertex -3.8860389690016577 3.8860389690016577 89.26776695251465
    endloop
  endfacet
  facet normal -0.49831376690782087 0.5438140500263572 0.6752404525086368
    outer loop
      vertex -4.3512102067108955 3.4597880626324145 89.26776695251465
      vertex -3.8860389690016577 3.8860389690016577 89.26776695251465
      vertex -3.9902270216550884 3.9902270216550884 89.10696902126074
    endloop
  endfacet
  facet normal -0.7365769458505054 0.6749484175453581 0.043577935868496086
    outer loop
      vertex -4.40380592228744 4.40380592228744 87.5
      vertex -4.397079037652367 4.397079037652367 87.71788935363293
      vertex -4.020711119726643 4.821880537037495 87.5
    endloop
  endfacet
  facet normal -0.7309816741820754 0.669821295688482 0.1304040791239805
    outer loop
      vertex -4.397079037652367 4.397079037652367 87.71788935363293
      vertex -4.376949571094663 4.376949571094663 87.93412044644356
      vertex -4.01342354629176 4.815765536856107 87.71788935363293
    endloop
  endfacet
  facet normal -0.719833001240128 0.6596054191228501 0.21624324588157498
    outer loop
      vertex -4.376949571094663 4.376949571094663 87.93412044644356
      vertex -4.3435707264086645 4.3435707264086645 88.1470476090908
      vertex -3.991616279822609 4.797467067604858 87.93412044644356
    endloop
  endfacet
  facet normal -0.6812503621916989 0.6242509441869121 0.382372465922205
    outer loop
      vertex -4.297196527918703 4.297196527918703 88.355050355196
      vertex -4.238179923870922 4.238179923870922 88.55654565244913
      vertex -3.9052157853396494 4.724968444550671 88.355050355196
    endloop
  endfacet
  facet normal -0.7032143821653387 0.6443772603955017 0.30044546759937757
    outer loop
      vertex -4.3435707264086645 4.3435707264086645 88.1470476090908
      vertex -4.297196527918703 4.297196527918703 88.355050355196
      vertex -3.955455293717322 4.767124397500905 88.1470476090908
    endloop
  endfacet
  facet normal -0.7032143821653408 0.6443772603955015 0.3004454675993733
    outer loop
      vertex -4.297196527918703 4.297196527918703 88.355050355196
      vertex -3.9052157853396494 4.724968444550671 88.355050355196
      vertex -3.955455293717322 4.767124397500905 88.1470476090908
    endloop
  endfacet
  facet normal -0.681250362191699 0.6242509441869121 0.3823724659222048
    outer loop
      vertex -4.238179923870922 4.238179923870922 88.55654565244913
      vertex -3.8412801213276406 4.671320052459121 88.55654565244913
      vertex -3.9052157853396494 4.724968444550671 88.355050355196
    endloop
  endfacet
  facet normal -0.6219842475684161 0.5699435557947091 0.5369356935284101
    outer loop
      vertex -4.166970057424833 4.166970057424833 88.75
      vertex -4.084108884368725 4.084108884368725 88.93394108861685
      vertex -3.764134881121155 4.606587509854776 88.75
    endloop
  endfacet
  facet normal -0.6541056733064863 0.5993774195523875 0.4614027276458057
    outer loop
      vertex -4.238179923870922 4.238179923870922 88.55654565244913
      vertex -4.166970057424833 4.166970057424833 88.75
      vertex -3.8412801213276406 4.671320052459121 88.55654565244913
    endloop
  endfacet
  facet normal -0.18321671535913325 0.23877267218464746 0.9536347551504262
    outer loop
      vertex -4.208943334612354 2.1576619731381115 89.91481456905603
      vertex -3.630825698822016 2.6012672373066295 89.91481456905603
      vertex -3.7645272867992094 2.760606585114002 89.84923154860735
    endloop
  endfacet
  facet normal -0.1318797244440162 0.171869003058748 0.9762524182137335
    outer loop
      vertex -4.086813331458806 1.9832422525709639 89.96201938390732
      vertex -3.493958756906655 2.4381555675716156 89.96201938390732
      vertex -3.630825698822016 2.6012672373066295 89.91481456905603
    endloop
  endfacet
  facet normal -0.3121865975354023 0.34069188781027754 0.8868306297707235
    outer loop
      vertex -4.018396024929321 3.0631555658279206 89.66506350785494
      vertex -3.8940459672836285 2.9149609378893695 89.76576946675777
      vertex -3.519922445804256 3.519922445804256 89.66506350785494
    endloop
  endfacet
  facet normal -0.25874736158501677 0.28237319532697386 0.9237506056472317
    outer loop
      vertex -3.7645272867992094 2.760606585114002 89.84923154860735
      vertex -3.383129564801018 3.383129564801018 89.76576946675777
      vertex -3.8940459672836285 2.9149609378893695 89.76576946675777
    endloop
  endfacet
  facet normal -0.3632402312802161 0.3964071523264702 0.8431594771832394
    outer loop
      vertex -4.018396024929321 3.0631555658279206 89.66506350785494
      vertex -3.519922445804256 3.519922445804256 89.66506350785494
      vertex -3.6499884369040654 3.6499884369040654 89.54788011312485
    endloop
  endfacet
  facet normal -0.3121865975354044 0.34069188781027865 0.8868306297707224
    outer loop
      vertex -3.8940459672836285 2.9149609378893695 89.76576946675777
      vertex -3.383129564801018 3.383129564801018 89.76576946675777
      vertex -3.519922445804256 3.519922445804256 89.66506350785494
    endloop
  endfacet
  facet normal -0.2033299300346488 0.2218956811686331 0.9536347551504262
    outer loop
      vertex -3.7645272867992094 2.760606585114002 89.84923154860735
      vertex -3.630825698822016 2.6012672373066295 89.91481456905603
      vertex -3.2406508737361293 3.2406508737361293 89.84923154860735
    endloop
  endfacet
  facet normal -0.14635725289381357 0.15972091427616433 0.9762524182137335
    outer loop
      vertex -3.630825698822016 2.6012672373066295 89.91481456905603
      vertex -3.493958756906655 2.4381555675716156 89.96201938390732
      vertex -3.093570721459723 3.093570721459723 89.91481456905603
    endloop
  endfacet
  facet normal -0.08826479750688583 0.09632412386442293 0.9914287612747674
    outer loop
      vertex -3.3549680896190006 2.2725129404944875 89.99048674851656
      vertex -2.9430084808530426 2.9430084808530426 89.96201938390732
      vertex -3.493958756906655 2.4381555675716156 89.96201938390732
    endloop
  endfacet
  facet normal -0.14635725289381235 0.15972091427616358 0.9762524182137338
    outer loop
      vertex -3.493958756906655 2.4381555675716156 89.96201938390732
      vertex -2.9430084808530426 2.9430084808530426 89.96201938390732
      vertex -3.093570721459723 3.093570721459723 89.91481456905603
    endloop
  endfacet
  facet normal -0.25874736158501604 0.2823731953269735 0.9237506056472319
    outer loop
      vertex -3.7645272867992094 2.760606585114002 89.84923154860735
      vertex -3.2406508737361293 3.2406508737361293 89.84923154860735
      vertex -3.383129564801018 3.383129564801018 89.76576946675777
    endloop
  endfacet
  facet normal -0.2033299300346492 0.2218956811686333 0.953634755150426
    outer loop
      vertex -3.630825698822016 2.6012672373066295 89.91481456905603
      vertex -3.093570721459723 3.093570721459723 89.91481456905603
      vertex -3.2406508737361293 3.2406508737361293 89.84923154860735
    endloop
  endfacet
  facet normal -0.4115197432475758 0.44909499416392384 0.7930732545826739
    outer loop
      vertex -4.136631077604484 3.204062614624112 89.54788011312485
      vertex -3.6499884369040654 3.6499884369040654 89.54788011312485
      vertex -3.7723376614112496 3.7723376614112496 89.41511110961437
    endloop
  endfacet
  facet normal -0.4983551248081979 0.4566583365930948 0.7369568055167368
    outer loop
      vertex -3.8860389690016577 3.8860389690016577 89.26776695251465
      vertex -3.7723376614112496 3.7723376614112496 89.41511110961437
      vertex -3.4597880626324145 4.3512102067108955 89.26776695251465
    endloop
  endfacet
  facet normal -0.44909499416392384 0.41151974324757595 0.7930732545826737
    outer loop
      vertex -3.7723376614112496 3.7723376614112496 89.41511110961437
      vertex -3.6499884369040654 3.6499884369040654 89.54788011312485
      vertex -3.336609700930329 4.247851288837654 89.41511110961437
    endloop
  endfacet
  facet normal -0.5851277604891416 0.5361708077191992 0.608396555590762
    outer loop
      vertex -3.9902270216550884 3.9902270216550884 89.10696902126074
      vertex -3.674367192762351 4.531263475661267 88.93394108861685
      vertex -4.084108884368725 4.084108884368725 88.93394108861685
    endloop
  endfacet
  facet normal -0.5438140500263576 0.49831376690782037 0.6752404525086367
    outer loop
      vertex -3.9902270216550884 3.9902270216550884 89.10696902126074
      vertex -3.8860389690016577 3.8860389690016577 89.26776695251465
      vertex -3.572660235404708 4.445921205254305 89.10696902126074
    endloop
  endfacet
  facet normal -0.5851277604891422 0.5361708077191993 0.6083965555907617
    outer loop
      vertex -3.9902270216550884 3.9902270216550884 89.10696902126074
      vertex -3.572660235404708 4.445921205254305 89.10696902126074
      vertex -3.674367192762351 4.531263475661267 88.93394108861685
    endloop
  endfacet
  facet normal -0.6219842475684166 0.5699435557947091 0.5369356935284092
    outer loop
      vertex -4.084108884368725 4.084108884368725 88.93394108861685
      vertex -3.674367192762351 4.531263475661267 88.93394108861685
      vertex -3.764134881121155 4.606587509854776 88.75
    endloop
  endfacet
  facet normal -0.6541056733064853 0.5993774195523874 0.46140272764580725
    outer loop
      vertex -4.166970057424833 4.166970057424833 88.75
      vertex -3.764134881121155 4.606587509854776 88.75
      vertex -3.8412801213276406 4.671320052459121 88.55654565244913
    endloop
  endfacet
  facet normal -0.543814050026356 0.49831376690781976 0.6752404525086386
    outer loop
      vertex -3.8860389690016577 3.8860389690016577 89.26776695251465
      vertex -3.4597880626324145 4.3512102067108955 89.26776695251465
      vertex -3.572660235404708 4.445921205254305 89.10696902126074
    endloop
  endfacet
  facet normal -0.39640715232646945 0.363240231280217 0.8431594771832396
    outer loop
      vertex -3.6499884369040654 3.6499884369040654 89.54788011312485
      vertex -3.519922445804256 3.519922445804256 89.66506350785494
      vertex -3.204062614624112 4.136631077604484 89.54788011312485
    endloop
  endfacet
  facet normal -0.449094994163924 0.41151974324757595 0.7930732545826735
    outer loop
      vertex -3.6499884369040654 3.6499884369040654 89.54788011312485
      vertex -3.204062614624112 4.136631077604484 89.54788011312485
      vertex -3.336609700930329 4.247851288837654 89.41511110961437
    endloop
  endfacet
  facet normal -0.3406918878102792 0.3121865975354038 0.8868306297707224
    outer loop
      vertex -3.383129564801018 3.383129564801018 89.76576946675777
      vertex -3.0631555658279206 4.018396024929321 89.66506350785494
      vertex -3.519922445804256 3.519922445804256 89.66506350785494
    endloop
  endfacet
  facet normal -0.2823731953269733 0.2587473615850162 0.923750605647232
    outer loop
      vertex -3.383129564801018 3.383129564801018 89.76576946675777
      vertex -3.2406508737361293 3.2406508737361293 89.84923154860735
      vertex -2.9149609378893695 3.8940459672836285 89.76576946675777
    endloop
  endfacet
  facet normal -0.39640715232647233 0.36324023128021804 0.8431594771832376
    outer loop
      vertex -3.519922445804256 3.519922445804256 89.66506350785494
      vertex -3.0631555658279206 4.018396024929321 89.66506350785494
      vertex -3.204062614624112 4.136631077604484 89.54788011312485
    endloop
  endfacet
  facet normal -0.49835512480819716 0.4566583365930946 0.7369568055167374
    outer loop
      vertex -3.7723376614112496 3.7723376614112496 89.41511110961437
      vertex -3.336609700930329 4.247851288837654 89.41511110961437
      vertex -3.4597880626324145 4.3512102067108955 89.26776695251465
    endloop
  endfacet
  facet normal -0.5851755798602887 0.4490210151330381 0.6752404525086386
    outer loop
      vertex -3.572660235404708 4.445921205254305 89.10696902126074
      vertex -3.4597880626324145 4.3512102067108955 89.26776695251465
      vertex -3.196398781880246 4.936274678309495 89.10696902126074
    endloop
  endfacet
  facet normal -0.5362591296084571 0.4114861026986765 0.7369568055167374
    outer loop
      vertex -3.4597880626324145 4.3512102067108955 89.26776695251465
      vertex -3.336609700930329 4.247851288837654 89.41511110961437
      vertex -3.075701514377969 4.851761541763087 89.26776695251465
    endloop
  endfacet
  facet normal -0.7365769458505038 0.6749484175453594 0.04357793586850117
    outer loop
      vertex -4.397079037652367 4.397079037652367 87.71788935363293
      vertex -4.01342354629176 4.815765536856107 87.71788935363293
      vertex -4.020711119726643 4.821880537037495 87.5
    endloop
  endfacet
  facet normal -0.730981674182076 0.6698212956884817 0.13040407912397875
    outer loop
      vertex -4.376949571094663 4.376949571094663 87.93412044644356
      vertex -3.991616279822609 4.797467067604858 87.93412044644356
      vertex -4.01342354629176 4.815765536856107 87.71788935363293
    endloop
  endfacet
  facet normal -0.7198330012401267 0.6596054191228505 0.21624324588157787
    outer loop
      vertex -4.3435707264086645 4.3435707264086645 88.1470476090908
      vertex -3.955455293717322 4.767124397500905 88.1470476090908
      vertex -3.991616279822609 4.797467067604858 87.93412044644356
    endloop
  endfacet
  facet normal -0.733065053589988 0.5625005995638408 0.38237246592220503
    outer loop
      vertex -3.9052157853396494 4.724968444550671 88.355050355196
      vertex -3.8412801213276406 4.671320052459121 88.55654565244913
      vertex -3.5520094269489784 5.185275932654238 88.355050355196
    endloop
  endfacet
  facet normal -0.7925996788404037 0.6081831242377002 0.043577935868501304
    outer loop
      vertex -4.020711119726643 4.821880537037495 87.5
      vertex -4.01342354629176 4.815765536856107 87.71788935363293
      vertex -3.675511712121553 5.2717531637182 87.5
    endloop
  endfacet
  facet normal -0.7865788407563392 0.6035631726855445 0.13040407912397883
    outer loop
      vertex -4.01342354629176 4.815765536856107 87.71788935363293
      vertex -3.991616279822609 4.797467067604858 87.93412044644356
      vertex -3.6677189127210577 5.266296586834217 87.71788935363293
    endloop
  endfacet
  facet normal -0.7865788407563387 0.603563172685545 0.13040407912398097
    outer loop
      vertex -3.991616279822609 4.797467067604858 87.93412044644356
      vertex -3.6443998128058777 5.249968377289343 87.93412044644356
      vertex -3.6677189127210577 5.266296586834217 87.71788935363293
    endloop
  endfacet
  facet normal -0.7925996788404044 0.6081831242376994 0.04357793586849851
    outer loop
      vertex -4.01342354629176 4.815765536856107 87.71788935363293
      vertex -3.6677189127210577 5.266296586834217 87.71788935363293
      vertex -3.675511712121553 5.2717531637182 87.5
    endloop
  endfacet
  facet normal -0.7745822195709147 0.5943578414854092 0.21624324588157798
    outer loop
      vertex -3.991616279822609 4.797467067604858 87.93412044644356
      vertex -3.955455293717322 4.767124397500905 88.1470476090908
      vertex -3.6443998128058777 5.249968377289343 87.93412044644356
    endloop
  endfacet
  facet normal -0.7566996178744448 0.5806360385884286 0.30044546759937324
    outer loop
      vertex -3.955455293717322 4.767124397500905 88.1470476090908
      vertex -3.9052157853396494 4.724968444550671 88.355050355196
      vertex -3.605731892220165 5.222892807808332 88.1470476090908
    endloop
  endfacet
  facet normal -0.7566996178744452 0.5806360385884285 0.30044546759937235
    outer loop
      vertex -3.9052157853396494 4.724968444550671 88.355050355196
      vertex -3.5520094269489784 5.185275932654238 88.355050355196
      vertex -3.605731892220165 5.222892807808332 88.1470476090908
    endloop
  endfacet
  facet normal -0.7745822195709154 0.5943578414854088 0.21624324588157615
    outer loop
      vertex -3.955455293717322 4.767124397500905 88.1470476090908
      vertex -3.605731892220165 5.222892807808332 88.1470476090908
      vertex -3.6443998128058777 5.249968377289343 87.93412044644356
    endloop
  endfacet
  facet normal -0.7330650535899876 0.5625005995638409 0.38237246592220564
    outer loop
      vertex -3.8412801213276406 4.671320052459121 88.55654565244913
      vertex -3.483641291981283 5.13740404917652 88.55654565244913
      vertex -3.5520094269489784 5.185275932654238 88.355050355196
    endloop
  endfacet
  facet normal -0.7038557879269141 0.5400875417215174 0.46140272764580736
    outer loop
      vertex -3.764134881121155 4.606587509854776 88.75
      vertex -3.483641291981283 5.13740404917652 88.55654565244913
      vertex -3.8412801213276406 4.671320052459121 88.55654565244913
    endloop
  endfacet
  facet normal -0.6692912636537689 0.5135652494200788 0.5369356935284091
    outer loop
      vertex -3.764134881121155 4.606587509854776 88.75
      vertex -3.674367192762351 4.531263475661267 88.93394108861685
      vertex -3.401147799873942 5.079641484149716 88.75
    endloop
  endfacet
  facet normal -0.8425902496895601 0.5367891901235773 0.043577935868498514
    outer loop
      vertex -3.675511712121553 5.2717531637182 87.5
      vertex -3.6677189127210577 5.266296586834217 87.71788935363293
      vertex -3.3708348754011492 5.75 87.5
    endloop
  endfacet
  facet normal -0.8361896674031586 0.5327115694970604 0.13040407912398083
    outer loop
      vertex -3.6677189127210577 5.266296586834217 87.71788935363293
      vertex -3.6443998128058777 5.249968377289343 87.93412044644356
      vertex -3.3625961579438997 5.74524337425828 87.71788935363293
    endloop
  endfacet
  facet normal -0.629631537691958 0.48313327135373096 0.6083965555907614
    outer loop
      vertex -3.674367192762351 4.531263475661267 88.93394108861685
      vertex -3.572660235404708 4.445921205254305 89.10696902126074
      vertex -3.3051567825240644 5.012427850200913 88.93394108861685
    endloop
  endfacet
  facet normal -0.6692912636537696 0.5135652494200788 0.5369356935284083
    outer loop
      vertex -3.674367192762351 4.531263475661267 88.93394108861685
      vertex -3.3051567825240644 5.012427850200913 88.93394108861685
      vertex -3.401147799873942 5.079641484149716 88.75
    endloop
  endfacet
  facet normal -0.7038557879269148 0.5400875417215174 0.4614027276458064
    outer loop
      vertex -3.764134881121155 4.606587509854776 88.75
      vertex -3.401147799873942 5.079641484149716 88.75
      vertex -3.483641291981283 5.13740404917652 88.55654565244913
    endloop
  endfacet
  facet normal -0.6296315376919552 0.4831332713537307 0.6083965555907646
    outer loop
      vertex -3.572660235404708 4.445921205254305 89.10696902126074
      vertex -3.196398781880246 4.936274678309495 89.10696902126074
      vertex -3.3051567825240644 5.012427850200913 88.93394108861685
    endloop
  endfacet
  facet normal -0.5851755798602905 0.4490210151330384 0.6752404525086367
    outer loop
      vertex -3.4597880626324145 4.3512102067108955 89.26776695251465
      vertex -3.075701514377969 4.851761541763087 89.26776695251465
      vertex -3.196398781880246 4.936274678309495 89.10696902126074
    endloop
  endfacet
  facet normal -0.8234363995052386 0.5245868417911845 0.2162432458815761
    outer loop
      vertex -3.6443998128058777 5.249968377289343 87.93412044644356
      vertex -3.605731892220165 5.222892807808332 88.1470476090908
      vertex -3.337942697013503 5.731009691953659 87.93412044644356
    endloop
  endfacet
  facet normal -0.804425912583805 0.5124758259300697 0.3004454675993726
    outer loop
      vertex -3.5520094269489784 5.185275932654238 88.355050355196
      vertex -3.2970621281713495 5.707407284528017 88.1470476090908
      vertex -3.605731892220165 5.222892807808332 88.1470476090908
    endloop
  endfacet
  facet normal -0.7793006772936765 0.49646928573093896 0.382372465922206
    outer loop
      vertex -3.5520094269489784 5.185275932654238 88.355050355196
      vertex -3.483641291981283 5.13740404917652 88.55654565244913
      vertex -3.240265566405874 5.674615774303675 88.355050355196
    endloop
  endfacet
  facet normal -0.8425902496895596 0.5367891901235777 0.04357793586849986
    outer loop
      vertex -3.6677189127210577 5.266296586834217 87.71788935363293
      vertex -3.3625961579438997 5.74524337425828 87.71788935363293
      vertex -3.3708348754011492 5.75 87.5
    endloop
  endfacet
  facet normal -0.8361896674031588 0.5327115694970603 0.1304040791239806
    outer loop
      vertex -3.6443998128058777 5.249968377289343 87.93412044644356
      vertex -3.337942697013503 5.731009691953659 87.93412044644356
      vertex -3.3625961579438997 5.74524337425828 87.71788935363293
    endloop
  endfacet
  facet normal -0.8234363995052384 0.5245868417911846 0.21624324588157684
    outer loop
      vertex -3.605731892220165 5.222892807808332 88.1470476090908
      vertex -3.2970621281713495 5.707407284528017 88.1470476090908
      vertex -3.337942697013503 5.731009691953659 87.93412044644356
    endloop
  endfacet
  facet normal -0.8044259125838038 0.5124758259300701 0.3004454675993747
    outer loop
      vertex -3.5520094269489784 5.185275932654238 88.355050355196
      vertex -3.240265566405874 5.674615774303675 88.355050355196
      vertex -3.2970621281713495 5.707407284528017 88.1470476090908
    endloop
  endfacet
  facet normal -0.7793006772936776 0.4964692857309387 0.38237246592220386
    outer loop
      vertex -3.483641291981283 5.13740404917652 88.55654565244913
      vertex -3.167985283271406 5.632884733378887 88.55654565244913
      vertex -3.240265566405874 5.674615774303675 88.355050355196
    endloop
  endfacet
  facet normal -0.7482491350014764 0.47668727158437124 0.46140272764580653
    outer loop
      vertex -3.483641291981283 5.13740404917652 88.55654565244913
      vertex -3.401147799873942 5.079641484149716 88.75
      vertex -3.167985283271406 5.632884733378887 88.55654565244913
    endloop
  endfacet
  facet normal -0.7115045690936028 0.4532784013981848 0.5369356935284082
    outer loop
      vertex -3.401147799873942 5.079641484149716 88.75
      vertex -3.3051567825240644 5.012427850200913 88.93394108861685
      vertex -3.0807713645490784 5.582531753927469 88.75
    endloop
  endfacet
  facet normal -0.7482491350014755 0.47668727158437135 0.4614027276458078
    outer loop
      vertex -3.401147799873942 5.079641484149716 88.75
      vertex -3.0807713645490784 5.582531753927469 88.75
      vertex -3.167985283271406 5.632884733378887 88.55654565244913
    endloop
  endfacet
  facet normal -0.879436585775914 0.45780570960466416 0.13040407912398053
    outer loop
      vertex -3.3625961579438997 5.74524337425828 87.71788935363293
      vertex -3.337942697013503 5.731009691953659 87.93412044644356
      vertex -3.100377450362296 6.248960824880021 87.71788935363293
    endloop
  endfacet
  facet normal -0.8861681999686728 0.46130996615044334 0.04357793586850002
    outer loop
      vertex -3.3708348754011492 5.75 87.5
      vertex -3.3625961579438997 5.74524337425828 87.71788935363293
      vertex -3.108999384261775 6.252981298685453 87.5
    endloop
  endfacet
  facet normal -0.8660237312348331 0.4508234194767363 0.21624324588157684
    outer loop
      vertex -3.337942697013503 5.731009691953659 87.93412044644356
      vertex -3.2970621281713495 5.707407284528017 88.1470476090908
      vertex -3.074577256140528 6.236929996732524 87.93412044644356
    endloop
  endfacet
  facet normal -0.8460300403727544 0.4404153627950196 0.3004454675993747
    outer loop
      vertex -3.2970621281713495 5.707407284528017 88.1470476090908
      vertex -3.240265566405874 5.674615774303675 88.355050355196
      vertex -3.031795164855186 6.216980379934283 88.1470476090908
    endloop
  endfacet
  facet normal -0.886168199968674 0.46130996615044156 0.04357793586849444
    outer loop
      vertex -3.3625961579438997 5.74524337425828 87.71788935363293
      vertex -3.100377450362296 6.248960824880021 87.71788935363293
      vertex -3.108999384261775 6.252981298685453 87.5
    endloop
  endfacet
  facet normal -0.8794365857759124 0.45780570960466554 0.1304040791239857
    outer loop
      vertex -3.337942697013503 5.731009691953659 87.93412044644356
      vertex -3.074577256140528 6.236929996732524 87.93412044644356
      vertex -3.100377450362296 6.248960824880021 87.71788935363293
    endloop
  endfacet
  facet normal -0.02949684225643715 0.03219015470914931 0.9990464104518367
    outer loop
      vertex -3.3549680896190006 2.2725129404944875 89.99048674851656
      vertex -3.2149115128211463 2.105600011929198 90
      vertex -2.7901100088232678 2.7901100088232678 89.99048674851656
    endloop
  endfacet
  facet normal -0.08826479750688618 0.09632412386442313 0.9914287612747673
    outer loop
      vertex -3.3549680896190006 2.2725129404944875 89.99048674851656
      vertex -2.7901100088232678 2.7901100088232678 89.99048674851656
      vertex -2.9430084808530426 2.9430084808530426 89.96201938390732
    endloop
  endfacet
  facet normal -0.029496842256437193 0.032190154709149335 0.9990464104518368
    outer loop
      vertex -3.2149115128211463 2.105600011929198 90
      vertex -2.6360389693210715 2.6360389693210715 90
      vertex -2.7901100088232678 2.7901100088232678 89.99048674851656
    endloop
  endfacet
  facet normal -0.22189568116863342 0.20332993003464908 0.9536347551504258
    outer loop
      vertex -3.2406508737361293 3.2406508737361293 89.84923154860735
      vertex -3.093570721459723 3.093570721459723 89.91481456905603
      vertex -2.760606585114002 3.7645272867992094 89.84923154860735
    endloop
  endfacet
  facet normal -0.15972091427616328 0.14635725289381263 0.9762524182137339
    outer loop
      vertex -3.093570721459723 3.093570721459723 89.91481456905603
      vertex -2.9430084808530426 2.9430084808530426 89.96201938390732
      vertex -2.6012672373066295 3.630825698822016 89.91481456905603
    endloop
  endfacet
  facet normal -0.09632412386442323 0.08826479750688612 0.9914287612747674
    outer loop
      vertex -2.7901100088232678 2.7901100088232678 89.99048674851656
      vertex -2.4381555675716156 3.493958756906655 89.96201938390732
      vertex -2.9430084808530426 2.9430084808530426 89.96201938390732
    endloop
  endfacet
  facet normal -0.15972091427616464 0.1463572528938133 0.9762524182137337
    outer loop
      vertex -2.9430084808530426 2.9430084808530426 89.96201938390732
      vertex -2.4381555675716156 3.493958756906655 89.96201938390732
      vertex -2.6012672373066295 3.630825698822016 89.91481456905603
    endloop
  endfacet
  facet normal -0.03219015470914934 0.029496842256437183 0.9990464104518367
    outer loop
      vertex -2.7901100088232678 2.7901100088232678 89.99048674851656
      vertex -2.6360389693210715 2.6360389693210715 90
      vertex -2.2725129404944875 3.3549680896190006 89.99048674851656
    endloop
  endfacet
  facet normal -0.09632412386442288 0.08826479750688594 0.9914287612747674
    outer loop
      vertex -2.7901100088232678 2.7901100088232678 89.99048674851656
      vertex -2.2725129404944875 3.3549680896190006 89.99048674851656
      vertex -2.4381555675716156 3.493958756906655 89.96201938390732
    endloop
  endfacet
  facet normal -0.3406918878102769 0.31218659753540284 0.8868306297707235
    outer loop
      vertex -3.383129564801018 3.383129564801018 89.76576946675777
      vertex -2.9149609378893695 3.8940459672836285 89.76576946675777
      vertex -3.0631555658279206 4.018396024929321 89.66506350785494
    endloop
  endfacet
  facet normal -0.282373195326974 0.2587473615850165 0.9237506056472315
    outer loop
      vertex -3.2406508737361293 3.2406508737361293 89.84923154860735
      vertex -2.760606585114002 3.7645272867992094 89.84923154860735
      vertex -2.9149609378893695 3.8940459672836285 89.76576946675777
    endloop
  endfacet
  facet normal -0.22189568116863295 0.2033299300346489 0.9536347551504262
    outer loop
      vertex -3.093570721459723 3.093570721459723 89.91481456905603
      vertex -2.6012672373066295 3.630825698822016 89.91481456905603
      vertex -2.760606585114002 3.7645272867992094 89.84923154860735
    endloop
  endfacet
  facet normal -0.42655717558633666 0.3273088327434758 0.8431594771832376
    outer loop
      vertex -3.204062614624112 4.136631077604484 89.54788011312485
      vertex -3.0631555658279206 4.018396024929321 89.66506350785494
      vertex -2.8022473755295474 4.660286892386777 89.54788011312485
    endloop
  endfacet
  facet normal -0.48325236100371255 0.37081257860269967 0.7930732545826735
    outer loop
      vertex -3.336609700930329 4.247851288837654 89.41511110961437
      vertex -3.204062614624112 4.136631077604484 89.54788011312485
      vertex -2.943983560273888 4.759531637381849 89.41511110961437
    endloop
  endfacet
  facet normal -0.48325236100371294 0.3708125786026997 0.7930732545826732
    outer loop
      vertex -3.204062614624112 4.136631077604484 89.54788011312485
      vertex -2.8022473755295474 4.660286892386777 89.54788011312485
      vertex -2.943983560273888 4.759531637381849 89.41511110961437
    endloop
  endfacet
  facet normal -0.36660430710352754 0.281305378749864 0.8868306297707235
    outer loop
      vertex -3.0631555658279206 4.018396024929321 89.66506350785494
      vertex -2.9149609378893695 3.8940459672836285 89.76576946675777
      vertex -2.6515716567603134 4.554782618279393 89.66506350785494
    endloop
  endfacet
  facet normal -0.42655717558633455 0.32730883274347516 0.8431594771832389
    outer loop
      vertex -3.0631555658279206 4.018396024929321 89.66506350785494
      vertex -2.6515716567603134 4.554782618279393 89.66506350785494
      vertex -2.8022473755295474 4.660286892386777 89.54788011312485
    endloop
  endfacet
  facet normal -0.30384999855089506 0.23315230418546984 0.9237506056472317
    outer loop
      vertex -2.9149609378893695 3.8940459672836285 89.76576946675777
      vertex -2.760606585114002 3.7645272867992094 89.84923154860735
      vertex -2.493103132487426 4.443821763014549 89.76576946675777
    endloop
  endfacet
  facet normal -0.2387726721846474 0.1832167153591333 0.9536347551504262
    outer loop
      vertex -2.6012672373066295 3.630825698822016 89.91481456905603
      vertex -2.3280478478279054 4.328248808474603 89.84923154860735
      vertex -2.760606585114002 3.7645272867992094 89.84923154860735
    endloop
  endfacet
  facet normal -0.3666043071035285 0.28130537874986433 0.886830629770723
    outer loop
      vertex -2.9149609378893695 3.8940459672836285 89.76576946675777
      vertex -2.493103132487426 4.443821763014549 89.76576946675777
      vertex -2.6515716567603134 4.554782618279393 89.66506350785494
    endloop
  endfacet
  facet normal -0.3038499985508947 0.23315230418546967 0.9237506056472318
    outer loop
      vertex -2.760606585114002 3.7645272867992094 89.84923154860735
      vertex -2.3280478478279054 4.328248808474603 89.84923154860735
      vertex -2.493103132487426 4.443821763014549 89.76576946675777
    endloop
  endfacet
  facet normal -0.03219015470914931 0.029496842256437162 0.9990464104518368
    outer loop
      vertex -2.6360389693210715 2.6360389693210715 90
      vertex -2.105600011929198 3.2149115128211463 90
      vertex -2.2725129404944875 3.3549680896190006 89.99048674851656
    endloop
  endfacet
  facet normal -0.10365036547725466 0.07953372274458044 0.9914287612747674
    outer loop
      vertex -2.4381555675716156 3.493958756906655 89.96201938390732
      vertex -2.2725129404944875 3.3549680896190006 89.99048674851656
      vertex -1.9832422525709639 4.086813331458806 89.96201938390732
    endloop
  endfacet
  facet normal -0.17186900305874814 0.13187972444401594 0.9762524182137334
    outer loop
      vertex -2.6012672373066295 3.630825698822016 89.91481456905603
      vertex -2.4381555675716156 3.493958756906655 89.96201938390732
      vertex -2.1576619731381115 4.208943334612354 89.91481456905603
    endloop
  endfacet
  facet normal -0.03463848064757782 0.0265790410234734 0.9990464104518367
    outer loop
      vertex -2.2725129404944875 3.3549680896190006 89.99048674851656
      vertex -2.105600011929198 3.2149115128211463 90
      vertex -1.8061161108562933 3.9627882718161924 89.99048674851656
    endloop
  endfacet
  facet normal -0.1718690030587473 0.13187972444401563 0.9762524182137337
    outer loop
      vertex -2.4381555675716156 3.493958756906655 89.96201938390732
      vertex -1.9832422525709639 4.086813331458806 89.96201938390732
      vertex -2.1576619731381115 4.208943334612354 89.91481456905603
    endloop
  endfacet
  facet normal -0.23877267218464776 0.18321671535913348 0.9536347551504261
    outer loop
      vertex -2.6012672373066295 3.630825698822016 89.91481456905603
      vertex -2.1576619731381115 4.208943334612354 89.91481456905603
      vertex -2.3280478478279054 4.328248808474603 89.84923154860735
    endloop
  endfacet
  facet normal -0.3230143198161985 0.20578281696986062 0.9237506056472318
    outer loop
      vertex -2.493103132487426 4.443821763014549 89.76576946675777
      vertex -2.3280478478279054 4.328248808474603 89.84923154860735
      vertex -2.120766741219004 5.0282728262245655 89.76576946675777
    endloop
  endfacet
  facet normal -0.253832458990456 0.16170911085045733 0.9536347551504261
    outer loop
      vertex -2.3280478478279054 4.328248808474603 89.84923154860735
      vertex -2.1576619731381115 4.208943334612354 89.91481456905603
      vertex -1.9462666950546952 4.927525177598 89.84923154860735
    endloop
  endfacet
  facet normal -0.03463848064757778 0.02657904102347339 0.9990464104518368
    outer loop
      vertex -2.105600011929198 3.2149115128211463 90
      vertex -1.6276316013990737 3.8378120728405856 90
      vertex -1.8061161108562933 3.9627882718161924 89.99048674851656
    endloop
  endfacet
  facet normal -0.10365036547725516 0.07953372274458062 0.9914287612747673
    outer loop
      vertex -2.2725129404944875 3.3549680896190006 89.99048674851656
      vertex -1.8061161108562933 3.9627882718161924 89.99048674851656
      vertex -1.9832422525709639 4.086813331458806 89.96201938390732
    endloop
  endfacet
  facet normal -0.18270906495071287 0.11639851166004381 0.9762524182137338
    outer loop
      vertex -2.1576619731381115 4.208943334612354 89.91481456905603
      vertex -1.9832422525709639 4.086813331458806 89.96201938390732
      vertex -1.766131032870673 4.8235238045454025 89.91481456905603
    endloop
  endfacet
  facet normal -0.11018776522300358 0.07019734832841364 0.9914287612747672
    outer loop
      vertex -1.8061161108562933 3.9627882718161924 89.99048674851656
      vertex -1.5817307008624155 4.717060223221779 89.96201938390732
      vertex -1.9832422525709639 4.086813331458806 89.96201938390732
    endloop
  endfacet
  facet normal -0.18270906495071304 0.11639851166004385 0.9762524182137337
    outer loop
      vertex -1.9832422525709639 4.086813331458806 89.96201938390732
      vertex -1.5817307008624155 4.717060223221779 89.96201938390732
      vertex -1.766131032870673 4.8235238045454025 89.91481456905603
    endloop
  endfacet
  facet normal -0.03682318683299183 0.02345895723945713 0.9990464104518367
    outer loop
      vertex -1.8061161108562933 3.9627882718161924 89.99048674851656
      vertex -1.6276316013990737 3.8378120728405856 90
      vertex -1.3944690814003389 4.6089446768164635 89.99048674851656
    endloop
  endfacet
  facet normal -0.1101877652230036 0.07019734832841365 0.9914287612747673
    outer loop
      vertex -1.8061161108562933 3.9627882718161924 89.99048674851656
      vertex -1.3944690814003389 4.6089446768164635 89.99048674851656
      vertex -1.5817307008624155 4.717060223221779 89.96201938390732
    endloop
  endfacet
  facet normal -0.03682318683299186 0.02345895723945714 0.9990464104518368
    outer loop
      vertex -1.6276316013990737 3.8378120728405856 90
      vertex -1.2057713659400529 4.5 90
      vertex -1.3944690814003389 4.6089446768164635 89.99048674851656
    endloop
  endfacet
  facet normal -0.5362591296084582 0.4114861026986768 0.7369568055167365
    outer loop
      vertex -3.336609700930329 4.247851288837654 89.41511110961437
      vertex -2.943983560273888 4.759531637381849 89.41511110961437
      vertex -3.075701514377969 4.851761541763087 89.26776695251465
    endloop
  endfacet
  facet normal -0.6693434387110195 0.426418799069414 0.6083965555907647
    outer loop
      vertex -3.3051567825240644 5.012427850200913 88.93394108861685
      vertex -3.196398781880246 4.936274678309495 89.10696902126074
      vertex -2.97928756781112 5.523940056562424 88.93394108861685
    endloop
  endfacet
  facet normal -0.622083570192812 0.3963109423067906 0.6752404525086366
    outer loop
      vertex -3.196398781880246 4.936274678309495 89.10696902126074
      vertex -3.075701514377969 4.851761541763087 89.26776695251465
      vertex -2.864306237935904 5.457555554807186 89.10696902126074
    endloop
  endfacet
  facet normal -0.5700818786302826 0.36318221110061927 0.7369568055167365
    outer loop
      vertex -3.075701514377969 4.851761541763087 89.26776695251465
      vertex -2.943983560273888 4.759531637381849 89.41511110961437
      vertex -2.736702454788338 5.383883476257324 89.26776695251465
    endloop
  endfacet
  facet normal -0.7115045690936022 0.4532784013981847 0.536935693528409
    outer loop
      vertex -3.3051567825240644 5.012427850200913 88.93394108861685
      vertex -2.97928756781112 5.523940056562424 88.93394108861685
      vertex -3.0807713645490784 5.582531753927469 88.75
    endloop
  endfacet
  facet normal -0.6693434387110214 0.42641879906941405 0.6083965555907626
    outer loop
      vertex -3.196398781880246 4.936274678309495 89.10696902126074
      vertex -2.864306237935904 5.457555554807186 89.10696902126074
      vertex -2.97928756781112 5.523940056562424 88.93394108861685
    endloop
  endfacet
  facet normal -0.6220835701928118 0.39631094230679054 0.6752404525086368
    outer loop
      vertex -3.075701514377969 4.851761541763087 89.26776695251465
      vertex -2.736702454788338 5.383883476257324 89.26776695251465
      vertex -2.864306237935904 5.457555554807186 89.10696902126074
    endloop
  endfacet
  facet normal -0.7483028951444287 0.389541831044668 0.5369356935284089
    outer loop
      vertex -3.0807713645490784 5.582531753927469 88.75
      vertex -2.97928756781112 5.523940056562424 88.93394108861685
      vertex -2.805443833267966 6.1114310205815805 88.75
    endloop
  endfacet
  facet normal -0.7039612320008757 0.36645902224546945 0.6083965555907623
    outer loop
      vertex -2.97928756781112 5.523940056562424 88.93394108861685
      vertex -2.864306237935904 5.457555554807186 89.10696902126074
      vertex -2.699239610112695 6.0619071779958755 88.93394108861685
    endloop
  endfacet
  facet normal -0.453460841177723 0.2888864163550773 0.843159477183239
    outer loop
      vertex -2.6515716567603134 4.554782618279393 89.66506350785494
      vertex -2.447600776212556 5.216970544308424 89.54788011312485
      vertex -2.8022473755295474 4.660286892386777 89.54788011312485
    endloop
  endfacet
  facet normal -0.5137318855805093 0.3272833063319007 0.7930732545826732
    outer loop
      vertex -2.943983560273888 4.759531637381849 89.41511110961437
      vertex -2.8022473755295474 4.660286892386777 89.54788011312485
      vertex -2.5974473614464673 5.303484510630369 89.41511110961437
    endloop
  endfacet
  facet normal -0.5700818786302806 0.363182211100619 0.736956805516738
    outer loop
      vertex -2.943983560273888 4.759531637381849 89.41511110961437
      vertex -2.5974473614464673 5.303484510630369 89.41511110961437
      vertex -2.736702454788338 5.383883476257324 89.26776695251465
    endloop
  endfacet
  facet normal -0.5137318855805102 0.3272833063319009 0.7930732545826725
    outer loop
      vertex -2.8022473755295474 4.660286892386777 89.54788011312485
      vertex -2.447600776212556 5.216970544308424 89.54788011312485
      vertex -2.5974473614464673 5.303484510630369 89.41511110961437
    endloop
  endfacet
  facet normal -0.3897266462579889 0.24828325617520663 0.8868306297707228
    outer loop
      vertex -2.6515716567603134 4.554782618279393 89.66506350785494
      vertex -2.493103132487426 4.443821763014549 89.76576946675777
      vertex -2.2883031206706006 5.125 89.66506350785494
    endloop
  endfacet
  facet normal -0.453460841177723 0.2888864163550772 0.8431594771832388
    outer loop
      vertex -2.6515716567603134 4.554782618279393 89.66506350785494
      vertex -2.2883031206706006 5.125 89.66506350785494
      vertex -2.447600776212556 5.216970544308424 89.54788011312485
    endloop
  endfacet
  facet normal -0.6542571289318357 0.3405847039104997 0.6752404525086368
    outer loop
      vertex -2.864306237935904 5.457555554807186 89.10696902126074
      vertex -2.736702454788338 5.383883476257324 89.26776695251465
      vertex -2.5789100283540556 6.005796572519233 89.10696902126074
    endloop
  endfacet
  facet normal -0.5403016003082458 0.281263210480852 0.7930732545826725
    outer loop
      vertex -2.5974473614464673 5.303484510630369 89.41511110961437
      vertex -2.447600776212556 5.216970544308424 89.54788011312485
      vertex -2.2996384541654216 5.875570098770071 89.41511110961437
    endloop
  endfacet
  facet normal -0.5995659603308787 0.3121142835806713 0.7369568055167381
    outer loop
      vertex -2.736702454788338 5.383883476257324 89.26776695251465
      vertex -2.5974473614464673 5.303484510630369 89.41511110961437
      vertex -2.4453708714002245 5.943526240968099 89.26776695251465
    endloop
  endfacet
  facet normal -0.5995659603308795 0.3121142835806713 0.7369568055167376
    outer loop
      vertex -2.5974473614464673 5.303484510630369 89.41511110961437
      vertex -2.2996384541654216 5.875570098770071 89.41511110961437
      vertex -2.4453708714002245 5.943526240968099 89.26776695251465
    endloop
  endfacet
  facet normal -0.8196053522885473 0.42665954085727353 0.3823724659222039
    outer loop
      vertex -3.240265566405874 5.674615774303675 88.355050355196
      vertex -3.167985283271406 5.632884733378887 88.55654565244913
      vertex -2.97235676272516 6.189263797832554 88.355050355196
    endloop
  endfacet
  facet normal -0.8660237312348341 0.4508234194767358 0.21624324588157445
    outer loop
      vertex -3.2970621281713495 5.707407284528017 88.1470476090908
      vertex -3.031795164855186 6.216980379934283 88.1470476090908
      vertex -3.074577256140528 6.236929996732524 87.93412044644356
    endloop
  endfacet
  facet normal -0.8460300403727548 0.4404153627950193 0.30044546759937363
    outer loop
      vertex -3.240265566405874 5.674615774303675 88.355050355196
      vertex -2.97235676272516 6.189263797832554 88.355050355196
      vertex -3.031795164855186 6.216980379934283 88.1470476090908
    endloop
  endfacet
  facet normal -0.8196053522885468 0.42665954085727364 0.3823724659222047
    outer loop
      vertex -3.167985283271406 5.632884733378887 88.55654565244913
      vertex -2.8967144280226 6.153991197880027 88.55654565244913
      vertex -2.97235676272516 6.189263797832554 88.355050355196
    endloop
  endfacet
  facet normal -0.7869478543534951 0.4096591234788241 0.46140272764580786
    outer loop
      vertex -3.167985283271406 5.632884733378887 88.55654565244913
      vertex -3.0807713645490784 5.582531753927469 88.75
      vertex -2.8967144280226 6.153991197880027 88.55654565244913
    endloop
  endfacet
  facet normal -0.7869478543534949 0.4096591234788241 0.4614027276458082
    outer loop
      vertex -3.0807713645490784 5.582531753927469 88.75
      vertex -2.805443833267966 6.1114310205815805 88.75
      vertex -2.8967144280226 6.153991197880027 88.55654565244913
    endloop
  endfacet
  facet normal -0.7483028951444288 0.389541831044668 0.5369356935284089
    outer loop
      vertex -2.97928756781112 5.523940056562424 88.93394108861685
      vertex -2.699239610112695 6.0619071779958755 88.93394108861685
      vertex -2.805443833267966 6.1114310205815805 88.75
    endloop
  endfacet
  facet normal -0.819657425361778 0.3395132220846621 0.4614027276458086
    outer loop
      vertex -2.8967144280226 6.153991197880027 88.55654565244913
      vertex -2.805443833267966 6.1114310205815805 88.75
      vertex -2.6718932612411272 6.6967575078324 88.55654565244913
    endloop
  endfacet
  facet normal -0.923001875163037 0.382319894788329 0.04357793586849467
    outer loop
      vertex -3.108999384261775 6.252981298685453 87.5
      vertex -3.100377450362296 6.248960824880021 87.71788935363293
      vertex -2.891997964891595 6.776869068383153 87.5
    endloop
  endfacet
  facet normal -0.9159904607125837 0.3794156718315335 0.13040407912398563
    outer loop
      vertex -3.100377450362296 6.248960824880021 87.71788935363293
      vertex -3.074577256140528 6.236929996732524 87.93412044644356
      vertex -2.883058432672926 6.773615344747293 87.71788935363293
    endloop
  endfacet
  facet normal -0.9020200994503065 0.373628958725445 0.21624324588157445
    outer loop
      vertex -3.074577256140528 6.236929996732524 87.93412044644356
      vertex -3.031795164855186 6.216980379934283 88.1470476090908
      vertex -2.8563078602163996 6.763878932623538 87.93412044644356
    endloop
  endfacet
  facet normal -0.9230018751630366 0.38231989478832984 0.043577935868497
    outer loop
      vertex -3.100377450362296 6.248960824880021 87.71788935363293
      vertex -2.883058432672926 6.773615344747293 87.71788935363293
      vertex -2.891997964891595 6.776869068383153 87.5
    endloop
  endfacet
  facet normal -0.9159904607125848 0.3794156718315323 0.13040407912398166
    outer loop
      vertex -3.074577256140528 6.236929996732524 87.93412044644356
      vertex -2.8563078602163996 6.763878932623538 87.93412044644356
      vertex -2.883058432672926 6.773615344747293 87.71788935363293
    endloop
  endfacet
  facet normal -0.8811953687075629 0.3650030728190331 0.3004454675993734
    outer loop
      vertex -3.031795164855186 6.216980379934283 88.1470476090908
      vertex -2.97235676272516 6.189263797832554 88.355050355196
      vertex -2.811949844035083 6.747733935082439 88.1470476090908
    endloop
  endfacet
  facet normal -0.902020099450306 0.37362895872544527 0.21624324588157562
    outer loop
      vertex -3.031795164855186 6.216980379934283 88.1470476090908
      vertex -2.811949844035083 6.747733935082439 88.1470476090908
      vertex -2.8563078602163996 6.763878932623538 87.93412044644356
    endloop
  endfacet
  facet normal -0.8536723356612577 0.3536026592536114 0.38237246592220464
    outer loop
      vertex -2.97235676272516 6.189263797832554 88.355050355196
      vertex -2.8967144280226 6.153991197880027 88.55654565244913
      vertex -2.7503219636706024 6.72530322102885 88.355050355196
    endloop
  endfacet
  facet normal -0.8811953687075619 0.36500307281903355 0.30044546759937546
    outer loop
      vertex -2.97235676272516 6.189263797832554 88.355050355196
      vertex -2.7503219636706024 6.72530322102885 88.355050355196
      vertex -2.811949844035083 6.747733935082439 88.1470476090908
    endloop
  endfacet
  facet normal -0.7039612320008749 0.36645902224546945 0.6083965555907632
    outer loop
      vertex -2.864306237935904 5.457555554807186 89.10696902126074
      vertex -2.5789100283540556 6.005796572519233 89.10696902126074
      vertex -2.699239610112695 6.0619071779958755 88.93394108861685
    endloop
  endfacet
  facet normal -0.7794061843255642 0.3228406121451127 0.5369356935284089
    outer loop
      vertex -2.805443833267966 6.1114310205815805 88.75
      vertex -2.699239610112695 6.0619071779958755 88.93394108861685
      vertex -2.577260614790964 6.662314041334703 88.75
    endloop
  endfacet
  facet normal -0.6542571289318355 0.3405847039104996 0.6752404525086368
    outer loop
      vertex -2.736702454788338 5.383883476257324 89.26776695251465
      vertex -2.4453708714002245 5.943526240968099 89.26776695251465
      vertex -2.5789100283540556 6.005796572519233 89.10696902126074
    endloop
  endfacet
  facet normal -0.7332214552517897 0.3037102709882285 0.608396555590763
    outer loop
      vertex -2.699239610112695 6.0619071779958755 88.93394108861685
      vertex -2.5789100283540556 6.005796572519233 89.10696902126074
      vertex -2.467144243484455 6.622234959873729 88.93394108861685
    endloop
  endfacet
  facet normal -0.681451395868433 0.2822664102667824 0.6752404525086368
    outer loop
      vertex -2.5789100283540556 6.005796572519233 89.10696902126074
      vertex -2.4453708714002245 5.943526240968099 89.26776695251465
      vertex -2.342382190616563 6.576825286263869 89.10696902126074
    endloop
  endfacet
  facet normal -0.8536723356612582 0.3536026592536111 0.3823724659222034
    outer loop
      vertex -2.8967144280226 6.153991197880027 88.55654565244913
      vertex -2.6718932612411272 6.6967575078324 88.55654565244913
      vertex -2.7503219636706024 6.72530322102885 88.355050355196
    endloop
  endfacet
  facet normal -0.8812423570981385 0.2778546479019026 0.38237246592220364
    outer loop
      vertex -2.7503219636706024 6.72530322102885 88.355050355196
      vertex -2.6718932612411272 6.6967575078324 88.55654565244913
      vertex -2.575850988131287 7.278654460212584 88.355050355196
    endloop
  endfacet
  facet normal -0.8196574253617797 0.3395132220846616 0.46140272764580614
    outer loop
      vertex -2.805443833267966 6.1114310205815805 88.75
      vertex -2.577260614790964 6.662314041334703 88.75
      vertex -2.6718932612411272 6.6967575078324 88.55654565244913
    endloop
  endfacet
  facet normal -0.7794061843255641 0.3228406121451127 0.5369356935284091
    outer loop
      vertex -2.699239610112695 6.0619071779958755 88.93394108861685
      vertex -2.467144243484455 6.622234959873729 88.93394108861685
      vertex -2.577260614790964 6.662314041334703 88.75
    endloop
  endfacet
  facet normal -0.7332214552517883 0.3037102709882287 0.6083965555907647
    outer loop
      vertex -2.5789100283540556 6.005796572519233 89.10696902126074
      vertex -2.342382190616563 6.576825286263869 89.10696902126074
      vertex -2.467144243484455 6.622234959873729 88.93394108861685
    endloop
  endfacet
  facet normal -0.8461289084403749 0.26678342006674616 0.461402727645806
    outer loop
      vertex -2.6718932612411272 6.6967575078324 88.55654565244913
      vertex -2.577260614790964 6.662314041334703 88.75
      vertex -2.4952328077569303 7.257052883886008 88.55654565244913
    endloop
  endfacet
  facet normal -0.8045777218256605 0.2536823812506431 0.536935693528409
    outer loop
      vertex -2.467144243484455 6.622234959873729 88.93394108861685
      vertex -2.3979583211914752 7.230988263766642 88.75
      vertex -2.577260614790964 6.662314041334703 88.75
    endloop
  endfacet
  facet normal -0.3897266462579888 0.24828325617520658 0.886830629770723
    outer loop
      vertex -2.493103132487426 4.443821763014549 89.76576946675777
      vertex -2.120766741219004 5.0282728262245655 89.76576946675777
      vertex -2.2883031206706006 5.125 89.66506350785494
    endloop
  endfacet
  facet normal -0.3230143198161979 0.20578281696986045 0.923750605647232
    outer loop
      vertex -2.3280478478279054 4.328248808474603 89.84923154860735
      vertex -1.9462666950546952 4.927525177598 89.84923154860735
      vertex -2.120766741219004 5.0282728262245655 89.76576946675777
    endloop
  endfacet
  facet normal -0.4769133959606065 0.24826539990383042 0.8431594771832389
    outer loop
      vertex -2.447600776212556 5.216970544308424 89.54788011312485
      vertex -2.2883031206706006 5.125 89.66506350785494
      vertex -2.1428218914354105 5.802445334643524 89.54788011312485
    endloop
  endfacet
  facet normal -0.5403016003082448 0.28126321048085196 0.7930732545826731
    outer loop
      vertex -2.447600776212556 5.216970544308424 89.54788011312485
      vertex -2.1428218914354105 5.802445334643524 89.54788011312485
      vertex -2.2996384541654216 5.875570098770071 89.41511110961437
    endloop
  endfacet
  facet normal -0.40988293031104284 0.2133715481035266 0.886830629770723
    outer loop
      vertex -2.2883031206706006 5.125 89.66506350785494
      vertex -2.120766741219004 5.0282728262245655 89.76576946675777
      vertex -1.9761146504659628 5.7247084715095795 89.66506350785494
    endloop
  endfacet
  facet normal -0.47691339596060744 0.2482653999038305 0.8431594771832385
    outer loop
      vertex -2.2883031206706006 5.125 89.66506350785494
      vertex -1.9761146504659628 5.7247084715095795 89.66506350785494
      vertex -2.1428218914354105 5.802445334643524 89.54788011312485
    endloop
  endfacet
  facet normal -0.25383245899045676 0.1617091108504575 0.9536347551504257
    outer loop
      vertex -2.1576619731381115 4.208943334612354 89.91481456905603
      vertex -1.766131032870673 4.8235238045454025 89.91481456905603
      vertex -1.9462666950546952 4.927525177598 89.84923154860735
    endloop
  endfacet
  facet normal -0.26696042751511856 0.13897080236557827 0.9536347551504258
    outer loop
      vertex -1.9462666950546952 4.927525177598 89.84923154860735
      vertex -1.766131032870673 4.8235238045454025 89.91481456905603
      vertex -1.6181687118927384 5.557795539147406 89.84923154860735
    endloop
  endfacet
  facet normal -0.3397203070663216 0.17684719826204837 0.9237506056472321
    outer loop
      vertex -2.120766741219004 5.0282728262245655 89.76576946675777
      vertex -1.9462666950546952 4.927525177598 89.84923154860735
      vertex -1.8007854688445164 5.64295113142145 89.76576946675777
    endloop
  endfacet
  facet normal -0.40988293031104384 0.21337154810352674 0.8868306297707227
    outer loop
      vertex -2.120766741219004 5.0282728262245655 89.76576946675777
      vertex -1.8007854688445164 5.64295113142145 89.76576946675777
      vertex -1.9761146504659628 5.7247084715095795 89.66506350785494
    endloop
  endfacet
  facet normal -0.33972030706632167 0.1768471982620483 0.9237506056472319
    outer loop
      vertex -1.9462666950546952 4.927525177598 89.84923154860735
      vertex -1.6181687118927384 5.557795539147406 89.84923154860735
      vertex -1.8007854688445164 5.64295113142145 89.76576946675777
    endloop
  endfacet
  facet normal -0.6244869830455344 0.25867097790291815 0.7369568055167377
    outer loop
      vertex -2.4453708714002245 5.943526240968099 89.26776695251465
      vertex -2.2996384541654216 5.875570098770071 89.41511110961437
      vertex -2.2039239734740326 6.526430616534422 89.26776695251465
    endloop
  endfacet
  facet normal -0.5627592936146086 0.2331025317666734 0.7930732545826732
    outer loop
      vertex -2.2996384541654216 5.875570098770071 89.41511110961437
      vertex -2.1428218914354105 5.802445334643524 89.54788011312485
      vertex -2.052823344037094 6.471434485040489 89.41511110961437
    endloop
  endfacet
  facet normal -0.6244869830455366 0.25867097790291804 0.7369568055167358
    outer loop
      vertex -2.2996384541654216 5.875570098770071 89.41511110961437
      vertex -2.052823344037094 6.471434485040489 89.41511110961437
      vertex -2.2039239734740326 6.526430616534422 89.26776695251465
    endloop
  endfacet
  facet normal -0.5627592936146089 0.2331025317666734 0.7930732545826732
    outer loop
      vertex -2.1428218914354105 5.802445334643524 89.54788011312485
      vertex -1.890230272541789 6.412255446718282 89.54788011312485
      vertex -2.052823344037094 6.471434485040489 89.41511110961437
    endloop
  endfacet
  facet normal -0.6814513958684323 0.28226641026678245 0.6752404525086375
    outer loop
      vertex -2.4453708714002245 5.943526240968099 89.26776695251465
      vertex -2.2039239734740326 6.526430616534422 89.26776695251465
      vertex -2.342382190616563 6.576825286263869 89.10696902126074
    endloop
  endfacet
  facet normal -0.7569014204970171 0.23865010118349267 0.6083965555907646
    outer loop
      vertex -2.467144243484455 6.622234959873729 88.93394108861685
      vertex -2.342382190616563 6.576825286263869 89.10696902126074
      vertex -2.284767853809454 7.200658969440728 88.93394108861685
    endloop
  endfacet
  facet normal -0.7034594062108683 0.22179989880381543 0.6752404525086377
    outer loop
      vertex -2.342382190616563 6.576825286263869 89.10696902126074
      vertex -2.2039239734740326 6.526430616534422 89.26776695251465
      vertex -2.1565228443880224 7.166295822732934 89.10696902126074
    endloop
  endfacet
  facet normal -0.6446552827436652 0.2032590298935161 0.7369568055167357
    outer loop
      vertex -2.2039239734740326 6.526430616534422 89.26776695251465
      vertex -2.052823344037094 6.471434485040489 89.41511110961437
      vertex -2.014199317692605 7.1281603486909475 89.26776695251465
    endloop
  endfacet
  facet normal -0.4967363518320492 0.20575493385256793 0.8431594771832385
    outer loop
      vertex -1.9761146504659628 5.7247084715095795 89.66506350785494
      vertex -1.890230272541789 6.412255446718282 89.54788011312485
      vertex -2.1428218914354105 5.802445334643524 89.54788011312485
    endloop
  endfacet
  facet normal -0.4967363518320486 0.20575493385256796 0.8431594771832389
    outer loop
      vertex -1.9761146504659628 5.7247084715095795 89.66506350785494
      vertex -1.7173821889092098 6.349343889226068 89.66506350785494
      vertex -1.890230272541789 6.412255446718282 89.54788011312485
    endloop
  endfacet
  facet normal -0.4269197577703508 0.17683595371351582 0.8868306297707227
    outer loop
      vertex -1.9761146504659628 5.7247084715095795 89.66506350785494
      vertex -1.8007854688445164 5.64295113142145 89.76576946675777
      vertex -1.7173821889092098 6.349343889226068 89.66506350785494
    endloop
  endfacet
  facet normal -0.3538408176509401 0.14656566559220546 0.923750605647232
    outer loop
      vertex -1.8007854688445164 5.64295113142145 89.76576946675777
      vertex -1.6181687118927384 5.557795539147406 89.84923154860735
      vertex -1.5355945660567052 6.283178605549745 89.76576946675777
    endloop
  endfacet
  facet normal -0.426919757770348 0.17683595371351568 0.886830629770724
    outer loop
      vertex -1.8007854688445164 5.64295113142145 89.76576946675777
      vertex -1.5355945660567052 6.283178605549745 89.76576946675777
      vertex -1.7173821889092098 6.349343889226068 89.66506350785494
    endloop
  endfacet
  facet normal -0.5809340488932129 0.18316780203459473 0.7930732545826733
    outer loop
      vertex -2.052823344037094 6.471434485040489 89.41511110961437
      vertex -1.890230272541789 6.412255446718282 89.54788011312485
      vertex -1.858880443080599 7.08654278166935 89.41511110961437
    endloop
  endfacet
  facet normal -0.6446552827436633 0.20325902989351632 0.7369568055167371
    outer loop
      vertex -2.052823344037094 6.471434485040489 89.41511110961437
      vertex -1.858880443080599 7.08654278166935 89.41511110961437
      vertex -2.014199317692605 7.1281603486909475 89.26776695251465
    endloop
  endfacet
  facet normal -0.5127788441284384 0.16167854851646207 0.8431594771832389
    outer loop
      vertex -1.890230272541789 6.412255446718282 89.54788011312485
      vertex -1.7173821889092098 6.349343889226068 89.66506350785494
      vertex -1.69174829427046 7.0417598573663955 89.54788011312485
    endloop
  endfacet
  facet normal -0.5809340488932131 0.18316780203459473 0.7930732545826732
    outer loop
      vertex -1.890230272541789 6.412255446718282 89.54788011312485
      vertex -1.69174829427046 7.0417598573663955 89.54788011312485
      vertex -1.858880443080599 7.08654278166935 89.41511110961437
    endloop
  endfacet
  facet normal -0.5127788441284397 0.16167854851646202 0.8431594771832382
    outer loop
      vertex -1.7173821889092098 6.349343889226068 89.66506350785494
      vertex -1.5140748462597209 6.994152400455464 89.66506350785494
      vertex -1.69174829427046 7.0417598573663955 89.54788011312485
    endloop
  endfacet
  facet normal -0.9528109487636404 0.3004201381758098 0.04357793586849691
    outer loop
      vertex -2.883058432672926 6.773615344747293 87.71788935363293
      vertex -2.721482129121056 7.317676206833616 87.5
      vertex -2.891997964891595 6.776869068383153 87.5
    endloop
  endfacet
  facet normal -0.9455730951530709 0.2981380516983162 0.13040407912398208
    outer loop
      vertex -2.883058432672926 6.773615344747293 87.71788935363293
      vertex -2.8563078602163996 6.763878932623538 87.93412044644356
      vertex -2.7122930338212177 7.3152139961688505 87.71788935363293
    endloop
  endfacet
  facet normal -0.9455730951530714 0.2981380516983155 0.13040407912397992
    outer loop
      vertex -2.8563078602163996 6.763878932623538 87.93412044644356
      vertex -2.6847956711387644 7.3078461000441015 87.93412044644356
      vertex -2.7122930338212177 7.3152139961688505 87.71788935363293
    endloop
  endfacet
  facet normal -0.9528109487636395 0.30042013817581187 0.043577935868502726
    outer loop
      vertex -2.883058432672926 6.773615344747293 87.71788935363293
      vertex -2.7122930338212177 7.3152139961688505 87.71788935363293
      vertex -2.721482129121056 7.317676206833616 87.5
    endloop
  endfacet
  facet normal -0.9311515500543344 0.29359095599492 0.21624324588157545
    outer loop
      vertex -2.8563078602163996 6.763878932623538 87.93412044644356
      vertex -2.811949844035083 6.747733935082439 88.1470476090908
      vertex -2.6847956711387644 7.3078461000441015 87.93412044644356
    endloop
  endfacet
  facet normal -0.9096542682061949 0.2868128890640111 0.3004454675993754
    outer loop
      vertex -2.811949844035083 6.747733935082439 88.1470476090908
      vertex -2.7503219636706024 6.72530322102885 88.355050355196
      vertex -2.6391993213487153 7.295628594940052 88.1470476090908
    endloop
  endfacet
  facet normal -0.9311515500543347 0.29359095599491974 0.21624324588157437
    outer loop
      vertex -2.811949844035083 6.747733935082439 88.1470476090908
      vertex -2.6391993213487153 7.295628594940052 88.1470476090908
      vertex -2.6847956711387644 7.3078461000441015 87.93412044644356
    endloop
  endfacet
  facet normal -0.9096542682061958 0.28681288906401037 0.300445467599373
    outer loop
      vertex -2.7503219636706024 6.72530322102885 88.355050355196
      vertex -2.575850988131287 7.278654460212584 88.355050355196
      vertex -2.6391993213487153 7.295628594940052 88.1470476090908
    endloop
  endfacet
  facet normal -0.9531963751177711 0.21131854881420667 0.21624324588157467
    outer loop
      vertex -2.6847956711387644 7.3078461000441015 87.93412044644356
      vertex -2.6391993213487153 7.295628594940052 88.1470476090908
      vertex -2.5613460002283945 7.864691580393791 87.93412044644356
    endloop
  endfacet
  facet normal -0.8812423570981376 0.27785464790190306 0.3823724659222052
    outer loop
      vertex -2.6718932612411272 6.6967575078324 88.55654565244913
      vertex -2.4952328077569303 7.257052883886008 88.55654565244913
      vertex -2.575850988131287 7.278654460212584 88.355050355196
    endloop
  endfacet
  facet normal -0.9311901494595144 0.2064398860408552 0.300445467599373
    outer loop
      vertex -2.6391993213487153 7.295628594940052 88.1470476090908
      vertex -2.575850988131287 7.278654460212584 88.355050355196
      vertex -2.5148583325833442 7.856494550317761 88.1470476090908
    endloop
  endfacet
  facet normal -0.9021055920888168 0.19999199490643998 0.382372465922205
    outer loop
      vertex -2.575850988131287 7.278654460212584 88.355050355196
      vertex -2.4952328077569303 7.257052883886008 88.55654565244913
      vertex -2.450271665579521 7.845106178330954 88.355050355196
    endloop
  endfacet
  facet normal -0.8461289084403734 0.2667834200667467 0.4614027276458084
    outer loop
      vertex -2.577260614790964 6.662314041334703 88.75
      vertex -2.3979583211914752 7.230988263766642 88.75
      vertex -2.4952328077569303 7.257052883886008 88.55654565244913
    endloop
  endfacet
  facet normal -0.8661608396191338 0.1920232351338893 0.46140272764580853
    outer loop
      vertex -2.4952328077569303 7.257052883886008 88.55654565244913
      vertex -2.3979583211914752 7.230988263766642 88.75
      vertex -2.3680775602915203 7.830613139913487 88.55654565244913
    endloop
  endfacet
  facet normal -0.9753685557211706 0.21623400291313655 0.04357793586850235
    outer loop
      vertex -2.721482129121056 7.317676206833616 87.5
      vertex -2.7122930338212177 7.3152139961688505 87.71788935363293
      vertex -2.5987496054206476 7.871286845164953 87.5
    endloop
  endfacet
  facet normal -0.9679593473867982 0.21459142097099423 0.13040407912397992
    outer loop
      vertex -2.7122930338212177 7.3152139961688505 87.71788935363293
      vertex -2.6847956711387644 7.3078461000441015 87.93412044644356
      vertex -2.589380881603401 7.869634886381166 87.71788935363293
    endloop
  endfacet
  facet normal -0.9753685557211714 0.21623400291313435 0.04357793586849635
    outer loop
      vertex -2.7122930338212177 7.3152139961688505 87.71788935363293
      vertex -2.589380881603401 7.869634886381166 87.71788935363293
      vertex -2.5987496054206476 7.871286845164953 87.5
    endloop
  endfacet
  facet normal -0.9679593473867975 0.21459142097099554 0.13040407912398358
    outer loop
      vertex -2.6847956711387644 7.3078461000441015 87.93412044644356
      vertex -2.5613460002283945 7.864691580393791 87.93412044644356
      vertex -2.589380881603401 7.869634886381166 87.71788935363293
    endloop
  endfacet
  facet normal -0.9531963751177711 0.2113185488142068 0.216243245881575
    outer loop
      vertex -2.6391993213487153 7.295628594940052 88.1470476090908
      vertex -2.5148583325833442 7.856494550317761 88.1470476090908
      vertex -2.5613460002283945 7.864691580393791 87.93412044644356
    endloop
  endfacet
  facet normal -0.9311901494595136 0.2064398860408559 0.30044546759937524
    outer loop
      vertex -2.575850988131287 7.278654460212584 88.355050355196
      vertex -2.450271665579521 7.845106178330954 88.355050355196
      vertex -2.5148583325833442 7.856494550317761 88.1470476090908
    endloop
  endfacet
  facet normal -0.902105592088817 0.1999919949064397 0.38237246592220414
    outer loop
      vertex -2.4952328077569303 7.257052883886008 88.55654565244913
      vertex -2.3680775602915203 7.830613139913487 88.55654565244913
      vertex -2.450271665579521 7.845106178330954 88.355050355196
    endloop
  endfacet
  facet normal -0.9905030190260273 0.130402196322633 0.04357793586849642
    outer loop
      vertex -2.5987496054206476 7.871286845164953 87.5
      vertex -2.589380881603401 7.869634886381166 87.71788935363293
      vertex -2.5247344624036536 8.433487672140222 87.5
    endloop
  endfacet
  facet normal -0.982978844517076 0.12941161995624684 0.13040407912398358
    outer loop
      vertex -2.589380881603401 7.869634886381166 87.71788935363293
      vertex -2.5613460002283945 7.864691580393791 87.93412044644356
      vertex -2.515257411714237 8.432658537641238 87.71788935363293
    endloop
  endfacet
  facet normal -0.9679868002108534 0.12743787987939134 0.21624324588157495
    outer loop
      vertex -2.5613460002283945 7.864691580393791 87.93412044644356
      vertex -2.5148583325833442 7.856494550317761 88.1470476090908
      vertex -2.486898374021866 8.430177443334651 87.93412044644356
    endloop
  endfacet
  facet normal -0.9456391114074602 0.12449575083311816 0.3004454675993753
    outer loop
      vertex -2.5148583325833442 7.856494550317761 88.1470476090908
      vertex -2.450271665579521 7.845106178330954 88.355050355196
      vertex -2.4398731877426147 8.426063272635021 88.1470476090908
    endloop
  endfacet
  facet normal -0.9905030190260272 0.13040219632263372 0.04357793586849828
    outer loop
      vertex -2.589380881603401 7.869634886381166 87.71788935363293
      vertex -2.515257411714237 8.432658537641238 87.71788935363293
      vertex -2.5247344624036536 8.433487672140222 87.5
    endloop
  endfacet
  facet normal -0.9829788445170761 0.12941161995624648 0.13040407912398258
    outer loop
      vertex -2.5613460002283945 7.864691580393791 87.93412044644356
      vertex -2.486898374021866 8.430177443334651 87.93412044644356
      vertex -2.515257411714237 8.432658537641238 87.71788935363293
    endloop
  endfacet
  facet normal -0.9679868002108538 0.12743787987939084 0.2162432458815735
    outer loop
      vertex -2.5148583325833442 7.856494550317761 88.1470476090908
      vertex -2.4398731877426147 8.426063272635021 88.1470476090908
      vertex -2.486898374021866 8.430177443334651 87.93412044644356
    endloop
  endfacet
  facet normal -0.9456391114074602 0.12449575083311806 0.30044546759937507
    outer loop
      vertex -2.450271665579521 7.845106178330954 88.355050355196
      vertex -2.3745397304867923 8.420347335776182 88.355050355196
      vertex -2.4398731877426147 8.426063272635021 88.1470476090908
    endloop
  endfacet
  facet normal -0.9980991562740208 0.04357795027911336 0.04357793586849847
    outer loop
      vertex -2.5247344624036536 8.433487672140222 87.5
      vertex -2.515257411714237 8.432658537641238 87.71788935363293
      vertex -2.5 9 87.5
    endloop
  endfacet
  facet normal -0.9905172791017258 0.04324691837275474 0.13040407912398252
    outer loop
      vertex -2.515257411714237 8.432658537641238 87.71788935363293
      vertex -2.486898374021866 8.430177443334651 87.93412044644356
      vertex -2.4904867485165596 9 87.71788935363293
    endloop
  endfacet
  facet normal -0.9754102612679214 0.04258733172959502 0.21624324588157326
    outer loop
      vertex -2.486898374021866 8.430177443334651 87.93412044644356
      vertex -2.4398731877426147 8.426063272635021 88.1470476090908
      vertex -2.462019383907318 9 87.93412044644356
    endloop
  endfacet
  facet normal -0.9528911887250893 0.04160412778895043 0.30044546759937524
    outer loop
      vertex -2.4398731877426147 8.426063272635021 88.1470476090908
      vertex -2.3745397304867923 8.420347335776182 88.355050355196
      vertex -2.414814569056034 9 88.1470476090908
    endloop
  endfacet
  facet normal -0.9980991562740208 0.04357795027911365 0.04357793586849922
    outer loop
      vertex -2.515257411714237 8.432658537641238 87.71788935363293
      vertex -2.4904867485165596 9 87.71788935363293
      vertex -2.5 9 87.5
    endloop
  endfacet
  facet normal -0.990517279101726 0.04324691837275463 0.13040407912398222
    outer loop
      vertex -2.486898374021866 8.430177443334651 87.93412044644356
      vertex -2.462019383907318 9 87.93412044644356
      vertex -2.4904867485165596 9 87.71788935363293
    endloop
  endfacet
  facet normal -0.975410261267921 0.04258733172959566 0.2162432458815749
    outer loop
      vertex -2.4398731877426147 8.426063272635021 88.1470476090908
      vertex -2.414814569056034 9 88.1470476090908
      vertex -2.462019383907318 9 87.93412044644356
    endloop
  endfacet
  facet normal -0.80457772182566 0.25368238125064324 0.5369356935284098
    outer loop
      vertex -2.467144243484455 6.622234959873729 88.93394108861685
      vertex -2.284767853809454 7.200658969440728 88.93394108861685
      vertex -2.3979583211914752 7.230988263766642 88.75
    endloop
  endfacet
  facet normal -0.7569014204970193 0.23865010118349214 0.608396555590762
    outer loop
      vertex -2.342382190616563 6.576825286263869 89.10696902126074
      vertex -2.1565228443880224 7.166295822732934 89.10696902126074
      vertex -2.284767853809454 7.200658969440728 88.93394108861685
    endloop
  endfacet
  facet normal -0.8236259370453524 0.18259347425724406 0.5369356935284096
    outer loop
      vertex -2.284767853809454 7.200658969440728 88.93394108861685
      vertex -2.2689015511894786 7.813125733669809 88.75
      vertex -2.3979583211914752 7.230988263766642 88.75
    endloop
  endfacet
  facet normal -0.7034594062108684 0.22179989880381545 0.6752404525086377
    outer loop
      vertex -2.2039239734740326 6.526430616534422 89.26776695251465
      vertex -2.014199317692605 7.1281603486909475 89.26776695251465
      vertex -2.1565228443880224 7.166295822732934 89.10696902126074
    endloop
  endfacet
  facet normal -0.7748209089026928 0.17177366000787703 0.6083965555907621
    outer loop
      vertex -2.284767853809454 7.200658969440728 88.93394108861685
      vertex -2.1565228443880224 7.166295822732934 89.10696902126074
      vertex -2.1534984355349955 7.792777050722104 88.93394108861685
    endloop
  endfacet
  facet normal -0.7201136657116367 0.1596453561845116 0.6752404525086377
    outer loop
      vertex -2.1565228443880224 7.166295822732934 89.10696902126074
      vertex -2.014199317692605 7.1281603486909475 89.26776695251465
      vertex -2.0227464915181743 7.769721955211856 89.10696902126074
    endloop
  endfacet
  facet normal -0.9161032588174512 0.12060728207127025 0.382372465922204
    outer loop
      vertex -2.450271665579521 7.845106178330954 88.355050355196
      vertex -2.3680775602915203 7.830613139913487 88.55654565244913
      vertex -2.3745397304867923 8.420347335776182 88.355050355196
    endloop
  endfacet
  facet normal -0.8661608396191346 0.19202323513388897 0.46140272764580736
    outer loop
      vertex -2.3979583211914752 7.230988263766642 88.75
      vertex -2.2689015511894786 7.813125733669809 88.75
      vertex -2.3680775602915203 7.830613139913487 88.55654565244913
    endloop
  endfacet
  facet normal -0.8236259370453541 0.18259347425724343 0.5369356935284073
    outer loop
      vertex -2.284767853809454 7.200658969440728 88.93394108861685
      vertex -2.1534984355349955 7.792777050722104 88.93394108861685
      vertex -2.2689015511894786 7.813125733669809 88.75
    endloop
  endfacet
  facet normal -0.8796007638061786 0.11580163743486485 0.4614027276458075
    outer loop
      vertex -2.3680775602915203 7.830613139913487 88.55654565244913
      vertex -2.2689015511894786 7.813125733669809 88.75
      vertex -2.2913952470565464 8.413073136041316 88.55654565244913
    endloop
  endfacet
  facet normal -0.774820908902691 0.1717736600078776 0.6083965555907643
    outer loop
      vertex -2.1565228443880224 7.166295822732934 89.10696902126074
      vertex -2.0227464915181743 7.769721955211856 89.10696902126074
      vertex -2.1534984355349955 7.792777050722104 88.93394108861685
    endloop
  endfacet
  facet normal -0.8364058615651928 0.11011492067179562 0.5369356935284073
    outer loop
      vertex -2.2689015511894786 7.813125733669809 88.75
      vertex -2.1534984355349955 7.792777050722104 88.93394108861685
      vertex -2.191072504731296 8.404296033394024 88.75
    endloop
  endfacet
  facet normal -0.7868435423419583 0.10358991755983296 0.6083965555907642
    outer loop
      vertex -2.0227464915181743 7.769721955211856 89.10696902126074
      vertex -2.0743350281967876 8.394082827588631 88.93394108861685
      vertex -2.1534984355349955 7.792777050722104 88.93394108861685
    endloop
  endfacet
  facet normal -0.6599173664866107 0.14630015793546555 0.7369568055167371
    outer loop
      vertex -2.014199317692605 7.1281603486909475 89.26776695251465
      vertex -1.858880443080599 7.08654278166935 89.41511110961437
      vertex -1.8776408232453177 7.744135910841619 89.26776695251465
    endloop
  endfacet
  facet normal -0.5946875452821712 0.13183905472928792 0.7930732545826731
    outer loop
      vertex -1.858880443080599 7.08654278166935 89.41511110961437
      vertex -1.69174829427046 7.0417598573663955 89.54788011312485
      vertex -1.719285773878143 7.716213643106765 89.41511110961437
    endloop
  endfacet
  facet normal -0.5946875452821695 0.13183905472928825 0.7930732545826743
    outer loop
      vertex -1.69174829427046 7.0417598573663955 89.54788011312485
      vertex -1.5488865243227652 7.686167657917677 89.54788011312485
      vertex -1.719285773878143 7.716213643106765 89.41511110961437
    endloop
  endfacet
  facet normal -0.7201136657116377 0.1596453561845113 0.6752404525086365
    outer loop
      vertex -2.0227464915181743 7.769721955211856 89.10696902126074
      vertex -2.014199317692605 7.1281603486909475 89.26776695251465
      vertex -1.8776408232453177 7.744135910841619 89.26776695251465
    endloop
  endfacet
  facet normal -0.7312874253998204 0.09627581600814288 0.6752404525086365
    outer loop
      vertex -2.0227464915181743 7.769721955211856 89.10696902126074
      vertex -1.8776408232453177 7.744135910841619 89.26776695251465
      vertex -1.942071250828728 8.38251124647381 89.10696902126074
    endloop
  endfacet
  facet normal -0.6599173664866111 0.14630015793546544 0.7369568055167367
    outer loop
      vertex -1.858880443080599 7.08654278166935 89.41511110961437
      vertex -1.719285773878143 7.716213643106765 89.41511110961437
      vertex -1.8776408232453177 7.744135910841619 89.26776695251465
    endloop
  endfacet
  facet normal -0.6701570806015946 0.08822785343707802 0.7369568055167367
    outer loop
      vertex -1.8776408232453177 7.744135910841619 89.26776695251465
      vertex -1.719285773878143 7.716213643106765 89.41511110961437
      vertex -1.7952877827311857 8.369669357022255 89.26776695251465
    endloop
  endfacet
  facet normal -0.9161032588174511 0.12060728207127035 0.3823724659222043
    outer loop
      vertex -2.3680775602915203 7.830613139913487 88.55654565244913
      vertex -2.2913952470565464 8.413073136041316 88.55654565244913
      vertex -2.3745397304867923 8.420347335776182 88.355050355196
    endloop
  endfacet
  facet normal -0.9231288265882128 0.040304674994869526 0.3823724659222042
    outer loop
      vertex -2.3745397304867923 8.420347335776182 88.355050355196
      vertex -2.2913952470565464 8.413073136041316 88.55654565244913
      vertex -2.3492315486073494 9 88.355050355196
    endloop
  endfacet
  facet normal -0.8796007638061787 0.11580163743486484 0.4614027276458075
    outer loop
      vertex -2.2689015511894786 7.813125733669809 88.75
      vertex -2.191072504731296 8.404296033394024 88.75
      vertex -2.2913952470565464 8.413073136041316 88.55654565244913
    endloop
  endfacet
  facet normal -0.8863463950631956 0.03869871935201953 0.4614027276458074
    outer loop
      vertex -2.2913952470565464 8.413073136041316 88.55654565244913
      vertex -2.191072504731296 8.404296033394024 88.75
      vertex -2.2657694667577744 9 88.55654565244913
    endloop
  endfacet
  facet normal -0.8364058615651927 0.11011492067179558 0.5369356935284072
    outer loop
      vertex -2.1534984355349955 7.792777050722104 88.93394108861685
      vertex -2.0743350281967876 8.394082827588631 88.93394108861685
      vertex -2.191072504731296 8.404296033394024 88.75
    endloop
  endfacet
  facet normal -0.8428202324428533 0.036798326050826 0.5369356935284074
    outer loop
      vertex -2.191072504731296 8.404296033394024 88.75
      vertex -2.0743350281967876 8.394082827588631 88.93394108861685
      vertex -2.1650635078549385 9 88.75
    endloop
  endfacet
  facet normal -0.9528911887250894 0.04160412778895015 0.30044546759937446
    outer loop
      vertex -2.414814569056034 9 88.1470476090908
      vertex -2.3745397304867923 8.420347335776182 88.355050355196
      vertex -2.3492315486073494 9 88.355050355196
    endloop
  endfacet
  facet normal -0.9231288265882127 0.040304674994869547 0.38237246592220425
    outer loop
      vertex -2.2913952470565464 8.413073136041316 88.55654565244913
      vertex -2.2657694667577744 9 88.55654565244913
      vertex -2.3492315486073494 9 88.355050355196
    endloop
  endfacet
  facet normal -0.8863463950631958 0.03869871935201937 0.46140272764580703
    outer loop
      vertex -2.191072504731296 8.404296033394024 88.75
      vertex -2.1650635078549385 9 88.75
      vertex -2.2657694667577744 9 88.55654565244913
    endloop
  endfacet
  facet normal -0.8428202324428521 0.03679832605082675 0.5369356935284092
    outer loop
      vertex -2.0743350281967876 8.394082827588631 88.93394108861685
      vertex -2.0478801131248474 9 88.93394108861685
      vertex -2.1650635078549385 9 88.75
    endloop
  endfacet
  facet normal -0.7868435423419585 0.10358991755983281 0.6083965555907639
    outer loop
      vertex -2.0227464915181743 7.769721955211856 89.10696902126074
      vertex -1.942071250828728 8.38251124647381 89.10696902126074
      vertex -2.0743350281967876 8.394082827588631 88.93394108861685
    endloop
  endfacet
  facet normal -0.73128742539982 0.0962758160081431 0.6752404525086372
    outer loop
      vertex -1.8776408232453177 7.744135910841619 89.26776695251465
      vertex -1.7952877827311857 8.369669357022255 89.26776695251465
      vertex -1.942071250828728 8.38251124647381 89.10696902126074
    endloop
  endfacet
  facet normal -0.7928778213148828 0.03461779328985502 0.6083965555907639
    outer loop
      vertex -2.0743350281967876 8.394082827588631 88.93394108861685
      vertex -1.942071250828728 8.38251124647381 89.10696902126074
      vertex -2.0478801131248474 9 88.93394108861685
    endloop
  endfacet
  facet normal -0.7368956462172902 0.03217355873902463 0.6752404525086372
    outer loop
      vertex -1.942071250828728 8.38251124647381 89.10696902126074
      vertex -1.7952877827311857 8.369669357022255 89.26776695251465
      vertex -1.9151111096143723 9 89.10696902126074
    endloop
  endfacet
  facet normal -0.6701570806015942 0.08822785343707813 0.7369568055167371
    outer loop
      vertex -1.719285773878143 7.716213643106765 89.41511110961437
      vertex -1.6351017361519196 8.355654893891533 89.41511110961437
      vertex -1.7952877827311857 8.369669357022255 89.26776695251465
    endloop
  endfacet
  facet normal -0.675296494681291 0.02948408170059846 0.7369568055167369
    outer loop
      vertex -1.7952877827311857 8.369669357022255 89.26776695251465
      vertex -1.6351017361519196 8.355654893891533 89.41511110961437
      vertex -1.7677669525146484 9 89.26776695251465
    endloop
  endfacet
  facet normal -0.792877821314883 0.03461779328985499 0.6083965555907639
    outer loop
      vertex -2.0478801131248474 9 88.93394108861685
      vertex -1.942071250828728 8.38251124647381 89.10696902126074
      vertex -1.9151111096143723 9 89.10696902126074
    endloop
  endfacet
  facet normal -0.7368956462172903 0.032173558739024534 0.6752404525086368
    outer loop
      vertex -1.7952877827311857 8.369669357022255 89.26776695251465
      vertex -1.7677669525146484 9 89.26776695251465
      vertex -1.9151111096143723 9 89.10696902126074
    endloop
  endfacet
  facet normal -0.675296494681291 0.029484081700598436 0.7369568055167368
    outer loop
      vertex -1.7677669525146484 9 89.26776695251465
      vertex -1.6351017361519196 8.355654893891533 89.41511110961437
      vertex -1.6069690212607384 9 89.41511110961437
    endloop
  endfacet
  facet normal -0.19215860053565373 0.10003143591899655 0.9762524182137335
    outer loop
      vertex -1.766131032870673 4.8235238045454025 89.91481456905603
      vertex -1.5817307008624155 4.717060223221779 89.96201938390732
      vertex -1.4296542033725936 5.469889780151137 89.91481456905603
    endloop
  endfacet
  facet normal -0.11588656954221319 0.060326729705149705 0.9914287612747674
    outer loop
      vertex -1.3944690814003389 4.6089446768164635 89.99048674851656
      vertex -1.2366766577937742 5.379902872795778 89.96201938390732
      vertex -1.5817307008624155 4.717060223221779 89.96201938390732
    endloop
  endfacet
  facet normal -0.19215860053565423 0.10003143591899664 0.9762524182137337
    outer loop
      vertex -1.5817307008624155 4.717060223221779 89.96201938390732
      vertex -1.2366766577937742 5.379902872795778 89.96201938390732
      vertex -1.4296542033725936 5.469889780151137 89.91481456905603
    endloop
  endfacet
  facet normal -0.26696042751511756 0.1389708023655781 0.9536347551504262
    outer loop
      vertex -1.766131032870673 4.8235238045454025 89.91481456905603
      vertex -1.4296542033725936 5.469889780151137 89.91481456905603
      vertex -1.6181687118927384 5.557795539147406 89.84923154860735
    endloop
  endfacet
  facet normal -0.2780566659912757 0.11517484216183248 0.9536347551504262
    outer loop
      vertex -1.6181687118927384 5.557795539147406 89.84923154860735
      vertex -1.4296542033725936 5.469889780151137 89.91481456905603
      vertex -1.3462509221048746 6.214263155103781 89.84923154860735
    endloop
  endfacet
  facet normal -0.20014569314198308 0.08290306054997347 0.9762524182137335
    outer loop
      vertex -1.4296542033725936 5.469889780151137 89.91481456905603
      vertex -1.2366766577937742 5.379902872795778 89.96201938390732
      vertex -1.1507922764866185 6.14312202606875 89.91481456905603
    endloop
  endfacet
  facet normal -0.038727646332158666 0.020160336625943052 0.9990464104518367
    outer loop
      vertex -1.3944690814003389 4.6089446768164635 89.99048674851656
      vertex -1.2057713659400529 4.5 90
      vertex -1.0407047345800544 5.288519664217857 89.99048674851656
    endloop
  endfacet
  facet normal -0.11588656954221246 0.06032672970514956 0.9914287612747675
    outer loop
      vertex -1.3944690814003389 4.6089446768164635 89.99048674851656
      vertex -1.0407047345800544 5.288519664217857 89.99048674851656
      vertex -1.2366766577937742 5.379902872795778 89.96201938390732
    endloop
  endfacet
  facet normal -0.0387276463321588 0.020160336625943076 0.9990464104518368
    outer loop
      vertex -1.2057713659400529 4.5 90
      vertex -0.8432299166701505 5.196435644333706 90
      vertex -1.0407047345800544 5.288519664217857 89.99048674851656
    endloop
  endfacet
  facet normal -0.12070340709298197 0.04999698824255414 0.9914287612747674
    outer loop
      vertex -1.2366766577937742 5.379902872795778 89.96201938390732
      vertex -1.0407047345800544 5.288519664217857 89.99048674851656
      vertex -0.9507061929821194 6.070296647382211 89.96201938390732
    endloop
  endfacet
  facet normal -0.04033736505834573 0.016708283677561348 0.9990464104518367
    outer loop
      vertex -1.0407047345800544 5.288519664217857 89.99048674851656
      vertex -0.8432299166701505 5.196435644333706 90
      vertex -0.7475154306834977 5.996341258027653 89.99048674851656
    endloop
  endfacet
  facet normal -0.3538408176509412 0.14656566559220555 0.9237506056472315
    outer loop
      vertex -1.6181687118927384 5.557795539147406 89.84923154860735
      vertex -1.3462509221048746 6.214263155103781 89.84923154860735
      vertex -1.5355945660567052 6.283178605549745 89.76576946675777
    endloop
  endfacet
  facet normal -0.2780566659912755 0.11517484216183248 0.9536347551504262
    outer loop
      vertex -1.4296542033725936 5.469889780151137 89.91481456905603
      vertex -1.1507922764866185 6.14312202606875 89.91481456905603
      vertex -1.3462509221048746 6.214263155103781 89.84923154860735
    endloop
  endfacet
  facet normal -0.44070746809182526 0.13895453093927573 0.8868306297707238
    outer loop
      vertex -1.7173821889092098 6.349343889226068 89.66506350785494
      vertex -1.5355945660567052 6.283178605549745 89.76576946675777
      vertex -1.5140748462597209 6.994152400455464 89.66506350785494
    endloop
  endfacet
  facet normal -0.440707468091827 0.13895453093927565 0.8868306297707229
    outer loop
      vertex -1.5355945660567052 6.283178605549745 89.76576946675777
      vertex -1.3272122957524353 6.944082730951417 89.76576946675777
      vertex -1.5140748462597209 6.994152400455464 89.66506350785494
    endloop
  endfacet
  facet normal -0.3652683859583096 0.11516867970843557 0.9237506056472315
    outer loop
      vertex -1.5355945660567052 6.283178605549745 89.76576946675777
      vertex -1.3462509221048746 6.214263155103781 89.84923154860735
      vertex -1.3272122957524353 6.944082730951417 89.76576946675777
    endloop
  endfacet
  facet normal -0.36526838595830813 0.11516867970843561 0.9237506056472321
    outer loop
      vertex -1.3462509221048746 6.214263155103781 89.84923154860735
      vertex -1.1325827842598422 6.891931910523713 89.84923154860735
      vertex -1.3272122957524353 6.944082730951417 89.76576946675777
    endloop
  endfacet
  facet normal -0.20014569314198324 0.08290306054997351 0.9762524182137337
    outer loop
      vertex -1.2366766577937742 5.379902872795778 89.96201938390732
      vertex -0.9507061929821194 6.070296647382211 89.96201938390732
      vertex -1.1507922764866185 6.14312202606875 89.91481456905603
    endloop
  endfacet
  facet normal -0.12070340709298294 0.04999698824255425 0.9914287612747673
    outer loop
      vertex -1.0407047345800544 5.288519664217857 89.99048674851656
      vertex -0.7475154306834977 5.996341258027653 89.99048674851656
      vertex -0.9507061929821194 6.070296647382211 89.96201938390732
    endloop
  endfacet
  facet normal -0.28703672534403496 0.09050233186476361 0.9536347551504262
    outer loop
      vertex -1.3462509221048746 6.214263155103781 89.84923154860735
      vertex -1.1507922764866185 6.14312202606875 89.91481456905603
      vertex -1.1325827842598422 6.891931910523713 89.84923154860735
    endloop
  endfacet
  facet normal -0.28703672534403585 0.09050233186476361 0.9536347551504258
    outer loop
      vertex -1.1507922764866185 6.14312202606875 89.91481456905603
      vertex -0.9316675598577877 6.838096838398064 89.91481456905603
      vertex -1.1325827842598422 6.891931910523713 89.84923154860735
    endloop
  endfacet
  facet normal -0.20660955617222826 0.06514374283192764 0.9762524182137337
    outer loop
      vertex -1.1507922764866185 6.14312202606875 89.91481456905603
      vertex -0.9507061929821194 6.070296647382211 89.96201938390732
      vertex -0.9316675598577877 6.838096838398064 89.91481456905603
    endloop
  endfacet
  facet normal -0.040337365058345356 0.016708283677561307 0.9990464104518368
    outer loop
      vertex -0.8432299166701505 5.196435644333706 90
      vertex -0.5427664129268237 5.921818710068981 90
      vertex -0.7475154306834977 5.996341258027653 89.99048674851656
    endloop
  endfacet
  facet normal -0.12460161883306496 0.03928673951042602 0.9914287612747673
    outer loop
      vertex -0.9507061929821194 6.070296647382211 89.96201938390732
      vertex -0.7475154306834977 5.996341258027653 89.99048674851656
      vertex -0.7259957143383584 6.782987233485315 89.96201938390732
    endloop
  endfacet
  facet normal -0.0416400920800713 0.013129070601655914 0.9990464104518367
    outer loop
      vertex -0.7475154306834977 5.996341258027653 89.99048674851656
      vertex -0.5427664129268237 5.921818710068981 90
      vertex -0.5171325173458605 6.727022508522593 89.99048674851656
    endloop
  endfacet
  facet normal -0.20660955617222804 0.06514374283192764 0.9762524182137337
    outer loop
      vertex -0.9507061929821194 6.070296647382211 89.96201938390732
      vertex -0.7259957143383584 6.782987233485315 89.96201938390732
      vertex -0.9316675598577877 6.838096838398064 89.91481456905603
    endloop
  endfacet
  facet normal -0.12460161883306381 0.039286739510425994 0.9914287612747675
    outer loop
      vertex -0.7475154306834977 5.996341258027653 89.99048674851656
      vertex -0.5171325173458605 6.727022508522593 89.99048674851656
      vertex -0.7259957143383584 6.782987233485315 89.96201938390732
    endloop
  endfacet
  facet normal -0.04164009208007164 0.013129070601655923 0.9990464104518368
    outer loop
      vertex -0.5427664129268237 5.921818710068981 90
      vertex -0.30666756339838486 6.670628594077313 90
      vertex -0.5171325173458605 6.727022508522593 89.99048674851656
    endloop
  endfacet
  facet normal -0.5249187797966808 0.11637169180196848 0.843159477183238
    outer loop
      vertex -1.69174829427046 7.0417598573663955 89.54788011312485
      vertex -1.5140748462597209 6.994152400455464 89.66506350785494
      vertex -1.5488865243227652 7.686167657917677 89.54788011312485
    endloop
  endfacet
  facet normal -0.5249187797966811 0.11637169180196846 0.8431594771832379
    outer loop
      vertex -1.5140748462597209 6.994152400455464 89.66506350785494
      vertex -1.367739914155388 7.65422662308129 89.66506350785494
      vertex -1.5488865243227652 7.686167657917677 89.54788011312485
    endloop
  endfacet
  facet normal -0.45114112847468024 0.1000155802815491 0.886830629770723
    outer loop
      vertex -1.5140748462597209 6.994152400455464 89.66506350785494
      vertex -1.3272122957524353 6.944082730951417 89.76576946675777
      vertex -1.367739914155388 7.65422662308129 89.66506350785494
    endloop
  endfacet
  facet normal -0.45114112847467897 0.10001558028154924 0.8868306297707235
    outer loop
      vertex -1.3272122957524353 6.944082730951417 89.76576946675777
      vertex -1.1772245728333735 7.620633628167337 89.76576946675777
      vertex -1.367739914155388 7.65422662308129 89.66506350785494
    endloop
  endfacet
  facet normal -0.6039151103693723 0.07950693261089614 0.7930732545826744
    outer loop
      vertex -1.719285773878143 7.716213643106765 89.41511110961437
      vertex -1.5488865243227652 7.686167657917677 89.54788011312485
      vertex -1.6351017361519196 8.355654893891533 89.41511110961437
    endloop
  endfacet
  facet normal -0.5330637665960443 0.07017917624571374 0.8431594771832379
    outer loop
      vertex -1.5488865243227652 7.686167657917677 89.54788011312485
      vertex -1.367739914155388 7.65422662308129 89.66506350785494
      vertex -1.4627322270303003 8.340574515905864 89.54788011312485
    endloop
  endfacet
  facet normal -0.45814133246337846 0.06031545066682183 0.8868306297707235
    outer loop
      vertex -1.367739914155388 7.65422662308129 89.66506350785494
      vertex -1.1772245728333735 7.620633628167337 89.76576946675777
      vertex -1.279491089788972 8.324542993705649 89.66506350785494
    endloop
  endfacet
  facet normal -0.37391604129345163 0.08289519063133542 0.9237506056472321
    outer loop
      vertex -1.1325827842598422 6.891931910523713 89.84923154860735
      vertex -1.1772245728333735 7.620633628167337 89.76576946675777
      vertex -1.3272122957524353 6.944082730951417 89.76576946675777
    endloop
  endfacet
  facet normal -0.3739160412934535 0.08289519063133523 0.9237506056472314
    outer loop
      vertex -1.1325827842598422 6.891931910523713 89.84923154860735
      vertex -0.9787904419029907 7.585644336990874 89.84923154860735
      vertex -1.1772245728333735 7.620633628167337 89.76576946675777
    endloop
  endfacet
  facet normal -0.29383226189941375 0.06514104417540208 0.9536347551504258
    outer loop
      vertex -1.1325827842598422 6.891931910523713 89.84923154860735
      vertex -0.9316675598577877 6.838096838398064 89.91481456905603
      vertex -0.9787904419029907 7.585644336990874 89.84923154860735
    endloop
  endfacet
  facet normal -0.2938322618994136 0.0651410441754021 0.953634755150426
    outer loop
      vertex -0.9316675598577877 6.838096838398064 89.91481456905603
      vertex -0.7739477248907658 7.54952503917999 89.91481456905603
      vertex -0.9787904419029907 7.585644336990874 89.84923154860735
    endloop
  endfacet
  facet normal -0.37971796977767536 0.04999081910004608 0.9237506056472314
    outer loop
      vertex -1.1772245728333735 7.620633628167337 89.76576946675777
      vertex -0.9787904419029907 7.585644336990874 89.84923154860735
      vertex -1.086772894435999 8.30768233635709 89.76576946675777
    endloop
  endfacet
  facet normal -0.379717969777672 0.049990819100046734 0.9237506056472328
    outer loop
      vertex -0.9787904419029907 7.585644336990874 89.84923154860735
      vertex -0.8860443476220077 8.290120864064832 89.84923154860735
      vertex -1.086772894435999 8.30768233635709 89.76576946675777
    endloop
  endfacet
  facet normal -0.29839155752096597 0.03928399380662899 0.9536347551504261
    outer loop
      vertex -0.9787904419029907 7.585644336990874 89.84923154860735
      vertex -0.7739477248907658 7.54952503917999 89.91481456905603
      vertex -0.8860443476220077 8.290120864064832 89.84923154860735
    endloop
  endfacet
  facet normal -0.6039151103693737 0.07950693261089574 0.7930732545826732
    outer loop
      vertex -1.5488865243227652 7.686167657917677 89.54788011312485
      vertex -1.4627322270303003 8.340574515905864 89.54788011312485
      vertex -1.6351017361519196 8.355654893891533 89.41511110961437
    endloop
  endfacet
  facet normal -0.6085465168127518 0.02656971472773567 0.7930732545826734
    outer loop
      vertex -1.6351017361519196 8.355654893891533 89.41511110961437
      vertex -1.4627322270303003 8.340574515905864 89.54788011312485
      vertex -1.6069690212607384 9 89.41511110961437
    endloop
  endfacet
  facet normal -0.5330637665960423 0.07017917624571425 0.8431594771832392
    outer loop
      vertex -1.367739914155388 7.65422662308129 89.66506350785494
      vertex -1.279491089788972 8.324542993705649 89.66506350785494
      vertex -1.4627322270303003 8.340574515905864 89.54788011312485
    endloop
  endfacet
  facet normal -0.5371518162589072 0.023452554782883925 0.8431594771832391
    outer loop
      vertex -1.4627322270303003 8.340574515905864 89.54788011312485
      vertex -1.279491089788972 8.324542993705649 89.66506350785494
      vertex -1.433941088616848 9 89.54788011312485
    endloop
  endfacet
  facet normal -0.6085465168127517 0.02656971472773567 0.7930732545826733
    outer loop
      vertex -1.4627322270303003 8.340574515905864 89.54788011312485
      vertex -1.433941088616848 9 89.54788011312485
      vertex -1.6069690212607384 9 89.41511110961437
    endloop
  endfacet
  facet normal -0.5371518162589082 0.023452554782883602 0.8431594771832385
    outer loop
      vertex -1.279491089788972 8.324542993705649 89.66506350785494
      vertex -1.25 9 89.66506350785494
      vertex -1.433941088616848 9 89.54788011312485
    endloop
  endfacet
  facet normal -0.45814133246338085 0.060315450666821355 0.8868306297707225
    outer loop
      vertex -1.1772245728333735 7.620633628167337 89.76576946675777
      vertex -1.086772894435999 8.30768233635709 89.76576946675777
      vertex -1.279491089788972 8.324542993705649 89.66506350785494
    endloop
  endfacet
  facet normal -0.4616548042787342 0.020156284053054 0.8868306297707225
    outer loop
      vertex -1.279491089788972 8.324542993705649 89.66506350785494
      vertex -1.086772894435999 8.30768233635709 89.76576946675777
      vertex -1.25 9 89.66506350785494
    endloop
  endfacet
  facet normal -0.38263001523190693 0.01670598725012356 0.9237506056472328
    outer loop
      vertex -1.086772894435999 8.30768233635709 89.76576946675777
      vertex -0.8860443476220077 8.290120864064832 89.84923154860735
      vertex -1.056545652449131 9 89.76576946675777
    endloop
  endfacet
  facet normal -0.4616548042787331 0.020156284053054287 0.8868306297707229
    outer loop
      vertex -1.086772894435999 8.30768233635709 89.76576946675777
      vertex -1.056545652449131 9 89.76576946675777
      vertex -1.25 9 89.66506350785494
    endloop
  endfacet
  facet normal -0.38263001523190865 0.01670598725012308 0.9237506056472322
    outer loop
      vertex -0.8860443476220077 8.290120864064832 89.84923154860735
      vertex -0.8550503551959991 9 89.84923154860735
      vertex -1.056545652449131 9 89.76576946675777
    endloop
  endfacet
  facet normal -0.21150099572574135 0.04688864189606384 0.9762524182137337
    outer loop
      vertex -0.9316675598577877 6.838096838398064 89.91481456905603
      vertex -0.7259957143383584 6.782987233485315 89.96201938390732
      vertex -0.7739477248907658 7.54952503917999 89.91481456905603
    endloop
  endfacet
  facet normal -0.21150099572574074 0.046888641896063885 0.9762524182137337
    outer loop
      vertex -0.7259957143383584 6.782987233485315 89.96201938390732
      vertex -0.5642554042888648 7.512550625410505 89.96201938390732
      vertex -0.7739477248907658 7.54952503917999 89.91481456905603
    endloop
  endfacet
  facet normal -0.12755153701731176 0.028277494968641338 0.9914287612747674
    outer loop
      vertex -0.7259957143383584 6.782987233485315 89.96201938390732
      vertex -0.5171325173458605 6.727022508522593 89.99048674851656
      vertex -0.5642554042888648 7.512550625410505 89.96201938390732
    endloop
  endfacet
  facet normal -0.2983915575209664 0.039283993806628906 0.9536347551504257
    outer loop
      vertex -0.8860443476220077 8.290120864064832 89.84923154860735
      vertex -0.7739477248907658 7.54952503917999 89.91481456905603
      vertex -0.6788331147634903 8.271992230234481 89.91481456905603
    endloop
  endfacet
  facet normal -0.21478278499398823 0.02827669008323562 0.9762524182137338
    outer loop
      vertex -0.7739477248907658 7.54952503917999 89.91481456905603
      vertex -0.5642554042888648 7.512550625410505 89.96201938390732
      vertex -0.6788331147634903 8.271992230234481 89.91481456905603
    endloop
  endfacet
  facet normal -0.2147827849939899 0.028276690083235353 0.9762524182137334
    outer loop
      vertex -0.5642554042888648 7.512550625410505 89.96201938390732
      vertex -0.4667162042545847 8.25343440522281 89.96201938390732
      vertex -0.6788331147634903 8.271992230234481 89.91481456905603
    endloop
  endfacet
  facet normal -0.04262591285809323 0.009449937370922243 0.9990464104518367
    outer loop
      vertex -0.5171325173458605 6.727022508522593 89.99048674851656
      vertex -0.30666756339838486 6.670628594077313 90
      vertex -0.35130934764665334 7.47500249018901 89.99048674851656
    endloop
  endfacet
  facet normal -0.12755153701731253 0.02827749496864129 0.9914287612747674
    outer loop
      vertex -0.5171325173458605 6.727022508522593 89.99048674851656
      vertex -0.35130934764665334 7.47500249018901 89.99048674851656
      vertex -0.5642554042888648 7.512550625410505 89.96201938390732
    endloop
  endfacet
  facet normal -0.04262591285809309 0.009449937370922252 0.9990464104518368
    outer loop
      vertex -0.30666756339838486 6.670628594077313 90
      vertex -0.1367302228901277 7.4371664009976275 90
      vertex -0.35130934764665334 7.47500249018901 89.99048674851656
    endloop
  endfacet
  facet normal -0.1295307109871348 0.017053041615727398 0.9914287612747674
    outer loop
      vertex -0.5642554042888648 7.512550625410505 89.96201938390732
      vertex -0.35130934764665334 7.47500249018901 89.99048674851656
      vertex -0.4667162042545847 8.25343440522281 89.96201938390732
    endloop
  endfacet
  facet normal -0.12953071098713403 0.01705304161572752 0.9914287612747675
    outer loop
      vertex -0.35130934764665334 7.47500249018901 89.99048674851656
      vertex -0.2513079360340491 8.234588623723761 89.99048674851656
      vertex -0.4667162042545847 8.25343440522281 89.96201938390732
    endloop
  endfacet
  facet normal -0.043287324701034656 0.005698884410767848 0.9990464104518367
    outer loop
      vertex -0.35130934764665334 7.47500249018901 89.99048674851656
      vertex -0.1367302228901277 7.4371664009976275 90
      vertex -0.2513079360340491 8.234588623723761 89.99048674851656
    endloop
  endfacet
  facet normal -0.04328732470103484 0.005698884410767821 0.9990464104518368
    outer loop
      vertex -0.1367302228901277 7.4371664009976275 90
      vertex -0.034247717174290315 8.215598315271077 90
      vertex -0.2513079360340491 8.234588623723761 89.99048674851656
    endloop
  endfacet
  facet normal -0.300679913216036 0.013127968524661408 0.9536347551504258
    outer loop
      vertex -0.8860443476220077 8.290120864064832 89.84923154860735
      vertex -0.6788331147634903 8.271992230234481 89.91481456905603
      vertex -0.8550503551959991 9 89.84923154860735
    endloop
  endfacet
  facet normal -0.2164299475790416 0.009449535584940712 0.9762524182137334
    outer loop
      vertex -0.6788331147634903 8.271992230234481 89.91481456905603
      vertex -0.4667162042545847 8.25343440522281 89.96201938390732
      vertex -0.647047609090805 9 89.91481456905603
    endloop
  endfacet
  facet normal 0 1 0
    outer loop
      vertex -2.5 9 87.5
      vertex -2.4904867485165596 9 87.71788935363293
      vertex 2.414814569056034 9 88.1470476090908
    endloop
  endfacet
  facet normal 0 1 0
    outer loop
      vertex -2.4904867485165596 9 87.71788935363293
      vertex -2.462019383907318 9 87.93412044644356
      vertex 2.3492315486073494 9 88.355050355196
    endloop
  endfacet
  facet normal 0 1 0
    outer loop
      vertex -2.462019383907318 9 87.93412044644356
      vertex -2.414814569056034 9 88.1470476090908
      vertex 2.2657694667577744 9 88.55654565244913
    endloop
  endfacet
  facet normal 0 1 0
    outer loop
      vertex -2.414814569056034 9 88.1470476090908
      vertex -2.3492315486073494 9 88.355050355196
      vertex 2.1650635078549385 9 88.75
    endloop
  endfacet
  facet normal -0.3006799132160354 0.01312796852466157 0.953634755150426
    outer loop
      vertex -0.6788331147634903 8.271992230234481 89.91481456905603
      vertex -0.647047609090805 9 89.91481456905603
      vertex -0.8550503551959991 9 89.84923154860735
    endloop
  endfacet
  facet normal 0 1 0
    outer loop
      vertex -2.3492315486073494 9 88.355050355196
      vertex -2.2657694667577744 9 88.55654565244913
      vertex 2.0478801131248474 9 88.93394108861685
    endloop
  endfacet
  facet normal 0 1 0
    outer loop
      vertex -2.2657694667577744 9 88.55654565244913
      vertex -2.1650635078549385 9 88.75
      vertex 1.9151111096143723 9 89.10696902126074
    endloop
  endfacet
  facet normal 0 1 0
    outer loop
      vertex -2.1650635078549385 9 88.75
      vertex -2.0478801131248474 9 88.93394108861685
      vertex 1.7677669525146484 9 89.26776695251465
    endloop
  endfacet
  facet normal 0 1 0
    outer loop
      vertex -2.0478801131248474 9 88.93394108861685
      vertex -1.9151111096143723 9 89.10696902126074
      vertex 1.6069690212607384 9 89.41511110961437
    endloop
  endfacet
  facet normal 0 1 0
    outer loop
      vertex -1.9151111096143723 9 89.10696902126074
      vertex -1.7677669525146484 9 89.26776695251465
      vertex 1.433941088616848 9 89.54788011312485
    endloop
  endfacet
  facet normal 0 1 0
    outer loop
      vertex -1.7677669525146484 9 89.26776695251465
      vertex -1.6069690212607384 9 89.41511110961437
      vertex 1.25 9 89.66506350785494
    endloop
  endfacet
  facet normal -0.21642994757904066 0.009449535584940971 0.9762524182137337
    outer loop
      vertex -0.647047609090805 9 89.91481456905603
      vertex -0.4667162042545847 8.25343440522281 89.96201938390732
      vertex -0.43412044644355774 9 89.96201938390732
    endloop
  endfacet
  facet normal 0 1 0
    outer loop
      vertex -1.6069690212607384 9 89.41511110961437
      vertex -1.433941088616848 9 89.54788011312485
      vertex 1.056545652449131 9 89.76576946675777
    endloop
  endfacet
  facet normal 0 1 0
    outer loop
      vertex -1.433941088616848 9 89.54788011312485
      vertex -1.25 9 89.66506350785494
      vertex 0.8550503551959991 9 89.84923154860735
    endloop
  endfacet
  facet normal 0 1 0
    outer loop
      vertex -1.25 9 89.66506350785494
      vertex -1.056545652449131 9 89.76576946675777
      vertex 0.647047609090805 9 89.91481456905603
    endloop
  endfacet
  facet normal -0.1305240780335626 0.00569880431920968 0.9914287612747674
    outer loop
      vertex -0.4667162042545847 8.25343440522281 89.96201938390732
      vertex -0.2513079360340491 8.234588623723761 89.99048674851656
      vertex -0.43412044644355774 9 89.96201938390732
    endloop
  endfacet
  facet normal -0.043619293865400276 0.0019044594991668325 0.9990464104518367
    outer loop
      vertex -0.2513079360340491 8.234588623723761 89.99048674851656
      vertex -0.034247717174290315 8.215598315271077 90
      vertex -0.21788935363292694 9 89.99048674851656
    endloop
  endfacet
  facet normal 0 1 0
    outer loop
      vertex -2.5 9 87.5
      vertex 2.462019383907318 9 87.93412044644356
      vertex -0.6962999993711709 9 86.7
    endloop
  endfacet
  facet normal 0 1 0
    outer loop
      vertex -1.056545652449131 9 89.76576946675777
      vertex -0.8550503551959991 9 89.84923154860735
      vertex 0.43412044644355774 9 89.96201938390732
    endloop
  endfacet
  facet normal 0 1 0
    outer loop
      vertex -0.8550503551959991 9 89.84923154860735
      vertex -0.647047609090805 9 89.91481456905603
      vertex 0.21788935363292694 9 89.99048674851656
    endloop
  endfacet
  facet normal 0 1 0
    outer loop
      vertex -0.647047609090805 9 89.91481456905603
      vertex -0.43412044644355774 9 89.96201938390732
      vertex 0 9 90
    endloop
  endfacet
  facet normal -0.1305240780335633 0.005698804319209522 0.9914287612747674
    outer loop
      vertex -0.2513079360340491 8.234588623723761 89.99048674851656
      vertex -0.21788935363292694 9 89.99048674851656
      vertex -0.43412044644355774 9 89.96201938390732
    endloop
  endfacet
  facet normal 0 1 0
    outer loop
      vertex -0.43412044644355774 9 89.96201938390732
      vertex -0.21788935363292694 9 89.99048674851656
      vertex 0 9 90
    endloop
  endfacet
  facet normal 0 1 0
    outer loop
      vertex -0.647047609090805 9 89.91481456905603
      vertex 0 9 90
      vertex 0.21788935363292694 9 89.99048674851656
    endloop
  endfacet
  facet normal 0 1 0
    outer loop
      vertex 6 9 0
      vertex 0.6962999993711709 9 86.7
      vertex 2.4904867485165596 9 87.71788935363293
    endloop
  endfacet
  facet normal 0 1 0
    outer loop
      vertex 6 9 0
      vertex 2.4904867485165596 9 87.71788935363293
      vertex 2.5 9 87.5
    endloop
  endfacet
  facet normal -0.043619293865400185 0.0019044594991668546 0.9990464104518368
    outer loop
      vertex -0.21788935363292694 9 89.99048674851656
      vertex -0.034247717174290315 8.215598315271077 90
      vertex 0 9 90
    endloop
  endfacet
  facet normal 0 1 0
    outer loop
      vertex -0.8550503551959991 9 89.84923154860735
      vertex 0.21788935363292694 9 89.99048674851656
      vertex 0.43412044644355774 9 89.96201938390732
    endloop
  endfacet
  facet normal 0 1 0
    outer loop
      vertex -1.056545652449131 9 89.76576946675777
      vertex 0.43412044644355774 9 89.96201938390732
      vertex 0.647047609090805 9 89.91481456905603
    endloop
  endfacet
  facet normal 0 1 0
    outer loop
      vertex -1.25 9 89.66506350785494
      vertex 0.647047609090805 9 89.91481456905603
      vertex 0.8550503551959991 9 89.84923154860735
    endloop
  endfacet
  facet normal 0 1 0
    outer loop
      vertex -1.433941088616848 9 89.54788011312485
      vertex 0.8550503551959991 9 89.84923154860735
      vertex 1.056545652449131 9 89.76576946675777
    endloop
  endfacet
  facet normal 0 1 0
    outer loop
      vertex -1.6069690212607384 9 89.41511110961437
      vertex 1.056545652449131 9 89.76576946675777
      vertex 1.25 9 89.66506350785494
    endloop
  endfacet
  facet normal 0 1 0
    outer loop
      vertex -2.0478801131248474 9 88.93394108861685
      vertex 1.6069690212607384 9 89.41511110961437
      vertex 1.7677669525146484 9 89.26776695251465
    endloop
  endfacet
  facet normal 0 1 0
    outer loop
      vertex -1.7677669525146484 9 89.26776695251465
      vertex 1.25 9 89.66506350785494
      vertex 1.433941088616848 9 89.54788011312485
    endloop
  endfacet
  facet normal 0 1 0
    outer loop
      vertex -1.9151111096143723 9 89.10696902126074
      vertex 1.433941088616848 9 89.54788011312485
      vertex 1.6069690212607384 9 89.41511110961437
    endloop
  endfacet
  facet normal 0 1 0
    outer loop
      vertex -2.1650635078549385 9 88.75
      vertex 1.7677669525146484 9 89.26776695251465
      vertex 1.9151111096143723 9 89.10696902126074
    endloop
  endfacet
  facet normal 0 1 0
    outer loop
      vertex -2.2657694667577744 9 88.55654565244913
      vertex 1.9151111096143723 9 89.10696902126074
      vertex 2.0478801131248474 9 88.93394108861685
    endloop
  endfacet
  facet normal 0 1 0
    outer loop
      vertex -2.3492315486073494 9 88.355050355196
      vertex 2.0478801131248474 9 88.93394108861685
      vertex 2.1650635078549385 9 88.75
    endloop
  endfacet
  facet normal 0 1 0
    outer loop
      vertex -0.6962999993711709 9 86.7
      vertex 2.462019383907318 9 87.93412044644356
      vertex 0.6962999993711709 9 86.7
    endloop
  endfacet
  facet normal 0 1 0
    outer loop
      vertex -2.5 9 87.5
      vertex 2.414814569056034 9 88.1470476090908
      vertex 2.462019383907318 9 87.93412044644356
    endloop
  endfacet
  facet normal 0 1 0
    outer loop
      vertex -2.414814569056034 9 88.1470476090908
      vertex 2.1650635078549385 9 88.75
      vertex 2.2657694667577744 9 88.55654565244913
    endloop
  endfacet
  facet normal 0 1 0
    outer loop
      vertex -2.462019383907318 9 87.93412044644356
      vertex 2.2657694667577744 9 88.55654565244913
      vertex 2.3492315486073494 9 88.355050355196
    endloop
  endfacet
  facet normal 0 1 0
    outer loop
      vertex -2.4904867485165596 9 87.71788935363293
      vertex 2.3492315486073494 9 88.355050355196
      vertex 2.414814569056034 9 88.1470476090908
    endloop
  endfacet
  facet normal 0 1 0
    outer loop
      vertex 0.6962999993711709 9 86.7
      vertex 2.462019383907318 9 87.93412044644356
      vertex 2.4904867485165596 9 87.71788935363293
    endloop
  endfacet
  facet normal 0 0 -1
    outer loop
      vertex -9 -6 0
      vertex -7.692663858785128 -5.942920471376183 0
      vertex -8.738532771757026 -6.011415905724763 0
    endloop
  endfacet
  facet normal 0 0 -1
    outer loop
      vertex -8.738532771757026 -6.011415905724763 0
      vertex -7.692663858785128 -5.942920471376183 0
      vertex -8.47905546699921 -6.0455767409633765 0
    endloop
  endfacet
  facet normal 0 0 -1
    outer loop
      vertex -8.223542864692437 -6.102222521132795 0
      vertex -7.692663858785128 -5.942920471376183 0
      vertex -7.973939570022994 -6.180922137642275 0
    endloop
  endfacet
  facet normal 0 0 -1
    outer loop
      vertex -8.47905546699921 -6.0455767409633765 0
      vertex -7.692663858785128 -5.942920471376183 0
      vertex -8.223542864692437 -6.102222521132795 0
    endloop
  endfacet
  facet normal 0 0 -1
    outer loop
      vertex -7.973939570022994 -6.180922137642275 0
      vertex -7.692663858785128 -5.942920471376183 0
      vertex -7.732145214777901 -6.281076638890051 0
    endloop
  endfacet
  facet normal 0 0 -1
    outer loop
      vertex -7.5 -6.401923788646684 0
      vertex -7.732145214777901 -6.281076638890051 0
      vertex -6.395277334996045 -5.772116295183121 0
    endloop
  endfacet
  facet normal 0 0 -1
    outer loop
      vertex -7.732145214777901 -6.281076638890051 0
      vertex -7.692663858785128 -5.942920471376183 0
      vertex -6.395277334996045 -5.772116295183121 0
    endloop
  endfacet
  facet normal 0 0 -1
    outer loop
      vertex -7.5 -6.401923788646684 0
      vertex -6.395277334996045 -5.772116295183121 0
      vertex -7.279270690946862 -6.542543867133025 0
    endloop
  endfacet
  facet normal 0 0 -1
    outer loop
      vertex -7.279270690946862 -6.542543867133025 0
      vertex -6.395277334996045 -5.772116295183121 0
      vertex -7.071637170940383 -6.701866670643065 0
    endloop
  endfacet
  facet normal 0 0 -1
    outer loop
      vertex -7.071637170940383 -6.701866670643065 0
      vertex -5.117714323462189 -5.488887394336025 0
      vertex -6.878679656440357 -6.878679656440357 0
    endloop
  endfacet
  facet normal 0 0 -1
    outer loop
      vertex -6.701866670643065 -7.071637170940383 0
      vertex -6.878679656440357 -6.878679656440357 0
      vertex -5.117714323462189 -5.488887394336025 0
    endloop
  endfacet
  facet normal -0.0435845999093986 -0.9982514578470635 0.039930058313882535
    outer loop
      vertex -9 -6 0
      vertex -8.738532771757026 -6.011415905724763 0
      vertex -8.433487672140222 -2.5247344624036536 87.5
    endloop
  endfacet
  facet normal -0.13042209460579107 -0.9906541614921364 0.03993005831388255
    outer loop
      vertex -8.738532771757026 -6.011415905724763 0
      vertex -8.47905546699921 -6.0455767409633765 0
      vertex -7.871286845164953 -2.5987496054206476 87.5
    endloop
  endfacet
  facet normal -0.21626699841120656 -0.975517388794919 0.03993005831388252
    outer loop
      vertex -8.47905546699921 -6.0455767409633765 0
      vertex -8.223542864692437 -6.102222521132795 0
      vertex -7.317676206833616 -2.721482129121056 87.5
    endloop
  endfacet
  facet normal -0.3004659797731441 -0.9529563397354648 0.03993005831388255
    outer loop
      vertex -8.223542864692437 -6.102222521132795 0
      vertex -7.973939570022994 -6.180922137642275 0
      vertex -6.776869068383153 -2.891997964891595 87.5
    endloop
  endfacet
  facet normal -0.38237823360267986 -0.9231427175198559 0.03993005831388255
    outer loop
      vertex -7.973939570022994 -6.180922137642275 0
      vertex -7.732145214777901 -6.281076638890051 0
      vertex -6.252981298685453 -3.108999384261775 87.5
    endloop
  endfacet
  facet normal -0.4613803581882092 -0.8863034218151081 0.03993005831388253
    outer loop
      vertex -7.5 -6.401923788646684 0
      vertex -5.75 -3.3708348754011492 87.5
      vertex -7.732145214777901 -6.281076638890051 0
    endloop
  endfacet
  facet normal -0.5368710996588546 -0.8427188219057067 0.039930058313882556
    outer loop
      vertex -7.5 -6.401923788646684 0
      vertex -7.279270690946862 -6.542543867133025 0
      vertex -5.2717531637182 -3.675511712121553 87.5
    endloop
  endfacet
  facet normal -0.6082759278894562 -0.7927206229140699 0.03993005831388253
    outer loop
      vertex -7.279270690946862 -6.542543867133025 0
      vertex -7.071637170940383 -6.701866670643065 0
      vertex -4.821880537037495 -4.020711119726643 87.5
    endloop
  endfacet
  facet normal -0.04358459990939926 -0.9982514578470636 0.03993005831388254
    outer loop
      vertex -9 -6 0
      vertex -8.433487672140222 -2.5247344624036536 87.5
      vertex -9 -2.5 87.5
    endloop
  endfacet
  facet normal -0.130422094605788 -0.9906541614921369 0.039930058313882535
    outer loop
      vertex -8.738532771757026 -6.011415905724763 0
      vertex -7.871286845164953 -2.5987496054206476 87.5
      vertex -8.433487672140222 -2.5247344624036536 87.5
    endloop
  endfacet
  facet normal -0.21626699841121153 -0.9755173887949179 0.03993005831388255
    outer loop
      vertex -8.47905546699921 -6.0455767409633765 0
      vertex -7.317676206833616 -2.721482129121056 87.5
      vertex -7.871286845164953 -2.5987496054206476 87.5
    endloop
  endfacet
  facet normal -0.3004659797731398 -0.952956339735466 0.03993005831388254
    outer loop
      vertex -8.223542864692437 -6.102222521132795 0
      vertex -6.776869068383153 -2.891997964891595 87.5
      vertex -7.317676206833616 -2.721482129121056 87.5
    endloop
  endfacet
  facet normal -0.38237823360267925 -0.9231427175198562 0.039930058313882584
    outer loop
      vertex -7.973939570022994 -6.180922137642275 0
      vertex -6.252981298685453 -3.108999384261775 87.5
      vertex -6.776869068383153 -2.891997964891595 87.5
    endloop
  endfacet
  facet normal -0.4613803581882119 -0.8863034218151068 0.039930058313882535
    outer loop
      vertex -7.732145214777901 -6.281076638890051 0
      vertex -5.75 -3.3708348754011492 87.5
      vertex -6.252981298685453 -3.108999384261775 87.5
    endloop
  endfacet
  facet normal -0.04357795027911365 -0.9980991562740208 0.04357793586849923
    outer loop
      vertex -9 -2.5 87.5
      vertex -8.432658537641238 -2.515257411714237 87.71788935363293
      vertex -9 -2.4904867485165596 87.71788935363293
    endloop
  endfacet
  facet normal -0.04324691837275463 -0.990517279101726 0.13040407912398222
    outer loop
      vertex -9 -2.4904867485165596 87.71788935363293
      vertex -8.430177443334651 -2.486898374021866 87.93412044644356
      vertex -9 -2.462019383907318 87.93412044644356
    endloop
  endfacet
  facet normal -0.04258733172959566 -0.975410261267921 0.21624324588157492
    outer loop
      vertex -9 -2.462019383907318 87.93412044644356
      vertex -8.426063272635021 -2.4398731877426147 88.1470476090908
      vertex -9 -2.414814569056034 88.1470476090908
    endloop
  endfacet
  facet normal -0.04160412778895015 -0.9528911887250894 0.30044546759937446
    outer loop
      vertex -9 -2.414814569056034 88.1470476090908
      vertex -8.420347335776182 -2.3745397304867923 88.355050355196
      vertex -9 -2.3492315486073494 88.355050355196
    endloop
  endfacet
  facet normal -0.04357795027911336 -0.9980991562740208 0.04357793586849847
    outer loop
      vertex -9 -2.5 87.5
      vertex -8.433487672140222 -2.5247344624036536 87.5
      vertex -8.432658537641238 -2.515257411714237 87.71788935363293
    endloop
  endfacet
  facet normal -0.04324691837275474 -0.9905172791017258 0.13040407912398252
    outer loop
      vertex -9 -2.4904867485165596 87.71788935363293
      vertex -8.432658537641238 -2.515257411714237 87.71788935363293
      vertex -8.430177443334651 -2.486898374021866 87.93412044644356
    endloop
  endfacet
  facet normal -0.04258733172959502 -0.9754102612679214 0.21624324588157323
    outer loop
      vertex -9 -2.462019383907318 87.93412044644356
      vertex -8.430177443334651 -2.486898374021866 87.93412044644356
      vertex -8.426063272635021 -2.4398731877426147 88.1470476090908
    endloop
  endfacet
  facet normal -0.04160412778895043 -0.9528911887250893 0.30044546759937524
    outer loop
      vertex -9 -2.414814569056034 88.1470476090908
      vertex -8.426063272635021 -2.4398731877426147 88.1470476090908
      vertex -8.420347335776182 -2.3745397304867923 88.355050355196
    endloop
  endfacet
  facet normal -0.040304674994869526 -0.9231288265882128 0.3823724659222042
    outer loop
      vertex -9 -2.3492315486073494 88.355050355196
      vertex -8.420347335776182 -2.3745397304867923 88.355050355196
      vertex -8.413073136041316 -2.2913952470565464 88.55654565244913
    endloop
  endfacet
  facet normal -0.13040219632263367 -0.9905030190260272 0.043577935868498244
    outer loop
      vertex -8.433487672140222 -2.5247344624036536 87.5
      vertex -7.869634886381166 -2.589380881603401 87.71788935363293
      vertex -8.432658537641238 -2.515257411714237 87.71788935363293
    endloop
  endfacet
  facet normal -0.12941161995624648 -0.9829788445170761 0.13040407912398258
    outer loop
      vertex -8.432658537641238 -2.515257411714237 87.71788935363293
      vertex -7.864691580393791 -2.5613460002283945 87.93412044644356
      vertex -8.430177443334651 -2.486898374021866 87.93412044644356
    endloop
  endfacet
  facet normal -0.12743787987939084 -0.9679868002108538 0.2162432458815735
    outer loop
      vertex -8.430177443334651 -2.486898374021866 87.93412044644356
      vertex -7.856494550317761 -2.5148583325833442 88.1470476090908
      vertex -8.426063272635021 -2.4398731877426147 88.1470476090908
    endloop
  endfacet
  facet normal -0.12449575083311812 -0.9456391114074603 0.3004454675993752
    outer loop
      vertex -8.426063272635021 -2.4398731877426147 88.1470476090908
      vertex -7.845106178330954 -2.450271665579521 88.355050355196
      vertex -8.420347335776182 -2.3745397304867923 88.355050355196
    endloop
  endfacet
  facet normal -0.12060728207127033 -0.916103258817451 0.3823724659222043
    outer loop
      vertex -8.420347335776182 -2.3745397304867923 88.355050355196
      vertex -7.830613139913487 -2.3680775602915203 88.55654565244913
      vertex -8.413073136041316 -2.2913952470565464 88.55654565244913
    endloop
  endfacet
  facet normal -0.130402196322633 -0.9905030190260273 0.043577935868496474
    outer loop
      vertex -8.433487672140222 -2.5247344624036536 87.5
      vertex -7.871286845164953 -2.5987496054206476 87.5
      vertex -7.869634886381166 -2.589380881603401 87.71788935363293
    endloop
  endfacet
  facet normal -0.12941161995624684 -0.982978844517076 0.13040407912398358
    outer loop
      vertex -8.432658537641238 -2.515257411714237 87.71788935363293
      vertex -7.869634886381166 -2.589380881603401 87.71788935363293
      vertex -7.864691580393791 -2.5613460002283945 87.93412044644356
    endloop
  endfacet
  facet normal -0.12743787987939134 -0.9679868002108534 0.21624324588157495
    outer loop
      vertex -8.430177443334651 -2.486898374021866 87.93412044644356
      vertex -7.864691580393791 -2.5613460002283945 87.93412044644356
      vertex -7.856494550317761 -2.5148583325833442 88.1470476090908
    endloop
  endfacet
  facet normal -0.12449575083311816 -0.9456391114074602 0.3004454675993753
    outer loop
      vertex -8.426063272635021 -2.4398731877426147 88.1470476090908
      vertex -7.856494550317761 -2.5148583325833442 88.1470476090908
      vertex -7.845106178330954 -2.450271665579521 88.355050355196
    endloop
  endfacet
  facet normal -0.12060728207127025 -0.9161032588174512 0.382372465922204
    outer loop
      vertex -8.420347335776182 -2.3745397304867923 88.355050355196
      vertex -7.845106178330954 -2.450271665579521 88.355050355196
      vertex -7.830613139913487 -2.3680775602915203 88.55654565244913
    endloop
  endfacet
  facet normal -0.11580163743486485 -0.8796007638061786 0.4614027276458075
    outer loop
      vertex -7.830613139913487 -2.3680775602915203 88.55654565244913
      vertex -7.813125733669809 -2.2689015511894786 88.75
      vertex -8.413073136041316 -2.2913952470565464 88.55654565244913
    endloop
  endfacet
  facet normal -0.040304674994869547 -0.9231288265882127 0.38237246592220425
    outer loop
      vertex -9 -2.3492315486073494 88.355050355196
      vertex -8.413073136041316 -2.2913952470565464 88.55654565244913
      vertex -9 -2.2657694667577744 88.55654565244913
    endloop
  endfacet
  facet normal -0.03869871935201937 -0.8863463950631958 0.46140272764580703
    outer loop
      vertex -9 -2.2657694667577744 88.55654565244913
      vertex -8.404296033394024 -2.191072504731296 88.75
      vertex -9 -2.1650635078549385 88.75
    endloop
  endfacet
  facet normal -0.03679832605082676 -0.8428202324428521 0.5369356935284092
    outer loop
      vertex -9 -2.1650635078549385 88.75
      vertex -8.394082827588631 -2.0743350281967876 88.93394108861685
      vertex -9 -2.0478801131248474 88.93394108861685
    endloop
  endfacet
  facet normal -0.03461779328985499 -0.792877821314883 0.6083965555907639
    outer loop
      vertex -9 -2.0478801131248474 88.93394108861685
      vertex -8.38251124647381 -1.942071250828728 89.10696902126074
      vertex -9 -1.9151111096143723 89.10696902126074
    endloop
  endfacet
  facet normal -0.032173558739024534 -0.7368956462172903 0.675240452508637
    outer loop
      vertex -9 -1.9151111096143723 89.10696902126074
      vertex -8.369669357022255 -1.7952877827311857 89.26776695251465
      vertex -9 -1.7677669525146484 89.26776695251465
    endloop
  endfacet
  facet normal -0.03869871935201953 -0.8863463950631956 0.4614027276458075
    outer loop
      vertex -9 -2.2657694667577744 88.55654565244913
      vertex -8.413073136041316 -2.2913952470565464 88.55654565244913
      vertex -8.404296033394024 -2.191072504731296 88.75
    endloop
  endfacet
  facet normal -0.036798326050826 -0.8428202324428533 0.5369356935284074
    outer loop
      vertex -9 -2.1650635078549385 88.75
      vertex -8.404296033394024 -2.191072504731296 88.75
      vertex -8.394082827588631 -2.0743350281967876 88.93394108861685
    endloop
  endfacet
  facet normal -0.03461779328985503 -0.7928778213148829 0.6083965555907639
    outer loop
      vertex -9 -2.0478801131248474 88.93394108861685
      vertex -8.394082827588631 -2.0743350281967876 88.93394108861685
      vertex -8.38251124647381 -1.942071250828728 89.10696902126074
    endloop
  endfacet
  facet normal -0.032173558739024624 -0.73689564621729 0.6752404525086372
    outer loop
      vertex -9 -1.9151111096143723 89.10696902126074
      vertex -8.38251124647381 -1.942071250828728 89.10696902126074
      vertex -8.369669357022255 -1.7952877827311857 89.26776695251465
    endloop
  endfacet
  facet normal -0.02948408170059846 -0.675296494681291 0.7369568055167369
    outer loop
      vertex -9 -1.7677669525146484 89.26776695251465
      vertex -8.369669357022255 -1.7952877827311857 89.26776695251465
      vertex -8.355654893891533 -1.6351017361519196 89.41511110961437
    endloop
  endfacet
  facet normal -0.029484081700598436 -0.675296494681291 0.7369568055167368
    outer loop
      vertex -9 -1.7677669525146484 89.26776695251465
      vertex -8.355654893891533 -1.6351017361519196 89.41511110961437
      vertex -9 -1.6069690212607384 89.41511110961437
    endloop
  endfacet
  facet normal -0.02656971472773568 -0.6085465168127517 0.7930732545826733
    outer loop
      vertex -9 -1.6069690212607384 89.41511110961437
      vertex -8.340574515905864 -1.4627322270303003 89.54788011312485
      vertex -9 -1.433941088616848 89.54788011312485
    endloop
  endfacet
  facet normal -0.023452554782883602 -0.5371518162589082 0.8431594771832385
    outer loop
      vertex -9 -1.433941088616848 89.54788011312485
      vertex -8.324542993705649 -1.279491089788972 89.66506350785494
      vertex -9 -1.25 89.66506350785494
    endloop
  endfacet
  facet normal -0.02656971472773567 -0.6085465168127518 0.7930732545826734
    outer loop
      vertex -9 -1.6069690212607384 89.41511110961437
      vertex -8.355654893891533 -1.6351017361519196 89.41511110961437
      vertex -8.340574515905864 -1.4627322270303003 89.54788011312485
    endloop
  endfacet
  facet normal -0.023452554782883925 -0.5371518162589072 0.8431594771832391
    outer loop
      vertex -9 -1.433941088616848 89.54788011312485
      vertex -8.340574515905864 -1.4627322270303003 89.54788011312485
      vertex -8.324542993705649 -1.279491089788972 89.66506350785494
    endloop
  endfacet
  facet normal -0.020156284053053995 -0.4616548042787341 0.8868306297707225
    outer loop
      vertex -9 -1.25 89.66506350785494
      vertex -8.324542993705649 -1.279491089788972 89.66506350785494
      vertex -8.30768233635709 -1.086772894435999 89.76576946675777
    endloop
  endfacet
  facet normal -0.020156284053054287 -0.46165480427873323 0.8868306297707229
    outer loop
      vertex -9 -1.25 89.66506350785494
      vertex -8.30768233635709 -1.086772894435999 89.76576946675777
      vertex -9 -1.056545652449131 89.76576946675777
    endloop
  endfacet
  facet normal -0.016705987250123077 -0.38263001523190865 0.9237506056472322
    outer loop
      vertex -9 -1.056545652449131 89.76576946675777
      vertex -8.290120864064832 -0.8860443476220077 89.84923154860735
      vertex -9 -0.8550503551959991 89.84923154860735
    endloop
  endfacet
  facet normal -0.013127968524661573 -0.3006799132160354 0.953634755150426
    outer loop
      vertex -9 -0.8550503551959991 89.84923154860735
      vertex -8.271992230234481 -0.6788331147634903 89.91481456905603
      vertex -9 -0.647047609090805 89.91481456905603
    endloop
  endfacet
  facet normal -0.01670598725012356 -0.38263001523190693 0.9237506056472328
    outer loop
      vertex -9 -1.056545652449131 89.76576946675777
      vertex -8.30768233635709 -1.086772894435999 89.76576946675777
      vertex -8.290120864064832 -0.8860443476220077 89.84923154860735
    endloop
  endfacet
  facet normal -0.01312796852466141 -0.30067991321603604 0.9536347551504258
    outer loop
      vertex -9 -0.8550503551959991 89.84923154860735
      vertex -8.290120864064832 -0.8860443476220077 89.84923154860735
      vertex -8.271992230234481 -0.6788331147634903 89.91481456905603
    endloop
  endfacet
  facet normal -0.009449535584940971 -0.21642994757904066 0.9762524182137337
    outer loop
      vertex -9 -0.647047609090805 89.91481456905603
      vertex -8.25343440522281 -0.4667162042545847 89.96201938390732
      vertex -9 -0.43412044644355774 89.96201938390732
    endloop
  endfacet
  facet normal -0.0056988043192095226 -0.13052407803356325 0.9914287612747673
    outer loop
      vertex -9 -0.43412044644355774 89.96201938390732
      vertex -8.234588623723761 -0.2513079360340491 89.99048674851656
      vertex -9 -0.21788935363292694 89.99048674851656
    endloop
  endfacet
  facet normal -0.0019044594991668546 -0.043619293865400185 0.9990464104518368
    outer loop
      vertex -9 -0.21788935363292694 89.99048674851656
      vertex -8.215598315271077 -0.034247717174290315 90
      vertex -9 0 90
    endloop
  endfacet
  facet normal -0.11580163743486484 -0.8796007638061787 0.4614027276458075
    outer loop
      vertex -8.413073136041316 -2.2913952470565464 88.55654565244913
      vertex -7.813125733669809 -2.2689015511894786 88.75
      vertex -8.404296033394024 -2.191072504731296 88.75
    endloop
  endfacet
  facet normal -0.11011492067179562 -0.8364058615651928 0.5369356935284072
    outer loop
      vertex -8.404296033394024 -2.191072504731296 88.75
      vertex -7.792777050722104 -2.1534984355349955 88.93394108861685
      vertex -8.394082827588631 -2.0743350281967876 88.93394108861685
    endloop
  endfacet
  facet normal -0.1035899175598328 -0.7868435423419585 0.6083965555907639
    outer loop
      vertex -8.394082827588631 -2.0743350281967876 88.93394108861685
      vertex -7.769721955211856 -2.0227464915181743 89.10696902126074
      vertex -8.38251124647381 -1.942071250828728 89.10696902126074
    endloop
  endfacet
  facet normal -0.09627581600814308 -0.7312874253998201 0.6752404525086372
    outer loop
      vertex -8.38251124647381 -1.942071250828728 89.10696902126074
      vertex -7.744135910841619 -1.8776408232453177 89.26776695251465
      vertex -8.369669357022255 -1.7952877827311857 89.26776695251465
    endloop
  endfacet
  facet normal -0.08822785343707815 -0.6701570806015942 0.736956805516737
    outer loop
      vertex -8.369669357022255 -1.7952877827311857 89.26776695251465
      vertex -7.716213643106765 -1.719285773878143 89.41511110961437
      vertex -8.355654893891533 -1.6351017361519196 89.41511110961437
    endloop
  endfacet
  facet normal -0.11011492067179562 -0.8364058615651928 0.5369356935284073
    outer loop
      vertex -8.404296033394024 -2.191072504731296 88.75
      vertex -7.813125733669809 -2.2689015511894786 88.75
      vertex -7.792777050722104 -2.1534984355349955 88.93394108861685
    endloop
  endfacet
  facet normal -0.10358991755983295 -0.7868435423419583 0.6083965555907643
    outer loop
      vertex -8.394082827588631 -2.0743350281967876 88.93394108861685
      vertex -7.792777050722104 -2.1534984355349955 88.93394108861685
      vertex -7.769721955211856 -2.0227464915181743 89.10696902126074
    endloop
  endfacet
  facet normal -0.09627581600814288 -0.7312874253998204 0.6752404525086365
    outer loop
      vertex -8.38251124647381 -1.942071250828728 89.10696902126074
      vertex -7.769721955211856 -2.0227464915181743 89.10696902126074
      vertex -7.744135910841619 -1.8776408232453177 89.26776695251465
    endloop
  endfacet
  facet normal -0.08822785343707802 -0.6701570806015946 0.7369568055167367
    outer loop
      vertex -8.369669357022255 -1.7952877827311857 89.26776695251465
      vertex -7.744135910841619 -1.8776408232453177 89.26776695251465
      vertex -7.716213643106765 -1.719285773878143 89.41511110961437
    endloop
  endfacet
  facet normal -0.07950693261089573 -0.6039151103693737 0.7930732545826731
    outer loop
      vertex -8.355654893891533 -1.6351017361519196 89.41511110961437
      vertex -7.686167657917677 -1.5488865243227652 89.54788011312485
      vertex -8.340574515905864 -1.4627322270303003 89.54788011312485
    endloop
  endfacet
  facet normal -0.07017917624571424 -0.5330637665960422 0.8431594771832392
    outer loop
      vertex -8.340574515905864 -1.4627322270303003 89.54788011312485
      vertex -7.65422662308129 -1.367739914155388 89.66506350785494
      vertex -8.324542993705649 -1.279491089788972 89.66506350785494
    endloop
  endfacet
  facet normal -0.060315450666821355 -0.45814133246338085 0.8868306297707224
    outer loop
      vertex -8.324542993705649 -1.279491089788972 89.66506350785494
      vertex -7.620633628167337 -1.1772245728333735 89.76576946675777
      vertex -8.30768233635709 -1.086772894435999 89.76576946675777
    endloop
  endfacet
  facet normal -0.07950693261089614 -0.6039151103693723 0.7930732545826744
    outer loop
      vertex -8.355654893891533 -1.6351017361519196 89.41511110961437
      vertex -7.716213643106765 -1.719285773878143 89.41511110961437
      vertex -7.686167657917677 -1.5488865243227652 89.54788011312485
    endloop
  endfacet
  facet normal -0.07017917624571374 -0.5330637665960443 0.8431594771832379
    outer loop
      vertex -8.340574515905864 -1.4627322270303003 89.54788011312485
      vertex -7.686167657917677 -1.5488865243227652 89.54788011312485
      vertex -7.65422662308129 -1.367739914155388 89.66506350785494
    endloop
  endfacet
  facet normal -0.06031545066682183 -0.45814133246337846 0.8868306297707235
    outer loop
      vertex -8.324542993705649 -1.279491089788972 89.66506350785494
      vertex -7.65422662308129 -1.367739914155388 89.66506350785494
      vertex -7.620633628167337 -1.1772245728333735 89.76576946675777
    endloop
  endfacet
  facet normal -0.009449535584940714 -0.21642994757904163 0.9762524182137334
    outer loop
      vertex -9 -0.647047609090805 89.91481456905603
      vertex -8.271992230234481 -0.6788331147634903 89.91481456905603
      vertex -8.25343440522281 -0.4667162042545847 89.96201938390732
    endloop
  endfacet
  facet normal -0.00569880431920968 -0.1305240780335626 0.9914287612747674
    outer loop
      vertex -9 -0.43412044644355774 89.96201938390732
      vertex -8.25343440522281 -0.4667162042545847 89.96201938390732
      vertex -8.234588623723761 -0.2513079360340491 89.99048674851656
    endloop
  endfacet
  facet normal -0.0019044594991668325 -0.043619293865400276 0.9990464104518367
    outer loop
      vertex -9 -0.21788935363292694 89.99048674851656
      vertex -8.234588623723761 -0.2513079360340491 89.99048674851656
      vertex -8.215598315271077 -0.034247717174290315 90
    endloop
  endfacet
  facet normal -0.049990819100046734 -0.37971796977767197 0.9237506056472328
    outer loop
      vertex -8.30768233635709 -1.086772894435999 89.76576946675777
      vertex -7.585644336990874 -0.9787904419029907 89.84923154860735
      vertex -8.290120864064832 -0.8860443476220077 89.84923154860735
    endloop
  endfacet
  facet normal -0.039283993806628906 -0.2983915575209664 0.9536347551504257
    outer loop
      vertex -8.290120864064832 -0.8860443476220077 89.84923154860735
      vertex -7.54952503917999 -0.7739477248907658 89.91481456905603
      vertex -8.271992230234481 -0.6788331147634903 89.91481456905603
    endloop
  endfacet
  facet normal -0.04999081910004608 -0.37971796977767536 0.9237506056472314
    outer loop
      vertex -8.30768233635709 -1.086772894435999 89.76576946675777
      vertex -7.620633628167337 -1.1772245728333735 89.76576946675777
      vertex -7.585644336990874 -0.9787904419029907 89.84923154860735
    endloop
  endfacet
  facet normal -0.03928399380662899 -0.29839155752096597 0.9536347551504261
    outer loop
      vertex -8.290120864064832 -0.8860443476220077 89.84923154860735
      vertex -7.585644336990874 -0.9787904419029907 89.84923154860735
      vertex -7.54952503917999 -0.7739477248907658 89.91481456905603
    endloop
  endfacet
  facet normal -0.02827669008323562 -0.21478278499398823 0.9762524182137338
    outer loop
      vertex -8.271992230234481 -0.6788331147634903 89.91481456905603
      vertex -7.54952503917999 -0.7739477248907658 89.91481456905603
      vertex -7.512550625410505 -0.5642554042888648 89.96201938390732
    endloop
  endfacet
  facet normal -0.02827669008323535 -0.2147827849939899 0.9762524182137334
    outer loop
      vertex -8.271992230234481 -0.6788331147634903 89.91481456905603
      vertex -7.512550625410505 -0.5642554042888648 89.96201938390732
      vertex -8.25343440522281 -0.4667162042545847 89.96201938390732
    endloop
  endfacet
  facet normal -0.017053041615727522 -0.12953071098713403 0.9914287612747675
    outer loop
      vertex -8.25343440522281 -0.4667162042545847 89.96201938390732
      vertex -7.47500249018901 -0.35130934764665334 89.99048674851656
      vertex -8.234588623723761 -0.2513079360340491 89.99048674851656
    endloop
  endfacet
  facet normal -0.005698884410767823 -0.04328732470103485 0.9990464104518368
    outer loop
      vertex -8.234588623723761 -0.2513079360340491 89.99048674851656
      vertex -7.4371664009976275 -0.1367302228901277 90
      vertex -8.215598315271077 -0.034247717174290315 90
    endloop
  endfacet
  facet normal -0.21623400291313438 -0.9753685557211714 0.043577935868496384
    outer loop
      vertex -7.871286845164953 -2.5987496054206476 87.5
      vertex -7.3152139961688505 -2.7122930338212177 87.71788935363293
      vertex -7.869634886381166 -2.589380881603401 87.71788935363293
    endloop
  endfacet
  facet normal -0.21459142097099554 -0.9679593473867975 0.13040407912398355
    outer loop
      vertex -7.869634886381166 -2.589380881603401 87.71788935363293
      vertex -7.3078461000441015 -2.6847956711387644 87.93412044644356
      vertex -7.864691580393791 -2.5613460002283945 87.93412044644356
    endloop
  endfacet
  facet normal -0.2113185488142068 -0.9531963751177711 0.21624324588157504
    outer loop
      vertex -7.864691580393791 -2.5613460002283945 87.93412044644356
      vertex -7.295628594940052 -2.6391993213487153 88.1470476090908
      vertex -7.856494550317761 -2.5148583325833442 88.1470476090908
    endloop
  endfacet
  facet normal -0.20643988604085586 -0.9311901494595136 0.3004454675993752
    outer loop
      vertex -7.856494550317761 -2.5148583325833442 88.1470476090908
      vertex -7.278654460212584 -2.575850988131287 88.355050355196
      vertex -7.845106178330954 -2.450271665579521 88.355050355196
    endloop
  endfacet
  facet normal -0.1999919949064397 -0.902105592088817 0.3823724659222041
    outer loop
      vertex -7.845106178330954 -2.450271665579521 88.355050355196
      vertex -7.257052883886008 -2.4952328077569303 88.55654565244913
      vertex -7.830613139913487 -2.3680775602915203 88.55654565244913
    endloop
  endfacet
  facet normal -0.21623400291313655 -0.9753685557211706 0.043577935868502254
    outer loop
      vertex -7.871286845164953 -2.5987496054206476 87.5
      vertex -7.317676206833616 -2.721482129121056 87.5
      vertex -7.3152139961688505 -2.7122930338212177 87.71788935363293
    endloop
  endfacet
  facet normal -0.21459142097099423 -0.9679593473867982 0.13040407912397992
    outer loop
      vertex -7.869634886381166 -2.589380881603401 87.71788935363293
      vertex -7.3152139961688505 -2.7122930338212177 87.71788935363293
      vertex -7.3078461000441015 -2.6847956711387644 87.93412044644356
    endloop
  endfacet
  facet normal -0.21131854881420667 -0.9531963751177711 0.21624324588157465
    outer loop
      vertex -7.864691580393791 -2.5613460002283945 87.93412044644356
      vertex -7.3078461000441015 -2.6847956711387644 87.93412044644356
      vertex -7.295628594940052 -2.6391993213487153 88.1470476090908
    endloop
  endfacet
  facet normal -0.2064398860408552 -0.9311901494595144 0.3004454675993731
    outer loop
      vertex -7.856494550317761 -2.5148583325833442 88.1470476090908
      vertex -7.295628594940052 -2.6391993213487153 88.1470476090908
      vertex -7.278654460212584 -2.575850988131287 88.355050355196
    endloop
  endfacet
  facet normal -0.19999199490643998 -0.9021055920888168 0.38237246592220503
    outer loop
      vertex -7.845106178330954 -2.450271665579521 88.355050355196
      vertex -7.278654460212584 -2.575850988131287 88.355050355196
      vertex -7.257052883886008 -2.4952328077569303 88.55654565244913
    endloop
  endfacet
  facet normal -0.19202323513388897 -0.8661608396191345 0.46140272764580736
    outer loop
      vertex -7.830613139913487 -2.3680775602915203 88.55654565244913
      vertex -7.230988263766642 -2.3979583211914752 88.75
      vertex -7.813125733669809 -2.2689015511894786 88.75
    endloop
  endfacet
  facet normal -0.1920232351338893 -0.8661608396191338 0.4614027276458085
    outer loop
      vertex -7.830613139913487 -2.3680775602915203 88.55654565244913
      vertex -7.257052883886008 -2.4952328077569303 88.55654565244913
      vertex -7.230988263766642 -2.3979583211914752 88.75
    endloop
  endfacet
  facet normal -0.18259347425724406 -0.8236259370453524 0.5369356935284098
    outer loop
      vertex -7.813125733669809 -2.2689015511894786 88.75
      vertex -7.230988263766642 -2.3979583211914752 88.75
      vertex -7.200658969440728 -2.284767853809454 88.93394108861685
    endloop
  endfacet
  facet normal -0.30042013817581187 -0.9528109487636395 0.04357793586850267
    outer loop
      vertex -7.317676206833616 -2.721482129121056 87.5
      vertex -6.773615344747293 -2.883058432672926 87.71788935363293
      vertex -7.3152139961688505 -2.7122930338212177 87.71788935363293
    endloop
  endfacet
  facet normal -0.29813805169831553 -0.9455730951530714 0.13040407912397992
    outer loop
      vertex -7.3152139961688505 -2.7122930338212177 87.71788935363293
      vertex -6.763878932623538 -2.8563078602163996 87.93412044644356
      vertex -7.3078461000441015 -2.6847956711387644 87.93412044644356
    endloop
  endfacet
  facet normal -0.2935909559949197 -0.9311515500543348 0.21624324588157437
    outer loop
      vertex -7.3078461000441015 -2.6847956711387644 87.93412044644356
      vertex -6.747733935082439 -2.811949844035083 88.1470476090908
      vertex -7.295628594940052 -2.6391993213487153 88.1470476090908
    endloop
  endfacet
  facet normal -0.2868128890640104 -0.9096542682061959 0.30044546759937313
    outer loop
      vertex -7.295628594940052 -2.6391993213487153 88.1470476090908
      vertex -6.72530322102885 -2.7503219636706024 88.355050355196
      vertex -7.278654460212584 -2.575850988131287 88.355050355196
    endloop
  endfacet
  facet normal -0.277854647901903 -0.8812423570981375 0.3823724659222052
    outer loop
      vertex -7.278654460212584 -2.575850988131287 88.355050355196
      vertex -6.6967575078324 -2.6718932612411272 88.55654565244913
      vertex -7.257052883886008 -2.4952328077569303 88.55654565244913
    endloop
  endfacet
  facet normal -0.2667834200667467 -0.8461289084403734 0.46140272764580836
    outer loop
      vertex -7.257052883886008 -2.4952328077569303 88.55654565244913
      vertex -6.662314041334703 -2.577260614790964 88.75
      vertex -7.230988263766642 -2.3979583211914752 88.75
    endloop
  endfacet
  facet normal -0.25368238125064324 -0.80457772182566 0.5369356935284098
    outer loop
      vertex -7.230988263766642 -2.3979583211914752 88.75
      vertex -6.622234959873729 -2.467144243484455 88.93394108861685
      vertex -7.200658969440728 -2.284767853809454 88.93394108861685
    endloop
  endfacet
  facet normal -0.30042013817580987 -0.9528109487636404 0.043577935868496995
    outer loop
      vertex -7.317676206833616 -2.721482129121056 87.5
      vertex -6.776869068383153 -2.891997964891595 87.5
      vertex -6.773615344747293 -2.883058432672926 87.71788935363293
    endloop
  endfacet
  facet normal -0.2981380516983162 -0.9455730951530709 0.13040407912398214
    outer loop
      vertex -7.3152139961688505 -2.7122930338212177 87.71788935363293
      vertex -6.773615344747293 -2.883058432672926 87.71788935363293
      vertex -6.763878932623538 -2.8563078602163996 87.93412044644356
    endloop
  endfacet
  facet normal -0.29359095599492 -0.9311515500543344 0.2162432458815755
    outer loop
      vertex -7.3078461000441015 -2.6847956711387644 87.93412044644356
      vertex -6.763878932623538 -2.8563078602163996 87.93412044644356
      vertex -6.747733935082439 -2.811949844035083 88.1470476090908
    endloop
  endfacet
  facet normal -0.2868128890640111 -0.9096542682061949 0.3004454675993754
    outer loop
      vertex -7.295628594940052 -2.6391993213487153 88.1470476090908
      vertex -6.747733935082439 -2.811949844035083 88.1470476090908
      vertex -6.72530322102885 -2.7503219636706024 88.355050355196
    endloop
  endfacet
  facet normal -0.2778546479019026 -0.8812423570981385 0.3823724659222036
    outer loop
      vertex -7.278654460212584 -2.575850988131287 88.355050355196
      vertex -6.72530322102885 -2.7503219636706024 88.355050355196
      vertex -6.6967575078324 -2.6718932612411272 88.55654565244913
    endloop
  endfacet
  facet normal -0.26678342006674616 -0.8461289084403749 0.4614027276458059
    outer loop
      vertex -7.257052883886008 -2.4952328077569303 88.55654565244913
      vertex -6.6967575078324 -2.6718932612411272 88.55654565244913
      vertex -6.662314041334703 -2.577260614790964 88.75
    endloop
  endfacet
  facet normal -0.2536823812506431 -0.8045777218256605 0.5369356935284091
    outer loop
      vertex -7.230988263766642 -2.3979583211914752 88.75
      vertex -6.662314041334703 -2.577260614790964 88.75
      vertex -6.622234959873729 -2.467144243484455 88.93394108861685
    endloop
  endfacet
  facet normal -0.23865010118349267 -0.7569014204970171 0.6083965555907646
    outer loop
      vertex -6.622234959873729 -2.467144243484455 88.93394108861685
      vertex -6.576825286263869 -2.342382190616563 89.10696902126074
      vertex -7.200658969440728 -2.284767853809454 88.93394108861685
    endloop
  endfacet
  facet normal -0.3823198947883298 -0.9230018751630366 0.04357793586849708
    outer loop
      vertex -6.776869068383153 -2.891997964891595 87.5
      vertex -6.248960824880021 -3.100377450362296 87.71788935363293
      vertex -6.773615344747293 -2.883058432672926 87.71788935363293
    endloop
  endfacet
  facet normal -0.3794156718315323 -0.9159904607125848 0.13040407912398164
    outer loop
      vertex -6.773615344747293 -2.883058432672926 87.71788935363293
      vertex -6.236929996732524 -3.074577256140528 87.93412044644356
      vertex -6.763878932623538 -2.8563078602163996 87.93412044644356
    endloop
  endfacet
  facet normal -0.382319894788329 -0.923001875163037 0.04357793586849469
    outer loop
      vertex -6.776869068383153 -2.891997964891595 87.5
      vertex -6.252981298685453 -3.108999384261775 87.5
      vertex -6.248960824880021 -3.100377450362296 87.71788935363293
    endloop
  endfacet
  facet normal -0.3794156718315335 -0.9159904607125837 0.1304040791239857
    outer loop
      vertex -6.773615344747293 -2.883058432672926 87.71788935363293
      vertex -6.248960824880021 -3.100377450362296 87.71788935363293
      vertex -6.236929996732524 -3.074577256140528 87.93412044644356
    endloop
  endfacet
  facet normal -0.37362895872544527 -0.902020099450306 0.21624324588157565
    outer loop
      vertex -6.763878932623538 -2.8563078602163996 87.93412044644356
      vertex -6.216980379934283 -3.031795164855186 88.1470476090908
      vertex -6.747733935082439 -2.811949844035083 88.1470476090908
    endloop
  endfacet
  facet normal -0.373628958725445 -0.9020200994503065 0.21624324588157445
    outer loop
      vertex -6.763878932623538 -2.8563078602163996 87.93412044644356
      vertex -6.236929996732524 -3.074577256140528 87.93412044644356
      vertex -6.216980379934283 -3.031795164855186 88.1470476090908
    endloop
  endfacet
  facet normal -0.3650030728190331 -0.8811953687075629 0.30044546759937346
    outer loop
      vertex -6.747733935082439 -2.811949844035083 88.1470476090908
      vertex -6.216980379934283 -3.031795164855186 88.1470476090908
      vertex -6.189263797832554 -2.97235676272516 88.355050355196
    endloop
  endfacet
  facet normal -0.3650030728190336 -0.881195368707562 0.3004454675993754
    outer loop
      vertex -6.747733935082439 -2.811949844035083 88.1470476090908
      vertex -6.189263797832554 -2.97235676272516 88.355050355196
      vertex -6.72530322102885 -2.7503219636706024 88.355050355196
    endloop
  endfacet
  facet normal -0.3536026592536111 -0.8536723356612582 0.3823724659222034
    outer loop
      vertex -6.72530322102885 -2.7503219636706024 88.355050355196
      vertex -6.153991197880027 -2.8967144280226 88.55654565244913
      vertex -6.6967575078324 -2.6718932612411272 88.55654565244913
    endloop
  endfacet
  facet normal -0.3536026592536114 -0.8536723356612577 0.38237246592220453
    outer loop
      vertex -6.72530322102885 -2.7503219636706024 88.355050355196
      vertex -6.189263797832554 -2.97235676272516 88.355050355196
      vertex -6.153991197880027 -2.8967144280226 88.55654565244913
    endloop
  endfacet
  facet normal -0.3395132220846616 -0.8196574253617797 0.46140272764580603
    outer loop
      vertex -6.6967575078324 -2.6718932612411272 88.55654565244913
      vertex -6.1114310205815805 -2.805443833267966 88.75
      vertex -6.662314041334703 -2.577260614790964 88.75
    endloop
  endfacet
  facet normal -0.3228406121451128 -0.7794061843255641 0.5369356935284091
    outer loop
      vertex -6.662314041334703 -2.577260614790964 88.75
      vertex -6.0619071779958755 -2.699239610112695 88.93394108861685
      vertex -6.622234959873729 -2.467144243484455 88.93394108861685
    endloop
  endfacet
  facet normal -0.3395132220846621 -0.819657425361778 0.46140272764580853
    outer loop
      vertex -6.6967575078324 -2.6718932612411272 88.55654565244913
      vertex -6.153991197880027 -2.8967144280226 88.55654565244913
      vertex -6.1114310205815805 -2.805443833267966 88.75
    endloop
  endfacet
  facet normal -0.3228406121451127 -0.7794061843255642 0.5369356935284088
    outer loop
      vertex -6.662314041334703 -2.577260614790964 88.75
      vertex -6.1114310205815805 -2.805443833267966 88.75
      vertex -6.0619071779958755 -2.699239610112695 88.93394108861685
    endloop
  endfacet
  facet normal -0.30371027098822867 -0.7332214552517884 0.6083965555907646
    outer loop
      vertex -6.622234959873729 -2.467144243484455 88.93394108861685
      vertex -6.005796572519233 -2.5789100283540556 89.10696902126074
      vertex -6.576825286263869 -2.342382190616563 89.10696902126074
    endloop
  endfacet
  facet normal -0.28226641026678245 -0.6814513958684323 0.6752404525086375
    outer loop
      vertex -6.576825286263869 -2.342382190616563 89.10696902126074
      vertex -5.943526240968099 -2.4453708714002245 89.26776695251465
      vertex -6.526430616534422 -2.2039239734740326 89.26776695251465
    endloop
  endfacet
  facet normal -0.3037102709882285 -0.7332214552517897 0.6083965555907631
    outer loop
      vertex -6.622234959873729 -2.467144243484455 88.93394108861685
      vertex -6.0619071779958755 -2.699239610112695 88.93394108861685
      vertex -6.005796572519233 -2.5789100283540556 89.10696902126074
    endloop
  endfacet
  facet normal -0.18259347425724343 -0.8236259370453541 0.5369356935284073
    outer loop
      vertex -7.813125733669809 -2.2689015511894786 88.75
      vertex -7.200658969440728 -2.284767853809454 88.93394108861685
      vertex -7.792777050722104 -2.1534984355349955 88.93394108861685
    endloop
  endfacet
  facet normal -0.1717736600078776 -0.774820908902691 0.6083965555907643
    outer loop
      vertex -7.792777050722104 -2.1534984355349955 88.93394108861685
      vertex -7.166295822732934 -2.1565228443880224 89.10696902126074
      vertex -7.769721955211856 -2.0227464915181743 89.10696902126074
    endloop
  endfacet
  facet normal -0.17177366000787703 -0.7748209089026928 0.6083965555907621
    outer loop
      vertex -7.792777050722104 -2.1534984355349955 88.93394108861685
      vertex -7.200658969440728 -2.284767853809454 88.93394108861685
      vertex -7.166295822732934 -2.1565228443880224 89.10696902126074
    endloop
  endfacet
  facet normal -0.1596453561845113 -0.7201136657116377 0.6752404525086365
    outer loop
      vertex -7.769721955211856 -2.0227464915181743 89.10696902126074
      vertex -7.1281603486909475 -2.014199317692605 89.26776695251465
      vertex -7.744135910841619 -1.8776408232453177 89.26776695251465
    endloop
  endfacet
  facet normal -0.14630015793546547 -0.6599173664866111 0.7369568055167368
    outer loop
      vertex -7.744135910841619 -1.8776408232453177 89.26776695251465
      vertex -7.08654278166935 -1.858880443080599 89.41511110961437
      vertex -7.716213643106765 -1.719285773878143 89.41511110961437
    endloop
  endfacet
  facet normal -0.13183905472928822 -0.5946875452821695 0.7930732545826743
    outer loop
      vertex -7.716213643106765 -1.719285773878143 89.41511110961437
      vertex -7.0417598573663955 -1.69174829427046 89.54788011312485
      vertex -7.686167657917677 -1.5488865243227652 89.54788011312485
    endloop
  endfacet
  facet normal -0.11637169180196846 -0.5249187797966811 0.8431594771832379
    outer loop
      vertex -7.686167657917677 -1.5488865243227652 89.54788011312485
      vertex -6.994152400455464 -1.5140748462597209 89.66506350785494
      vertex -7.65422662308129 -1.367739914155388 89.66506350785494
    endloop
  endfacet
  facet normal -0.10001558028154926 -0.4511411284746791 0.8868306297707235
    outer loop
      vertex -7.65422662308129 -1.367739914155388 89.66506350785494
      vertex -6.944082730951417 -1.3272122957524353 89.76576946675777
      vertex -7.620633628167337 -1.1772245728333735 89.76576946675777
    endloop
  endfacet
  facet normal -0.1596453561845116 -0.7201136657116367 0.6752404525086377
    outer loop
      vertex -7.769721955211856 -2.0227464915181743 89.10696902126074
      vertex -7.166295822732934 -2.1565228443880224 89.10696902126074
      vertex -7.1281603486909475 -2.014199317692605 89.26776695251465
    endloop
  endfacet
  facet normal -0.14630015793546555 -0.6599173664866107 0.7369568055167371
    outer loop
      vertex -7.744135910841619 -1.8776408232453177 89.26776695251465
      vertex -7.1281603486909475 -2.014199317692605 89.26776695251465
      vertex -7.08654278166935 -1.858880443080599 89.41511110961437
    endloop
  endfacet
  facet normal -0.13183905472928792 -0.5946875452821712 0.7930732545826731
    outer loop
      vertex -7.716213643106765 -1.719285773878143 89.41511110961437
      vertex -7.08654278166935 -1.858880443080599 89.41511110961437
      vertex -7.0417598573663955 -1.69174829427046 89.54788011312485
    endloop
  endfacet
  facet normal -0.11637169180196848 -0.5249187797966808 0.843159477183238
    outer loop
      vertex -7.686167657917677 -1.5488865243227652 89.54788011312485
      vertex -7.0417598573663955 -1.69174829427046 89.54788011312485
      vertex -6.994152400455464 -1.5140748462597209 89.66506350785494
    endloop
  endfacet
  facet normal -0.1000155802815491 -0.45114112847468024 0.886830629770723
    outer loop
      vertex -7.65422662308129 -1.367739914155388 89.66506350785494
      vertex -6.994152400455464 -1.5140748462597209 89.66506350785494
      vertex -6.944082730951417 -1.3272122957524353 89.76576946675777
    endloop
  endfacet
  facet normal -0.08289519063133542 -0.37391604129345163 0.9237506056472321
    outer loop
      vertex -7.620633628167337 -1.1772245728333735 89.76576946675777
      vertex -6.944082730951417 -1.3272122957524353 89.76576946675777
      vertex -6.891931910523713 -1.1325827842598422 89.84923154860735
    endloop
  endfacet
  facet normal -0.017053041615727398 -0.1295307109871348 0.9914287612747674
    outer loop
      vertex -8.25343440522281 -0.4667162042545847 89.96201938390732
      vertex -7.512550625410505 -0.5642554042888648 89.96201938390732
      vertex -7.47500249018901 -0.35130934764665334 89.99048674851656
    endloop
  endfacet
  facet normal -0.005698884410767848 -0.043287324701034656 0.9990464104518367
    outer loop
      vertex -8.234588623723761 -0.2513079360340491 89.99048674851656
      vertex -7.47500249018901 -0.35130934764665334 89.99048674851656
      vertex -7.4371664009976275 -0.1367302228901277 90
    endloop
  endfacet
  facet normal -0.08289519063133521 -0.3739160412934535 0.9237506056472314
    outer loop
      vertex -7.620633628167337 -1.1772245728333735 89.76576946675777
      vertex -6.891931910523713 -1.1325827842598422 89.84923154860735
      vertex -7.585644336990874 -0.9787904419029907 89.84923154860735
    endloop
  endfacet
  facet normal -0.0651410441754021 -0.2938322618994136 0.953634755150426
    outer loop
      vertex -7.585644336990874 -0.9787904419029907 89.84923154860735
      vertex -6.838096838398064 -0.9316675598577877 89.91481456905603
      vertex -7.54952503917999 -0.7739477248907658 89.91481456905603
    endloop
  endfacet
  facet normal -0.04688864189606389 -0.21150099572574074 0.9762524182137339
    outer loop
      vertex -7.54952503917999 -0.7739477248907658 89.91481456905603
      vertex -6.782987233485315 -0.7259957143383584 89.96201938390732
      vertex -7.512550625410505 -0.5642554042888648 89.96201938390732
    endloop
  endfacet
  facet normal -0.06514104417540208 -0.29383226189941375 0.9536347551504258
    outer loop
      vertex -7.585644336990874 -0.9787904419029907 89.84923154860735
      vertex -6.891931910523713 -1.1325827842598422 89.84923154860735
      vertex -6.838096838398064 -0.9316675598577877 89.91481456905603
    endloop
  endfacet
  facet normal -0.04688864189606384 -0.21150099572574135 0.9762524182137337
    outer loop
      vertex -7.54952503917999 -0.7739477248907658 89.91481456905603
      vertex -6.838096838398064 -0.9316675598577877 89.91481456905603
      vertex -6.782987233485315 -0.7259957143383584 89.96201938390732
    endloop
  endfacet
  facet normal -0.028277494968641338 -0.12755153701731176 0.9914287612747674
    outer loop
      vertex -7.512550625410505 -0.5642554042888648 89.96201938390732
      vertex -6.782987233485315 -0.7259957143383584 89.96201938390732
      vertex -6.727022508522593 -0.5171325173458605 89.99048674851656
    endloop
  endfacet
  facet normal -0.028277494968641292 -0.12755153701731253 0.9914287612747674
    outer loop
      vertex -7.512550625410505 -0.5642554042888648 89.96201938390732
      vertex -6.727022508522593 -0.5171325173458605 89.99048674851656
      vertex -7.47500249018901 -0.35130934764665334 89.99048674851656
    endloop
  endfacet
  facet normal -0.009449937370922253 -0.04262591285809309 0.9990464104518368
    outer loop
      vertex -7.47500249018901 -0.35130934764665334 89.99048674851656
      vertex -6.670628594077313 -0.30666756339838486 90
      vertex -7.4371664009976275 -0.1367302228901277 90
    endloop
  endfacet
  facet normal -0.23865010118349214 -0.7569014204970193 0.608396555590762
    outer loop
      vertex -6.576825286263869 -2.342382190616563 89.10696902126074
      vertex -7.166295822732934 -2.1565228443880224 89.10696902126074
      vertex -7.200658969440728 -2.284767853809454 88.93394108861685
    endloop
  endfacet
  facet normal -0.22179989880381543 -0.7034594062108682 0.6752404525086376
    outer loop
      vertex -7.166295822732934 -2.1565228443880224 89.10696902126074
      vertex -6.526430616534422 -2.2039239734740326 89.26776695251465
      vertex -7.1281603486909475 -2.014199317692605 89.26776695251465
    endloop
  endfacet
  facet normal -0.20325902989351632 -0.6446552827436635 0.736956805516737
    outer loop
      vertex -7.1281603486909475 -2.014199317692605 89.26776695251465
      vertex -6.471434485040489 -2.052823344037094 89.41511110961437
      vertex -7.08654278166935 -1.858880443080599 89.41511110961437
    endloop
  endfacet
  facet normal -0.18316780203459473 -0.5809340488932131 0.7930732545826731
    outer loop
      vertex -7.08654278166935 -1.858880443080599 89.41511110961437
      vertex -6.412255446718282 -1.890230272541789 89.54788011312485
      vertex -7.0417598573663955 -1.69174829427046 89.54788011312485
    endloop
  endfacet
  facet normal -0.22179989880381543 -0.7034594062108683 0.6752404525086377
    outer loop
      vertex -6.576825286263869 -2.342382190616563 89.10696902126074
      vertex -6.526430616534422 -2.2039239734740326 89.26776695251465
      vertex -7.166295822732934 -2.1565228443880224 89.10696902126074
    endloop
  endfacet
  facet normal -0.2032590298935161 -0.6446552827436652 0.7369568055167357
    outer loop
      vertex -7.1281603486909475 -2.014199317692605 89.26776695251465
      vertex -6.526430616534422 -2.2039239734740326 89.26776695251465
      vertex -6.471434485040489 -2.052823344037094 89.41511110961437
    endloop
  endfacet
  facet normal -0.18316780203459473 -0.5809340488932129 0.7930732545826733
    outer loop
      vertex -7.08654278166935 -1.858880443080599 89.41511110961437
      vertex -6.471434485040489 -2.052823344037094 89.41511110961437
      vertex -6.412255446718282 -1.890230272541789 89.54788011312485
    endloop
  endfacet
  facet normal -0.16167854851646202 -0.5127788441284395 0.8431594771832382
    outer loop
      vertex -7.0417598573663955 -1.69174829427046 89.54788011312485
      vertex -6.349343889226068 -1.7173821889092098 89.66506350785494
      vertex -6.994152400455464 -1.5140748462597209 89.66506350785494
    endloop
  endfacet
  facet normal -0.13895453093927565 -0.440707468091827 0.8868306297707229
    outer loop
      vertex -6.994152400455464 -1.5140748462597209 89.66506350785494
      vertex -6.283178605549745 -1.5355945660567052 89.76576946675777
      vertex -6.944082730951417 -1.3272122957524353 89.76576946675777
    endloop
  endfacet
  facet normal -0.1151686797084356 -0.3652683859583081 0.9237506056472321
    outer loop
      vertex -6.944082730951417 -1.3272122957524353 89.76576946675777
      vertex -6.214263155103781 -1.3462509221048746 89.84923154860735
      vertex -6.891931910523713 -1.1325827842598422 89.84923154860735
    endloop
  endfacet
  facet normal -0.16167854851646207 -0.5127788441284384 0.8431594771832389
    outer loop
      vertex -7.0417598573663955 -1.69174829427046 89.54788011312485
      vertex -6.412255446718282 -1.890230272541789 89.54788011312485
      vertex -6.349343889226068 -1.7173821889092098 89.66506350785494
    endloop
  endfacet
  facet normal -0.25867097790291804 -0.6244869830455366 0.7369568055167358
    outer loop
      vertex -6.526430616534422 -2.2039239734740326 89.26776695251465
      vertex -5.875570098770071 -2.2996384541654216 89.41511110961437
      vertex -6.471434485040489 -2.052823344037094 89.41511110961437
    endloop
  endfacet
  facet normal -0.2331025317666734 -0.5627592936146089 0.7930732545826732
    outer loop
      vertex -6.471434485040489 -2.052823344037094 89.41511110961437
      vertex -5.802445334643524 -2.1428218914354105 89.54788011312485
      vertex -6.412255446718282 -1.890230272541789 89.54788011312485
    endloop
  endfacet
  facet normal -0.13895453093927573 -0.44070746809182537 0.8868306297707238
    outer loop
      vertex -6.994152400455464 -1.5140748462597209 89.66506350785494
      vertex -6.349343889226068 -1.7173821889092098 89.66506350785494
      vertex -6.283178605549745 -1.5355945660567052 89.76576946675777
    endloop
  endfacet
  facet normal -0.11516867970843557 -0.3652683859583096 0.9237506056472315
    outer loop
      vertex -6.944082730951417 -1.3272122957524353 89.76576946675777
      vertex -6.283178605549745 -1.5355945660567052 89.76576946675777
      vertex -6.214263155103781 -1.3462509221048746 89.84923154860735
    endloop
  endfacet
  facet normal -0.09050233186476361 -0.28703672534403496 0.9536347551504262
    outer loop
      vertex -6.891931910523713 -1.1325827842598422 89.84923154860735
      vertex -6.214263155103781 -1.3462509221048746 89.84923154860735
      vertex -6.14312202606875 -1.1507922764866185 89.91481456905603
    endloop
  endfacet
  facet normal -0.09050233186476361 -0.2870367253440359 0.9536347551504258
    outer loop
      vertex -6.891931910523713 -1.1325827842598422 89.84923154860735
      vertex -6.14312202606875 -1.1507922764866185 89.91481456905603
      vertex -6.838096838398064 -0.9316675598577877 89.91481456905603
    endloop
  endfacet
  facet normal -0.009449937370922243 -0.04262591285809323 0.9990464104518367
    outer loop
      vertex -7.47500249018901 -0.35130934764665334 89.99048674851656
      vertex -6.727022508522593 -0.5171325173458605 89.99048674851656
      vertex -6.670628594077313 -0.30666756339838486 90
    endloop
  endfacet
  facet normal -0.06514374283192764 -0.20660955617222804 0.9762524182137337
    outer loop
      vertex -6.838096838398064 -0.9316675598577877 89.91481456905603
      vertex -6.070296647382211 -0.9507061929821194 89.96201938390732
      vertex -6.782987233485315 -0.7259957143383584 89.96201938390732
    endloop
  endfacet
  facet normal -0.039286739510425994 -0.12460161883306381 0.9914287612747675
    outer loop
      vertex -6.782987233485315 -0.7259957143383584 89.96201938390732
      vertex -5.996341258027653 -0.7475154306834977 89.99048674851656
      vertex -6.727022508522593 -0.5171325173458605 89.99048674851656
    endloop
  endfacet
  facet normal -0.06514374283192764 -0.20660955617222826 0.9762524182137337
    outer loop
      vertex -6.838096838398064 -0.9316675598577877 89.91481456905603
      vertex -6.14312202606875 -1.1507922764866185 89.91481456905603
      vertex -6.070296647382211 -0.9507061929821194 89.96201938390732
    endloop
  endfacet
  facet normal -0.03928673951042602 -0.12460161883306496 0.9914287612747673
    outer loop
      vertex -6.782987233485315 -0.7259957143383584 89.96201938390732
      vertex -6.070296647382211 -0.9507061929821194 89.96201938390732
      vertex -5.996341258027653 -0.7475154306834977 89.99048674851656
    endloop
  endfacet
  facet normal -0.013129070601655923 -0.04164009208007164 0.9990464104518368
    outer loop
      vertex -6.727022508522593 -0.5171325173458605 89.99048674851656
      vertex -5.921818710068981 -0.5427664129268237 90
      vertex -6.670628594077313 -0.30666756339838486 90
    endloop
  endfacet
  facet normal 0 0 -1
    outer loop
      vertex -7.071637170940383 -6.701866670643065 0
      vertex -6.395277334996045 -5.772116295183121 0
      vertex -5.117714323462189 -5.488887394336025 0
    endloop
  endfacet
  facet normal 0 0 -1
    outer loop
      vertex -6.701866670643065 -7.071637170940383 0
      vertex -3.869697850114969 -5.095389311788626 0
      vertex -6.542543867133025 -7.279270690946862 0
    endloop
  endfacet
  facet normal 0 0 -1
    outer loop
      vertex -6.401923788646684 -7.5 0
      vertex -6.542543867133025 -7.279270690946862 0
      vertex -3.869697850114969 -5.095389311788626 0
    endloop
  endfacet
  facet normal 0 0 -1
    outer loop
      vertex -6.701866670643065 -7.071637170940383 0
      vertex -5.117714323462189 -5.488887394336025 0
      vertex -3.869697850114969 -5.095389311788626 0
    endloop
  endfacet
  facet normal 0 -1 0
    outer loop
      vertex -6 -9 0
      vertex -1.6499999985098839 -9 0
      vertex -2.3568590161453264 -9 16.86848152994985
    endloop
  endfacet
  facet normal 0 0 -1
    outer loop
      vertex -6.401923788646684 -7.5 0
      vertex -3.869697850114969 -5.095389311788626 0
      vertex -2.660726073889508 -4.59461680554975 0
    endloop
  endfacet
  facet normal 0 0 -1
    outer loop
      vertex -6.401923788646684 -7.5 0
      vertex -2.660726073889508 -4.59461680554975 0
      vertex -1.5 -3.9903810567665783 0
    endloop
  endfacet
  facet normal 0 -1 0
    outer loop
      vertex -6 -9 0
      vertex -2.4307150633438592 -9 17.287339987695713
      vertex -2.44 -9 17.5
    endloop
  endfacet
  facet normal 0 -1 0
    outer loop
      vertex -6 -9 0
      vertex -2.4029309173497877 -9 17.07629844649269
      vertex -2.4307150633438592 -9 17.287339987695713
    endloop
  endfacet
  facet normal 0 -1 0
    outer loop
      vertex -6 -9 0
      vertex -2.3568590161453264 -9 16.86848152994985
      vertex -2.4029309173497877 -9 17.07629844649269
    endloop
  endfacet
  facet normal 0 0 -1
    outer loop
      vertex -6 -9 0
      vertex -6.011415905724763 -8.738532771757026 0
      vertex 5.942920471376183 -7.692663858785128 0
    endloop
  endfacet
  facet normal 0 0 -1
    outer loop
      vertex -6.011415905724763 -8.738532771757026 0
      vertex -6.0455767409633765 -8.47905546699921 0
      vertex 5.772116295183121 -6.395277334996045 0
    endloop
  endfacet
  facet normal 0 0 -1
    outer loop
      vertex -6.0455767409633765 -8.47905546699921 0
      vertex -6.102222521132795 -8.223542864692437 0
      vertex 5.488887394336025 -5.117714323462189 0
    endloop
  endfacet
  facet normal 0 -1 0
    outer loop
      vertex -1.6499999985098839 -9 0
      vertex -2.2928499947176166 -9 16.665470850285367
      vertex -2.3568590161453264 -9 16.86848152994985
    endloop
  endfacet
  facet normal 0 -1 0
    outer loop
      vertex -1.6499999985098839 -9 0
      vertex -2.2113910003694257 -9 16.468811441352692
      vertex -2.2928499947176166 -9 16.665470850285367
    endloop
  endfacet
  facet normal 0 -1 0
    outer loop
      vertex -1.6499999985098839 -9 0
      vertex -2.1131019852340303 -9 16.28
      vertex -2.2113910003694257 -9 16.468811441352692
    endloop
  endfacet
  facet normal 0 -1 0
    outer loop
      vertex -1.6499999985098839 -9 0
      vertex -1.99873098806514 -9 16.100473495303447
      vertex -2.1131019852340303 -9 16.28
    endloop
  endfacet
  facet normal 0 -1 0
    outer loop
      vertex -1.6499999985098839 -9 0
      vertex -1.8691484412103063 -9 15.931598232364845
      vertex -1.99873098806514 -9 16.100473495303447
    endloop
  endfacet
  facet normal 0 -1 0
    outer loop
      vertex -1.6499999985098839 -9 0
      vertex -1.5684017676351558 -9 15.630851558789693
      vertex -1.725340546095176 -9 15.774659453904825
    endloop
  endfacet
  facet normal 0 -1 0
    outer loop
      vertex -1.6499999985098839 -9 0
      vertex -1.725340546095176 -9 15.774659453904825
      vertex -1.8691484412103063 -9 15.931598232364845
    endloop
  endfacet
  facet normal 0 0 -1
    outer loop
      vertex -6.281076638890051 -7.732145214777901 0
      vertex 4.59461680554975 -2.660726073889508 0
      vertex -6.180922137642275 -7.973939570022994 0
    endloop
  endfacet
  facet normal 0 0 -1
    outer loop
      vertex -6.401923788646684 -7.5 0
      vertex 3.9903810567665783 -1.5 0
      vertex -6.281076638890051 -7.732145214777901 0
    endloop
  endfacet
  facet normal 0 0 -1
    outer loop
      vertex -6.401923788646684 -7.5 0
      vertex -1.5 -3.9903810567665783 0
      vertex -0.39635345473431016 -3.2872806643348778 0
    endloop
  endfacet
  facet normal 0 0 -1
    outer loop
      vertex -6.102222521132795 -8.223542864692437 0
      vertex -6.180922137642275 -7.973939570022994 0
      vertex 5.095389311788626 -3.869697850114969 0
    endloop
  endfacet
  facet normal 0 0 -1
    outer loop
      vertex -6 -9 0
      vertex 5.942920471376183 -7.692663858785128 0
      vertex -1.6499999985098839 -9 0
    endloop
  endfacet
  facet normal 0 -1 0
    outer loop
      vertex -1.6499999985098839 -9 0
      vertex -1.4788167822647098 -9 15.56211058179725
      vertex -1.5684017676351558 -9 15.630851558789693
    endloop
  endfacet
  facet normal 0 0 -1
    outer loop
      vertex -6.401923788646684 -7.5 0
      vertex -0.39635345473431016 -3.2872806643348778 0
      vertex 3.9903810567665783 -1.5 0
    endloop
  endfacet
  facet normal -0.9982514578470635 -0.0435845999093986 0.03993005831388254
    outer loop
      vertex -6 -9 0
      vertex -2.5 -9 87.5
      vertex -6.011415905724763 -8.738532771757026 0
    endloop
  endfacet
  facet normal -0.975517388794919 -0.21626699841120656 0.039930058313882556
    outer loop
      vertex -6.0455767409633765 -8.47905546699921 0
      vertex -2.5987496054206476 -7.871286845164953 87.5
      vertex -6.102222521132795 -8.223542864692437 0
    endloop
  endfacet
  facet normal -0.9906541614921364 -0.13042209460579107 0.039930058313882535
    outer loop
      vertex -6.011415905724763 -8.738532771757026 0
      vertex -2.5247344624036536 -8.433487672140222 87.5
      vertex -6.0455767409633765 -8.47905546699921 0
    endloop
  endfacet
  facet normal -0.9231427175198559 -0.38237823360267986 0.03993005831388255
    outer loop
      vertex -6.281076638890051 -7.732145214777901 0
      vertex -6.180922137642275 -7.973939570022994 0
      vertex -2.891997964891595 -6.776869068383153 87.5
    endloop
  endfacet
  facet normal -0.8863034218151081 -0.4613803581882092 0.03993005831388255
    outer loop
      vertex -6.401923788646684 -7.5 0
      vertex -6.281076638890051 -7.732145214777901 0
      vertex -3.108999384261775 -6.252981298685453 87.5
    endloop
  endfacet
  facet normal -0.9529563397354648 -0.3004659797731441 0.03993005831388253
    outer loop
      vertex -6.102222521132795 -8.223542864692437 0
      vertex -2.721482129121056 -7.317676206833616 87.5
      vertex -6.180922137642275 -7.973939570022994 0
    endloop
  endfacet
  facet normal -0.6750514090217752 -0.7366893413242557 0.039930058313882535
    outer loop
      vertex -7.071637170940383 -6.701866670643065 0
      vertex -6.878679656440357 -6.878679656440357 0
      vertex -4.40380592228744 -4.40380592228744 87.5
    endloop
  endfacet
  facet normal -0.7366893413242557 -0.6750514090217752 0.039930058313882535
    outer loop
      vertex -6.701866670643065 -7.071637170940383 0
      vertex -4.020711119726643 -4.821880537037495 87.5
      vertex -6.878679656440357 -6.878679656440357 0
    endloop
  endfacet
  facet normal -0.7927206229140699 -0.6082759278894562 0.039930058313882556
    outer loop
      vertex -6.701866670643065 -7.071637170940383 0
      vertex -6.542543867133025 -7.279270690946862 0
      vertex -3.675511712121553 -5.2717531637182 87.5
    endloop
  endfacet
  facet normal -0.8427188219057067 -0.5368710996588546 0.039930058313882535
    outer loop
      vertex -6.401923788646684 -7.5 0
      vertex -3.3708348754011492 -5.75 87.5
      vertex -6.542543867133025 -7.279270690946862 0
    endloop
  endfacet
  facet normal 0 -1 0
    outer loop
      vertex -6 -9 0
      vertex -2.44 -9 17.5
      vertex -0.6962999993711709 -9 86.7
    endloop
  endfacet
  facet normal 0 -1 0
    outer loop
      vertex -2.44 -9 17.5
      vertex -2.4307150633438592 -9 17.712660012304287
      vertex -0.6962999993711709 -9 86.7
    endloop
  endfacet
  facet normal 0 -1 0
    outer loop
      vertex -2.4307150633438592 -9 17.712660012304287
      vertex -2.4029309173497877 -9 17.92370155350731
      vertex -0.6962999993711709 -9 86.7
    endloop
  endfacet
  facet normal 0 -1 0
    outer loop
      vertex -2.4029309173497877 -9 17.92370155350731
      vertex -2.3568590161453264 -9 18.13151847005015
      vertex -0.6962999993711709 -9 86.7
    endloop
  endfacet
  facet normal 0 -1 0
    outer loop
      vertex -2.3568590161453264 -9 18.13151847005015
      vertex -2.2928499947176166 -9 18.334529149714633
      vertex -0.6962999993711709 -9 86.7
    endloop
  endfacet
  facet normal 0 -1 0
    outer loop
      vertex -2.2928499947176166 -9 18.334529149714633
      vertex -2.2113910003694257 -9 18.531188558647308
      vertex -0.6962999993711709 -9 86.7
    endloop
  endfacet
  facet normal 0 -1 0
    outer loop
      vertex -2.2113910003694257 -9 18.531188558647308
      vertex -2.1131019852340303 -9 18.72
      vertex -0.6962999993711709 -9 86.7
    endloop
  endfacet
  facet normal 0 -1 0
    outer loop
      vertex -2.1131019852340303 -9 18.72
      vertex -1.99873098806514 -9 18.899526504696553
      vertex -0.6962999993711709 -9 86.7
    endloop
  endfacet
  facet normal 0 -1 0
    outer loop
      vertex -1.99873098806514 -9 18.899526504696553
      vertex -1.8691484412103063 -9 19.068401767635155
      vertex -0.6962999993711709 -9 86.7
    endloop
  endfacet
  facet normal 0 -1 0
    outer loop
      vertex -1.8691484412103063 -9 19.068401767635155
      vertex -1.725340546095176 -9 19.225340546095175
      vertex -0.6962999993711709 -9 86.7
    endloop
  endfacet
  facet normal 0 -1 0
    outer loop
      vertex -1.725340546095176 -9 19.225340546095175
      vertex -1.5684017676351558 -9 19.369148441210307
      vertex -0.6962999993711709 -9 86.7
    endloop
  endfacet
  facet normal 0 -1 0
    outer loop
      vertex -1.5684017676351558 -9 19.369148441210307
      vertex -1.4358202991221412 -9 19.470881780106225
      vertex -0.6962999993711709 -9 86.7
    endloop
  endfacet
  facet normal 0 0 -1
    outer loop
      vertex -6.180922137642275 -7.973939570022994 0
      vertex 4.59461680554975 -2.660726073889508 0
      vertex 5.095389311788626 -3.869697850114969 0
    endloop
  endfacet
  facet normal 0 0 -1
    outer loop
      vertex -1.6499999985098839 -9 0
      vertex 5.942920471376183 -7.692663858785128 0
      vertex 1.6499999985098839 -9 0
    endloop
  endfacet
  facet normal 0 0 -1
    outer loop
      vertex -6.011415905724763 -8.738532771757026 0
      vertex 5.772116295183121 -6.395277334996045 0
      vertex 5.942920471376183 -7.692663858785128 0
    endloop
  endfacet
  facet normal 0 -1 0
    outer loop
      vertex 1.6499999985098839 -9 0
      vertex 1.5684017676351558 -9 15.630851558789693
      vertex 1.4788167822647098 -9 15.56211058179725
    endloop
  endfacet
  facet normal 0 -1 0
    outer loop
      vertex 1.6499999985098839 -9 0
      vertex 1.725340546095176 -9 15.774659453904825
      vertex 1.5684017676351558 -9 15.630851558789693
    endloop
  endfacet
  facet normal 0 -1 0
    outer loop
      vertex 1.6499999985098839 -9 0
      vertex 1.8691484412103063 -9 15.931598232364845
      vertex 1.725340546095176 -9 15.774659453904825
    endloop
  endfacet
  facet normal 0 -1 0
    outer loop
      vertex 1.6499999985098839 -9 0
      vertex 1.99873098806514 -9 16.100473495303447
      vertex 1.8691484412103063 -9 15.931598232364845
    endloop
  endfacet
  facet normal 0 -1 0
    outer loop
      vertex 1.6499999985098839 -9 0
      vertex 2.1131019852340303 -9 16.28
      vertex 1.99873098806514 -9 16.100473495303447
    endloop
  endfacet
  facet normal 0 -1 0
    outer loop
      vertex 1.6499999985098839 -9 0
      vertex 2.2113910003694257 -9 16.468811441352692
      vertex 2.1131019852340303 -9 16.28
    endloop
  endfacet
  facet normal 0 -1 0
    outer loop
      vertex 1.6499999985098839 -9 0
      vertex 2.2928499947176166 -9 16.665470850285367
      vertex 2.2113910003694257 -9 16.468811441352692
    endloop
  endfacet
  facet normal 0 -1 0
    outer loop
      vertex 1.6499999985098839 -9 0
      vertex 2.3568590161453264 -9 16.86848152994985
      vertex 2.2928499947176166 -9 16.665470850285367
    endloop
  endfacet
  facet normal 0 0 -1
    outer loop
      vertex -6.0455767409633765 -8.47905546699921 0
      vertex 5.488887394336025 -5.117714323462189 0
      vertex 5.772116295183121 -6.395277334996045 0
    endloop
  endfacet
  facet normal 0 0 -1
    outer loop
      vertex -6.102222521132795 -8.223542864692437 0
      vertex 5.095389311788626 -3.869697850114969 0
      vertex 5.488887394336025 -5.117714323462189 0
    endloop
  endfacet
  facet normal 0 0 -1
    outer loop
      vertex -6.281076638890051 -7.732145214777901 0
      vertex 3.9903810567665783 -1.5 0
      vertex 4.59461680554975 -2.660726073889508 0
    endloop
  endfacet
  facet normal 0 0 -1
    outer loop
      vertex -0.39635345473431016 -3.2872806643348778 0
      vertex 0.6418141452980883 -2.4906666467846694 0
      vertex 3.9903810567665783 -1.5 0
    endloop
  endfacet
  facet normal 0 0 -1
    outer loop
      vertex 0.6418141452980883 -2.4906666467846694 0
      vertex 1.6066017177982133 -1.6066017177982133 0
      vertex 3.2872806643348778 -0.39635345473431016 0
    endloop
  endfacet
  facet normal 0 0 -1
    outer loop
      vertex 0.6418141452980883 -2.4906666467846694 0
      vertex 3.2872806643348778 -0.39635345473431016 0
      vertex 3.9903810567665783 -1.5 0
    endloop
  endfacet
  facet normal 0 0 -1
    outer loop
      vertex 1.6066017177982133 -1.6066017177982133 0
      vertex 2.4906666467846694 -0.6418141452980883 0
      vertex 3.2872806643348778 -0.39635345473431016 0
    endloop
  endfacet
  facet normal 0 0 -1
    outer loop
      vertex 2.4906666467846694 -0.6418141452980883 0
      vertex 2.9831479617385437 0 0
      vertex 3.2872806643348778 -0.39635345473431016 0
    endloop
  endfacet
  facet normal 0 -1 0
    outer loop
      vertex 1.6499999985098839 -9 0
      vertex 6 -9 0
      vertex 2.3568590161453264 -9 16.86848152994985
    endloop
  endfacet
  facet normal 0 0 -1
    outer loop
      vertex 1.6499999985098839 -9 0
      vertex 5.942920471376183 -7.692663858785128 0
      vertex 6 -9 0
    endloop
  endfacet
  facet normal 0 -1 0
    outer loop
      vertex 2.3568590161453264 -9 16.86848152994985
      vertex 6 -9 0
      vertex 2.4029309173497877 -9 17.07629844649269
    endloop
  endfacet
  facet normal 0 -1 0
    outer loop
      vertex 2.4029309173497877 -9 17.07629844649269
      vertex 6 -9 0
      vertex 2.4307150633438592 -9 17.287339987695713
    endloop
  endfacet
  facet normal 0 -1 0
    outer loop
      vertex 2.4029309173497877 -9 17.92370155350731
      vertex 2.4307150633438592 -9 17.712660012304287
      vertex 6 -9 0
    endloop
  endfacet
  facet normal 0 -1 0
    outer loop
      vertex 2.4307150633438592 -9 17.287339987695713
      vertex 6 -9 0
      vertex 2.44 -9 17.5
    endloop
  endfacet
  facet normal 0 -1 0
    outer loop
      vertex 2.44 -9 17.5
      vertex 6 -9 0
      vertex 2.4307150633438592 -9 17.712660012304287
    endloop
  endfacet
  facet normal 0 -1 0
    outer loop
      vertex 1.4358202991221412 -9 19.470881780106225
      vertex 1.5684017676351558 -9 19.369148441210307
      vertex 0.6962999993711709 -9 86.7
    endloop
  endfacet
  facet normal 0 -1 0
    outer loop
      vertex 1.5684017676351558 -9 19.369148441210307
      vertex 1.725340546095176 -9 19.225340546095175
      vertex 0.6962999993711709 -9 86.7
    endloop
  endfacet
  facet normal 0 -1 0
    outer loop
      vertex 1.99873098806514 -9 18.899526504696553
      vertex 2.1131019852340303 -9 18.72
      vertex 0.6962999993711709 -9 86.7
    endloop
  endfacet
  facet normal 0 -1 0
    outer loop
      vertex 1.725340546095176 -9 19.225340546095175
      vertex 1.8691484412103063 -9 19.068401767635155
      vertex 0.6962999993711709 -9 86.7
    endloop
  endfacet
  facet normal 0 -1 0
    outer loop
      vertex 1.8691484412103063 -9 19.068401767635155
      vertex 1.99873098806514 -9 18.899526504696553
      vertex 0.6962999993711709 -9 86.7
    endloop
  endfacet
  facet normal 0 -1 0
    outer loop
      vertex 2.1131019852340303 -9 18.72
      vertex 2.2113910003694257 -9 18.531188558647308
      vertex 0.6962999993711709 -9 86.7
    endloop
  endfacet
  facet normal 0 -1 0
    outer loop
      vertex 2.3568590161453264 -9 18.13151847005015
      vertex 0.6962999993711709 -9 86.7
      vertex 2.2928499947176166 -9 18.334529149714633
    endloop
  endfacet
  facet normal 0 -1 0
    outer loop
      vertex 2.2113910003694257 -9 18.531188558647308
      vertex 2.2928499947176166 -9 18.334529149714633
      vertex 0.6962999993711709 -9 86.7
    endloop
  endfacet
  facet normal 0 -1 0
    outer loop
      vertex 2.3568590161453264 -9 18.13151847005015
      vertex 2.4029309173497877 -9 17.92370155350731
      vertex 0.6962999993711709 -9 86.7
    endloop
  endfacet
  facet normal 0 -1 0
    outer loop
      vertex 2.4029309173497877 -9 17.92370155350731
      vertex 6 -9 0
      vertex 0.6962999993711709 -9 86.7
    endloop
  endfacet
  facet normal -0.6082759278894587 -0.792720622914068 0.03993005831388254
    outer loop
      vertex -7.279270690946862 -6.542543867133025 0
      vertex -4.821880537037495 -4.020711119726643 87.5
      vertex -5.2717531637182 -3.675511712121553 87.5
    endloop
  endfacet
  facet normal -0.7366893413242565 -0.6750514090217745 0.039930058313882535
    outer loop
      vertex -6.878679656440357 -6.878679656440357 0
      vertex -4.020711119726643 -4.821880537037495 87.5
      vertex -4.40380592228744 -4.40380592228744 87.5
    endloop
  endfacet
  facet normal -0.6750514090217745 -0.7366893413242565 0.039930058313882535
    outer loop
      vertex -7.071637170940383 -6.701866670643065 0
      vertex -4.40380592228744 -4.40380592228744 87.5
      vertex -4.821880537037495 -4.020711119726643 87.5
    endloop
  endfacet
  facet normal -0.792720622914068 -0.6082759278894587 0.03993005831388252
    outer loop
      vertex -6.701866670643065 -7.071637170940383 0
      vertex -3.675511712121553 -5.2717531637182 87.5
      vertex -4.020711119726643 -4.821880537037495 87.5
    endloop
  endfacet
  facet normal -0.9231427175198557 -0.3823782336026802 0.03993005831388256
    outer loop
      vertex -6.281076638890051 -7.732145214777901 0
      vertex -2.891997964891595 -6.776869068383153 87.5
      vertex -3.108999384261775 -6.252981298685453 87.5
    endloop
  endfacet
  facet normal -0.9982514578470636 -0.043584599909398114 0.03993005831388254
    outer loop
      vertex -6.011415905724763 -8.738532771757026 0
      vertex -2.5 -9 87.5
      vertex -2.5247344624036536 -8.433487672140222 87.5
    endloop
  endfacet
  facet normal -0.990654161492137 -0.13042209460578688 0.03993005831388255
    outer loop
      vertex -6.0455767409633765 -8.47905546699921 0
      vertex -2.5247344624036536 -8.433487672140222 87.5
      vertex -2.5987496054206476 -7.871286845164953 87.5
    endloop
  endfacet
  facet normal -0.9755173887949179 -0.21626699841121147 0.03993005831388252
    outer loop
      vertex -6.102222521132795 -8.223542864692437 0
      vertex -2.5987496054206476 -7.871286845164953 87.5
      vertex -2.721482129121056 -7.317676206833616 87.5
    endloop
  endfacet
  facet normal -0.9529563397354658 -0.3004659797731408 0.039930058313882535
    outer loop
      vertex -6.180922137642275 -7.973939570022994 0
      vertex -2.721482129121056 -7.317676206833616 87.5
      vertex -2.891997964891595 -6.776869068383153 87.5
    endloop
  endfacet
  facet normal -0.8427188219057086 -0.5368710996588518 0.039930058313882535
    outer loop
      vertex -6.542543867133025 -7.279270690946862 0
      vertex -3.3708348754011492 -5.75 87.5
      vertex -3.675511712121553 -5.2717531637182 87.5
    endloop
  endfacet
  facet normal -0.886303421815107 -0.46138035818821144 0.039930058313882535
    outer loop
      vertex -6.401923788646684 -7.5 0
      vertex -3.108999384261775 -6.252981298685453 87.5
      vertex -3.3708348754011492 -5.75 87.5
    endloop
  endfacet
  facet normal -0.5368710996588518 -0.8427188219057086 0.039930058313882515
    outer loop
      vertex -7.5 -6.401923788646684 0
      vertex -5.2717531637182 -3.675511712121553 87.5
      vertex -5.75 -3.3708348754011492 87.5
    endloop
  endfacet
  facet normal 0 -1 0
    outer loop
      vertex -6 -9 0
      vertex -0.6962999993711709 -9 86.7
      vertex -2.5 -9 87.5
    endloop
  endfacet
  facet normal -0.7365769458505051 -0.674948417545358 0.04357793586850121
    outer loop
      vertex -4.020711119726643 -4.821880537037495 87.5
      vertex -4.01342354629176 -4.815765536856107 87.71788935363293
      vertex -4.40380592228744 -4.40380592228744 87.5
    endloop
  endfacet
  facet normal -0.7309816741820756 -0.6698212956884821 0.13040407912397886
    outer loop
      vertex -4.01342354629176 -4.815765536856107 87.71788935363293
      vertex -3.991616279822609 -4.797467067604858 87.93412044644356
      vertex -4.397079037652367 -4.397079037652367 87.71788935363293
    endloop
  endfacet
  facet normal -0.7198330012401274 -0.6596054191228496 0.21624324588157795
    outer loop
      vertex -3.991616279822609 -4.797467067604858 87.93412044644356
      vertex -3.955455293717322 -4.767124397500905 88.1470476090908
      vertex -4.376949571094663 -4.376949571094663 87.93412044644356
    endloop
  endfacet
  facet normal -0.886168199968673 -0.46130996615044345 0.043577935868494476
    outer loop
      vertex -3.3708348754011492 -5.75 87.5
      vertex -3.108999384261775 -6.252981298685453 87.5
      vertex -3.100377450362296 -6.248960824880021 87.71788935363293
    endloop
  endfacet
  facet normal -0.8794365857759134 -0.4578057096046638 0.13040407912398563
    outer loop
      vertex -3.3625961579438997 -5.74524337425828 87.71788935363293
      vertex -3.100377450362296 -6.248960824880021 87.71788935363293
      vertex -3.074577256140528 -6.236929996732524 87.93412044644356
    endloop
  endfacet
  facet normal -0.8861681999686738 -0.4613099661504414 0.04357793586850002
    outer loop
      vertex -3.3708348754011492 -5.75 87.5
      vertex -3.100377450362296 -6.248960824880021 87.71788935363293
      vertex -3.3625961579438997 -5.74524337425828 87.71788935363293
    endloop
  endfacet
  facet normal -0.8794365857759131 -0.4578057096046659 0.13040407912398055
    outer loop
      vertex -3.3625961579438997 -5.74524337425828 87.71788935363293
      vertex -3.074577256140528 -6.236929996732524 87.93412044644356
      vertex -3.337942697013503 -5.731009691953659 87.93412044644356
    endloop
  endfacet
  facet normal -0.8660237312348336 -0.4508234194767355 0.2162432458815768
    outer loop
      vertex -3.337942697013503 -5.731009691953659 87.93412044644356
      vertex -3.031795164855186 -6.216980379934283 88.1470476090908
      vertex -3.2970621281713495 -5.707407284528017 88.1470476090908
    endloop
  endfacet
  facet normal -0.8460300403727545 -0.4404153627950192 0.3004454675993747
    outer loop
      vertex -3.2970621281713495 -5.707407284528017 88.1470476090908
      vertex -2.97235676272516 -6.189263797832554 88.355050355196
      vertex -3.240265566405874 -5.674615774303675 88.355050355196
    endloop
  endfacet
  facet normal -0.8425902496895598 -0.5367891901235777 0.04357793586849852
    outer loop
      vertex -3.675511712121553 -5.2717531637182 87.5
      vertex -3.3625961579438997 -5.74524337425828 87.71788935363293
      vertex -3.6677189127210577 -5.266296586834217 87.71788935363293
    endloop
  endfacet
  facet normal -0.7925996788404044 -0.6081831242376993 0.043577935868501304
    outer loop
      vertex -4.020711119726643 -4.821880537037495 87.5
      vertex -3.6677189127210577 -5.266296586834217 87.71788935363293
      vertex -4.01342354629176 -4.815765536856107 87.71788935363293
    endloop
  endfacet
  facet normal -0.7865788407563388 -0.6035631726855452 0.13040407912397883
    outer loop
      vertex -4.01342354629176 -4.815765536856107 87.71788935363293
      vertex -3.6443998128058777 -5.249968377289343 87.93412044644356
      vertex -3.991616279822609 -4.797467067604858 87.93412044644356
    endloop
  endfacet
  facet normal -0.7925996788404038 -0.6081831242377002 0.0435779358684985
    outer loop
      vertex -4.020711119726643 -4.821880537037495 87.5
      vertex -3.675511712121553 -5.2717531637182 87.5
      vertex -3.6677189127210577 -5.266296586834217 87.71788935363293
    endloop
  endfacet
  facet normal -0.7865788407563391 -0.6035631726855444 0.1304040791239809
    outer loop
      vertex -4.01342354629176 -4.815765536856107 87.71788935363293
      vertex -3.6677189127210577 -5.266296586834217 87.71788935363293
      vertex -3.6443998128058777 -5.249968377289343 87.93412044644356
    endloop
  endfacet
  facet normal -0.7745822195709151 -0.5943578414854086 0.216243245881578
    outer loop
      vertex -3.991616279822609 -4.797467067604858 87.93412044644356
      vertex -3.605731892220165 -5.222892807808332 88.1470476090908
      vertex -3.955455293717322 -4.767124397500905 88.1470476090908
    endloop
  endfacet
  facet normal -0.7745822195709151 -0.5943578414854095 0.216243245881576
    outer loop
      vertex -3.991616279822609 -4.797467067604858 87.93412044644356
      vertex -3.6443998128058777 -5.249968377289343 87.93412044644356
      vertex -3.605731892220165 -5.222892807808332 88.1470476090908
    endloop
  endfacet
  facet normal -0.7566996178744451 -0.5806360385884284 0.30044546759937324
    outer loop
      vertex -3.955455293717322 -4.767124397500905 88.1470476090908
      vertex -3.5520094269489784 -5.185275932654238 88.355050355196
      vertex -3.9052157853396494 -4.724968444550671 88.355050355196
    endloop
  endfacet
  facet normal -0.7330650535899877 -0.5625005995638411 0.382372465922205
    outer loop
      vertex -3.9052157853396494 -4.724968444550671 88.355050355196
      vertex -3.483641291981283 -5.13740404917652 88.55654565244913
      vertex -3.8412801213276406 -4.671320052459121 88.55654565244913
    endloop
  endfacet
  facet normal -0.7566996178744451 -0.5806360385884287 0.30044546759937235
    outer loop
      vertex -3.955455293717322 -4.767124397500905 88.1470476090908
      vertex -3.605731892220165 -5.222892807808332 88.1470476090908
      vertex -3.5520094269489784 -5.185275932654238 88.355050355196
    endloop
  endfacet
  facet normal -0.7330650535899876 -0.5625005995638405 0.3823724659222057
    outer loop
      vertex -3.9052157853396494 -4.724968444550671 88.355050355196
      vertex -3.5520094269489784 -5.185275932654238 88.355050355196
      vertex -3.483641291981283 -5.13740404917652 88.55654565244913
    endloop
  endfacet
  facet normal -0.7038557879269144 -0.5400875417215176 0.46140272764580637
    outer loop
      vertex -3.8412801213276406 -4.671320052459121 88.55654565244913
      vertex -3.483641291981283 -5.13740404917652 88.55654565244913
      vertex -3.401147799873942 -5.079641484149716 88.75
    endloop
  endfacet
  facet normal -0.7038557879269144 -0.5400875417215172 0.4614027276458073
    outer loop
      vertex -3.8412801213276406 -4.671320052459121 88.55654565244913
      vertex -3.401147799873942 -5.079641484149716 88.75
      vertex -3.764134881121155 -4.606587509854776 88.75
    endloop
  endfacet
  facet normal -0.6692912636537691 -0.5135652494200784 0.536935693528409
    outer loop
      vertex -3.3051567825240644 -5.012427850200913 88.93394108861685
      vertex -3.674367192762351 -4.531263475661267 88.93394108861685
      vertex -3.764134881121155 -4.606587509854776 88.75
    endloop
  endfacet
  facet normal -0.84259024968956 -0.5367891901235772 0.043577935868499874
    outer loop
      vertex -3.675511712121553 -5.2717531637182 87.5
      vertex -3.3708348754011492 -5.75 87.5
      vertex -3.3625961579438997 -5.74524337425828 87.71788935363293
    endloop
  endfacet
  facet normal -0.8361896674031586 -0.5327115694970604 0.1304040791239807
    outer loop
      vertex -3.6677189127210577 -5.266296586834217 87.71788935363293
      vertex -3.3625961579438997 -5.74524337425828 87.71788935363293
      vertex -3.337942697013503 -5.731009691953659 87.93412044644356
    endloop
  endfacet
  facet normal -0.8234363995052384 -0.5245868417911844 0.21624324588157676
    outer loop
      vertex -3.6443998128058777 -5.249968377289343 87.93412044644356
      vertex -3.337942697013503 -5.731009691953659 87.93412044644356
      vertex -3.2970621281713495 -5.707407284528017 88.1470476090908
    endloop
  endfacet
  facet normal -0.8044259125838044 -0.5124758259300692 0.30044546759937485
    outer loop
      vertex -3.605731892220165 -5.222892807808332 88.1470476090908
      vertex -3.2970621281713495 -5.707407284528017 88.1470476090908
      vertex -3.240265566405874 -5.674615774303675 88.355050355196
    endloop
  endfacet
  facet normal -0.8361896674031586 -0.5327115694970604 0.13040407912398086
    outer loop
      vertex -3.6677189127210577 -5.266296586834217 87.71788935363293
      vertex -3.337942697013503 -5.731009691953659 87.93412044644356
      vertex -3.6443998128058777 -5.249968377289343 87.93412044644356
    endloop
  endfacet
  facet normal -0.8234363995052385 -0.5245868417911848 0.21624324588157606
    outer loop
      vertex -3.6443998128058777 -5.249968377289343 87.93412044644356
      vertex -3.2970621281713495 -5.707407284528017 88.1470476090908
      vertex -3.605731892220165 -5.222892807808332 88.1470476090908
    endloop
  endfacet
  facet normal -0.8044259125838045 -0.5124758259300704 0.30044546759937246
    outer loop
      vertex -3.605731892220165 -5.222892807808332 88.1470476090908
      vertex -3.240265566405874 -5.674615774303675 88.355050355196
      vertex -3.5520094269489784 -5.185275932654238 88.355050355196
    endloop
  endfacet
  facet normal -0.7793006772936768 -0.4964692857309383 0.3823724659222059
    outer loop
      vertex -3.5520094269489784 -5.185275932654238 88.355050355196
      vertex -3.167985283271406 -5.632884733378887 88.55654565244913
      vertex -3.483641291981283 -5.13740404917652 88.55654565244913
    endloop
  endfacet
  facet normal -0.7793006772936771 -0.4964692857309394 0.38237246592220403
    outer loop
      vertex -3.5520094269489784 -5.185275932654238 88.355050355196
      vertex -3.240265566405874 -5.674615774303675 88.355050355196
      vertex -3.167985283271406 -5.632884733378887 88.55654565244913
    endloop
  endfacet
  facet normal -0.7482491350014762 -0.4766872715843717 0.46140272764580653
    outer loop
      vertex -3.483641291981283 -5.13740404917652 88.55654565244913
      vertex -3.0807713645490784 -5.582531753927469 88.75
      vertex -3.401147799873942 -5.079641484149716 88.75
    endloop
  endfacet
  facet normal -0.7482491350014758 -0.47668727158437085 0.46140272764580786
    outer loop
      vertex -3.483641291981283 -5.13740404917652 88.55654565244913
      vertex -3.167985283271406 -5.632884733378887 88.55654565244913
      vertex -3.0807713645490784 -5.582531753927469 88.75
    endloop
  endfacet
  facet normal -0.7115045690936026 -0.4532784013981849 0.5369356935284082
    outer loop
      vertex -3.401147799873942 -5.079641484149716 88.75
      vertex -2.97928756781112 -5.523940056562424 88.93394108861685
      vertex -3.3051567825240644 -5.012427850200913 88.93394108861685
    endloop
  endfacet
  facet normal -0.6692912636537693 -0.5135652494200791 0.5369356935284082
    outer loop
      vertex -3.401147799873942 -5.079641484149716 88.75
      vertex -3.3051567825240644 -5.012427850200913 88.93394108861685
      vertex -3.764134881121155 -4.606587509854776 88.75
    endloop
  endfacet
  facet normal -0.6296315376919572 -0.4831332713537322 0.6083965555907616
    outer loop
      vertex -3.196398781880246 -4.936274678309495 89.10696902126074
      vertex -3.572660235404708 -4.445921205254305 89.10696902126074
      vertex -3.674367192762351 -4.531263475661267 88.93394108861685
    endloop
  endfacet
  facet normal -0.6296315376919561 -0.4831332713537295 0.6083965555907647
    outer loop
      vertex -3.3051567825240644 -5.012427850200913 88.93394108861685
      vertex -3.196398781880246 -4.936274678309495 89.10696902126074
      vertex -3.674367192762351 -4.531263475661267 88.93394108861685
    endloop
  endfacet
  facet normal -0.58517557986029 -0.44902101513303916 0.6752404525086366
    outer loop
      vertex -3.196398781880246 -4.936274678309495 89.10696902126074
      vertex -3.075701514377969 -4.851761541763087 89.26776695251465
      vertex -3.572660235404708 -4.445921205254305 89.10696902126074
    endloop
  endfacet
  facet normal -0.5367891901235777 -0.8425902496895596 0.043577935868499985
    outer loop
      vertex -5.75 -3.3708348754011492 87.5
      vertex -5.266296586834217 -3.6677189127210577 87.71788935363293
      vertex -5.74524337425828 -3.3625961579438997 87.71788935363293
    endloop
  endfacet
  facet normal -0.46130996615044156 -0.886168199968674 0.043577935868494455
    outer loop
      vertex -6.252981298685453 -3.108999384261775 87.5
      vertex -5.74524337425828 -3.3625961579438997 87.71788935363293
      vertex -6.248960824880021 -3.100377450362296 87.71788935363293
    endloop
  endfacet
  facet normal -0.4578057096046656 -0.8794365857759125 0.1304040791239856
    outer loop
      vertex -6.248960824880021 -3.100377450362296 87.71788935363293
      vertex -5.731009691953659 -3.337942697013503 87.93412044644356
      vertex -6.236929996732524 -3.074577256140528 87.93412044644356
    endloop
  endfacet
  facet normal -0.4508234194767358 -0.866023731234834 0.2162432458815745
    outer loop
      vertex -6.236929996732524 -3.074577256140528 87.93412044644356
      vertex -5.707407284528017 -3.2970621281713495 88.1470476090908
      vertex -6.216980379934283 -3.031795164855186 88.1470476090908
    endloop
  endfacet
  facet normal -0.46130996615044334 -0.8861681999686728 0.043577935868500076
    outer loop
      vertex -6.252981298685453 -3.108999384261775 87.5
      vertex -5.75 -3.3708348754011492 87.5
      vertex -5.74524337425828 -3.3625961579438997 87.71788935363293
    endloop
  endfacet
  facet normal -0.45780570960466416 -0.879436585775914 0.13040407912398055
    outer loop
      vertex -6.248960824880021 -3.100377450362296 87.71788935363293
      vertex -5.74524337425828 -3.3625961579438997 87.71788935363293
      vertex -5.731009691953659 -3.337942697013503 87.93412044644356
    endloop
  endfacet
  facet normal -0.4508234194767363 -0.8660237312348331 0.2162432458815769
    outer loop
      vertex -6.236929996732524 -3.074577256140528 87.93412044644356
      vertex -5.731009691953659 -3.337942697013503 87.93412044644356
      vertex -5.707407284528017 -3.2970621281713495 88.1470476090908
    endloop
  endfacet
  facet normal -0.4404153627950196 -0.8460300403727544 0.3004454675993748
    outer loop
      vertex -6.216980379934283 -3.031795164855186 88.1470476090908
      vertex -5.707407284528017 -3.2970621281713495 88.1470476090908
      vertex -5.674615774303675 -3.240265566405874 88.355050355196
    endloop
  endfacet
  facet normal -0.4404153627950193 -0.8460300403727548 0.30044546759937363
    outer loop
      vertex -6.216980379934283 -3.031795164855186 88.1470476090908
      vertex -5.674615774303675 -3.240265566405874 88.355050355196
      vertex -6.189263797832554 -2.97235676272516 88.355050355196
    endloop
  endfacet
  facet normal -0.42665954085727364 -0.8196053522885468 0.3823724659222047
    outer loop
      vertex -6.189263797832554 -2.97235676272516 88.355050355196
      vertex -5.632884733378887 -3.167985283271406 88.55654565244913
      vertex -6.153991197880027 -2.8967144280226 88.55654565244913
    endloop
  endfacet
  facet normal -0.4096591234788242 -0.786947854353495 0.4614027276458083
    outer loop
      vertex -6.153991197880027 -2.8967144280226 88.55654565244913
      vertex -5.582531753927469 -3.0807713645490784 88.75
      vertex -6.1114310205815805 -2.805443833267966 88.75
    endloop
  endfacet
  facet normal -0.2822664102667824 -0.681451395868433 0.6752404525086368
    outer loop
      vertex -6.576825286263869 -2.342382190616563 89.10696902126074
      vertex -6.005796572519233 -2.5789100283540556 89.10696902126074
      vertex -5.943526240968099 -2.4453708714002245 89.26776695251465
    endloop
  endfacet
  facet normal -0.25867097790291815 -0.6244869830455344 0.7369568055167377
    outer loop
      vertex -6.526430616534422 -2.2039239734740326 89.26776695251465
      vertex -5.943526240968099 -2.4453708714002245 89.26776695251465
      vertex -5.875570098770071 -2.2996384541654216 89.41511110961437
    endloop
  endfacet
  facet normal -0.389541831044668 -0.7483028951444288 0.5369356935284088
    outer loop
      vertex -6.1114310205815805 -2.805443833267966 88.75
      vertex -5.523940056562424 -2.97928756781112 88.93394108861685
      vertex -6.0619071779958755 -2.699239610112695 88.93394108861685
    endloop
  endfacet
  facet normal -0.42665954085727353 -0.8196053522885473 0.38237246592220403
    outer loop
      vertex -6.189263797832554 -2.97235676272516 88.355050355196
      vertex -5.674615774303675 -3.240265566405874 88.355050355196
      vertex -5.632884733378887 -3.167985283271406 88.55654565244913
    endloop
  endfacet
  facet normal -0.5327115694970604 -0.8361896674031587 0.13040407912398064
    outer loop
      vertex -5.74524337425828 -3.3625961579438997 87.71788935363293
      vertex -5.249968377289343 -3.6443998128058777 87.93412044644356
      vertex -5.731009691953659 -3.337942697013503 87.93412044644356
    endloop
  endfacet
  facet normal -0.5245868417911846 -0.8234363995052384 0.21624324588157673
    outer loop
      vertex -5.731009691953659 -3.337942697013503 87.93412044644356
      vertex -5.222892807808332 -3.605731892220165 88.1470476090908
      vertex -5.707407284528017 -3.2970621281713495 88.1470476090908
    endloop
  endfacet
  facet normal -0.51247582593007 -0.8044259125838038 0.3004454675993746
    outer loop
      vertex -5.707407284528017 -3.2970621281713495 88.1470476090908
      vertex -5.185275932654238 -3.5520094269489784 88.355050355196
      vertex -5.674615774303675 -3.240265566405874 88.355050355196
    endloop
  endfacet
  facet normal -0.4964692857309387 -0.7793006772936776 0.3823724659222039
    outer loop
      vertex -5.674615774303675 -3.240265566405874 88.355050355196
      vertex -5.13740404917652 -3.483641291981283 88.55654565244913
      vertex -5.632884733378887 -3.167985283271406 88.55654565244913
    endloop
  endfacet
  facet normal -0.4096591234788241 -0.7869478543534951 0.46140272764580775
    outer loop
      vertex -6.153991197880027 -2.8967144280226 88.55654565244913
      vertex -5.632884733378887 -3.167985283271406 88.55654565244913
      vertex -5.582531753927469 -3.0807713645490784 88.75
    endloop
  endfacet
  facet normal -0.389541831044668 -0.7483028951444287 0.5369356935284089
    outer loop
      vertex -6.1114310205815805 -2.805443833267966 88.75
      vertex -5.582531753927469 -3.0807713645490784 88.75
      vertex -5.523940056562424 -2.97928756781112 88.93394108861685
    endloop
  endfacet
  facet normal -0.36645902224546956 -0.703961232000875 0.6083965555907633
    outer loop
      vertex -6.0619071779958755 -2.699239610112695 88.93394108861685
      vertex -5.457555554807186 -2.864306237935904 89.10696902126074
      vertex -6.005796572519233 -2.5789100283540556 89.10696902126074
    endloop
  endfacet
  facet normal -0.36645902224546945 -0.7039612320008757 0.6083965555907624
    outer loop
      vertex -6.0619071779958755 -2.699239610112695 88.93394108861685
      vertex -5.523940056562424 -2.97928756781112 88.93394108861685
      vertex -5.457555554807186 -2.864306237935904 89.10696902126074
    endloop
  endfacet
  facet normal -0.34058470391049966 -0.6542571289318355 0.6752404525086368
    outer loop
      vertex -6.005796572519233 -2.5789100283540556 89.10696902126074
      vertex -5.383883476257324 -2.736702454788338 89.26776695251465
      vertex -5.943526240968099 -2.4453708714002245 89.26776695251465
    endloop
  endfacet
  facet normal -0.3121142835806713 -0.5995659603308794 0.7369568055167375
    outer loop
      vertex -5.943526240968099 -2.4453708714002245 89.26776695251465
      vertex -5.303484510630369 -2.5974473614464673 89.41511110961437
      vertex -5.875570098770071 -2.2996384541654216 89.41511110961437
    endloop
  endfacet
  facet normal -0.3405847039104997 -0.6542571289318357 0.6752404525086368
    outer loop
      vertex -6.005796572519233 -2.5789100283540556 89.10696902126074
      vertex -5.457555554807186 -2.864306237935904 89.10696902126074
      vertex -5.383883476257324 -2.736702454788338 89.26776695251465
    endloop
  endfacet
  facet normal -0.31211428358067134 -0.5995659603308788 0.7369568055167383
    outer loop
      vertex -5.943526240968099 -2.4453708714002245 89.26776695251465
      vertex -5.383883476257324 -2.736702454788338 89.26776695251465
      vertex -5.303484510630369 -2.5974473614464673 89.41511110961437
    endloop
  endfacet
  facet normal -0.281263210480852 -0.5403016003082458 0.7930732545826725
    outer loop
      vertex -5.303484510630369 -2.5974473614464673 89.41511110961437
      vertex -5.216970544308424 -2.447600776212556 89.54788011312485
      vertex -5.875570098770071 -2.2996384541654216 89.41511110961437
    endloop
  endfacet
  facet normal -0.5367891901235773 -0.8425902496895601 0.043577935868498535
    outer loop
      vertex -5.75 -3.3708348754011492 87.5
      vertex -5.2717531637182 -3.675511712121553 87.5
      vertex -5.266296586834217 -3.6677189127210577 87.71788935363293
    endloop
  endfacet
  facet normal -0.5327115694970604 -0.8361896674031586 0.13040407912398091
    outer loop
      vertex -5.74524337425828 -3.3625961579438997 87.71788935363293
      vertex -5.266296586834217 -3.6677189127210577 87.71788935363293
      vertex -5.249968377289343 -3.6443998128058777 87.93412044644356
    endloop
  endfacet
  facet normal -0.5245868417911845 -0.8234363995052386 0.21624324588157615
    outer loop
      vertex -5.731009691953659 -3.337942697013503 87.93412044644356
      vertex -5.249968377289343 -3.6443998128058777 87.93412044644356
      vertex -5.222892807808332 -3.605731892220165 88.1470476090908
    endloop
  endfacet
  facet normal -0.5124758259300696 -0.8044259125838049 0.30044546759937235
    outer loop
      vertex -5.707407284528017 -3.2970621281713495 88.1470476090908
      vertex -5.222892807808332 -3.605731892220165 88.1470476090908
      vertex -5.185275932654238 -3.5520094269489784 88.355050355196
    endloop
  endfacet
  facet normal -0.6081831242376994 -0.7925996788404044 0.04357793586849851
    outer loop
      vertex -5.2717531637182 -3.675511712121553 87.5
      vertex -4.815765536856107 -4.01342354629176 87.71788935363293
      vertex -5.266296586834217 -3.6677189127210577 87.71788935363293
    endloop
  endfacet
  facet normal -0.603563172685545 -0.7865788407563387 0.13040407912398083
    outer loop
      vertex -5.266296586834217 -3.6677189127210577 87.71788935363293
      vertex -4.797467067604858 -3.991616279822609 87.93412044644356
      vertex -5.249968377289343 -3.6443998128058777 87.93412044644356
    endloop
  endfacet
  facet normal -0.5943578414854088 -0.7745822195709154 0.21624324588157615
    outer loop
      vertex -5.249968377289343 -3.6443998128058777 87.93412044644356
      vertex -4.767124397500905 -3.955455293717322 88.1470476090908
      vertex -5.222892807808332 -3.605731892220165 88.1470476090908
    endloop
  endfacet
  facet normal -0.6081831242377002 -0.7925996788404037 0.043577935868501186
    outer loop
      vertex -5.2717531637182 -3.675511712121553 87.5
      vertex -4.821880537037495 -4.020711119726643 87.5
      vertex -4.815765536856107 -4.01342354629176 87.71788935363293
    endloop
  endfacet
  facet normal -0.6035631726855445 -0.7865788407563392 0.1304040791239789
    outer loop
      vertex -5.266296586834217 -3.6677189127210577 87.71788935363293
      vertex -4.815765536856107 -4.01342354629176 87.71788935363293
      vertex -4.797467067604858 -3.991616279822609 87.93412044644356
    endloop
  endfacet
  facet normal -0.5943578414854092 -0.7745822195709148 0.21624324588157792
    outer loop
      vertex -5.249968377289343 -3.6443998128058777 87.93412044644356
      vertex -4.797467067604858 -3.991616279822609 87.93412044644356
      vertex -4.767124397500905 -3.955455293717322 88.1470476090908
    endloop
  endfacet
  facet normal -0.5806360385884286 -0.7566996178744448 0.3004454675993732
    outer loop
      vertex -5.222892807808332 -3.605731892220165 88.1470476090908
      vertex -4.767124397500905 -3.955455293717322 88.1470476090908
      vertex -4.724968444550671 -3.9052157853396494 88.355050355196
    endloop
  endfacet
  facet normal -0.5806360385884285 -0.7566996178744452 0.30044546759937246
    outer loop
      vertex -5.222892807808332 -3.605731892220165 88.1470476090908
      vertex -4.724968444550671 -3.9052157853396494 88.355050355196
      vertex -5.185275932654238 -3.5520094269489784 88.355050355196
    endloop
  endfacet
  facet normal -0.5625005995638407 -0.7330650535899875 0.3823724659222057
    outer loop
      vertex -5.185275932654238 -3.5520094269489784 88.355050355196
      vertex -4.671320052459121 -3.8412801213276406 88.55654565244913
      vertex -5.13740404917652 -3.483641291981283 88.55654565244913
    endloop
  endfacet
  facet normal -0.5625005995638408 -0.733065053589988 0.38237246592220503
    outer loop
      vertex -5.185275932654238 -3.5520094269489784 88.355050355196
      vertex -4.724968444550671 -3.9052157853396494 88.355050355196
      vertex -4.671320052459121 -3.8412801213276406 88.55654565244913
    endloop
  endfacet
  facet normal -0.5400875417215174 -0.7038557879269147 0.46140272764580653
    outer loop
      vertex -5.13740404917652 -3.483641291981283 88.55654565244913
      vertex -4.606587509854776 -3.764134881121155 88.75
      vertex -5.079641484149716 -3.401147799873942 88.75
    endloop
  endfacet
  facet normal -0.5400875417215174 -0.7038557879269142 0.4614027276458075
    outer loop
      vertex -5.13740404917652 -3.483641291981283 88.55654565244913
      vertex -4.671320052459121 -3.8412801213276406 88.55654565244913
      vertex -4.606587509854776 -3.764134881121155 88.75
    endloop
  endfacet
  facet normal -0.5135652494200788 -0.6692912636537696 0.5369356935284082
    outer loop
      vertex -5.079641484149716 -3.401147799873942 88.75
      vertex -4.531263475661267 -3.674367192762351 88.93394108861685
      vertex -5.012427850200913 -3.3051567825240644 88.93394108861685
    endloop
  endfacet
  facet normal -0.5135652494200788 -0.6692912636537689 0.5369356935284091
    outer loop
      vertex -5.079641484149716 -3.401147799873942 88.75
      vertex -4.606587509854776 -3.764134881121155 88.75
      vertex -4.531263475661267 -3.674367192762351 88.93394108861685
    endloop
  endfacet
  facet normal -0.49646928573093896 -0.7793006772936765 0.382372465922206
    outer loop
      vertex -5.674615774303675 -3.240265566405874 88.355050355196
      vertex -5.185275932654238 -3.5520094269489784 88.355050355196
      vertex -5.13740404917652 -3.483641291981283 88.55654565244913
    endloop
  endfacet
  facet normal -0.47668727158437135 -0.7482491350014755 0.46140272764580786
    outer loop
      vertex -5.632884733378887 -3.167985283271406 88.55654565244913
      vertex -5.079641484149716 -3.401147799873942 88.75
      vertex -5.582531753927469 -3.0807713645490784 88.75
    endloop
  endfacet
  facet normal -0.47668727158437124 -0.7482491350014764 0.4614027276458064
    outer loop
      vertex -5.632884733378887 -3.167985283271406 88.55654565244913
      vertex -5.13740404917652 -3.483641291981283 88.55654565244913
      vertex -5.079641484149716 -3.401147799873942 88.75
    endloop
  endfacet
  facet normal -0.4532784013981848 -0.7115045690936023 0.536935693528409
    outer loop
      vertex -5.582531753927469 -3.0807713645490784 88.75
      vertex -5.012427850200913 -3.3051567825240644 88.93394108861685
      vertex -5.523940056562424 -2.97928756781112 88.93394108861685
    endloop
  endfacet
  facet normal -0.426418799069414 -0.6693434387110214 0.6083965555907624
    outer loop
      vertex -5.523940056562424 -2.97928756781112 88.93394108861685
      vertex -4.936274678309495 -3.196398781880246 89.10696902126074
      vertex -5.457555554807186 -2.864306237935904 89.10696902126074
    endloop
  endfacet
  facet normal -0.4532784013981848 -0.7115045690936028 0.5369356935284082
    outer loop
      vertex -5.582531753927469 -3.0807713645490784 88.75
      vertex -5.079641484149716 -3.401147799873942 88.75
      vertex -5.012427850200913 -3.3051567825240644 88.93394108861685
    endloop
  endfacet
  facet normal -0.3963109423067906 -0.6220835701928119 0.6752404525086368
    outer loop
      vertex -5.457555554807186 -2.864306237935904 89.10696902126074
      vertex -4.851761541763087 -3.075701514377969 89.26776695251465
      vertex -5.383883476257324 -2.736702454788338 89.26776695251465
    endloop
  endfacet
  facet normal -0.426418799069414 -0.6693434387110195 0.6083965555907647
    outer loop
      vertex -5.523940056562424 -2.97928756781112 88.93394108861685
      vertex -5.012427850200913 -3.3051567825240644 88.93394108861685
      vertex -4.936274678309495 -3.196398781880246 89.10696902126074
    endloop
  endfacet
  facet normal -0.3963109423067906 -0.622083570192812 0.6752404525086367
    outer loop
      vertex -5.457555554807186 -2.864306237935904 89.10696902126074
      vertex -4.936274678309495 -3.196398781880246 89.10696902126074
      vertex -4.851761541763087 -3.075701514377969 89.26776695251465
    endloop
  endfacet
  facet normal -0.36318221110061905 -0.5700818786302806 0.736956805516738
    outer loop
      vertex -5.383883476257324 -2.736702454788338 89.26776695251465
      vertex -4.759531637381849 -2.943983560273888 89.41511110961437
      vertex -5.303484510630369 -2.5974473614464673 89.41511110961437
    endloop
  endfacet
  facet normal -0.36318221110061927 -0.5700818786302826 0.7369568055167365
    outer loop
      vertex -5.383883476257324 -2.736702454788338 89.26776695251465
      vertex -4.851761541763087 -3.075701514377969 89.26776695251465
      vertex -4.759531637381849 -2.943983560273888 89.41511110961437
    endloop
  endfacet
  facet normal -0.4831332713537307 -0.6296315376919552 0.6083965555907648
    outer loop
      vertex -5.012427850200913 -3.3051567825240644 88.93394108861685
      vertex -4.445921205254305 -3.572660235404708 89.10696902126074
      vertex -4.936274678309495 -3.196398781880246 89.10696902126074
    endloop
  endfacet
  facet normal -0.44902101513303844 -0.5851755798602905 0.6752404525086367
    outer loop
      vertex -4.936274678309495 -3.196398781880246 89.10696902126074
      vertex -4.3512102067108955 -3.4597880626324145 89.26776695251465
      vertex -4.851761541763087 -3.075701514377969 89.26776695251465
    endloop
  endfacet
  facet normal -0.3272833063319009 -0.5137318855805102 0.7930732545826725
    outer loop
      vertex -5.303484510630369 -2.5974473614464673 89.41511110961437
      vertex -4.660286892386777 -2.8022473755295474 89.54788011312485
      vertex -5.216970544308424 -2.447600776212556 89.54788011312485
    endloop
  endfacet
  facet normal -0.3272833063319008 -0.5137318855805094 0.7930732545826731
    outer loop
      vertex -5.303484510630369 -2.5974473614464673 89.41511110961437
      vertex -4.759531637381849 -2.943983560273888 89.41511110961437
      vertex -4.660286892386777 -2.8022473755295474 89.54788011312485
    endloop
  endfacet
  facet normal -0.2888864163550772 -0.453460841177723 0.8431594771832388
    outer loop
      vertex -5.216970544308424 -2.447600776212556 89.54788011312485
      vertex -4.554782618279393 -2.6515716567603134 89.66506350785494
      vertex -5.125 -2.2883031206706006 89.66506350785494
    endloop
  endfacet
  facet normal -0.2888864163550772 -0.453460841177723 0.843159477183239
    outer loop
      vertex -5.216970544308424 -2.447600776212556 89.54788011312485
      vertex -4.660286892386777 -2.8022473755295474 89.54788011312485
      vertex -4.554782618279393 -2.6515716567603134 89.66506350785494
    endloop
  endfacet
  facet normal -0.24828325617520663 -0.3897266462579889 0.8868306297707228
    outer loop
      vertex -5.125 -2.2883031206706006 89.66506350785494
      vertex -4.554782618279393 -2.6515716567603134 89.66506350785494
      vertex -4.443821763014549 -2.493103132487426 89.76576946675777
    endloop
  endfacet
  facet normal -0.2331025317666734 -0.5627592936146086 0.7930732545826732
    outer loop
      vertex -6.471434485040489 -2.052823344037094 89.41511110961437
      vertex -5.875570098770071 -2.2996384541654216 89.41511110961437
      vertex -5.802445334643524 -2.1428218914354105 89.54788011312485
    endloop
  endfacet
  facet normal -0.20575493385256793 -0.4967363518320486 0.8431594771832388
    outer loop
      vertex -6.412255446718282 -1.890230272541789 89.54788011312485
      vertex -5.7247084715095795 -1.9761146504659628 89.66506350785494
      vertex -6.349343889226068 -1.7173821889092098 89.66506350785494
    endloop
  endfacet
  facet normal -0.20575493385256793 -0.4967363518320492 0.8431594771832385
    outer loop
      vertex -6.412255446718282 -1.890230272541789 89.54788011312485
      vertex -5.802445334643524 -2.1428218914354105 89.54788011312485
      vertex -5.7247084715095795 -1.9761146504659628 89.66506350785494
    endloop
  endfacet
  facet normal -0.17683595371351582 -0.4269197577703508 0.8868306297707227
    outer loop
      vertex -6.349343889226068 -1.7173821889092098 89.66506350785494
      vertex -5.7247084715095795 -1.9761146504659628 89.66506350785494
      vertex -5.64295113142145 -1.8007854688445164 89.76576946675777
    endloop
  endfacet
  facet normal -0.17683595371351568 -0.426919757770348 0.886830629770724
    outer loop
      vertex -6.349343889226068 -1.7173821889092098 89.66506350785494
      vertex -5.64295113142145 -1.8007854688445164 89.76576946675777
      vertex -6.283178605549745 -1.5355945660567052 89.76576946675777
    endloop
  endfacet
  facet normal -0.14656566559220555 -0.3538408176509412 0.9237506056472315
    outer loop
      vertex -6.283178605549745 -1.5355945660567052 89.76576946675777
      vertex -5.557795539147406 -1.6181687118927384 89.84923154860735
      vertex -6.214263155103781 -1.3462509221048746 89.84923154860735
    endloop
  endfacet
  facet normal -0.11517484216183248 -0.2780566659912755 0.9536347551504262
    outer loop
      vertex -6.214263155103781 -1.3462509221048746 89.84923154860735
      vertex -5.469889780151137 -1.4296542033725936 89.91481456905603
      vertex -6.14312202606875 -1.1507922764866185 89.91481456905603
    endloop
  endfacet
  facet normal -0.28126321048085196 -0.5403016003082448 0.7930732545826731
    outer loop
      vertex -5.216970544308424 -2.447600776212556 89.54788011312485
      vertex -5.802445334643524 -2.1428218914354105 89.54788011312485
      vertex -5.875570098770071 -2.2996384541654216 89.41511110961437
    endloop
  endfacet
  facet normal -0.24826539990383056 -0.47691339596060733 0.8431594771832385
    outer loop
      vertex -5.802445334643524 -2.1428218914354105 89.54788011312485
      vertex -5.125 -2.2883031206706006 89.66506350785494
      vertex -5.7247084715095795 -1.9761146504659628 89.66506350785494
    endloop
  endfacet
  facet normal -0.21337154810352674 -0.4098829303110439 0.8868306297707227
    outer loop
      vertex -5.7247084715095795 -1.9761146504659628 89.66506350785494
      vertex -5.0282728262245655 -2.120766741219004 89.76576946675777
      vertex -5.64295113142145 -1.8007854688445164 89.76576946675777
    endloop
  endfacet
  facet normal -0.14656566559220546 -0.3538408176509401 0.923750605647232
    outer loop
      vertex -6.283178605549745 -1.5355945660567052 89.76576946675777
      vertex -5.64295113142145 -1.8007854688445164 89.76576946675777
      vertex -5.557795539147406 -1.6181687118927384 89.84923154860735
    endloop
  endfacet
  facet normal -0.1151748421618325 -0.27805666599127576 0.9536347551504262
    outer loop
      vertex -6.214263155103781 -1.3462509221048746 89.84923154860735
      vertex -5.557795539147406 -1.6181687118927384 89.84923154860735
      vertex -5.469889780151137 -1.4296542033725936 89.91481456905603
    endloop
  endfacet
  facet normal -0.08290306054997347 -0.20014569314198308 0.9762524182137335
    outer loop
      vertex -5.469889780151137 -1.4296542033725936 89.91481456905603
      vertex -5.379902872795778 -1.2366766577937742 89.96201938390732
      vertex -6.14312202606875 -1.1507922764866185 89.91481456905603
    endloop
  endfacet
  facet normal -0.013129070601655914 -0.0416400920800713 0.9990464104518367
    outer loop
      vertex -6.727022508522593 -0.5171325173458605 89.99048674851656
      vertex -5.996341258027653 -0.7475154306834977 89.99048674851656
      vertex -5.921818710068981 -0.5427664129268237 90
    endloop
  endfacet
  facet normal -0.08290306054997351 -0.20014569314198324 0.9762524182137337
    outer loop
      vertex -6.14312202606875 -1.1507922764866185 89.91481456905603
      vertex -5.379902872795778 -1.2366766577937742 89.96201938390732
      vertex -6.070296647382211 -0.9507061929821194 89.96201938390732
    endloop
  endfacet
  facet normal -0.04999698824255424 -0.12070340709298293 0.9914287612747673
    outer loop
      vertex -6.070296647382211 -0.9507061929821194 89.96201938390732
      vertex -5.288519664217857 -1.0407047345800544 89.99048674851656
      vertex -5.996341258027653 -0.7475154306834977 89.99048674851656
    endloop
  endfacet
  facet normal -0.016708283677561307 -0.040337365058345356 0.9990464104518368
    outer loop
      vertex -5.996341258027653 -0.7475154306834977 89.99048674851656
      vertex -5.196435644333706 -0.8432299166701505 90
      vertex -5.921818710068981 -0.5427664129268237 90
    endloop
  endfacet
  facet normal -0.04999698824255414 -0.12070340709298197 0.9914287612747674
    outer loop
      vertex -6.070296647382211 -0.9507061929821194 89.96201938390732
      vertex -5.379902872795778 -1.2366766577937742 89.96201938390732
      vertex -5.288519664217857 -1.0407047345800544 89.99048674851656
    endloop
  endfacet
  facet normal -0.016708283677561348 -0.04033736505834573 0.9990464104518367
    outer loop
      vertex -5.996341258027653 -0.7475154306834977 89.99048674851656
      vertex -5.288519664217857 -1.0407047345800544 89.99048674851656
      vertex -5.196435644333706 -0.8432299166701505 90
    endloop
  endfacet
  facet normal -0.24826539990383042 -0.4769133959606065 0.8431594771832389
    outer loop
      vertex -5.216970544308424 -2.447600776212556 89.54788011312485
      vertex -5.125 -2.2883031206706006 89.66506350785494
      vertex -5.802445334643524 -2.1428218914354105 89.54788011312485
    endloop
  endfacet
  facet normal -0.2133715481035266 -0.40988293031104284 0.886830629770723
    outer loop
      vertex -5.7247084715095795 -1.9761146504659628 89.66506350785494
      vertex -5.125 -2.2883031206706006 89.66506350785494
      vertex -5.0282728262245655 -2.120766741219004 89.76576946675777
    endloop
  endfacet
  facet normal -0.17684719826204834 -0.3397203070663217 0.9237506056472319
    outer loop
      vertex -5.64295113142145 -1.8007854688445164 89.76576946675777
      vertex -4.927525177598 -1.9462666950546952 89.84923154860735
      vertex -5.557795539147406 -1.6181687118927384 89.84923154860735
    endloop
  endfacet
  facet normal -0.17684719826204837 -0.3397203070663216 0.9237506056472321
    outer loop
      vertex -5.64295113142145 -1.8007854688445164 89.76576946675777
      vertex -5.0282728262245655 -2.120766741219004 89.76576946675777
      vertex -4.927525177598 -1.9462666950546952 89.84923154860735
    endloop
  endfacet
  facet normal -0.1389708023655783 -0.2669604275151186 0.9536347551504258
    outer loop
      vertex -5.557795539147406 -1.6181687118927384 89.84923154860735
      vertex -4.927525177598 -1.9462666950546952 89.84923154860735
      vertex -4.8235238045454025 -1.766131032870673 89.91481456905603
    endloop
  endfacet
  facet normal -0.13897080236557813 -0.26696042751511756 0.9536347551504262
    outer loop
      vertex -5.557795539147406 -1.6181687118927384 89.84923154860735
      vertex -4.8235238045454025 -1.766131032870673 89.91481456905603
      vertex -5.469889780151137 -1.4296542033725936 89.91481456905603
    endloop
  endfacet
  facet normal -0.10003143591899664 -0.19215860053565426 0.9762524182137337
    outer loop
      vertex -5.469889780151137 -1.4296542033725936 89.91481456905603
      vertex -4.717060223221779 -1.5817307008624155 89.96201938390732
      vertex -5.379902872795778 -1.2366766577937742 89.96201938390732
    endloop
  endfacet
  facet normal -0.06032672970514955 -0.11588656954221248 0.9914287612747675
    outer loop
      vertex -5.379902872795778 -1.2366766577937742 89.96201938390732
      vertex -4.6089446768164635 -1.3944690814003389 89.99048674851656
      vertex -5.288519664217857 -1.0407047345800544 89.99048674851656
    endloop
  endfacet
  facet normal -0.24828325617520663 -0.38972664625798886 0.886830629770723
    outer loop
      vertex -5.125 -2.2883031206706006 89.66506350785494
      vertex -4.443821763014549 -2.493103132487426 89.76576946675777
      vertex -5.0282728262245655 -2.120766741219004 89.76576946675777
    endloop
  endfacet
  facet normal -0.20578281696986045 -0.3230143198161979 0.923750605647232
    outer loop
      vertex -5.0282728262245655 -2.120766741219004 89.76576946675777
      vertex -4.328248808474603 -2.3280478478279054 89.84923154860735
      vertex -4.927525177598 -1.9462666950546952 89.84923154860735
    endloop
  endfacet
  facet normal -0.10003143591899655 -0.19215860053565373 0.9762524182137338
    outer loop
      vertex -5.469889780151137 -1.4296542033725936 89.91481456905603
      vertex -4.8235238045454025 -1.766131032870673 89.91481456905603
      vertex -4.717060223221779 -1.5817307008624155 89.96201938390732
    endloop
  endfacet
  facet normal -0.0603267297051497 -0.11588656954221319 0.9914287612747674
    outer loop
      vertex -5.379902872795778 -1.2366766577937742 89.96201938390732
      vertex -4.717060223221779 -1.5817307008624155 89.96201938390732
      vertex -4.6089446768164635 -1.3944690814003389 89.99048674851656
    endloop
  endfacet
  facet normal -0.02016033662594305 -0.03872764633215866 0.9990464104518367
    outer loop
      vertex -5.288519664217857 -1.0407047345800544 89.99048674851656
      vertex -4.6089446768164635 -1.3944690814003389 89.99048674851656
      vertex -4.5 -1.2057713659400529 90
    endloop
  endfacet
  facet normal -0.020160336625943083 -0.03872764633215882 0.9990464104518368
    outer loop
      vertex -5.288519664217857 -1.0407047345800544 89.99048674851656
      vertex -4.5 -1.2057713659400529 90
      vertex -5.196435644333706 -0.8432299166701505 90
    endloop
  endfacet
  facet normal -0.6749484175453594 -0.7365769458505038 0.0435779358685012
    outer loop
      vertex -4.821880537037495 -4.020711119726643 87.5
      vertex -4.397079037652367 -4.397079037652367 87.71788935363293
      vertex -4.815765536856107 -4.01342354629176 87.71788935363293
    endloop
  endfacet
  facet normal -0.6698212956884817 -0.730981674182076 0.1304040791239789
    outer loop
      vertex -4.815765536856107 -4.01342354629176 87.71788935363293
      vertex -4.376949571094663 -4.376949571094663 87.93412044644356
      vertex -4.797467067604858 -3.991616279822609 87.93412044644356
    endloop
  endfacet
  facet normal -0.6749484175453581 -0.7365769458505054 0.04357793586849605
    outer loop
      vertex -4.821880537037495 -4.020711119726643 87.5
      vertex -4.40380592228744 -4.40380592228744 87.5
      vertex -4.397079037652367 -4.397079037652367 87.71788935363293
    endloop
  endfacet
  facet normal -0.669821295688482 -0.7309816741820754 0.13040407912398036
    outer loop
      vertex -4.815765536856107 -4.01342354629176 87.71788935363293
      vertex -4.397079037652367 -4.397079037652367 87.71788935363293
      vertex -4.376949571094663 -4.376949571094663 87.93412044644356
    endloop
  endfacet
  facet normal -0.6596054191228505 -0.7198330012401267 0.21624324588157795
    outer loop
      vertex -4.797467067604858 -3.991616279822609 87.93412044644356
      vertex -4.3435707264086645 -4.3435707264086645 88.1470476090908
      vertex -4.767124397500905 -3.955455293717322 88.1470476090908
    endloop
  endfacet
  facet normal -0.6596054191228501 -0.719833001240128 0.21624324588157492
    outer loop
      vertex -4.797467067604858 -3.991616279822609 87.93412044644356
      vertex -4.376949571094663 -4.376949571094663 87.93412044644356
      vertex -4.3435707264086645 -4.3435707264086645 88.1470476090908
    endloop
  endfacet
  facet normal -0.6443772603955015 -0.7032143821653408 0.3004454675993734
    outer loop
      vertex -4.767124397500905 -3.955455293717322 88.1470476090908
      vertex -4.297196527918703 -4.297196527918703 88.355050355196
      vertex -4.724968444550671 -3.9052157853396494 88.355050355196
    endloop
  endfacet
  facet normal -0.6443772603955017 -0.7032143821653387 0.30044546759937774
    outer loop
      vertex -4.767124397500905 -3.955455293717322 88.1470476090908
      vertex -4.3435707264086645 -4.3435707264086645 88.1470476090908
      vertex -4.297196527918703 -4.297196527918703 88.355050355196
    endloop
  endfacet
  facet normal -0.6242509441869121 -0.6812503621916989 0.382372465922205
    outer loop
      vertex -4.724968444550671 -3.9052157853396494 88.355050355196
      vertex -4.297196527918703 -4.297196527918703 88.355050355196
      vertex -4.238179923870922 -4.238179923870922 88.55654565244913
    endloop
  endfacet
  facet normal -0.5993774195523875 -0.6541056733064863 0.4614027276458057
    outer loop
      vertex -4.671320052459121 -3.8412801213276406 88.55654565244913
      vertex -4.238179923870922 -4.238179923870922 88.55654565244913
      vertex -4.166970057424833 -4.166970057424833 88.75
    endloop
  endfacet
  facet normal -0.6242509441869121 -0.6812503621916991 0.3823724659222048
    outer loop
      vertex -4.724968444550671 -3.9052157853396494 88.355050355196
      vertex -4.238179923870922 -4.238179923870922 88.55654565244913
      vertex -4.671320052459121 -3.8412801213276406 88.55654565244913
    endloop
  endfacet
  facet normal -0.48313327135373096 -0.629631537691958 0.6083965555907613
    outer loop
      vertex -5.012427850200913 -3.3051567825240644 88.93394108861685
      vertex -4.531263475661267 -3.674367192762351 88.93394108861685
      vertex -4.445921205254305 -3.572660235404708 89.10696902126074
    endloop
  endfacet
  facet normal -0.5993774195523873 -0.6541056733064852 0.46140272764580736
    outer loop
      vertex -4.671320052459121 -3.8412801213276406 88.55654565244913
      vertex -4.166970057424833 -4.166970057424833 88.75
      vertex -4.606587509854776 -3.764134881121155 88.75
    endloop
  endfacet
  facet normal -0.5699435557947092 -0.6219842475684167 0.5369356935284091
    outer loop
      vertex -4.606587509854776 -3.764134881121155 88.75
      vertex -4.084108884368725 -4.084108884368725 88.93394108861685
      vertex -4.531263475661267 -3.674367192762351 88.93394108861685
    endloop
  endfacet
  facet normal -0.5361708077191993 -0.5851277604891422 0.6083965555907617
    outer loop
      vertex -4.531263475661267 -3.674367192762351 88.93394108861685
      vertex -3.9902270216550884 -3.9902270216550884 89.10696902126074
      vertex -4.445921205254305 -3.572660235404708 89.10696902126074
    endloop
  endfacet
  facet normal -0.736576945850504 -0.6749484175453596 0.04357793586849602
    outer loop
      vertex -4.01342354629176 -4.815765536856107 87.71788935363293
      vertex -4.397079037652367 -4.397079037652367 87.71788935363293
      vertex -4.40380592228744 -4.40380592228744 87.5
    endloop
  endfacet
  facet normal -0.7309816741820758 -0.6698212956884814 0.13040407912398047
    outer loop
      vertex -3.991616279822609 -4.797467067604858 87.93412044644356
      vertex -4.376949571094663 -4.376949571094663 87.93412044644356
      vertex -4.397079037652367 -4.397079037652367 87.71788935363293
    endloop
  endfacet
  facet normal -0.7198330012401272 -0.659605419122851 0.21624324588157512
    outer loop
      vertex -3.955455293717322 -4.767124397500905 88.1470476090908
      vertex -4.3435707264086645 -4.3435707264086645 88.1470476090908
      vertex -4.376949571094663 -4.376949571094663 87.93412044644356
    endloop
  endfacet
  facet normal -0.7032143821653399 -0.6443772603955006 0.3004454675993775
    outer loop
      vertex -3.9052157853396494 -4.724968444550671 88.355050355196
      vertex -4.297196527918703 -4.297196527918703 88.355050355196
      vertex -4.3435707264086645 -4.3435707264086645 88.1470476090908
    endloop
  endfacet
  facet normal -0.681250362191699 -0.6242509441869121 0.3823724659222048
    outer loop
      vertex -3.8412801213276406 -4.671320052459121 88.55654565244913
      vertex -4.238179923870922 -4.238179923870922 88.55654565244913
      vertex -4.297196527918703 -4.297196527918703 88.355050355196
    endloop
  endfacet
  facet normal -0.7032143821653398 -0.6443772603955027 0.30044546759937335
    outer loop
      vertex -3.955455293717322 -4.767124397500905 88.1470476090908
      vertex -3.9052157853396494 -4.724968444550671 88.355050355196
      vertex -4.3435707264086645 -4.3435707264086645 88.1470476090908
    endloop
  endfacet
  facet normal -0.6812503621916991 -0.6242509441869123 0.3823724659222048
    outer loop
      vertex -3.9052157853396494 -4.724968444550671 88.355050355196
      vertex -3.8412801213276406 -4.671320052459121 88.55654565244913
      vertex -4.297196527918703 -4.297196527918703 88.355050355196
    endloop
  endfacet
  facet normal -0.6541056733064857 -0.599377419552388 0.46140272764580564
    outer loop
      vertex -4.238179923870922 -4.238179923870922 88.55654565244913
      vertex -3.764134881121155 -4.606587509854776 88.75
      vertex -4.166970057424833 -4.166970057424833 88.75
    endloop
  endfacet
  facet normal -0.6541056733064856 -0.5993774195523869 0.4614027276458073
    outer loop
      vertex -3.8412801213276406 -4.671320052459121 88.55654565244913
      vertex -3.764134881121155 -4.606587509854776 88.75
      vertex -4.238179923870922 -4.238179923870922 88.55654565244913
    endloop
  endfacet
  facet normal -0.6219842475684163 -0.5699435557947087 0.53693569352841
    outer loop
      vertex -4.166970057424833 -4.166970057424833 88.75
      vertex -3.674367192762351 -4.531263475661267 88.93394108861685
      vertex -4.084108884368725 -4.084108884368725 88.93394108861685
    endloop
  endfacet
  facet normal -0.5699435557947091 -0.6219842475684161 0.5369356935284101
    outer loop
      vertex -4.606587509854776 -3.764134881121155 88.75
      vertex -4.166970057424833 -4.166970057424833 88.75
      vertex -4.084108884368725 -4.084108884368725 88.93394108861685
    endloop
  endfacet
  facet normal -0.5361708077191991 -0.5851277604891416 0.608396555590762
    outer loop
      vertex -4.531263475661267 -3.674367192762351 88.93394108861685
      vertex -4.084108884368725 -4.084108884368725 88.93394108861685
      vertex -3.9902270216550884 -3.9902270216550884 89.10696902126074
    endloop
  endfacet
  facet normal -0.49831376690781987 -0.5438140500263561 0.6752404525086386
    outer loop
      vertex -4.445921205254305 -3.572660235404708 89.10696902126074
      vertex -3.8860389690016577 -3.8860389690016577 89.26776695251465
      vertex -4.3512102067108955 -3.4597880626324145 89.26776695251465
    endloop
  endfacet
  facet normal -0.49831376690782037 -0.5438140500263576 0.6752404525086368
    outer loop
      vertex -4.445921205254305 -3.572660235404708 89.10696902126074
      vertex -3.9902270216550884 -3.9902270216550884 89.10696902126074
      vertex -3.8860389690016577 -3.8860389690016577 89.26776695251465
    endloop
  endfacet
  facet normal -0.4566583365930946 -0.49835512480819716 0.7369568055167374
    outer loop
      vertex -4.3512102067108955 -3.4597880626324145 89.26776695251465
      vertex -3.7723376614112496 -3.7723376614112496 89.41511110961437
      vertex -4.247851288837654 -3.336609700930329 89.41511110961437
    endloop
  endfacet
  facet normal -0.4566583365930948 -0.4983551248081979 0.7369568055167368
    outer loop
      vertex -4.3512102067108955 -3.4597880626324145 89.26776695251465
      vertex -3.8860389690016577 -3.8860389690016577 89.26776695251465
      vertex -3.7723376614112496 -3.7723376614112496 89.41511110961437
    endloop
  endfacet
  facet normal -0.4490210151330381 -0.5851755798602887 0.6752404525086386
    outer loop
      vertex -4.936274678309495 -3.196398781880246 89.10696902126074
      vertex -4.445921205254305 -3.572660235404708 89.10696902126074
      vertex -4.3512102067108955 -3.4597880626324145 89.26776695251465
    endloop
  endfacet
  facet normal -0.41148610269867675 -0.5362591296084581 0.7369568055167365
    outer loop
      vertex -4.851761541763087 -3.075701514377969 89.26776695251465
      vertex -4.247851288837654 -3.336609700930329 89.41511110961437
      vertex -4.759531637381849 -2.943983560273888 89.41511110961437
    endloop
  endfacet
  facet normal -0.3708125786026998 -0.483252361003713 0.7930732545826732
    outer loop
      vertex -4.759531637381849 -2.943983560273888 89.41511110961437
      vertex -4.136631077604484 -3.204062614624112 89.54788011312485
      vertex -4.660286892386777 -2.8022473755295474 89.54788011312485
    endloop
  endfacet
  facet normal -0.41148610269867664 -0.5362591296084572 0.7369568055167373
    outer loop
      vertex -4.851761541763087 -3.075701514377969 89.26776695251465
      vertex -4.3512102067108955 -3.4597880626324145 89.26776695251465
      vertex -4.247851288837654 -3.336609700930329 89.41511110961437
    endloop
  endfacet
  facet normal -0.3708125786026998 -0.48325236100371266 0.7930732545826735
    outer loop
      vertex -4.759531637381849 -2.943983560273888 89.41511110961437
      vertex -4.247851288837654 -3.336609700930329 89.41511110961437
      vertex -4.136631077604484 -3.204062614624112 89.54788011312485
    endloop
  endfacet
  facet normal -0.20578281696986062 -0.3230143198161985 0.9237506056472318
    outer loop
      vertex -5.0282728262245655 -2.120766741219004 89.76576946675777
      vertex -4.443821763014549 -2.493103132487426 89.76576946675777
      vertex -4.328248808474603 -2.3280478478279054 89.84923154860735
    endloop
  endfacet
  facet normal -0.32730883274347505 -0.4265571755863345 0.8431594771832389
    outer loop
      vertex -4.660286892386777 -2.8022473755295474 89.54788011312485
      vertex -4.018396024929321 -3.0631555658279206 89.66506350785494
      vertex -4.554782618279393 -2.6515716567603134 89.66506350785494
    endloop
  endfacet
  facet normal -0.3273088327434758 -0.42655717558633666 0.8431594771832376
    outer loop
      vertex -4.660286892386777 -2.8022473755295474 89.54788011312485
      vertex -4.136631077604484 -3.204062614624112 89.54788011312485
      vertex -4.018396024929321 -3.0631555658279206 89.66506350785494
    endloop
  endfacet
  facet normal -0.41151974324757595 -0.4490949941639241 0.7930732545826735
    outer loop
      vertex -4.247851288837654 -3.336609700930329 89.41511110961437
      vertex -3.6499884369040654 -3.6499884369040654 89.54788011312485
      vertex -4.136631077604484 -3.204062614624112 89.54788011312485
    endloop
  endfacet
  facet normal -0.2813053787498644 -0.3666043071035286 0.8868306297707229
    outer loop
      vertex -4.554782618279393 -2.6515716567603134 89.66506350785494
      vertex -3.8940459672836285 -2.9149609378893695 89.76576946675777
      vertex -4.443821763014549 -2.493103132487426 89.76576946675777
    endloop
  endfacet
  facet normal -0.281305378749864 -0.36660430710352754 0.8868306297707237
    outer loop
      vertex -4.554782618279393 -2.6515716567603134 89.66506350785494
      vertex -4.018396024929321 -3.0631555658279206 89.66506350785494
      vertex -3.8940459672836285 -2.9149609378893695 89.76576946675777
    endloop
  endfacet
  facet normal -0.23315230418546967 -0.3038499985508947 0.9237506056472318
    outer loop
      vertex -4.443821763014549 -2.493103132487426 89.76576946675777
      vertex -3.7645272867992094 -2.760606585114002 89.84923154860735
      vertex -4.328248808474603 -2.3280478478279054 89.84923154860735
    endloop
  endfacet
  facet normal -0.23315230418546984 -0.30384999855089506 0.9237506056472317
    outer loop
      vertex -4.443821763014549 -2.493103132487426 89.76576946675777
      vertex -3.8940459672836285 -2.9149609378893695 89.76576946675777
      vertex -3.7645272867992094 -2.760606585114002 89.84923154860735
    endloop
  endfacet
  facet normal -0.18321671535913348 -0.23877267218464776 0.9536347551504261
    outer loop
      vertex -4.328248808474603 -2.3280478478279054 89.84923154860735
      vertex -3.630825698822016 -2.6012672373066295 89.91481456905603
      vertex -4.208943334612354 -2.1576619731381115 89.91481456905603
    endloop
  endfacet
  facet normal -0.6219842475684164 -0.5699435557947095 0.536935693528409
    outer loop
      vertex -4.166970057424833 -4.166970057424833 88.75
      vertex -3.764134881121155 -4.606587509854776 88.75
      vertex -3.674367192762351 -4.531263475661267 88.93394108861685
    endloop
  endfacet
  facet normal -0.585127760489142 -0.5361708077191994 0.6083965555907616
    outer loop
      vertex -4.084108884368725 -4.084108884368725 88.93394108861685
      vertex -3.674367192762351 -4.531263475661267 88.93394108861685
      vertex -3.572660235404708 -4.445921205254305 89.10696902126074
    endloop
  endfacet
  facet normal -0.5851277604891418 -0.5361708077191991 0.608396555590762
    outer loop
      vertex -4.084108884368725 -4.084108884368725 88.93394108861685
      vertex -3.572660235404708 -4.445921205254305 89.10696902126074
      vertex -3.9902270216550884 -3.9902270216550884 89.10696902126074
    endloop
  endfacet
  facet normal -0.5438140500263572 -0.498313766907821 0.6752404525086367
    outer loop
      vertex -3.9902270216550884 -3.9902270216550884 89.10696902126074
      vertex -3.4597880626324145 -4.3512102067108955 89.26776695251465
      vertex -3.8860389690016577 -3.8860389690016577 89.26776695251465
    endloop
  endfacet
  facet normal -0.5438140500263565 -0.4983137669078193 0.6752404525086385
    outer loop
      vertex -3.9902270216550884 -3.9902270216550884 89.10696902126074
      vertex -3.572660235404708 -4.445921205254305 89.10696902126074
      vertex -3.4597880626324145 -4.3512102067108955 89.26776695251465
    endloop
  endfacet
  facet normal -0.4983551248081974 -0.45665833659309435 0.7369568055167371
    outer loop
      vertex -3.8860389690016577 -3.8860389690016577 89.26776695251465
      vertex -3.4597880626324145 -4.3512102067108955 89.26776695251465
      vertex -3.336609700930329 -4.247851288837654 89.41511110961437
    endloop
  endfacet
  facet normal -0.41151974324757584 -0.44909499416392373 0.7930732545826737
    outer loop
      vertex -4.247851288837654 -3.336609700930329 89.41511110961437
      vertex -3.7723376614112496 -3.7723376614112496 89.41511110961437
      vertex -3.6499884369040654 -3.6499884369040654 89.54788011312485
    endloop
  endfacet
  facet normal -0.49835512480819755 -0.45665833659309485 0.7369568055167368
    outer loop
      vertex -3.8860389690016577 -3.8860389690016577 89.26776695251465
      vertex -3.336609700930329 -4.247851288837654 89.41511110961437
      vertex -3.7723376614112496 -3.7723376614112496 89.41511110961437
    endloop
  endfacet
  facet normal -0.5851755798602892 -0.4490210151330375 0.6752404525086385
    outer loop
      vertex -3.572660235404708 -4.445921205254305 89.10696902126074
      vertex -3.075701514377969 -4.851761541763087 89.26776695251465
      vertex -3.4597880626324145 -4.3512102067108955 89.26776695251465
    endloop
  endfacet
  facet normal -0.449094994163924 -0.41151974324757606 0.7930732545826734
    outer loop
      vertex -3.7723376614112496 -3.7723376614112496 89.41511110961437
      vertex -3.336609700930329 -4.247851288837654 89.41511110961437
      vertex -3.204062614624112 -4.136631077604484 89.54788011312485
    endloop
  endfacet
  facet normal -0.5362591296084575 -0.41148610269867614 0.7369568055167373
    outer loop
      vertex -3.4597880626324145 -4.3512102067108955 89.26776695251465
      vertex -2.943983560273888 -4.759531637381849 89.41511110961437
      vertex -3.336609700930329 -4.247851288837654 89.41511110961437
    endloop
  endfacet
  facet normal -0.44909499416392384 -0.4115197432475758 0.7930732545826737
    outer loop
      vertex -3.7723376614112496 -3.7723376614112496 89.41511110961437
      vertex -3.204062614624112 -4.136631077604484 89.54788011312485
      vertex -3.6499884369040654 -3.6499884369040654 89.54788011312485
    endloop
  endfacet
  facet normal -0.3964071523264702 -0.3632402312802161 0.8431594771832394
    outer loop
      vertex -3.6499884369040654 -3.6499884369040654 89.54788011312485
      vertex -3.0631555658279206 -4.018396024929321 89.66506350785494
      vertex -3.519922445804256 -3.519922445804256 89.66506350785494
    endloop
  endfacet
  facet normal -0.3964071523264716 -0.36324023128021893 0.8431594771832376
    outer loop
      vertex -3.6499884369040654 -3.6499884369040654 89.54788011312485
      vertex -3.204062614624112 -4.136631077604484 89.54788011312485
      vertex -3.0631555658279206 -4.018396024929321 89.66506350785494
    endloop
  endfacet
  facet normal -0.34069188781027865 -0.3121865975354044 0.8868306297707224
    outer loop
      vertex -3.519922445804256 -3.519922445804256 89.66506350785494
      vertex -2.9149609378893695 -3.8940459672836285 89.76576946675777
      vertex -3.383129564801018 -3.383129564801018 89.76576946675777
    endloop
  endfacet
  facet normal -0.36324023128021804 -0.39640715232647233 0.8431594771832376
    outer loop
      vertex -4.136631077604484 -3.204062614624112 89.54788011312485
      vertex -3.519922445804256 -3.519922445804256 89.66506350785494
      vertex -4.018396024929321 -3.0631555658279206 89.66506350785494
    endloop
  endfacet
  facet normal -0.363240231280217 -0.39640715232646945 0.8431594771832395
    outer loop
      vertex -4.136631077604484 -3.204062614624112 89.54788011312485
      vertex -3.6499884369040654 -3.6499884369040654 89.54788011312485
      vertex -3.519922445804256 -3.519922445804256 89.66506350785494
    endloop
  endfacet
  facet normal -0.31218659753540284 -0.3406918878102769 0.8868306297707235
    outer loop
      vertex -4.018396024929321 -3.0631555658279206 89.66506350785494
      vertex -3.383129564801018 -3.383129564801018 89.76576946675777
      vertex -3.8940459672836285 -2.9149609378893695 89.76576946675777
    endloop
  endfacet
  facet normal -0.3121865975354038 -0.34069188781027926 0.8868306297707224
    outer loop
      vertex -4.018396024929321 -3.0631555658279206 89.66506350785494
      vertex -3.519922445804256 -3.519922445804256 89.66506350785494
      vertex -3.383129564801018 -3.383129564801018 89.76576946675777
    endloop
  endfacet
  facet normal -0.2587473615850165 -0.282373195326974 0.9237506056472315
    outer loop
      vertex -3.8940459672836285 -2.9149609378893695 89.76576946675777
      vertex -3.2406508737361293 -3.2406508737361293 89.84923154860735
      vertex -3.7645272867992094 -2.760606585114002 89.84923154860735
    endloop
  endfacet
  facet normal -0.18321671535913334 -0.2387726721846474 0.9536347551504262
    outer loop
      vertex -4.328248808474603 -2.3280478478279054 89.84923154860735
      vertex -3.7645272867992094 -2.760606585114002 89.84923154860735
      vertex -3.630825698822016 -2.6012672373066295 89.91481456905603
    endloop
  endfacet
  facet normal -0.13187972444401594 -0.17186900305874814 0.9762524182137334
    outer loop
      vertex -3.630825698822016 -2.6012672373066295 89.91481456905603
      vertex -3.493958756906655 -2.4381555675716156 89.96201938390732
      vertex -4.208943334612354 -2.1576619731381115 89.91481456905603
    endloop
  endfacet
  facet normal -0.25874736158501627 -0.28237319532697336 0.923750605647232
    outer loop
      vertex -3.8940459672836285 -2.9149609378893695 89.76576946675777
      vertex -3.383129564801018 -3.383129564801018 89.76576946675777
      vertex -3.2406508737361293 -3.2406508737361293 89.84923154860735
    endloop
  endfacet
  facet normal -0.20332993003464908 -0.22189568116863342 0.9536347551504258
    outer loop
      vertex -3.7645272867992094 -2.760606585114002 89.84923154860735
      vertex -3.2406508737361293 -3.2406508737361293 89.84923154860735
      vertex -3.093570721459723 -3.093570721459723 89.91481456905603
    endloop
  endfacet
  facet normal -0.20332993003464891 -0.22189568116863298 0.9536347551504262
    outer loop
      vertex -3.7645272867992094 -2.760606585114002 89.84923154860735
      vertex -3.093570721459723 -3.093570721459723 89.91481456905603
      vertex -3.630825698822016 -2.6012672373066295 89.91481456905603
    endloop
  endfacet
  facet normal -0.14635725289381324 -0.15972091427616456 0.9762524182137334
    outer loop
      vertex -3.630825698822016 -2.6012672373066295 89.91481456905603
      vertex -2.9430084808530426 -2.9430084808530426 89.96201938390732
      vertex -3.493958756906655 -2.4381555675716156 89.96201938390732
    endloop
  endfacet
  facet normal -0.14635725289381263 -0.15972091427616328 0.9762524182137339
    outer loop
      vertex -3.630825698822016 -2.6012672373066295 89.91481456905603
      vertex -3.093570721459723 -3.093570721459723 89.91481456905603
      vertex -2.9430084808530426 -2.9430084808530426 89.96201938390732
    endloop
  endfacet
  facet normal -0.08826479750688594 -0.09632412386442286 0.9914287612747675
    outer loop
      vertex -3.493958756906655 -2.4381555675716156 89.96201938390732
      vertex -2.7901100088232678 -2.7901100088232678 89.99048674851656
      vertex -3.3549680896190006 -2.2725129404944875 89.99048674851656
    endloop
  endfacet
  facet normal -0.16170911085045753 -0.25383245899045676 0.9536347551504257
    outer loop
      vertex -4.927525177598 -1.9462666950546952 89.84923154860735
      vertex -4.208943334612354 -2.1576619731381115 89.91481456905603
      vertex -4.8235238045454025 -1.766131032870673 89.91481456905603
    endloop
  endfacet
  facet normal -0.11639851166004386 -0.18270906495071307 0.9762524182137337
    outer loop
      vertex -4.8235238045454025 -1.766131032870673 89.91481456905603
      vertex -4.086813331458806 -1.9832422525709639 89.96201938390732
      vertex -4.717060223221779 -1.5817307008624155 89.96201938390732
    endloop
  endfacet
  facet normal -0.16170911085045733 -0.253832458990456 0.9536347551504261
    outer loop
      vertex -4.927525177598 -1.9462666950546952 89.84923154860735
      vertex -4.328248808474603 -2.3280478478279054 89.84923154860735
      vertex -4.208943334612354 -2.1576619731381115 89.91481456905603
    endloop
  endfacet
  facet normal -0.11639851166004381 -0.18270906495071287 0.9762524182137338
    outer loop
      vertex -4.8235238045454025 -1.766131032870673 89.91481456905603
      vertex -4.208943334612354 -2.1576619731381115 89.91481456905603
      vertex -4.086813331458806 -1.9832422525709639 89.96201938390732
    endloop
  endfacet
  facet normal -0.07019734832841365 -0.1101877652230036 0.9914287612747674
    outer loop
      vertex -4.717060223221779 -1.5817307008624155 89.96201938390732
      vertex -3.9627882718161924 -1.8061161108562933 89.99048674851656
      vertex -4.6089446768164635 -1.3944690814003389 89.99048674851656
    endloop
  endfacet
  facet normal -0.02345895723945714 -0.03682318683299186 0.9990464104518368
    outer loop
      vertex -4.6089446768164635 -1.3944690814003389 89.99048674851656
      vertex -3.8378120728405856 -1.6276316013990737 90
      vertex -4.5 -1.2057713659400529 90
    endloop
  endfacet
  facet normal -0.07019734832841366 -0.11018776522300361 0.9914287612747674
    outer loop
      vertex -4.717060223221779 -1.5817307008624155 89.96201938390732
      vertex -4.086813331458806 -1.9832422525709639 89.96201938390732
      vertex -3.9627882718161924 -1.8061161108562933 89.99048674851656
    endloop
  endfacet
  facet normal -0.023458957239457134 -0.036823186832991836 0.9990464104518367
    outer loop
      vertex -4.6089446768164635 -1.3944690814003389 89.99048674851656
      vertex -3.9627882718161924 -1.8061161108562933 89.99048674851656
      vertex -3.8378120728405856 -1.6276316013990737 90
    endloop
  endfacet
  facet normal -0.13187972444401563 -0.1718690030587473 0.9762524182137337
    outer loop
      vertex -3.493958756906655 -2.4381555675716156 89.96201938390732
      vertex -4.086813331458806 -1.9832422525709639 89.96201938390732
      vertex -4.208943334612354 -2.1576619731381115 89.91481456905603
    endloop
  endfacet
  facet normal -0.07953372274458065 -0.10365036547725519 0.9914287612747674
    outer loop
      vertex -4.086813331458806 -1.9832422525709639 89.96201938390732
      vertex -3.3549680896190006 -2.2725129404944875 89.99048674851656
      vertex -3.9627882718161924 -1.8061161108562933 89.99048674851656
    endloop
  endfacet
  facet normal -0.07953372274458044 -0.10365036547725466 0.9914287612747674
    outer loop
      vertex -3.493958756906655 -2.4381555675716156 89.96201938390732
      vertex -3.3549680896190006 -2.2725129404944875 89.99048674851656
      vertex -4.086813331458806 -1.9832422525709639 89.96201938390732
    endloop
  endfacet
  facet normal -0.026579041023473388 -0.03463848064757778 0.9990464104518368
    outer loop
      vertex -3.9627882718161924 -1.8061161108562933 89.99048674851656
      vertex -3.2149115128211463 -2.105600011929198 90
      vertex -3.8378120728405856 -1.6276316013990737 90
    endloop
  endfacet
  facet normal -0.0265790410234734 -0.03463848064757782 0.9990464104518367
    outer loop
      vertex -3.9627882718161924 -1.8061161108562933 89.99048674851656
      vertex -3.3549680896190006 -2.2725129404944875 89.99048674851656
      vertex -3.2149115128211463 -2.105600011929198 90
    endloop
  endfacet
  facet normal -0.9980991562740207 -0.043577950279113355 0.04357793586849922
    outer loop
      vertex -2.5 -9 87.5
      vertex -2.4904867485165596 -9 87.71788935363293
      vertex -2.5247344624036536 -8.433487672140222 87.5
    endloop
  endfacet
  facet normal -0.9905172791017259 -0.043246918372754746 0.13040407912398225
    outer loop
      vertex -2.4904867485165596 -9 87.71788935363293
      vertex -2.462019383907318 -9 87.93412044644356
      vertex -2.515257411714237 -8.432658537641238 87.71788935363293
    endloop
  endfacet
  facet normal -0.9754102612679211 -0.04258733172959501 0.21624324588157492
    outer loop
      vertex -2.462019383907318 -9 87.93412044644356
      vertex -2.414814569056034 -9 88.1470476090908
      vertex -2.486898374021866 -8.430177443334651 87.93412044644356
    endloop
  endfacet
  facet normal -0.9980991562740208 -0.04357795027911365 0.04357793586849848
    outer loop
      vertex -2.4904867485165596 -9 87.71788935363293
      vertex -2.515257411714237 -8.432658537641238 87.71788935363293
      vertex -2.5247344624036536 -8.433487672140222 87.5
    endloop
  endfacet
  facet normal -0.990517279101726 -0.04324691837275463 0.13040407912398255
    outer loop
      vertex -2.462019383907318 -9 87.93412044644356
      vertex -2.486898374021866 -8.430177443334651 87.93412044644356
      vertex -2.515257411714237 -8.432658537641238 87.71788935363293
    endloop
  endfacet
  facet normal -0.9754102612679214 -0.042587331729595675 0.21624324588157326
    outer loop
      vertex -2.414814569056034 -9 88.1470476090908
      vertex -2.4398731877426147 -8.426063272635021 88.1470476090908
      vertex -2.486898374021866 -8.430177443334651 87.93412044644356
    endloop
  endfacet
  facet normal -0.9905030190260272 -0.13040219632263297 0.04357793586849825
    outer loop
      vertex -2.5247344624036536 -8.433487672140222 87.5
      vertex -2.515257411714237 -8.432658537641238 87.71788935363293
      vertex -2.5987496054206476 -7.871286845164953 87.5
    endloop
  endfacet
  facet normal -0.9829788445170761 -0.12941161995624686 0.13040407912398255
    outer loop
      vertex -2.515257411714237 -8.432658537641238 87.71788935363293
      vertex -2.486898374021866 -8.430177443334651 87.93412044644356
      vertex -2.589380881603401 -7.869634886381166 87.71788935363293
    endloop
  endfacet
  facet normal -0.9679868002108537 -0.1274378798793914 0.2162432458815735
    outer loop
      vertex -2.486898374021866 -8.430177443334651 87.93412044644356
      vertex -2.4398731877426147 -8.426063272635021 88.1470476090908
      vertex -2.5613460002283945 -7.864691580393791 87.93412044644356
    endloop
  endfacet
  facet normal -0.9456391114074604 -0.12449575083311819 0.3004454675993751
    outer loop
      vertex -2.4398731877426147 -8.426063272635021 88.1470476090908
      vertex -2.3745397304867923 -8.420347335776182 88.355050355196
      vertex -2.5148583325833442 -7.856494550317761 88.1470476090908
    endloop
  endfacet
  facet normal -0.9528109487636398 -0.300420138175812 0.04357793586849691
    outer loop
      vertex -2.7122930338212177 -7.3152139961688505 87.71788935363293
      vertex -2.883058432672926 -6.773615344747293 87.71788935363293
      vertex -2.891997964891595 -6.776869068383153 87.5
    endloop
  endfacet
  facet normal -0.9455730951530711 -0.2981380516983154 0.1304040791239821
    outer loop
      vertex -2.6847956711387644 -7.3078461000441015 87.93412044644356
      vertex -2.8563078602163996 -6.763878932623538 87.93412044644356
      vertex -2.883058432672926 -6.773615344747293 87.71788935363293
    endloop
  endfacet
  facet normal -0.975368555721171 -0.21623400291313663 0.04357793586849638
    outer loop
      vertex -2.5987496054206476 -7.871286845164953 87.5
      vertex -2.589380881603401 -7.869634886381166 87.71788935363293
      vertex -2.721482129121056 -7.317676206833616 87.5
    endloop
  endfacet
  facet normal -0.9679593473867978 -0.21459142097099415 0.13040407912398355
    outer loop
      vertex -2.589380881603401 -7.869634886381166 87.71788935363293
      vertex -2.5613460002283945 -7.864691580393791 87.93412044644356
      vertex -2.7122930338212177 -7.3152139961688505 87.71788935363293
    endloop
  endfacet
  facet normal -0.9753685557211711 -0.21623400291313427 0.043577935868502386
    outer loop
      vertex -2.589380881603401 -7.869634886381166 87.71788935363293
      vertex -2.7122930338212177 -7.3152139961688505 87.71788935363293
      vertex -2.721482129121056 -7.317676206833616 87.5
    endloop
  endfacet
  facet normal -0.9679593473867979 -0.21459142097099562 0.13040407912397992
    outer loop
      vertex -2.5613460002283945 -7.864691580393791 87.93412044644356
      vertex -2.6847956711387644 -7.3078461000441015 87.93412044644356
      vertex -2.7122930338212177 -7.3152139961688505 87.71788935363293
    endloop
  endfacet
  facet normal -0.9905030190260272 -0.13040219632263372 0.043577935868496426
    outer loop
      vertex -2.515257411714237 -8.432658537641238 87.71788935363293
      vertex -2.589380881603401 -7.869634886381166 87.71788935363293
      vertex -2.5987496054206476 -7.871286845164953 87.5
    endloop
  endfacet
  facet normal -0.982978844517076 -0.12941161995624645 0.13040407912398352
    outer loop
      vertex -2.486898374021866 -8.430177443334651 87.93412044644356
      vertex -2.5613460002283945 -7.864691580393791 87.93412044644356
      vertex -2.589380881603401 -7.869634886381166 87.71788935363293
    endloop
  endfacet
  facet normal -0.9679868002108534 -0.1274378798793908 0.21624324588157484
    outer loop
      vertex -2.4398731877426147 -8.426063272635021 88.1470476090908
      vertex -2.5148583325833442 -7.856494550317761 88.1470476090908
      vertex -2.5613460002283945 -7.864691580393791 87.93412044644356
    endloop
  endfacet
  facet normal -0.9456391114074602 -0.12449575083311806 0.30044546759937524
    outer loop
      vertex -2.5148583325833442 -7.856494550317761 88.1470476090908
      vertex -2.3745397304867923 -8.420347335776182 88.355050355196
      vertex -2.450271665579521 -7.845106178330954 88.355050355196
    endloop
  endfacet
  facet normal -0.953196375117771 -0.21131854881420664 0.21624324588157504
    outer loop
      vertex -2.5613460002283945 -7.864691580393791 87.93412044644356
      vertex -2.5148583325833442 -7.856494550317761 88.1470476090908
      vertex -2.6847956711387644 -7.3078461000441015 87.93412044644356
    endloop
  endfacet
  facet normal -0.9311901494595138 -0.20643988604085506 0.3004454675993752
    outer loop
      vertex -2.5148583325833442 -7.856494550317761 88.1470476090908
      vertex -2.450271665579521 -7.845106178330954 88.355050355196
      vertex -2.6391993213487153 -7.295628594940052 88.1470476090908
    endloop
  endfacet
  facet normal -0.9021055920888171 -0.19999199490644007 0.38237246592220414
    outer loop
      vertex -2.450271665579521 -7.845106178330954 88.355050355196
      vertex -2.3680775602915203 -7.830613139913487 88.55654565244913
      vertex -2.575850988131287 -7.278654460212584 88.355050355196
    endloop
  endfacet
  facet normal -0.9531963751177711 -0.2113185488142068 0.21624324588157462
    outer loop
      vertex -2.5148583325833442 -7.856494550317761 88.1470476090908
      vertex -2.6391993213487153 -7.295628594940052 88.1470476090908
      vertex -2.6847956711387644 -7.3078461000441015 87.93412044644356
    endloop
  endfacet
  facet normal -0.9528109487636401 -0.30042013817580976 0.04357793586850268
    outer loop
      vertex -2.721482129121056 -7.317676206833616 87.5
      vertex -2.7122930338212177 -7.3152139961688505 87.71788935363293
      vertex -2.891997964891595 -6.776869068383153 87.5
    endloop
  endfacet
  facet normal -0.9455730951530711 -0.29813805169831625 0.13040407912397992
    outer loop
      vertex -2.7122930338212177 -7.3152139961688505 87.71788935363293
      vertex -2.6847956711387644 -7.3078461000441015 87.93412044644356
      vertex -2.883058432672926 -6.773615344747293 87.71788935363293
    endloop
  endfacet
  facet normal -0.9311515500543346 -0.2935909559949201 0.21624324588157437
    outer loop
      vertex -2.6847956711387644 -7.3078461000441015 87.93412044644356
      vertex -2.6391993213487153 -7.295628594940052 88.1470476090908
      vertex -2.8563078602163996 -6.763878932623538 87.93412044644356
    endloop
  endfacet
  facet normal -0.9311515500543345 -0.2935909559949197 0.21624324588157554
    outer loop
      vertex -2.6391993213487153 -7.295628594940052 88.1470476090908
      vertex -2.811949844035083 -6.747733935082439 88.1470476090908
      vertex -2.8563078602163996 -6.763878932623538 87.93412044644356
    endloop
  endfacet
  facet normal -0.9096542682061957 -0.28681288906401137 0.30044546759937313
    outer loop
      vertex -2.6391993213487153 -7.295628594940052 88.1470476090908
      vertex -2.575850988131287 -7.278654460212584 88.355050355196
      vertex -2.811949844035083 -6.747733935082439 88.1470476090908
    endloop
  endfacet
  facet normal -0.8812423570981379 -0.27785464790190245 0.38237246592220536
    outer loop
      vertex -2.575850988131287 -7.278654460212584 88.355050355196
      vertex -2.4952328077569303 -7.257052883886008 88.55654565244913
      vertex -2.7503219636706024 -6.72530322102885 88.355050355196
    endloop
  endfacet
  facet normal -0.9311901494595142 -0.20643988604085603 0.3004454675993731
    outer loop
      vertex -2.450271665579521 -7.845106178330954 88.355050355196
      vertex -2.575850988131287 -7.278654460212584 88.355050355196
      vertex -2.6391993213487153 -7.295628594940052 88.1470476090908
    endloop
  endfacet
  facet normal -0.9021055920888168 -0.19999199490643965 0.38237246592220503
    outer loop
      vertex -2.575850988131287 -7.278654460212584 88.355050355196
      vertex -2.3680775602915203 -7.830613139913487 88.55654565244913
      vertex -2.4952328077569303 -7.257052883886008 88.55654565244913
    endloop
  endfacet
  facet normal -0.8461289084403737 -0.2667834200667457 0.4614027276458084
    outer loop
      vertex -2.4952328077569303 -7.257052883886008 88.55654565244913
      vertex -2.3979583211914752 -7.230988263766642 88.75
      vertex -2.6718932612411272 -6.6967575078324 88.55654565244913
    endloop
  endfacet
  facet normal -0.8045777218256601 -0.25368238125064296 0.5369356935284096
    outer loop
      vertex -2.3979583211914752 -7.230988263766642 88.75
      vertex -2.284767853809454 -7.200658969440728 88.93394108861685
      vertex -2.577260614790964 -6.662314041334703 88.75
    endloop
  endfacet
  facet normal -0.9528911887250895 -0.041604127788950444 0.30044546759937446
    outer loop
      vertex -2.414814569056034 -9 88.1470476090908
      vertex -2.3492315486073494 -9 88.355050355196
      vertex -2.4398731877426147 -8.426063272635021 88.1470476090908
    endloop
  endfacet
  facet normal -0.9231288265882128 -0.040304674994869526 0.38237246592220425
    outer loop
      vertex -2.3492315486073494 -9 88.355050355196
      vertex -2.2657694667577744 -9 88.55654565244913
      vertex -2.3745397304867923 -8.420347335776182 88.355050355196
    endloop
  endfacet
  facet normal -0.8863463950631958 -0.03869871935201954 0.46140272764580703
    outer loop
      vertex -2.2657694667577744 -9 88.55654565244913
      vertex -2.1650635078549385 -9 88.75
      vertex -2.2913952470565464 -8.413073136041316 88.55654565244913
    endloop
  endfacet
  facet normal -0.8428202324428521 -0.03679832605082595 0.5369356935284093
    outer loop
      vertex -2.1650635078549385 -9 88.75
      vertex -2.0478801131248474 -9 88.93394108861685
      vertex -2.191072504731296 -8.404296033394024 88.75
    endloop
  endfacet
  facet normal -0.9528911887250893 -0.04160412778895013 0.3004454675993752
    outer loop
      vertex -2.4398731877426147 -8.426063272635021 88.1470476090908
      vertex -2.3492315486073494 -9 88.355050355196
      vertex -2.3745397304867923 -8.420347335776182 88.355050355196
    endloop
  endfacet
  facet normal -0.9231288265882127 -0.040304674994869547 0.38237246592220414
    outer loop
      vertex -2.2657694667577744 -9 88.55654565244913
      vertex -2.2913952470565464 -8.413073136041316 88.55654565244913
      vertex -2.3745397304867923 -8.420347335776182 88.355050355196
    endloop
  endfacet
  facet normal -0.9161032588174512 -0.12060728207127025 0.38237246592220425
    outer loop
      vertex -2.450271665579521 -7.845106178330954 88.355050355196
      vertex -2.3745397304867923 -8.420347335776182 88.355050355196
      vertex -2.2913952470565464 -8.413073136041316 88.55654565244913
    endloop
  endfacet
  facet normal -0.8863463950631957 -0.03869871935201936 0.4614027276458074
    outer loop
      vertex -2.1650635078549385 -9 88.75
      vertex -2.191072504731296 -8.404296033394024 88.75
      vertex -2.2913952470565464 -8.413073136041316 88.55654565244913
    endloop
  endfacet
  facet normal -0.8796007638061786 -0.11580163743486485 0.4614027276458074
    outer loop
      vertex -2.2913952470565464 -8.413073136041316 88.55654565244913
      vertex -2.191072504731296 -8.404296033394024 88.75
      vertex -2.3680775602915203 -7.830613139913487 88.55654565244913
    endloop
  endfacet
  facet normal -0.8428202324428533 -0.03679832605082681 0.5369356935284074
    outer loop
      vertex -2.0478801131248474 -9 88.93394108861685
      vertex -2.0743350281967876 -8.394082827588631 88.93394108861685
      vertex -2.191072504731296 -8.404296033394024 88.75
    endloop
  endfacet
  facet normal -0.8364058615651928 -0.11011492067179562 0.5369356935284072
    outer loop
      vertex -2.191072504731296 -8.404296033394024 88.75
      vertex -2.0743350281967876 -8.394082827588631 88.93394108861685
      vertex -2.2689015511894786 -7.813125733669809 88.75
    endloop
  endfacet
  facet normal -0.7868435423419586 -0.10358991755983299 0.6083965555907639
    outer loop
      vertex -2.0743350281967876 -8.394082827588631 88.93394108861685
      vertex -1.942071250828728 -8.38251124647381 89.10696902126074
      vertex -2.1534984355349955 -7.792777050722104 88.93394108861685
    endloop
  endfacet
  facet normal -0.7928778213148829 -0.03461779328985503 0.6083965555907638
    outer loop
      vertex -2.0478801131248474 -9 88.93394108861685
      vertex -1.9151111096143723 -9 89.10696902126074
      vertex -2.0743350281967876 -8.394082827588631 88.93394108861685
    endloop
  endfacet
  facet normal -0.7368956462172903 -0.03217355873902464 0.6752404525086371
    outer loop
      vertex -1.9151111096143723 -9 89.10696902126074
      vertex -1.7677669525146484 -9 89.26776695251465
      vertex -1.942071250828728 -8.38251124647381 89.10696902126074
    endloop
  endfacet
  facet normal -0.675296494681291 -0.02948408170059846 0.7369568055167368
    outer loop
      vertex -1.7677669525146484 -9 89.26776695251465
      vertex -1.6069690212607384 -9 89.41511110961437
      vertex -1.7952877827311857 -8.369669357022255 89.26776695251465
    endloop
  endfacet
  facet normal -0.7928778213148829 -0.03461779328985498 0.6083965555907639
    outer loop
      vertex -2.0743350281967876 -8.394082827588631 88.93394108861685
      vertex -1.9151111096143723 -9 89.10696902126074
      vertex -1.942071250828728 -8.38251124647381 89.10696902126074
    endloop
  endfacet
  facet normal -0.7368956462172902 -0.032173558739024534 0.6752404525086371
    outer loop
      vertex -1.7677669525146484 -9 89.26776695251465
      vertex -1.7952877827311857 -8.369669357022255 89.26776695251465
      vertex -1.942071250828728 -8.38251124647381 89.10696902126074
    endloop
  endfacet
  facet normal -0.73128742539982 -0.0962758160081428 0.6752404525086371
    outer loop
      vertex -1.942071250828728 -8.38251124647381 89.10696902126074
      vertex -1.7952877827311857 -8.369669357022255 89.26776695251465
      vertex -2.0227464915181743 -7.769721955211856 89.10696902126074
    endloop
  endfacet
  facet normal -0.675296494681291 -0.029484081700598408 0.7369568055167369
    outer loop
      vertex -1.7952877827311857 -8.369669357022255 89.26776695251465
      vertex -1.6069690212607384 -9 89.41511110961437
      vertex -1.6351017361519196 -8.355654893891533 89.41511110961437
    endloop
  endfacet
  facet normal -0.6701570806015943 -0.08822785343707797 0.736956805516737
    outer loop
      vertex -1.7952877827311857 -8.369669357022255 89.26776695251465
      vertex -1.6351017361519196 -8.355654893891533 89.41511110961437
      vertex -1.8776408232453177 -7.744135910841619 89.26776695251465
    endloop
  endfacet
  facet normal -0.9161032588174512 -0.12060728207127036 0.38237246592220403
    outer loop
      vertex -2.450271665579521 -7.845106178330954 88.355050355196
      vertex -2.2913952470565464 -8.413073136041316 88.55654565244913
      vertex -2.3680775602915203 -7.830613139913487 88.55654565244913
    endloop
  endfacet
  facet normal -0.8796007638061787 -0.11580163743486484 0.46140272764580753
    outer loop
      vertex -2.191072504731296 -8.404296033394024 88.75
      vertex -2.2689015511894786 -7.813125733669809 88.75
      vertex -2.3680775602915203 -7.830613139913487 88.55654565244913
    endloop
  endfacet
  facet normal -0.8661608396191344 -0.19202323513388944 0.46140272764580736
    outer loop
      vertex -2.4952328077569303 -7.257052883886008 88.55654565244913
      vertex -2.3680775602915203 -7.830613139913487 88.55654565244913
      vertex -2.2689015511894786 -7.813125733669809 88.75
    endloop
  endfacet
  facet normal -0.8236259370453539 -0.18259347425724443 0.5369356935284073
    outer loop
      vertex -2.2689015511894786 -7.813125733669809 88.75
      vertex -2.1534984355349955 -7.792777050722104 88.93394108861685
      vertex -2.3979583211914752 -7.230988263766642 88.75
    endloop
  endfacet
  facet normal -0.8364058615651927 -0.11011492067179558 0.5369356935284072
    outer loop
      vertex -2.0743350281967876 -8.394082827588631 88.93394108861685
      vertex -2.1534984355349955 -7.792777050722104 88.93394108861685
      vertex -2.2689015511894786 -7.813125733669809 88.75
    endloop
  endfacet
  facet normal -0.7868435423419582 -0.10358991755983277 0.6083965555907643
    outer loop
      vertex -1.942071250828728 -8.38251124647381 89.10696902126074
      vertex -2.0227464915181743 -7.769721955211856 89.10696902126074
      vertex -2.1534984355349955 -7.792777050722104 88.93394108861685
    endloop
  endfacet
  facet normal -0.7748209089026912 -0.17177366000787667 0.6083965555907643
    outer loop
      vertex -2.1534984355349955 -7.792777050722104 88.93394108861685
      vertex -2.0227464915181743 -7.769721955211856 89.10696902126074
      vertex -2.284767853809454 -7.200658969440728 88.93394108861685
    endloop
  endfacet
  facet normal -0.8661608396191339 -0.1920232351338889 0.46140272764580853
    outer loop
      vertex -2.4952328077569303 -7.257052883886008 88.55654565244913
      vertex -2.2689015511894786 -7.813125733669809 88.75
      vertex -2.3979583211914752 -7.230988263766642 88.75
    endloop
  endfacet
  facet normal -0.8236259370453527 -0.18259347425724312 0.5369356935284098
    outer loop
      vertex -2.1534984355349955 -7.792777050722104 88.93394108861685
      vertex -2.284767853809454 -7.200658969440728 88.93394108861685
      vertex -2.3979583211914752 -7.230988263766642 88.75
    endloop
  endfacet
  facet normal -0.7569014204970189 -0.23865010118349322 0.6083965555907621
    outer loop
      vertex -2.284767853809454 -7.200658969440728 88.93394108861685
      vertex -2.1565228443880224 -7.166295822732934 89.10696902126074
      vertex -2.467144243484455 -6.622234959873729 88.93394108861685
    endloop
  endfacet
  facet normal -0.7748209089026926 -0.17177366000787797 0.6083965555907622
    outer loop
      vertex -2.0227464915181743 -7.769721955211856 89.10696902126074
      vertex -2.1565228443880224 -7.166295822732934 89.10696902126074
      vertex -2.284767853809454 -7.200658969440728 88.93394108861685
    endloop
  endfacet
  facet normal -0.7034594062108683 -0.22179989880381543 0.6752404525086376
    outer loop
      vertex -2.1565228443880224 -7.166295822732934 89.10696902126074
      vertex -2.014199317692605 -7.1281603486909475 89.26776695251465
      vertex -2.342382190616563 -6.576825286263869 89.10696902126074
    endloop
  endfacet
  facet normal -0.7312874253998204 -0.09627581600814315 0.6752404525086364
    outer loop
      vertex -1.7952877827311857 -8.369669357022255 89.26776695251465
      vertex -1.8776408232453177 -7.744135910841619 89.26776695251465
      vertex -2.0227464915181743 -7.769721955211856 89.10696902126074
    endloop
  endfacet
  facet normal -0.7201136657116376 -0.1596453561845118 0.6752404525086366
    outer loop
      vertex -2.0227464915181743 -7.769721955211856 89.10696902126074
      vertex -1.8776408232453177 -7.744135910841619 89.26776695251465
      vertex -2.1565228443880224 -7.166295822732934 89.10696902126074
    endloop
  endfacet
  facet normal -0.6599173664866113 -0.14630015793546566 0.7369568055167368
    outer loop
      vertex -1.8776408232453177 -7.744135910841619 89.26776695251465
      vertex -1.719285773878143 -7.716213643106765 89.41511110961437
      vertex -2.014199317692605 -7.1281603486909475 89.26776695251465
    endloop
  endfacet
  facet normal -0.6701570806015945 -0.0882278534370782 0.7369568055167368
    outer loop
      vertex -1.8776408232453177 -7.744135910841619 89.26776695251465
      vertex -1.6351017361519196 -8.355654893891533 89.41511110961437
      vertex -1.719285773878143 -7.716213643106765 89.41511110961437
    endloop
  endfacet
  facet normal -0.5946875452821696 -0.13183905472928759 0.7930732545826743
    outer loop
      vertex -1.719285773878143 -7.716213643106765 89.41511110961437
      vertex -1.5488865243227652 -7.686167657917677 89.54788011312485
      vertex -1.858880443080599 -7.08654278166935 89.41511110961437
    endloop
  endfacet
  facet normal -0.7201136657116367 -0.15964535618451106 0.6752404525086376
    outer loop
      vertex -2.1565228443880224 -7.166295822732934 89.10696902126074
      vertex -1.8776408232453177 -7.744135910841619 89.26776695251465
      vertex -2.014199317692605 -7.1281603486909475 89.26776695251465
    endloop
  endfacet
  facet normal -0.6599173664866108 -0.14630015793546536 0.7369568055167373
    outer loop
      vertex -1.719285773878143 -7.716213643106765 89.41511110961437
      vertex -1.858880443080599 -7.08654278166935 89.41511110961437
      vertex -2.014199317692605 -7.1281603486909475 89.26776695251465
    endloop
  endfacet
  facet normal -0.594687545282171 -0.1318390547292886 0.7930732545826731
    outer loop
      vertex -1.858880443080599 -7.08654278166935 89.41511110961437
      vertex -1.5488865243227652 -7.686167657917677 89.54788011312485
      vertex -1.69174829427046 -7.0417598573663955 89.54788011312485
    endloop
  endfacet
  facet normal -0.9230018751630367 -0.3823198947883299 0.04357793586849465
    outer loop
      vertex -2.883058432672926 -6.773615344747293 87.71788935363293
      vertex -3.100377450362296 -6.248960824880021 87.71788935363293
      vertex -3.108999384261775 -6.252981298685453 87.5
    endloop
  endfacet
  facet normal -0.9159904607125843 -0.3794156718315321 0.13040407912398572
    outer loop
      vertex -2.8563078602163996 -6.763878932623538 87.93412044644356
      vertex -3.074577256140528 -6.236929996732524 87.93412044644356
      vertex -3.100377450362296 -6.248960824880021 87.71788935363293
    endloop
  endfacet
  facet normal -0.9230018751630369 -0.38231989478832895 0.04357793586849708
    outer loop
      vertex -2.891997964891595 -6.776869068383153 87.5
      vertex -2.883058432672926 -6.773615344747293 87.71788935363293
      vertex -3.108999384261775 -6.252981298685453 87.5
    endloop
  endfacet
  facet normal -0.9159904607125842 -0.37941567183153374 0.13040407912398164
    outer loop
      vertex -2.883058432672926 -6.773615344747293 87.71788935363293
      vertex -2.8563078602163996 -6.763878932623538 87.93412044644356
      vertex -3.100377450362296 -6.248960824880021 87.71788935363293
    endloop
  endfacet
  facet normal -0.9020200994503061 -0.3736289587254449 0.21624324588157565
    outer loop
      vertex -2.8563078602163996 -6.763878932623538 87.93412044644356
      vertex -2.811949844035083 -6.747733935082439 88.1470476090908
      vertex -3.074577256140528 -6.236929996732524 87.93412044644356
    endloop
  endfacet
  facet normal -0.9020200994503064 -0.37362895872544544 0.21624324588157437
    outer loop
      vertex -2.811949844035083 -6.747733935082439 88.1470476090908
      vertex -3.031795164855186 -6.216980379934283 88.1470476090908
      vertex -3.074577256140528 -6.236929996732524 87.93412044644356
    endloop
  endfacet
  facet normal -0.8811953687075624 -0.36500307281903377 0.3004454675993734
    outer loop
      vertex -3.031795164855186 -6.216980379934283 88.1470476090908
      vertex -2.7503219636706024 -6.72530322102885 88.355050355196
      vertex -2.97235676272516 -6.189263797832554 88.355050355196
    endloop
  endfacet
  facet normal -0.8811953687075623 -0.3650030728190329 0.3004454675993754
    outer loop
      vertex -2.811949844035083 -6.747733935082439 88.1470476090908
      vertex -2.7503219636706024 -6.72530322102885 88.355050355196
      vertex -3.031795164855186 -6.216980379934283 88.1470476090908
    endloop
  endfacet
  facet normal -0.853672335661258 -0.35360265925361156 0.38237246592220336
    outer loop
      vertex -2.97235676272516 -6.189263797832554 88.355050355196
      vertex -2.7503219636706024 -6.72530322102885 88.355050355196
      vertex -2.6718932612411272 -6.6967575078324 88.55654565244913
    endloop
  endfacet
  facet normal -0.8536723356612579 -0.35360265925361095 0.38237246592220464
    outer loop
      vertex -2.97235676272516 -6.189263797832554 88.355050355196
      vertex -2.6718932612411272 -6.6967575078324 88.55654565244913
      vertex -2.8967144280226 -6.153991197880027 88.55654565244913
    endloop
  endfacet
  facet normal -0.8660237312348336 -0.4508234194767366 0.21624324588157445
    outer loop
      vertex -3.337942697013503 -5.731009691953659 87.93412044644356
      vertex -3.074577256140528 -6.236929996732524 87.93412044644356
      vertex -3.031795164855186 -6.216980379934283 88.1470476090908
    endloop
  endfacet
  facet normal -0.8460300403727548 -0.44041536279501975 0.30044546759937374
    outer loop
      vertex -3.2970621281713495 -5.707407284528017 88.1470476090908
      vertex -3.031795164855186 -6.216980379934283 88.1470476090908
      vertex -2.97235676272516 -6.189263797832554 88.355050355196
    endloop
  endfacet
  facet normal -0.8196053522885471 -0.4266595408572738 0.3823724659222039
    outer loop
      vertex -3.240265566405874 -5.674615774303675 88.355050355196
      vertex -2.8967144280226 -6.153991197880027 88.55654565244913
      vertex -3.167985283271406 -5.632884733378887 88.55654565244913
    endloop
  endfacet
  facet normal -0.8196053522885469 -0.42665954085727337 0.38237246592220475
    outer loop
      vertex -3.240265566405874 -5.674615774303675 88.355050355196
      vertex -2.97235676272516 -6.189263797832554 88.355050355196
      vertex -2.8967144280226 -6.153991197880027 88.55654565244913
    endloop
  endfacet
  facet normal -0.7869478543534951 -0.4096591234788242 0.46140272764580786
    outer loop
      vertex -2.805443833267966 -6.1114310205815805 88.75
      vertex -3.0807713645490784 -5.582531753927469 88.75
      vertex -3.167985283271406 -5.632884733378887 88.55654565244913
    endloop
  endfacet
  facet normal -0.786947854353495 -0.409659123478824 0.46140272764580825
    outer loop
      vertex -2.8967144280226 -6.153991197880027 88.55654565244913
      vertex -2.805443833267966 -6.1114310205815805 88.75
      vertex -3.167985283271406 -5.632884733378887 88.55654565244913
    endloop
  endfacet
  facet normal -0.7483028951444287 -0.389541831044668 0.5369356935284088
    outer loop
      vertex -2.805443833267966 -6.1114310205815805 88.75
      vertex -2.699239610112695 -6.0619071779958755 88.93394108861685
      vertex -3.0807713645490784 -5.582531753927469 88.75
    endloop
  endfacet
  facet normal -0.9096542682061951 -0.2868128890640102 0.3004454675993754
    outer loop
      vertex -2.575850988131287 -7.278654460212584 88.355050355196
      vertex -2.7503219636706024 -6.72530322102885 88.355050355196
      vertex -2.811949844035083 -6.747733935082439 88.1470476090908
    endloop
  endfacet
  facet normal -0.8812423570981384 -0.2778546479019033 0.3823724659222036
    outer loop
      vertex -2.4952328077569303 -7.257052883886008 88.55654565244913
      vertex -2.6718932612411272 -6.6967575078324 88.55654565244913
      vertex -2.7503219636706024 -6.72530322102885 88.355050355196
    endloop
  endfacet
  facet normal -0.8196574253617792 -0.33951322208466267 0.461402727645806
    outer loop
      vertex -2.8967144280226 -6.153991197880027 88.55654565244913
      vertex -2.6718932612411272 -6.6967575078324 88.55654565244913
      vertex -2.577260614790964 -6.662314041334703 88.75
    endloop
  endfacet
  facet normal -0.7794061843255642 -0.3228406121451127 0.5369356935284091
    outer loop
      vertex -2.805443833267966 -6.1114310205815805 88.75
      vertex -2.577260614790964 -6.662314041334703 88.75
      vertex -2.467144243484455 -6.622234959873729 88.93394108861685
    endloop
  endfacet
  facet normal -0.8461289084403746 -0.2667834200667471 0.46140272764580587
    outer loop
      vertex -2.3979583211914752 -7.230988263766642 88.75
      vertex -2.577260614790964 -6.662314041334703 88.75
      vertex -2.6718932612411272 -6.6967575078324 88.55654565244913
    endloop
  endfacet
  facet normal -0.8045777218256605 -0.25368238125064335 0.536935693528409
    outer loop
      vertex -2.284767853809454 -7.200658969440728 88.93394108861685
      vertex -2.467144243484455 -6.622234959873729 88.93394108861685
      vertex -2.577260614790964 -6.662314041334703 88.75
    endloop
  endfacet
  facet normal -0.7332214552517885 -0.303710270988228 0.6083965555907647
    outer loop
      vertex -2.467144243484455 -6.622234959873729 88.93394108861685
      vertex -2.342382190616563 -6.576825286263869 89.10696902126074
      vertex -2.699239610112695 -6.0619071779958755 88.93394108861685
    endloop
  endfacet
  facet normal -0.8196574253617784 -0.3395132220846611 0.46140272764580853
    outer loop
      vertex -2.8967144280226 -6.153991197880027 88.55654565244913
      vertex -2.577260614790964 -6.662314041334703 88.75
      vertex -2.805443833267966 -6.1114310205815805 88.75
    endloop
  endfacet
  facet normal -0.7794061843255642 -0.3228406121451129 0.5369356935284089
    outer loop
      vertex -2.805443833267966 -6.1114310205815805 88.75
      vertex -2.467144243484455 -6.622234959873729 88.93394108861685
      vertex -2.699239610112695 -6.0619071779958755 88.93394108861685
    endloop
  endfacet
  facet normal -0.7039612320008751 -0.36645902224546917 0.6083965555907632
    outer loop
      vertex -2.699239610112695 -6.0619071779958755 88.93394108861685
      vertex -2.5789100283540556 -6.005796572519233 89.10696902126074
      vertex -2.97928756781112 -5.523940056562424 88.93394108861685
    endloop
  endfacet
  facet normal -0.6542571289318356 -0.34058470391049966 0.6752404525086368
    outer loop
      vertex -2.5789100283540556 -6.005796572519233 89.10696902126074
      vertex -2.4453708714002245 -5.943526240968099 89.26776695251465
      vertex -2.864306237935904 -5.457555554807186 89.10696902126074
    endloop
  endfacet
  facet normal -0.7332214552517895 -0.30371027098822917 0.6083965555907631
    outer loop
      vertex -2.699239610112695 -6.0619071779958755 88.93394108861685
      vertex -2.342382190616563 -6.576825286263869 89.10696902126074
      vertex -2.5789100283540556 -6.005796572519233 89.10696902126074
    endloop
  endfacet
  facet normal -0.6814513958684328 -0.2822664102667827 0.6752404525086368
    outer loop
      vertex -2.5789100283540556 -6.005796572519233 89.10696902126074
      vertex -2.2039239734740326 -6.526430616534422 89.26776695251465
      vertex -2.4453708714002245 -5.943526240968099 89.26776695251465
    endloop
  endfacet
  facet normal -0.7115045690936024 -0.4532784013981845 0.5369356935284089
    outer loop
      vertex -3.401147799873942 -5.079641484149716 88.75
      vertex -3.0807713645490784 -5.582531753927469 88.75
      vertex -2.97928756781112 -5.523940056562424 88.93394108861685
    endloop
  endfacet
  facet normal -0.6693434387110209 -0.42641879906941493 0.6083965555907623
    outer loop
      vertex -3.3051567825240644 -5.012427850200913 88.93394108861685
      vertex -2.97928756781112 -5.523940056562424 88.93394108861685
      vertex -2.864306237935904 -5.457555554807186 89.10696902126074
    endloop
  endfacet
  facet normal -0.7483028951444288 -0.389541831044668 0.536935693528409
    outer loop
      vertex -2.699239610112695 -6.0619071779958755 88.93394108861685
      vertex -2.97928756781112 -5.523940056562424 88.93394108861685
      vertex -3.0807713645490784 -5.582531753927469 88.75
    endloop
  endfacet
  facet normal -0.7039612320008756 -0.36645902224546983 0.6083965555907624
    outer loop
      vertex -2.5789100283540556 -6.005796572519233 89.10696902126074
      vertex -2.864306237935904 -5.457555554807186 89.10696902126074
      vertex -2.97928756781112 -5.523940056562424 88.93394108861685
    endloop
  endfacet
  facet normal -0.6220835701928119 -0.39631094230679054 0.6752404525086368
    outer loop
      vertex -3.196398781880246 -4.936274678309495 89.10696902126074
      vertex -2.864306237935904 -5.457555554807186 89.10696902126074
      vertex -2.736702454788338 -5.383883476257324 89.26776695251465
    endloop
  endfacet
  facet normal -0.6693434387110201 -0.42641879906941316 0.6083965555907647
    outer loop
      vertex -3.3051567825240644 -5.012427850200913 88.93394108861685
      vertex -2.864306237935904 -5.457555554807186 89.10696902126074
      vertex -3.196398781880246 -4.936274678309495 89.10696902126074
    endloop
  endfacet
  facet normal -0.622083570192812 -0.39631094230679065 0.6752404525086367
    outer loop
      vertex -3.196398781880246 -4.936274678309495 89.10696902126074
      vertex -2.736702454788338 -5.383883476257324 89.26776695251465
      vertex -3.075701514377969 -4.851761541763087 89.26776695251465
    endloop
  endfacet
  facet normal -0.5362591296084579 -0.41148610269867714 0.7369568055167366
    outer loop
      vertex -3.4597880626324145 -4.3512102067108955 89.26776695251465
      vertex -3.075701514377969 -4.851761541763087 89.26776695251465
      vertex -2.943983560273888 -4.759531637381849 89.41511110961437
    endloop
  endfacet
  facet normal -0.570081878630281 -0.3631822111006183 0.7369568055167381
    outer loop
      vertex -3.075701514377969 -4.851761541763087 89.26776695251465
      vertex -2.736702454788338 -5.383883476257324 89.26776695251465
      vertex -2.5974473614464673 -5.303484510630369 89.41511110961437
    endloop
  endfacet
  facet normal -0.570081878630282 -0.36318221110061993 0.7369568055167366
    outer loop
      vertex -3.075701514377969 -4.851761541763087 89.26776695251465
      vertex -2.5974473614464673 -5.303484510630369 89.41511110961437
      vertex -2.943983560273888 -4.759531637381849 89.41511110961437
    endloop
  endfacet
  facet normal -0.6542571289318356 -0.3405847039104997 0.6752404525086368
    outer loop
      vertex -2.4453708714002245 -5.943526240968099 89.26776695251465
      vertex -2.736702454788338 -5.383883476257324 89.26776695251465
      vertex -2.864306237935904 -5.457555554807186 89.10696902126074
    endloop
  endfacet
  facet normal -0.5995659603308788 -0.312114283580671 0.7369568055167381
    outer loop
      vertex -2.736702454788338 -5.383883476257324 89.26776695251465
      vertex -2.2996384541654216 -5.875570098770071 89.41511110961437
      vertex -2.5974473614464673 -5.303484510630369 89.41511110961437
    endloop
  endfacet
  facet normal -0.5995659603308793 -0.31211428358067156 0.7369568055167376
    outer loop
      vertex -2.4453708714002245 -5.943526240968099 89.26776695251465
      vertex -2.2996384541654216 -5.875570098770071 89.41511110961437
      vertex -2.736702454788338 -5.383883476257324 89.26776695251465
    endloop
  endfacet
  facet normal -0.5137318855805101 -0.32728330633190117 0.7930732545826726
    outer loop
      vertex -2.943983560273888 -4.759531637381849 89.41511110961437
      vertex -2.5974473614464673 -5.303484510630369 89.41511110961437
      vertex -2.447600776212556 -5.216970544308424 89.54788011312485
    endloop
  endfacet
  facet normal -0.5137318855805096 -0.3272833063319005 0.7930732545826732
    outer loop
      vertex -2.943983560273888 -4.759531637381849 89.41511110961437
      vertex -2.447600776212556 -5.216970544308424 89.54788011312485
      vertex -2.8022473755295474 -4.660286892386777 89.54788011312485
    endloop
  endfacet
  facet normal -0.4534608411777231 -0.2888864163550773 0.8431594771832389
    outer loop
      vertex -2.8022473755295474 -4.660286892386777 89.54788011312485
      vertex -2.447600776212556 -5.216970544308424 89.54788011312485
      vertex -2.2883031206706006 -5.125 89.66506350785494
    endloop
  endfacet
  facet normal -0.453460841177723 -0.2888864163550772 0.843159477183239
    outer loop
      vertex -2.8022473755295474 -4.660286892386777 89.54788011312485
      vertex -2.2883031206706006 -5.125 89.66506350785494
      vertex -2.6515716567603134 -4.554782618279393 89.66506350785494
    endloop
  endfacet
  facet normal -0.3897266462579889 -0.24828325617520666 0.886830629770723
    outer loop
      vertex -2.120766741219004 -5.0282728262245655 89.76576946675777
      vertex -2.493103132487426 -4.443821763014549 89.76576946675777
      vertex -2.6515716567603134 -4.554782618279393 89.66506350785494
    endloop
  endfacet
  facet normal -0.7569014204970175 -0.2386501011834916 0.6083965555907644
    outer loop
      vertex -2.1565228443880224 -7.166295822732934 89.10696902126074
      vertex -2.342382190616563 -6.576825286263869 89.10696902126074
      vertex -2.467144243484455 -6.622234959873729 88.93394108861685
    endloop
  endfacet
  facet normal -0.6814513958684324 -0.2822664102667821 0.6752404525086375
    outer loop
      vertex -2.5789100283540556 -6.005796572519233 89.10696902126074
      vertex -2.342382190616563 -6.576825286263869 89.10696902126074
      vertex -2.2039239734740326 -6.526430616534422 89.26776695251465
    endloop
  endfacet
  facet normal -0.7034594062108684 -0.22179989880381545 0.6752404525086377
    outer loop
      vertex -2.014199317692605 -7.1281603486909475 89.26776695251465
      vertex -2.2039239734740326 -6.526430616534422 89.26776695251465
      vertex -2.342382190616563 -6.576825286263869 89.10696902126074
    endloop
  endfacet
  facet normal -0.6446552827436637 -0.2032590298935156 0.7369568055167371
    outer loop
      vertex -2.014199317692605 -7.1281603486909475 89.26776695251465
      vertex -1.858880443080599 -7.08654278166935 89.41511110961437
      vertex -2.2039239734740326 -6.526430616534422 89.26776695251465
    endloop
  endfacet
  facet normal -0.6446552827436649 -0.2032590298935168 0.7369568055167357
    outer loop
      vertex -1.858880443080599 -7.08654278166935 89.41511110961437
      vertex -2.052823344037094 -6.471434485040489 89.41511110961437
      vertex -2.2039239734740326 -6.526430616534422 89.26776695251465
    endloop
  endfacet
  facet normal -0.6244869830455363 -0.25867097790291893 0.7369568055167357
    outer loop
      vertex -2.4453708714002245 -5.943526240968099 89.26776695251465
      vertex -2.2039239734740326 -6.526430616534422 89.26776695251465
      vertex -2.052823344037094 -6.471434485040489 89.41511110961437
    endloop
  endfacet
  facet normal -0.6244869830455347 -0.2586709779029173 0.7369568055167376
    outer loop
      vertex -2.4453708714002245 -5.943526240968099 89.26776695251465
      vertex -2.052823344037094 -6.471434485040489 89.41511110961437
      vertex -2.2996384541654216 -5.875570098770071 89.41511110961437
    endloop
  endfacet
  facet normal -0.5627592936146089 -0.23310253176667348 0.7930732545826732
    outer loop
      vertex -2.052823344037094 -6.471434485040489 89.41511110961437
      vertex -1.890230272541789 -6.412255446718282 89.54788011312485
      vertex -2.2996384541654216 -5.875570098770071 89.41511110961437
    endloop
  endfacet
  facet normal -0.5627592936146086 -0.23310253176667325 0.7930732545826733
    outer loop
      vertex -2.2996384541654216 -5.875570098770071 89.41511110961437
      vertex -1.890230272541789 -6.412255446718282 89.54788011312485
      vertex -2.1428218914354105 -5.802445334643524 89.54788011312485
    endloop
  endfacet
  facet normal -0.5809340488932132 -0.18316780203459482 0.7930732545826731
    outer loop
      vertex -1.858880443080599 -7.08654278166935 89.41511110961437
      vertex -1.69174829427046 -7.0417598573663955 89.54788011312485
      vertex -2.052823344037094 -6.471434485040489 89.41511110961437
    endloop
  endfacet
  facet normal -0.5809340488932129 -0.18316780203459468 0.7930732545826732
    outer loop
      vertex -1.69174829427046 -7.0417598573663955 89.54788011312485
      vertex -1.890230272541789 -6.412255446718282 89.54788011312485
      vertex -2.052823344037094 -6.471434485040489 89.41511110961437
    endloop
  endfacet
  facet normal -0.5127788441284394 -0.16167854851646238 0.843159477183238
    outer loop
      vertex -1.69174829427046 -7.0417598573663955 89.54788011312485
      vertex -1.5140748462597209 -6.994152400455464 89.66506350785494
      vertex -1.890230272541789 -6.412255446718282 89.54788011312485
    endloop
  endfacet
  facet normal -0.5127788441284385 -0.16167854851646166 0.8431594771832388
    outer loop
      vertex -1.890230272541789 -6.412255446718282 89.54788011312485
      vertex -1.5140748462597209 -6.994152400455464 89.66506350785494
      vertex -1.7173821889092098 -6.349343889226068 89.66506350785494
    endloop
  endfacet
  facet normal -0.49673635183204873 -0.20575493385256774 0.8431594771832389
    outer loop
      vertex -2.1428218914354105 -5.802445334643524 89.54788011312485
      vertex -1.890230272541789 -6.412255446718282 89.54788011312485
      vertex -1.7173821889092098 -6.349343889226068 89.66506350785494
    endloop
  endfacet
  facet normal -0.49673635183204917 -0.20575493385256816 0.8431594771832385
    outer loop
      vertex -2.1428218914354105 -5.802445334643524 89.54788011312485
      vertex -1.7173821889092098 -6.349343889226068 89.66506350785494
      vertex -1.9761146504659628 -5.7247084715095795 89.66506350785494
    endloop
  endfacet
  facet normal -0.4269197577703483 -0.1768359537135148 0.8868306297707239
    outer loop
      vertex -1.7173821889092098 -6.349343889226068 89.66506350785494
      vertex -1.5355945660567052 -6.283178605549745 89.76576946675777
      vertex -1.9761146504659628 -5.7247084715095795 89.66506350785494
    endloop
  endfacet
  facet normal -0.42691975777035046 -0.1768359537135167 0.8868306297707226
    outer loop
      vertex -1.9761146504659628 -5.7247084715095795 89.66506350785494
      vertex -1.5355945660567052 -6.283178605549745 89.76576946675777
      vertex -1.8007854688445164 -5.64295113142145 89.76576946675777
    endloop
  endfacet
  facet normal -0.540301600308245 -0.2812632104808516 0.7930732545826732
    outer loop
      vertex -2.5974473614464673 -5.303484510630369 89.41511110961437
      vertex -2.2996384541654216 -5.875570098770071 89.41511110961437
      vertex -2.1428218914354105 -5.802445334643524 89.54788011312485
    endloop
  endfacet
  facet normal -0.5403016003082456 -0.28126321048085234 0.7930732545826726
    outer loop
      vertex -2.5974473614464673 -5.303484510630369 89.41511110961437
      vertex -2.1428218914354105 -5.802445334643524 89.54788011312485
      vertex -2.447600776212556 -5.216970544308424 89.54788011312485
    endloop
  endfacet
  facet normal -0.4769133959606067 -0.24826539990383018 0.8431594771832389
    outer loop
      vertex -2.447600776212556 -5.216970544308424 89.54788011312485
      vertex -1.9761146504659628 -5.7247084715095795 89.66506350785494
      vertex -2.2883031206706006 -5.125 89.66506350785494
    endloop
  endfacet
  facet normal -0.47691339596060733 -0.24826539990383087 0.8431594771832385
    outer loop
      vertex -2.447600776212556 -5.216970544308424 89.54788011312485
      vertex -2.1428218914354105 -5.802445334643524 89.54788011312485
      vertex -1.9761146504659628 -5.7247084715095795 89.66506350785494
    endloop
  endfacet
  facet normal -0.40988293031104306 -0.21337154810352635 0.886830629770723
    outer loop
      vertex -2.2883031206706006 -5.125 89.66506350785494
      vertex -1.8007854688445164 -5.64295113142145 89.76576946675777
      vertex -2.120766741219004 -5.0282728262245655 89.76576946675777
    endloop
  endfacet
  facet normal -0.38972664625798875 -0.24828325617520652 0.8868306297707229
    outer loop
      vertex -2.2883031206706006 -5.125 89.66506350785494
      vertex -2.120766741219004 -5.0282728262245655 89.76576946675777
      vertex -2.6515716567603134 -4.554782618279393 89.66506350785494
    endloop
  endfacet
  facet normal -0.323014319816198 -0.20578281696986028 0.9237506056472321
    outer loop
      vertex -2.120766741219004 -5.0282728262245655 89.76576946675777
      vertex -1.9462666950546952 -4.927525177598 89.84923154860735
      vertex -2.493103132487426 -4.443821763014549 89.76576946675777
    endloop
  endfacet
  facet normal -0.40988293031104367 -0.21337154810352701 0.8868306297707226
    outer loop
      vertex -2.2883031206706006 -5.125 89.66506350785494
      vertex -1.9761146504659628 -5.7247084715095795 89.66506350785494
      vertex -1.8007854688445164 -5.64295113142145 89.76576946675777
    endloop
  endfacet
  facet normal -0.33972030706632167 -0.1768471982620484 0.9237506056472321
    outer loop
      vertex -2.120766741219004 -5.0282728262245655 89.76576946675777
      vertex -1.8007854688445164 -5.64295113142145 89.76576946675777
      vertex -1.6181687118927384 -5.557795539147406 89.84923154860735
    endloop
  endfacet
  facet normal -0.2669604275151177 -0.13897080236557782 0.9536347551504262
    outer loop
      vertex -1.9462666950546952 -4.927525177598 89.84923154860735
      vertex -1.6181687118927384 -5.557795539147406 89.84923154860735
      vertex -1.4296542033725936 -5.469889780151137 89.91481456905603
    endloop
  endfacet
  facet normal -0.3397203070663216 -0.17684719826204828 0.9237506056472321
    outer loop
      vertex -2.120766741219004 -5.0282728262245655 89.76576946675777
      vertex -1.6181687118927384 -5.557795539147406 89.84923154860735
      vertex -1.9462666950546952 -4.927525177598 89.84923154860735
    endloop
  endfacet
  facet normal -0.25383245899045664 -0.16170911085045775 0.9536347551504257
    outer loop
      vertex -1.9462666950546952 -4.927525177598 89.84923154860735
      vertex -1.766131032870673 -4.8235238045454025 89.91481456905603
      vertex -2.3280478478279054 -4.328248808474603 89.84923154860735
    endloop
  endfacet
  facet normal -0.26696042751511845 -0.13897080236557854 0.9536347551504258
    outer loop
      vertex -1.9462666950546952 -4.927525177598 89.84923154860735
      vertex -1.4296542033725936 -5.469889780151137 89.91481456905603
      vertex -1.766131032870673 -4.8235238045454025 89.91481456905603
    endloop
  endfacet
  facet normal -0.6085465168127518 -0.02656971472773567 0.7930732545826734
    outer loop
      vertex -1.6069690212607384 -9 89.41511110961437
      vertex -1.433941088616848 -9 89.54788011312485
      vertex -1.6351017361519196 -8.355654893891533 89.41511110961437
    endloop
  endfacet
  facet normal -0.5371518162589082 -0.023452554782883966 0.8431594771832385
    outer loop
      vertex -1.433941088616848 -9 89.54788011312485
      vertex -1.25 -9 89.66506350785494
      vertex -1.4627322270303003 -8.340574515905864 89.54788011312485
    endloop
  endfacet
  facet normal -0.6085465168127518 -0.026569714727735675 0.7930732545826734
    outer loop
      vertex -1.433941088616848 -9 89.54788011312485
      vertex -1.4627322270303003 -8.340574515905864 89.54788011312485
      vertex -1.6351017361519196 -8.355654893891533 89.41511110961437
    endloop
  endfacet
  facet normal -0.6039151103693737 -0.07950693261089634 0.7930732545826731
    outer loop
      vertex -1.719285773878143 -7.716213643106765 89.41511110961437
      vertex -1.6351017361519196 -8.355654893891533 89.41511110961437
      vertex -1.4627322270303003 -8.340574515905864 89.54788011312485
    endloop
  endfacet
  facet normal -0.5371518162589073 -0.023452554782883564 0.8431594771832391
    outer loop
      vertex -1.4627322270303003 -8.340574515905864 89.54788011312485
      vertex -1.25 -9 89.66506350785494
      vertex -1.279491089788972 -8.324542993705649 89.66506350785494
    endloop
  endfacet
  facet normal -0.5330637665960423 -0.07017917624571347 0.8431594771832392
    outer loop
      vertex -1.4627322270303003 -8.340574515905864 89.54788011312485
      vertex -1.279491089788972 -8.324542993705649 89.66506350785494
      vertex -1.5488865243227652 -7.686167657917677 89.54788011312485
    endloop
  endfacet
  facet normal -0.46165480427873323 -0.020156284053053957 0.886830629770723
    outer loop
      vertex -1.279491089788972 -8.324542993705649 89.66506350785494
      vertex -1.25 -9 89.66506350785494
      vertex -1.056545652449131 -9 89.76576946675777
    endloop
  endfacet
  facet normal -0.3826300152319086 -0.016705987250123636 0.923750605647232
    outer loop
      vertex -1.056545652449131 -9 89.76576946675777
      vertex -0.8550503551959991 -9 89.84923154860735
      vertex -1.086772894435999 -8.30768233635709 89.76576946675777
    endloop
  endfacet
  facet normal -0.4616548042787342 -0.02015628405305433 0.8868306297707226
    outer loop
      vertex -1.279491089788972 -8.324542993705649 89.66506350785494
      vertex -1.056545652449131 -9 89.76576946675777
      vertex -1.086772894435999 -8.30768233635709 89.76576946675777
    endloop
  endfacet
  facet normal -0.4581413324633808 -0.06031545066682213 0.8868306297707226
    outer loop
      vertex -1.279491089788972 -8.324542993705649 89.66506350785494
      vertex -1.086772894435999 -8.30768233635709 89.76576946675777
      vertex -1.367739914155388 -7.65422662308129 89.66506350785494
    endloop
  endfacet
  facet normal -0.38263001523190704 -0.016705987250122997 0.9237506056472329
    outer loop
      vertex -1.086772894435999 -8.30768233635709 89.76576946675777
      vertex -0.8550503551959991 -9 89.84923154860735
      vertex -0.8860443476220077 -8.290120864064832 89.84923154860735
    endloop
  endfacet
  facet normal -0.3797179697776721 -0.049990819100045644 0.9237506056472329
    outer loop
      vertex -1.086772894435999 -8.30768233635709 89.76576946675777
      vertex -0.8860443476220077 -8.290120864064832 89.84923154860735
      vertex -1.1772245728333735 -7.620633628167337 89.76576946675777
    endloop
  endfacet
  facet normal -0.6039151103693723 -0.07950693261089557 0.7930732545826743
    outer loop
      vertex -1.719285773878143 -7.716213643106765 89.41511110961437
      vertex -1.4627322270303003 -8.340574515905864 89.54788011312485
      vertex -1.5488865243227652 -7.686167657917677 89.54788011312485
    endloop
  endfacet
  facet normal -0.533063766596044 -0.0701791762457145 0.8431594771832379
    outer loop
      vertex -1.279491089788972 -8.324542993705649 89.66506350785494
      vertex -1.367739914155388 -7.65422662308129 89.66506350785494
      vertex -1.5488865243227652 -7.686167657917677 89.54788011312485
    endloop
  endfacet
  facet normal -0.5249187797966811 -0.11637169180196855 0.843159477183238
    outer loop
      vertex -1.69174829427046 -7.0417598573663955 89.54788011312485
      vertex -1.5488865243227652 -7.686167657917677 89.54788011312485
      vertex -1.367739914155388 -7.65422662308129 89.66506350785494
    endloop
  endfacet
  facet normal -0.5249187797966809 -0.11637169180196841 0.8431594771832381
    outer loop
      vertex -1.69174829427046 -7.0417598573663955 89.54788011312485
      vertex -1.367739914155388 -7.65422662308129 89.66506350785494
      vertex -1.5140748462597209 -6.994152400455464 89.66506350785494
    endloop
  endfacet
  facet normal -0.45114112847467897 -0.10001558028154882 0.8868306297707235
    outer loop
      vertex -1.367739914155388 -7.65422662308129 89.66506350785494
      vertex -1.1772245728333735 -7.620633628167337 89.76576946675777
      vertex -1.5140748462597209 -6.994152400455464 89.66506350785494
    endloop
  endfacet
  facet normal -0.45114112847468024 -0.10001558028154951 0.886830629770723
    outer loop
      vertex -1.5140748462597209 -6.994152400455464 89.66506350785494
      vertex -1.1772245728333735 -7.620633628167337 89.76576946675777
      vertex -1.3272122957524353 -6.944082730951417 89.76576946675777
    endloop
  endfacet
  facet normal -0.45814133246337874 -0.06031545066682108 0.8868306297707236
    outer loop
      vertex -1.086772894435999 -8.30768233635709 89.76576946675777
      vertex -1.1772245728333735 -7.620633628167337 89.76576946675777
      vertex -1.367739914155388 -7.65422662308129 89.66506350785494
    endloop
  endfacet
  facet normal -0.37971796977767514 -0.04999081910004714 0.9237506056472314
    outer loop
      vertex -0.8860443476220077 -8.290120864064832 89.84923154860735
      vertex -0.9787904419029907 -7.585644336990874 89.84923154860735
      vertex -1.1772245728333735 -7.620633628167337 89.76576946675777
    endloop
  endfacet
  facet normal -0.3739160412934534 -0.08289519063133582 0.9237506056472315
    outer loop
      vertex -1.3272122957524353 -6.944082730951417 89.76576946675777
      vertex -1.1772245728333735 -7.620633628167337 89.76576946675777
      vertex -0.9787904419029907 -7.585644336990874 89.84923154860735
    endloop
  endfacet
  facet normal -0.3739160412934518 -0.08289519063133484 0.9237506056472322
    outer loop
      vertex -1.3272122957524353 -6.944082730951417 89.76576946675777
      vertex -0.9787904419029907 -7.585644336990874 89.84923154860735
      vertex -1.1325827842598422 -6.891931910523713 89.84923154860735
    endloop
  endfacet
  facet normal -0.2938322618994135 -0.06514104417540201 0.9536347551504258
    outer loop
      vertex -0.9787904419029907 -7.585644336990874 89.84923154860735
      vertex -0.7739477248907658 -7.54952503917999 89.91481456905603
      vertex -1.1325827842598422 -6.891931910523713 89.84923154860735
    endloop
  endfacet
  facet normal -0.2938322618994138 -0.06514104417540215 0.9536347551504258
    outer loop
      vertex -0.7739477248907658 -7.54952503917999 89.91481456905603
      vertex -0.9316675598577877 -6.838096838398064 89.91481456905603
      vertex -1.1325827842598422 -6.891931910523713 89.84923154860735
    endloop
  endfacet
  facet normal 0 -1 0
    outer loop
      vertex -2.5 -9 87.5
      vertex 2.414814569056034 -9 88.1470476090908
      vertex -2.4904867485165596 -9 87.71788935363293
    endloop
  endfacet
  facet normal 0 -1 0
    outer loop
      vertex -2.4904867485165596 -9 87.71788935363293
      vertex 2.3492315486073494 -9 88.355050355196
      vertex -2.462019383907318 -9 87.93412044644356
    endloop
  endfacet
  facet normal 0 -1 0
    outer loop
      vertex -2.462019383907318 -9 87.93412044644356
      vertex 2.2657694667577744 -9 88.55654565244913
      vertex -2.414814569056034 -9 88.1470476090908
    endloop
  endfacet
  facet normal 0 -1 0
    outer loop
      vertex -2.414814569056034 -9 88.1470476090908
      vertex 2.1650635078549385 -9 88.75
      vertex -2.3492315486073494 -9 88.355050355196
    endloop
  endfacet
  facet normal 0 -1 0
    outer loop
      vertex -2.3492315486073494 -9 88.355050355196
      vertex 2.0478801131248474 -9 88.93394108861685
      vertex -2.2657694667577744 -9 88.55654565244913
    endloop
  endfacet
  facet normal 0 -1 0
    outer loop
      vertex -2.2657694667577744 -9 88.55654565244913
      vertex 1.9151111096143723 -9 89.10696902126074
      vertex -2.1650635078549385 -9 88.75
    endloop
  endfacet
  facet normal 0 -1 0
    outer loop
      vertex -2.1650635078549385 -9 88.75
      vertex 1.7677669525146484 -9 89.26776695251465
      vertex -2.0478801131248474 -9 88.93394108861685
    endloop
  endfacet
  facet normal 0 -1 0
    outer loop
      vertex -2.0478801131248474 -9 88.93394108861685
      vertex 1.6069690212607384 -9 89.41511110961437
      vertex -1.9151111096143723 -9 89.10696902126074
    endloop
  endfacet
  facet normal 0 -1 0
    outer loop
      vertex -1.9151111096143723 -9 89.10696902126074
      vertex 1.433941088616848 -9 89.54788011312485
      vertex -1.7677669525146484 -9 89.26776695251465
    endloop
  endfacet
  facet normal 0 -1 0
    outer loop
      vertex -1.7677669525146484 -9 89.26776695251465
      vertex 1.25 -9 89.66506350785494
      vertex -1.6069690212607384 -9 89.41511110961437
    endloop
  endfacet
  facet normal -0.3006799132160354 -0.013127968524661382 0.953634755150426
    outer loop
      vertex -0.8860443476220077 -8.290120864064832 89.84923154860735
      vertex -0.8550503551959991 -9 89.84923154860735
      vertex -0.647047609090805 -9 89.91481456905603
    endloop
  endfacet
  facet normal 0 -1 0
    outer loop
      vertex -1.6069690212607384 -9 89.41511110961437
      vertex 1.056545652449131 -9 89.76576946675777
      vertex -1.433941088616848 -9 89.54788011312485
    endloop
  endfacet
  facet normal 0 -1 0
    outer loop
      vertex -1.433941088616848 -9 89.54788011312485
      vertex 0.8550503551959991 -9 89.84923154860735
      vertex -1.25 -9 89.66506350785494
    endloop
  endfacet
  facet normal 0 -1 0
    outer loop
      vertex -1.25 -9 89.66506350785494
      vertex 0.647047609090805 -9 89.91481456905603
      vertex -1.056545652449131 -9 89.76576946675777
    endloop
  endfacet
  facet normal -0.2164299475790406 -0.00944953558494067 0.9762524182137335
    outer loop
      vertex -0.647047609090805 -9 89.91481456905603
      vertex -0.43412044644355774 -9 89.96201938390732
      vertex -0.6788331147634903 -8.271992230234481 89.91481456905603
    endloop
  endfacet
  facet normal -0.30067991321603604 -0.0131279685246616 0.9536347551504258
    outer loop
      vertex -0.8860443476220077 -8.290120864064832 89.84923154860735
      vertex -0.647047609090805 -9 89.91481456905603
      vertex -0.6788331147634903 -8.271992230234481 89.91481456905603
    endloop
  endfacet
  facet normal -0.21642994757904158 -0.009449535584941013 0.9762524182137335
    outer loop
      vertex -0.6788331147634903 -8.271992230234481 89.91481456905603
      vertex -0.43412044644355774 -9 89.96201938390732
      vertex -0.4667162042545847 -8.25343440522281 89.96201938390732
    endloop
  endfacet
  facet normal 0 -1 0
    outer loop
      vertex -2.5 -9 87.5
      vertex -0.6962999993711709 -9 86.7
      vertex 2.462019383907318 -9 87.93412044644356
    endloop
  endfacet
  facet normal 0 -1 0
    outer loop
      vertex -1.056545652449131 -9 89.76576946675777
      vertex 0.43412044644355774 -9 89.96201938390732
      vertex -0.8550503551959991 -9 89.84923154860735
    endloop
  endfacet
  facet normal 0 -1 0
    outer loop
      vertex -0.8550503551959991 -9 89.84923154860735
      vertex 0.21788935363292694 -9 89.99048674851656
      vertex -0.647047609090805 -9 89.91481456905603
    endloop
  endfacet
  facet normal 0 -1 0
    outer loop
      vertex -0.647047609090805 -9 89.91481456905603
      vertex 0 -9 90
      vertex -0.43412044644355774 -9 89.96201938390732
    endloop
  endfacet
  facet normal -0.13052407803356328 -0.00569880431920971 0.9914287612747674
    outer loop
      vertex -0.43412044644355774 -9 89.96201938390732
      vertex -0.21788935363292694 -9 89.99048674851656
      vertex -0.4667162042545847 -8.25343440522281 89.96201938390732
    endloop
  endfacet
  facet normal 0 -1 0
    outer loop
      vertex -0.43412044644355774 -9 89.96201938390732
      vertex 0 -9 90
      vertex -0.21788935363292694 -9 89.99048674851656
    endloop
  endfacet
  facet normal 0 -1 0
    outer loop
      vertex -0.647047609090805 -9 89.91481456905603
      vertex 0.21788935363292694 -9 89.99048674851656
      vertex 0 -9 90
    endloop
  endfacet
  facet normal -0.043619293865400185 -0.0019044594991668284 0.9990464104518367
    outer loop
      vertex -0.21788935363292694 -9 89.99048674851656
      vertex 0 -9 90
      vertex -0.2513079360340491 -8.234588623723761 89.99048674851656
    endloop
  endfacet
  facet normal -0.13052407803356267 -0.005698804319209493 0.9914287612747675
    outer loop
      vertex -0.21788935363292694 -9 89.99048674851656
      vertex -0.2513079360340491 -8.234588623723761 89.99048674851656
      vertex -0.4667162042545847 -8.25343440522281 89.96201938390732
    endloop
  endfacet
  facet normal -0.29839155752096636 -0.03928399380662904 0.9536347551504257
    outer loop
      vertex -0.8860443476220077 -8.290120864064832 89.84923154860735
      vertex -0.6788331147634903 -8.271992230234481 89.91481456905603
      vertex -0.9787904419029907 -7.585644336990874 89.84923154860735
    endloop
  endfacet
  facet normal -0.298391557520966 -0.03928399380662886 0.953634755150426
    outer loop
      vertex -0.9787904419029907 -7.585644336990874 89.84923154860735
      vertex -0.6788331147634903 -8.271992230234481 89.91481456905603
      vertex -0.7739477248907658 -7.54952503917999 89.91481456905603
    endloop
  endfacet
  facet normal -0.2147827849939898 -0.028276690083235828 0.9762524182137333
    outer loop
      vertex -0.6788331147634903 -8.271992230234481 89.91481456905603
      vertex -0.4667162042545847 -8.25343440522281 89.96201938390732
      vertex -0.7739477248907658 -7.54952503917999 89.91481456905603
    endloop
  endfacet
  facet normal -0.2147827849939883 -0.028276690083235148 0.9762524182137338
    outer loop
      vertex -0.4667162042545847 -8.25343440522281 89.96201938390732
      vertex -0.5642554042888648 -7.512550625410505 89.96201938390732
      vertex -0.7739477248907658 -7.54952503917999 89.91481456905603
    endloop
  endfacet
  facet normal -0.21150099572574074 -0.046888641896063704 0.9762524182137338
    outer loop
      vertex -0.7739477248907658 -7.54952503917999 89.91481456905603
      vertex -0.5642554042888648 -7.512550625410505 89.96201938390732
      vertex -0.9316675598577877 -6.838096838398064 89.91481456905603
    endloop
  endfacet
  facet normal -0.21150099572574124 -0.046888641896063996 0.9762524182137337
    outer loop
      vertex -0.5642554042888648 -7.512550625410505 89.96201938390732
      vertex -0.7259957143383584 -6.782987233485315 89.96201938390732
      vertex -0.9316675598577877 -6.838096838398064 89.91481456905603
    endloop
  endfacet
  facet normal -0.12755153701731248 -0.0282774949686415 0.9914287612747674
    outer loop
      vertex -0.5642554042888648 -7.512550625410505 89.96201938390732
      vertex -0.35130934764665334 -7.47500249018901 89.99048674851656
      vertex -0.7259957143383584 -6.782987233485315 89.96201938390732
    endloop
  endfacet
  facet normal -0.12755153701731178 -0.028277494968641122 0.9914287612747675
    outer loop
      vertex -0.35130934764665334 -7.47500249018901 89.99048674851656
      vertex -0.5171325173458605 -6.727022508522593 89.99048674851656
      vertex -0.7259957143383584 -6.782987233485315 89.96201938390732
    endloop
  endfacet
  facet normal -0.12953071098713406 -0.0170530416157273 0.9914287612747674
    outer loop
      vertex -0.4667162042545847 -8.25343440522281 89.96201938390732
      vertex -0.2513079360340491 -8.234588623723761 89.99048674851656
      vertex -0.5642554042888648 -7.512550625410505 89.96201938390732
    endloop
  endfacet
  facet normal -0.12953071098713476 -0.017053041615727616 0.9914287612747673
    outer loop
      vertex -0.2513079360340491 -8.234588623723761 89.99048674851656
      vertex -0.35130934764665334 -7.47500249018901 89.99048674851656
      vertex -0.5642554042888648 -7.512550625410505 89.96201938390732
    endloop
  endfacet
  facet normal -0.04328732470103484 -0.005698884410767872 0.9990464104518367
    outer loop
      vertex -0.2513079360340491 -8.234588623723761 89.99048674851656
      vertex -0.034247717174290315 -8.215598315271077 90
      vertex -0.35130934764665334 -7.47500249018901 89.99048674851656
    endloop
  endfacet
  facet normal -0.04328732470103467 -0.005698884410767797 0.9990464104518368
    outer loop
      vertex -0.35130934764665334 -7.47500249018901 89.99048674851656
      vertex -0.034247717174290315 -8.215598315271077 90
      vertex -0.1367302228901277 -7.4371664009976275 90
    endloop
  endfacet
  facet normal -0.0426259128580931 -0.009449937370922213 0.9990464104518367
    outer loop
      vertex -0.35130934764665334 -7.47500249018901 89.99048674851656
      vertex -0.1367302228901277 -7.4371664009976275 90
      vertex -0.5171325173458605 -6.727022508522593 89.99048674851656
    endloop
  endfacet
  facet normal -0.04262591285809323 -0.009449937370922283 0.9990464104518368
    outer loop
      vertex -0.1367302228901277 -7.4371664009976275 90
      vertex -0.30666756339838486 -6.670628594077313 90
      vertex -0.5171325173458605 -6.727022508522593 89.99048674851656
    endloop
  endfacet
  facet normal -0.4407074680918269 -0.13895453093927623 0.886830629770723
    outer loop
      vertex -1.7173821889092098 -6.349343889226068 89.66506350785494
      vertex -1.5140748462597209 -6.994152400455464 89.66506350785494
      vertex -1.3272122957524353 -6.944082730951417 89.76576946675777
    endloop
  endfacet
  facet normal -0.4407074680918255 -0.1389545309392752 0.8868306297707238
    outer loop
      vertex -1.7173821889092098 -6.349343889226068 89.66506350785494
      vertex -1.3272122957524353 -6.944082730951417 89.76576946675777
      vertex -1.5355945660567052 -6.283178605549745 89.76576946675777
    endloop
  endfacet
  facet normal -0.3652683859583082 -0.11516867970843513 0.9237506056472322
    outer loop
      vertex -1.3272122957524353 -6.944082730951417 89.76576946675777
      vertex -1.1325827842598422 -6.891931910523713 89.84923154860735
      vertex -1.5355945660567052 -6.283178605549745 89.76576946675777
    endloop
  endfacet
  facet normal -0.3652683859583095 -0.11516867970843607 0.9237506056472317
    outer loop
      vertex -1.5355945660567052 -6.283178605549745 89.76576946675777
      vertex -1.1325827842598422 -6.891931910523713 89.84923154860735
      vertex -1.3462509221048746 -6.214263155103781 89.84923154860735
    endloop
  endfacet
  facet normal -0.3538408176509411 -0.14656566559220588 0.9237506056472314
    outer loop
      vertex -1.8007854688445164 -5.64295113142145 89.76576946675777
      vertex -1.5355945660567052 -6.283178605549745 89.76576946675777
      vertex -1.3462509221048746 -6.214263155103781 89.84923154860735
    endloop
  endfacet
  facet normal -0.3538408176509403 -0.14656566559220513 0.9237506056472319
    outer loop
      vertex -1.8007854688445164 -5.64295113142145 89.76576946675777
      vertex -1.3462509221048746 -6.214263155103781 89.84923154860735
      vertex -1.6181687118927384 -5.557795539147406 89.84923154860735
    endloop
  endfacet
  facet normal -0.27805666599127554 -0.1151748421618324 0.9536347551504262
    outer loop
      vertex -1.3462509221048746 -6.214263155103781 89.84923154860735
      vertex -1.1507922764866185 -6.14312202606875 89.91481456905603
      vertex -1.6181687118927384 -5.557795539147406 89.84923154860735
    endloop
  endfacet
  facet normal -0.2870367253440358 -0.09050233186476388 0.9536347551504258
    outer loop
      vertex -1.3462509221048746 -6.214263155103781 89.84923154860735
      vertex -1.1325827842598422 -6.891931910523713 89.84923154860735
      vertex -0.9316675598577877 -6.838096838398064 89.91481456905603
    endloop
  endfacet
  facet normal -0.28703672534403507 -0.09050233186476332 0.9536347551504262
    outer loop
      vertex -1.3462509221048746 -6.214263155103781 89.84923154860735
      vertex -0.9316675598577877 -6.838096838398064 89.91481456905603
      vertex -1.1507922764866185 -6.14312202606875 89.91481456905603
    endloop
  endfacet
  facet normal -0.20660955617222806 -0.06514374283192757 0.9762524182137337
    outer loop
      vertex -0.9316675598577877 -6.838096838398064 89.91481456905603
      vertex -0.7259957143383584 -6.782987233485315 89.96201938390732
      vertex -1.1507922764866185 -6.14312202606875 89.91481456905603
    endloop
  endfacet
  facet normal -0.2001456931419832 -0.08290306054997351 0.9762524182137335
    outer loop
      vertex -1.1507922764866185 -6.14312202606875 89.91481456905603
      vertex -0.9507061929821194 -6.070296647382211 89.96201938390732
      vertex -1.4296542033725936 -5.469889780151137 89.91481456905603
    endloop
  endfacet
  facet normal -0.20660955617222826 -0.06514374283192771 0.9762524182137335
    outer loop
      vertex -1.1507922764866185 -6.14312202606875 89.91481456905603
      vertex -0.7259957143383584 -6.782987233485315 89.96201938390732
      vertex -0.9507061929821194 -6.070296647382211 89.96201938390732
    endloop
  endfacet
  facet normal -0.12070340709298283 -0.049996988242554496 0.9914287612747672
    outer loop
      vertex -0.9507061929821194 -6.070296647382211 89.96201938390732
      vertex -0.7475154306834977 -5.996341258027653 89.99048674851656
      vertex -1.2366766577937742 -5.379902872795778 89.96201938390732
    endloop
  endfacet
  facet normal -0.19215860053565414 -0.10003143591899678 0.9762524182137335
    outer loop
      vertex -1.766131032870673 -4.8235238045454025 89.91481456905603
      vertex -1.4296542033725936 -5.469889780151137 89.91481456905603
      vertex -1.2366766577937742 -5.379902872795778 89.96201938390732
    endloop
  endfacet
  facet normal -0.2780566659912757 -0.11517484216183257 0.9536347551504262
    outer loop
      vertex -1.1507922764866185 -6.14312202606875 89.91481456905603
      vertex -1.4296542033725936 -5.469889780151137 89.91481456905603
      vertex -1.6181687118927384 -5.557795539147406 89.84923154860735
    endloop
  endfacet
  facet normal -0.1921586005356538 -0.10003143591899642 0.9762524182137337
    outer loop
      vertex -1.766131032870673 -4.8235238045454025 89.91481456905603
      vertex -1.2366766577937742 -5.379902872795778 89.96201938390732
      vertex -1.5817307008624155 -4.717060223221779 89.96201938390732
    endloop
  endfacet
  facet normal -0.11588656954221253 -0.06032672970514936 0.9914287612747674
    outer loop
      vertex -1.5817307008624155 -4.717060223221779 89.96201938390732
      vertex -1.2366766577937742 -5.379902872795778 89.96201938390732
      vertex -1.0407047345800544 -5.288519664217857 89.99048674851656
    endloop
  endfacet
  facet normal -0.11588656954221306 -0.06032672970514987 0.9914287612747673
    outer loop
      vertex -1.5817307008624155 -4.717060223221779 89.96201938390732
      vertex -1.0407047345800544 -5.288519664217857 89.99048674851656
      vertex -1.3944690814003389 -4.6089446768164635 89.99048674851656
    endloop
  endfacet
  facet normal -0.2001456931419831 -0.08290306054997346 0.9762524182137337
    outer loop
      vertex -0.9507061929821194 -6.070296647382211 89.96201938390732
      vertex -1.2366766577937742 -5.379902872795778 89.96201938390732
      vertex -1.4296542033725936 -5.469889780151137 89.91481456905603
    endloop
  endfacet
  facet normal -0.12070340709298205 -0.04999698824255388 0.9914287612747673
    outer loop
      vertex -1.2366766577937742 -5.379902872795778 89.96201938390732
      vertex -0.7475154306834977 -5.996341258027653 89.99048674851656
      vertex -1.0407047345800544 -5.288519664217857 89.99048674851656
    endloop
  endfacet
  facet normal -0.03872764633215879 -0.020160336625943114 0.9990464104518367
    outer loop
      vertex -1.0407047345800544 -5.288519664217857 89.99048674851656
      vertex -0.8432299166701505 -5.196435644333706 90
      vertex -1.3944690814003389 -4.6089446768164635 89.99048674851656
    endloop
  endfacet
  facet normal -0.03872764633215868 -0.020160336625943014 0.9990464104518368
    outer loop
      vertex -0.8432299166701505 -5.196435644333706 90
      vertex -1.2057713659400529 -4.5 90
      vertex -1.3944690814003389 -4.6089446768164635 89.99048674851656
    endloop
  endfacet
  facet normal -0.12460161883306388 -0.03928673951042568 0.9914287612747674
    outer loop
      vertex -0.9507061929821194 -6.070296647382211 89.96201938390732
      vertex -0.7259957143383584 -6.782987233485315 89.96201938390732
      vertex -0.5171325173458605 -6.727022508522593 89.99048674851656
    endloop
  endfacet
  facet normal -0.04164009208007162 -0.013129070601656016 0.9990464104518367
    outer loop
      vertex -0.5171325173458605 -6.727022508522593 89.99048674851656
      vertex -0.30666756339838486 -6.670628594077313 90
      vertex -0.7475154306834977 -5.996341258027653 89.99048674851656
    endloop
  endfacet
  facet normal -0.12460161883306486 -0.03928673951042633 0.9914287612747674
    outer loop
      vertex -0.9507061929821194 -6.070296647382211 89.96201938390732
      vertex -0.5171325173458605 -6.727022508522593 89.99048674851656
      vertex -0.7475154306834977 -5.996341258027653 89.99048674851656
    endloop
  endfacet
  facet normal -0.041640092080071335 -0.013129070601655825 0.9990464104518368
    outer loop
      vertex -0.7475154306834977 -5.996341258027653 89.99048674851656
      vertex -0.30666756339838486 -6.670628594077313 90
      vertex -0.5427664129268237 -5.921818710068981 90
    endloop
  endfacet
  facet normal -0.04033736505834539 -0.01670828367756121 0.9990464104518367
    outer loop
      vertex -1.0407047345800544 -5.288519664217857 89.99048674851656
      vertex -0.7475154306834977 -5.996341258027653 89.99048674851656
      vertex -0.5427664129268237 -5.921818710068981 90
    endloop
  endfacet
  facet normal -0.040337365058345696 -0.016708283677561445 0.9990464104518368
    outer loop
      vertex -1.0407047345800544 -5.288519664217857 89.99048674851656
      vertex -0.5427664129268237 -5.921818710068981 90
      vertex -0.8432299166701505 -5.196435644333706 90
    endloop
  endfacet
  facet normal -0.48325236100371266 -0.3708125786026995 0.7930732545826734
    outer loop
      vertex -3.336609700930329 -4.247851288837654 89.41511110961437
      vertex -2.8022473755295474 -4.660286892386777 89.54788011312485
      vertex -3.204062614624112 -4.136631077604484 89.54788011312485
    endloop
  endfacet
  facet normal -0.483252361003713 -0.37081257860270006 0.7930732545826732
    outer loop
      vertex -3.336609700930329 -4.247851288837654 89.41511110961437
      vertex -2.943983560273888 -4.759531637381849 89.41511110961437
      vertex -2.8022473755295474 -4.660286892386777 89.54788011312485
    endloop
  endfacet
  facet normal -0.4265571755863349 -0.32730883274347444 0.843159477183239
    outer loop
      vertex -3.204062614624112 -4.136631077604484 89.54788011312485
      vertex -2.8022473755295474 -4.660286892386777 89.54788011312485
      vertex -2.6515716567603134 -4.554782618279393 89.66506350785494
    endloop
  endfacet
  facet normal -0.4265571755863361 -0.32730883274347633 0.8431594771832376
    outer loop
      vertex -3.204062614624112 -4.136631077604484 89.54788011312485
      vertex -2.6515716567603134 -4.554782618279393 89.66506350785494
      vertex -3.0631555658279206 -4.018396024929321 89.66506350785494
    endloop
  endfacet
  facet normal -0.3666043071035277 -0.28130537874986367 0.8868306297707235
    outer loop
      vertex -3.0631555658279206 -4.018396024929321 89.66506350785494
      vertex -2.493103132487426 -4.443821763014549 89.76576946675777
      vertex -2.9149609378893695 -3.8940459672836285 89.76576946675777
    endloop
  endfacet
  facet normal -0.34069188781027754 -0.3121865975354023 0.8868306297707237
    outer loop
      vertex -3.519922445804256 -3.519922445804256 89.66506350785494
      vertex -3.0631555658279206 -4.018396024929321 89.66506350785494
      vertex -2.9149609378893695 -3.8940459672836285 89.76576946675777
    endloop
  endfacet
  facet normal -0.2823731953269735 -0.25874736158501604 0.9237506056472319
    outer loop
      vertex -3.383129564801018 -3.383129564801018 89.76576946675777
      vertex -2.760606585114002 -3.7645272867992094 89.84923154860735
      vertex -3.2406508737361293 -3.2406508737361293 89.84923154860735
    endloop
  endfacet
  facet normal -0.2823731953269739 -0.25874736158501677 0.9237506056472317
    outer loop
      vertex -3.383129564801018 -3.383129564801018 89.76576946675777
      vertex -2.9149609378893695 -3.8940459672836285 89.76576946675777
      vertex -2.760606585114002 -3.7645272867992094 89.84923154860735
    endloop
  endfacet
  facet normal -0.22189568116863315 -0.20332993003464883 0.9536347551504262
    outer loop
      vertex -3.2406508737361293 -3.2406508737361293 89.84923154860735
      vertex -2.760606585114002 -3.7645272867992094 89.84923154860735
      vertex -2.6012672373066295 -3.630825698822016 89.91481456905603
    endloop
  endfacet
  facet normal -0.36660430710352826 -0.2813053787498646 0.886830629770723
    outer loop
      vertex -3.0631555658279206 -4.018396024929321 89.66506350785494
      vertex -2.6515716567603134 -4.554782618279393 89.66506350785494
      vertex -2.493103132487426 -4.443821763014549 89.76576946675777
    endloop
  endfacet
  facet normal -0.3038499985508948 -0.23315230418546962 0.9237506056472319
    outer loop
      vertex -2.9149609378893695 -3.8940459672836285 89.76576946675777
      vertex -2.493103132487426 -4.443821763014549 89.76576946675777
      vertex -2.3280478478279054 -4.328248808474603 89.84923154860735
    endloop
  endfacet
  facet normal -0.2387726721846477 -0.18321671535913356 0.9536347551504261
    outer loop
      vertex -2.760606585114002 -3.7645272867992094 89.84923154860735
      vertex -2.3280478478279054 -4.328248808474603 89.84923154860735
      vertex -2.1576619731381115 -4.208943334612354 89.91481456905603
    endloop
  endfacet
  facet normal -0.303849998550895 -0.23315230418546992 0.9237506056472315
    outer loop
      vertex -2.9149609378893695 -3.8940459672836285 89.76576946675777
      vertex -2.3280478478279054 -4.328248808474603 89.84923154860735
      vertex -2.760606585114002 -3.7645272867992094 89.84923154860735
    endloop
  endfacet
  facet normal -0.23877267218464746 -0.18321671535913325 0.9536347551504262
    outer loop
      vertex -2.760606585114002 -3.7645272867992094 89.84923154860735
      vertex -2.1576619731381115 -4.208943334612354 89.91481456905603
      vertex -2.6012672373066295 -3.630825698822016 89.91481456905603
    endloop
  endfacet
  facet normal -0.2218956811686333 -0.2033299300346492 0.953634755150426
    outer loop
      vertex -3.2406508737361293 -3.2406508737361293 89.84923154860735
      vertex -2.6012672373066295 -3.630825698822016 89.91481456905603
      vertex -3.093570721459723 -3.093570721459723 89.91481456905603
    endloop
  endfacet
  facet normal -0.15972091427616358 -0.14635725289381235 0.9762524182137338
    outer loop
      vertex -2.4381555675716156 -3.493958756906655 89.96201938390732
      vertex -2.9430084808530426 -2.9430084808530426 89.96201938390732
      vertex -3.093570721459723 -3.093570721459723 89.91481456905603
    endloop
  endfacet
  facet normal -0.0882647975068861 -0.0963241238644232 0.9914287612747674
    outer loop
      vertex -3.493958756906655 -2.4381555675716156 89.96201938390732
      vertex -2.9430084808530426 -2.9430084808530426 89.96201938390732
      vertex -2.7901100088232678 -2.7901100088232678 89.99048674851656
    endloop
  endfacet
  facet normal -0.029496842256437162 -0.03219015470914931 0.9990464104518368
    outer loop
      vertex -3.3549680896190006 -2.2725129404944875 89.99048674851656
      vertex -2.6360389693210715 -2.6360389693210715 90
      vertex -3.2149115128211463 -2.105600011929198 90
    endloop
  endfacet
  facet normal -0.029496842256437183 -0.03219015470914934 0.9990464104518367
    outer loop
      vertex -3.3549680896190006 -2.2725129404944875 89.99048674851656
      vertex -2.7901100088232678 -2.7901100088232678 89.99048674851656
      vertex -2.6360389693210715 -2.6360389693210715 90
    endloop
  endfacet
  facet normal -0.15972091427616433 -0.14635725289381357 0.9762524182137335
    outer loop
      vertex -2.6012672373066295 -3.630825698822016 89.91481456905603
      vertex -2.4381555675716156 -3.493958756906655 89.96201938390732
      vertex -3.093570721459723 -3.093570721459723 89.91481456905603
    endloop
  endfacet
  facet normal -0.09632412386442313 -0.08826479750688616 0.9914287612747673
    outer loop
      vertex -2.9430084808530426 -2.9430084808530426 89.96201938390732
      vertex -2.2725129404944875 -3.3549680896190006 89.99048674851656
      vertex -2.7901100088232678 -2.7901100088232678 89.99048674851656
    endloop
  endfacet
  facet normal -0.09632412386442293 -0.08826479750688586 0.9914287612747674
    outer loop
      vertex -2.4381555675716156 -3.493958756906655 89.96201938390732
      vertex -2.2725129404944875 -3.3549680896190006 89.99048674851656
      vertex -2.9430084808530426 -2.9430084808530426 89.96201938390732
    endloop
  endfacet
  facet normal -0.032190154709149335 -0.029496842256437186 0.9990464104518368
    outer loop
      vertex -2.7901100088232678 -2.7901100088232678 89.99048674851656
      vertex -2.105600011929198 -3.2149115128211463 90
      vertex -2.6360389693210715 -2.6360389693210715 90
    endloop
  endfacet
  facet normal -0.3230143198161983 -0.20578281696986075 0.9237506056472319
    outer loop
      vertex -1.9462666950546952 -4.927525177598 89.84923154860735
      vertex -2.3280478478279054 -4.328248808474603 89.84923154860735
      vertex -2.493103132487426 -4.443821763014549 89.76576946675777
    endloop
  endfacet
  facet normal -0.2538324589904561 -0.16170911085045708 0.9536347551504261
    outer loop
      vertex -1.766131032870673 -4.8235238045454025 89.91481456905603
      vertex -2.1576619731381115 -4.208943334612354 89.91481456905603
      vertex -2.3280478478279054 -4.328248808474603 89.84923154860735
    endloop
  endfacet
  facet normal -0.17186900305874744 -0.1318797244440154 0.9762524182137338
    outer loop
      vertex -2.6012672373066295 -3.630825698822016 89.91481456905603
      vertex -2.1576619731381115 -4.208943334612354 89.91481456905603
      vertex -1.9832422525709639 -4.086813331458806 89.96201938390732
    endloop
  endfacet
  facet normal -0.171869003058748 -0.1318797244440162 0.9762524182137335
    outer loop
      vertex -2.6012672373066295 -3.630825698822016 89.91481456905603
      vertex -1.9832422525709639 -4.086813331458806 89.96201938390732
      vertex -2.4381555675716156 -3.493958756906655 89.96201938390732
    endloop
  endfacet
  facet normal -0.10365036547725512 -0.07953372274458079 0.9914287612747674
    outer loop
      vertex -2.4381555675716156 -3.493958756906655 89.96201938390732
      vertex -1.9832422525709639 -4.086813331458806 89.96201938390732
      vertex -1.8061161108562933 -3.9627882718161924 89.99048674851656
    endloop
  endfacet
  facet normal -0.10365036547725476 -0.07953372274458033 0.9914287612747674
    outer loop
      vertex -2.4381555675716156 -3.493958756906655 89.96201938390732
      vertex -1.8061161108562933 -3.9627882718161924 89.99048674851656
      vertex -2.2725129404944875 -3.3549680896190006 89.99048674851656
    endloop
  endfacet
  facet normal -0.18270906495071304 -0.1163985116600439 0.9762524182137337
    outer loop
      vertex -1.766131032870673 -4.8235238045454025 89.91481456905603
      vertex -1.5817307008624155 -4.717060223221779 89.96201938390732
      vertex -2.1576619731381115 -4.208943334612354 89.91481456905603
    endloop
  endfacet
  facet normal -0.1827090649507129 -0.11639851166004377 0.9762524182137337
    outer loop
      vertex -1.5817307008624155 -4.717060223221779 89.96201938390732
      vertex -1.9832422525709639 -4.086813331458806 89.96201938390732
      vertex -2.1576619731381115 -4.208943334612354 89.91481456905603
    endloop
  endfacet
  facet normal -0.11018776522300358 -0.07019734832841364 0.9914287612747672
    outer loop
      vertex -1.5817307008624155 -4.717060223221779 89.96201938390732
      vertex -1.3944690814003389 -4.6089446768164635 89.99048674851656
      vertex -1.9832422525709639 -4.086813331458806 89.96201938390732
    endloop
  endfacet
  facet normal -0.1101877652230036 -0.07019734832841366 0.9914287612747673
    outer loop
      vertex -1.9832422525709639 -4.086813331458806 89.96201938390732
      vertex -1.3944690814003389 -4.6089446768164635 89.99048674851656
      vertex -1.8061161108562933 -3.9627882718161924 89.99048674851656
    endloop
  endfacet
  facet normal -0.03463848064757781 -0.026579041023473412 0.9990464104518368
    outer loop
      vertex -2.2725129404944875 -3.3549680896190006 89.99048674851656
      vertex -1.6276316013990737 -3.8378120728405856 90
      vertex -2.105600011929198 -3.2149115128211463 90
    endloop
  endfacet
  facet normal -0.03463848064757778 -0.026579041023473374 0.9990464104518367
    outer loop
      vertex -1.8061161108562933 -3.9627882718161924 89.99048674851656
      vertex -1.6276316013990737 -3.8378120728405856 90
      vertex -2.2725129404944875 -3.3549680896190006 89.99048674851656
    endloop
  endfacet
  facet normal -0.03219015470914931 -0.02949684225643715 0.9990464104518367
    outer loop
      vertex -2.7901100088232678 -2.7901100088232678 89.99048674851656
      vertex -2.2725129404944875 -3.3549680896190006 89.99048674851656
      vertex -2.105600011929198 -3.2149115128211463 90
    endloop
  endfacet
  facet normal -0.03682318683299185 -0.02345895723945714 0.9990464104518367
    outer loop
      vertex -1.8061161108562933 -3.9627882718161924 89.99048674851656
      vertex -1.3944690814003389 -4.6089446768164635 89.99048674851656
      vertex -1.2057713659400529 -4.5 90
    endloop
  endfacet
  facet normal -0.036823186832991836 -0.023458957239457123 0.9990464104518368
    outer loop
      vertex -1.8061161108562933 -3.9627882718161924 89.99048674851656
      vertex -1.2057713659400529 -4.5 90
      vertex -1.6276316013990737 -3.8378120728405856 90
    endloop
  endfacet
  facet normal 0 -1 0
    outer loop
      vertex 6 -9 0
      vertex 2.4904867485165596 -9 87.71788935363293
      vertex 0.6962999993711709 -9 86.7
    endloop
  endfacet
  facet normal 0 -1 0
    outer loop
      vertex 6 -9 0
      vertex 2.5 -9 87.5
      vertex 2.4904867485165596 -9 87.71788935363293
    endloop
  endfacet
  facet normal 0 -1 0
    outer loop
      vertex -0.8550503551959991 -9 89.84923154860735
      vertex 0.43412044644355774 -9 89.96201938390732
      vertex 0.21788935363292694 -9 89.99048674851656
    endloop
  endfacet
  facet normal 0 -1 0
    outer loop
      vertex -1.056545652449131 -9 89.76576946675777
      vertex 0.647047609090805 -9 89.91481456905603
      vertex 0.43412044644355774 -9 89.96201938390732
    endloop
  endfacet
  facet normal 0 -1 0
    outer loop
      vertex -1.25 -9 89.66506350785494
      vertex 0.8550503551959991 -9 89.84923154860735
      vertex 0.647047609090805 -9 89.91481456905603
    endloop
  endfacet
  facet normal 0 -1 0
    outer loop
      vertex -1.433941088616848 -9 89.54788011312485
      vertex 1.056545652449131 -9 89.76576946675777
      vertex 0.8550503551959991 -9 89.84923154860735
    endloop
  endfacet
  facet normal 0 -1 0
    outer loop
      vertex -1.6069690212607384 -9 89.41511110961437
      vertex 1.25 -9 89.66506350785494
      vertex 1.056545652449131 -9 89.76576946675777
    endloop
  endfacet
  facet normal -0.04361929386540028 -0.0019044594991668585 0.9990464104518368
    outer loop
      vertex -0.2513079360340491 -8.234588623723761 89.99048674851656
      vertex 0 -9 90
      vertex -0.034247717174290315 -8.215598315271077 90
    endloop
  endfacet
  facet normal 0 -1 0
    outer loop
      vertex -2.0478801131248474 -9 88.93394108861685
      vertex 1.7677669525146484 -9 89.26776695251465
      vertex 1.6069690212607384 -9 89.41511110961437
    endloop
  endfacet
  facet normal 0 -1 0
    outer loop
      vertex -1.7677669525146484 -9 89.26776695251465
      vertex 1.433941088616848 -9 89.54788011312485
      vertex 1.25 -9 89.66506350785494
    endloop
  endfacet
  facet normal 0 -1 0
    outer loop
      vertex -1.9151111096143723 -9 89.10696902126074
      vertex 1.6069690212607384 -9 89.41511110961437
      vertex 1.433941088616848 -9 89.54788011312485
    endloop
  endfacet
  facet normal 0 -1 0
    outer loop
      vertex -2.1650635078549385 -9 88.75
      vertex 1.9151111096143723 -9 89.10696902126074
      vertex 1.7677669525146484 -9 89.26776695251465
    endloop
  endfacet
  facet normal 0 -1 0
    outer loop
      vertex -2.2657694667577744 -9 88.55654565244913
      vertex 2.0478801131248474 -9 88.93394108861685
      vertex 1.9151111096143723 -9 89.10696902126074
    endloop
  endfacet
  facet normal 0 -1 0
    outer loop
      vertex -2.3492315486073494 -9 88.355050355196
      vertex 2.1650635078549385 -9 88.75
      vertex 2.0478801131248474 -9 88.93394108861685
    endloop
  endfacet
  facet normal 0 -1 0
    outer loop
      vertex -0.6962999993711709 -9 86.7
      vertex 0.6962999993711709 -9 86.7
      vertex 2.462019383907318 -9 87.93412044644356
    endloop
  endfacet
  facet normal 0 -1 0
    outer loop
      vertex -2.5 -9 87.5
      vertex 2.462019383907318 -9 87.93412044644356
      vertex 2.414814569056034 -9 88.1470476090908
    endloop
  endfacet
  facet normal 0 -1 0
    outer loop
      vertex -2.414814569056034 -9 88.1470476090908
      vertex 2.2657694667577744 -9 88.55654565244913
      vertex 2.1650635078549385 -9 88.75
    endloop
  endfacet
  facet normal 0 -1 0
    outer loop
      vertex -2.462019383907318 -9 87.93412044644356
      vertex 2.3492315486073494 -9 88.355050355196
      vertex 2.2657694667577744 -9 88.55654565244913
    endloop
  endfacet
  facet normal 0 -1 0
    outer loop
      vertex -2.4904867485165596 -9 87.71788935363293
      vertex 2.414814569056034 -9 88.1470476090908
      vertex 2.3492315486073494 -9 88.355050355196
    endloop
  endfacet
  facet normal 0 -1 0
    outer loop
      vertex 0.6962999993711709 -9 86.7
      vertex 2.4904867485165596 -9 87.71788935363293
      vertex 2.462019383907318 -9 87.93412044644356
    endloop
  endfacet
  facet normal 0 0 -1
    outer loop
      vertex 3.2872806643348778 -0.39635345473431016 0
      vertex 3.2872806643348778 0.39635345473431016 0
      vertex 3.9903810567665783 -1.5 0
    endloop
  endfacet
  facet normal 0 0 -1
    outer loop
      vertex 3.9903810567665783 -1.5 0
      vertex 3.9903810567665783 1.5 0
      vertex 4.59461680554975 -2.660726073889508 0
    endloop
  endfacet
  facet normal 0 0 -1
    outer loop
      vertex 6 -9 0
      vertex 5.942920471376183 -7.692663858785128 0
      vertex 5.942920471376183 7.692663858785128 0
    endloop
  endfacet
  facet normal 0 0 -1
    outer loop
      vertex 5.942920471376183 -7.692663858785128 0
      vertex 5.772116295183121 -6.395277334996045 0
      vertex 5.772116295183121 6.395277334996045 0
    endloop
  endfacet
  facet normal 0 0 -1
    outer loop
      vertex 5.095389311788626 -3.869697850114969 0
      vertex 4.59461680554975 -2.660726073889508 0
      vertex 4.59461680554975 2.660726073889508 0
    endloop
  endfacet
  facet normal 0 0 -1
    outer loop
      vertex 5.095389311788626 -3.869697850114969 0
      vertex 5.095389311788626 3.869697850114969 0
      vertex 5.488887394336025 -5.117714323462189 0
    endloop
  endfacet
  facet normal 0 0 -1
    outer loop
      vertex 5.772116295183121 -6.395277334996045 0
      vertex 5.488887394336025 -5.117714323462189 0
      vertex 5.488887394336025 5.117714323462189 0
    endloop
  endfacet
  facet normal 0.9992009587217895 0 0.03996803834887158
    outer loop
      vertex 6 -9 0
      vertex 2.5 9 87.5
      vertex 2.5 -9 87.5
    endloop
  endfacet
  facet normal 0.04361937296846291 0 0.9990482222104388
    outer loop
      vertex 0 -9 90
      vertex 0.21788935363292694 -9 89.99048674851656
      vertex 0 0 90
    endloop
  endfacet
  facet normal 0.13052619755935901 0 0.9914448606708773
    outer loop
      vertex 0.43412044644355774 -9 89.96201938390732
      vertex 0.21788935363292694 9 89.99048674851656
      vertex 0.21788935363292694 -9 89.99048674851656
    endloop
  endfacet
  facet normal 0.21643961114408647 0 0.9762960077393519
    outer loop
      vertex 0.647047609090805 -9 89.91481456905603
      vertex 0.43412044644355774 9 89.96201938390732
      vertex 0.43412044644355774 -9 89.96201938390732
    endloop
  endfacet
  facet normal 0.3007058266885675 0 0.9537169421770514
    outer loop
      vertex 0.8550503551959991 -9 89.84923154860735
      vertex 0.647047609090805 9 89.91481456905603
      vertex 0.647047609090805 -9 89.91481456905603
    endloop
  endfacet
  facet normal 0.382683420518219 0 0.9238795374184212
    outer loop
      vertex 1.056545652449131 -9 89.76576946675777
      vertex 0.8550503551959991 9 89.84923154860735
      vertex 0.8550503551959991 -9 89.84923154860735
    endloop
  endfacet
  facet normal 0.46174861244811755 0 0.8870108335878645
    outer loop
      vertex 1.25 -9 89.66506350785494
      vertex 1.056545652449131 9 89.76576946675777
      vertex 1.056545652449131 -9 89.76576946675777
    endloop
  endfacet
  facet normal 0.5372995999706138 0 0.84339145114912
    outer loop
      vertex 1.433941088616848 -9 89.54788011312485
      vertex 1.25 9 89.66506350785494
      vertex 1.25 -9 89.66506350785494
    endloop
  endfacet
  facet normal 0.6087614322369423 0 0.7933533378141336
    outer loop
      vertex 1.6069690212607384 -9 89.41511110961437
      vertex 1.433941088616848 9 89.54788011312485
      vertex 1.433941088616848 -9 89.54788011312485
    endloop
  endfacet
  facet normal 0.6755902075514953 0 0.7372773368689203
    outer loop
      vertex 1.7677669525146484 -9 89.26776695251465
      vertex 1.6069690212607384 9 89.41511110961437
      vertex 1.6069690212607384 -9 89.41511110961437
    endloop
  endfacet
  facet normal 0.7372773368689203 0 0.6755902075514953
    outer loop
      vertex 1.9151111096143723 -9 89.10696902126074
      vertex 1.7677669525146484 9 89.26776695251465
      vertex 1.7677669525146484 -9 89.26776695251465
    endloop
  endfacet
  facet normal 0.7933533378141336 0 0.6087614322369423
    outer loop
      vertex 2.0478801131248474 -9 88.93394108861685
      vertex 1.9151111096143723 9 89.10696902126074
      vertex 1.9151111096143723 -9 89.10696902126074
    endloop
  endfacet
  facet normal 0.84339145114912 0 0.5372995999706138
    outer loop
      vertex 2.1650635078549385 -9 88.75
      vertex 2.0478801131248474 9 88.93394108861685
      vertex 2.0478801131248474 -9 88.93394108861685
    endloop
  endfacet
  facet normal 0.9238795374184212 0 0.382683420518219
    outer loop
      vertex 2.3492315486073494 -9 88.355050355196
      vertex 2.2657694667577744 9 88.55654565244913
      vertex 2.2657694667577744 -9 88.55654565244913
    endloop
  endfacet
  facet normal 0.9990482222104388 0 0.04361937296846291
    outer loop
      vertex 2.5 -9 87.5
      vertex 2.4904867485165596 9 87.71788935363293
      vertex 2.4904867485165596 -9 87.71788935363293
    endloop
  endfacet
  facet normal 0.9914448606708773 0 0.13052619755935901
    outer loop
      vertex 2.4904867485165596 -9 87.71788935363293
      vertex 2.462019383907318 9 87.93412044644356
      vertex 2.462019383907318 -9 87.93412044644356
    endloop
  endfacet
  facet normal 0.9762960077393519 0 0.21643961114408647
    outer loop
      vertex 2.462019383907318 -9 87.93412044644356
      vertex 2.414814569056034 9 88.1470476090908
      vertex 2.414814569056034 -9 88.1470476090908
    endloop
  endfacet
  facet normal 0.9537169421770514 0 0.3007058266885675
    outer loop
      vertex 2.414814569056034 -9 88.1470476090908
      vertex 2.3492315486073494 9 88.355050355196
      vertex 2.3492315486073494 -9 88.355050355196
    endloop
  endfacet
  facet normal 0.8870108335878645 0 0.46174861244811755
    outer loop
      vertex 2.2657694667577744 -9 88.55654565244913
      vertex 2.1650635078549385 9 88.75
      vertex 2.1650635078549385 -9 88.75
    endloop
  endfacet
  facet normal 0 0 -1
    outer loop
      vertex 3.2872806643348778 -0.39635345473431016 0
      vertex 2.9831479617385437 0 0
      vertex 3.2872806643348778 0.39635345473431016 0
    endloop
  endfacet
  facet normal 0 0 -1
    outer loop
      vertex 3.9903810567665783 -1.5 0
      vertex 3.2872806643348778 0.39635345473431016 0
      vertex 3.9903810567665783 1.5 0
    endloop
  endfacet
  facet normal 0 0 -1
    outer loop
      vertex 4.59461680554975 -2.660726073889508 0
      vertex 3.9903810567665783 1.5 0
      vertex 4.59461680554975 2.660726073889508 0
    endloop
  endfacet
  facet normal 0 0 -1
    outer loop
      vertex 5.095389311788626 -3.869697850114969 0
      vertex 4.59461680554975 2.660726073889508 0
      vertex 5.095389311788626 3.869697850114969 0
    endloop
  endfacet
  facet normal 0 0 -1
    outer loop
      vertex 5.488887394336025 -5.117714323462189 0
      vertex 5.095389311788626 3.869697850114969 0
      vertex 5.488887394336025 5.117714323462189 0
    endloop
  endfacet
  facet normal 0 0 -1
    outer loop
      vertex 5.772116295183121 -6.395277334996045 0
      vertex 5.488887394336025 5.117714323462189 0
      vertex 5.772116295183121 6.395277334996045 0
    endloop
  endfacet
  facet normal 0 0 -1
    outer loop
      vertex 5.942920471376183 -7.692663858785128 0
      vertex 5.772116295183121 6.395277334996045 0
      vertex 5.942920471376183 7.692663858785128 0
    endloop
  endfacet
  facet normal 0 0 -1
    outer loop
      vertex 6 9 0
      vertex 6 -9 0
      vertex 5.942920471376183 7.692663858785128 0
    endloop
  endfacet
  facet normal 0.9992009587217895 0 0.03996803834887158
    outer loop
      vertex 6 -9 0
      vertex 6 9 0
      vertex 2.5 9 87.5
    endloop
  endfacet
  facet normal 0.04361937296846291 0 0.9990482222104388
    outer loop
      vertex 0 0 90
      vertex 0.21788935363292694 -9 89.99048674851656
      vertex 0 9 90
    endloop
  endfacet
  facet normal 0.04361937296846291 0 0.9990482222104388
    outer loop
      vertex 0.21788935363292694 9 89.99048674851656
      vertex 0 9 90
      vertex 0.21788935363292694 -9 89.99048674851656
    endloop
  endfacet
  facet normal 0.13052619755935901 0 0.9914448606708773
    outer loop
      vertex 0.43412044644355774 9 89.96201938390732
      vertex 0.21788935363292694 9 89.99048674851656
      vertex 0.43412044644355774 -9 89.96201938390732
    endloop
  endfacet
  facet normal 0.21643961114408647 0 0.9762960077393519
    outer loop
      vertex 0.647047609090805 9 89.91481456905603
      vertex 0.43412044644355774 9 89.96201938390732
      vertex 0.647047609090805 -9 89.91481456905603
    endloop
  endfacet
  facet normal 0.3007058266885675 0 0.9537169421770514
    outer loop
      vertex 0.8550503551959991 9 89.84923154860735
      vertex 0.647047609090805 9 89.91481456905603
      vertex 0.8550503551959991 -9 89.84923154860735
    endloop
  endfacet
  facet normal 0.382683420518219 0 0.9238795374184212
    outer loop
      vertex 1.056545652449131 9 89.76576946675777
      vertex 0.8550503551959991 9 89.84923154860735
      vertex 1.056545652449131 -9 89.76576946675777
    endloop
  endfacet
  facet normal 0.46174861244811755 0 0.8870108335878645
    outer loop
      vertex 1.25 9 89.66506350785494
      vertex 1.056545652449131 9 89.76576946675777
      vertex 1.25 -9 89.66506350785494
    endloop
  endfacet
  facet normal 0.5372995999706138 0 0.84339145114912
    outer loop
      vertex 1.433941088616848 9 89.54788011312485
      vertex 1.25 9 89.66506350785494
      vertex 1.433941088616848 -9 89.54788011312485
    endloop
  endfacet
  facet normal 0.6087614322369423 0 0.7933533378141336
    outer loop
      vertex 1.6069690212607384 9 89.41511110961437
      vertex 1.433941088616848 9 89.54788011312485
      vertex 1.6069690212607384 -9 89.41511110961437
    endloop
  endfacet
  facet normal 0.6755902075514953 0 0.7372773368689203
    outer loop
      vertex 1.7677669525146484 9 89.26776695251465
      vertex 1.6069690212607384 9 89.41511110961437
      vertex 1.7677669525146484 -9 89.26776695251465
    endloop
  endfacet
  facet normal 0.7372773368689203 0 0.6755902075514953
    outer loop
      vertex 1.9151111096143723 9 89.10696902126074
      vertex 1.7677669525146484 9 89.26776695251465
      vertex 1.9151111096143723 -9 89.10696902126074
    endloop
  endfacet
  facet normal 0.7933533378141336 0 0.6087614322369423
    outer loop
      vertex 2.0478801131248474 9 88.93394108861685
      vertex 1.9151111096143723 9 89.10696902126074
      vertex 2.0478801131248474 -9 88.93394108861685
    endloop
  endfacet
  facet normal 0.84339145114912 0 0.5372995999706138
    outer loop
      vertex 2.1650635078549385 9 88.75
      vertex 2.0478801131248474 9 88.93394108861685
      vertex 2.1650635078549385 -9 88.75
    endloop
  endfacet
  facet normal 0.9238795374184212 0 0.382683420518219
    outer loop
      vertex 2.3492315486073494 9 88.355050355196
      vertex 2.2657694667577744 9 88.55654565244913
      vertex 2.3492315486073494 -9 88.355050355196
    endloop
  endfacet
  facet normal 0.9990482222104388 0 0.04361937296846291
    outer loop
      vertex 2.5 9 87.5
      vertex 2.4904867485165596 9 87.71788935363293
      vertex 2.5 -9 87.5
    endloop
  endfacet
  facet normal 0.9914448606708773 0 0.13052619755935901
    outer loop
      vertex 2.4904867485165596 9 87.71788935363293
      vertex 2.462019383907318 9 87.93412044644356
      vertex 2.4904867485165596 -9 87.71788935363293
    endloop
  endfacet
  facet normal 0.9537169421770514 0 0.3007058266885675
    outer loop
      vertex 2.414814569056034 9 88.1470476090908
      vertex 2.3492315486073494 9 88.355050355196
      vertex 2.414814569056034 -9 88.1470476090908
    endloop
  endfacet
  facet normal 0.9762960077393519 0 0.21643961114408647
    outer loop
      vertex 2.462019383907318 9 87.93412044644356
      vertex 2.414814569056034 9 88.1470476090908
      vertex 2.462019383907318 -9 87.93412044644356
    endloop
  endfacet
  facet normal 0.8870108335878645 0 0.46174861244811755
    outer loop
      vertex 2.2657694667577744 9 88.55654565244913
      vertex 2.1650635078549385 9 88.75
      vertex 2.2657694667577744 -9 88.55654565244913
    endloop
  endfacet
endsolid OpenSCAD_Model
