solid OpenSCAD_Model
  facet normal -0.9860880765301194 -0.1396958108839772 0.09008543581843632
    outer loop
      vertex -8.875 0 0
      vertex -7.514420862432619 0.6384510557211508 15.883142371130075
      vertex -9.491446517407894 4.351387180387974 0
    endloop
  endfacet
  facet normal 0 0 -1
    outer loop
      vertex -8.875 0 0
      vertex -9.491446517407894 4.351387180387974 0
      vertex -6.625 0 0
    endloop
  endfacet
  facet normal -0.9860880765301191 -0.13969581088397778 0.09008543581843632
    outer loop
      vertex -7.514420862432619 0.6384510557211508 15.883142371130075
      vertex -8.875 0 0
      vertex -7.434201129704609 0 15.77119068991159
    endloop
  endfacet
  facet normal -0.9860880765301194 -0.13969581088397595 0.09008543581843653
    outer loop
      vertex -7.604576189213184 1.368527262591564 16.02842107054434
      vertex -7.682565242594984 2.013317472805178 16.174620236996947
      vertex -9.491446517407894 4.351387180387974 0
    endloop
  endfacet
  facet normal -0.9860880765301192 -0.1396958108839775 0.09008543581843623
    outer loop
      vertex -7.604576189213184 1.368527262591564 16.02842107054434
      vertex -9.491446517407894 4.351387180387974 0
      vertex -7.514420862432619 0.6384510557211508 15.883142371130075
    endloop
  endfacet
  facet normal -0.9860880765301192 -0.13969581088397806 0.0900854358184362
    outer loop
      vertex -7.682565242594984 2.013317472805178 16.174620236996947
      vertex -7.749118229468267 2.577771382249819 16.32142243263649
      vertex -9.491446517407894 4.351387180387974 0
    endloop
  endfacet
  facet normal 0 0 -1
    outer loop
      vertex -9.491446517407894 4.351387180387974 0
      vertex -6.008553482592106 4.351387180387974 0
      vertex -6.625 0 0
    endloop
  endfacet
  facet normal -0.9860880765301194 -0.13969581088397617 0.0900854358184364
    outer loop
      vertex -7.8503944845110345 3.48259668476384 16.615953913432293
      vertex -7.886144839228557 3.8300308370595286 16.763392808458917
      vertex -9.491446517407894 4.351387180387974 0
    endloop
  endfacet
  facet normal -0.7361335217482475 -0.6745421119937993 0.05568103182832493
    outer loop
      vertex -7.947983588127891 4.074695697728335 17.053468902345095
      vertex -9.588506661355495 4.457309737801552 0
      vertex -7.918200575567602 4.030253457402888 16.908825592727258
    endloop
  endfacet
  facet normal -0.9860880765301193 -0.13969581088397803 0.09008543581843632
    outer loop
      vertex -7.886144839228557 3.8300308370595286 16.763392808458917
      vertex -7.902963703901502 4.009381185728063 16.85741034190217
      vertex -9.491446517407894 4.351387180387974 0
    endloop
  endfacet
  facet normal -0.7361335217482451 -0.674542111993802 0.05568103182832463
    outer loop
      vertex -7.918200575567602 4.030253457402888 16.908825592727258
      vertex -9.491446517407894 4.351387180387974 0
      vertex -7.902963703901502 4.009381185728063 16.85741034190217
    endloop
  endfacet
  facet normal -0.9860880765301195 -0.13969581088397634 0.09008543581843642
    outer loop
      vertex -7.749118229468267 2.577771382249819 16.32142243263649
      vertex -7.804876317594611 3.066262148997862 16.468590815386168
      vertex -9.491446517407894 4.351387180387974 0
    endloop
  endfacet
  facet normal -0.9860880765301192 -0.13969581088397806 0.09008543581843627
    outer loop
      vertex -7.804876317594611 3.066262148997862 16.468590815386168
      vertex -7.8503944845110345 3.48259668476384 16.615953913432293
      vertex -9.491446517407894 4.351387180387974 0
    endloop
  endfacet
  facet normal 0 0 -1
    outer loop
      vertex -10.113538607954979 5.583244375884533 0
      vertex -10.14086727797985 5.790826216340065 0
      vertex -6.008553482592106 4.351387180387974 0
    endloop
  endfacet
  facet normal -0.7918100206925558 -0.6075772188419739 0.06234432031152972
    outer loop
      vertex -7.9707381766258525 4.129297542656143 17.3499775872415
      vertex -9.715964905917645 4.623416550457478 0
      vertex -9.588506661355495 4.457309737801552 0
    endloop
  endfacet
  facet normal -0.7361335217482469 -0.6745421119938 0.0556810318283248
    outer loop
      vertex -7.918200575567602 4.030253457402888 16.908825592727258
      vertex -9.588506661355495 4.457309737801552 0
      vertex -9.491446517407894 4.351387180387974 0
    endloop
  endfacet
  facet normal 0 0 -1
    outer loop
      vertex -10.14086727797985 5.790826216340065 0
      vertex -10.149999998509884 6 0
      vertex -6.008553482592106 4.351387180387974 0
    endloop
  endfacet
  facet normal 0 0 -1
    outer loop
      vertex -10.149999998509884 6 0
      vertex -10.14086727797985 6.209173783659935 0
      vertex -6.008553482592106 4.351387180387974 0
    endloop
  endfacet
  facet normal 0 0 -1
    outer loop
      vertex -10.14086727797985 6.209173783659935 0
      vertex -10.113538607954979 6.416755624115467 0
      vertex -6.008553482592106 4.351387180387974 0
    endloop
  endfacet
  facet normal 0 0 -1
    outer loop
      vertex -9.92513868957758 4.985716171562672 0
      vertex -6.008553482592106 4.351387180387974 0
      vertex -9.828460969030857 4.799999997019768 0
    endloop
  endfacet
  facet normal 0 0 -1
    outer loop
      vertex -9.715964905917645 4.623416550457478 0
      vertex -9.828460969030857 4.799999997019768 0
      vertex -6.008553482592106 4.351387180387974 0
    endloop
  endfacet
  facet normal 0 0 -1
    outer loop
      vertex -9.715964905917645 4.623416550457478 0
      vertex -6.008553482592106 4.351387180387974 0
      vertex -9.588506661355495 4.457309737801552 0
    endloop
  endfacet
  facet normal 0 0 -1
    outer loop
      vertex -10.005262292921543 5.179151654243469 0
      vertex -10.068221986293793 5.378834292292595 0
      vertex -6.008553482592106 4.351387180387974 0
    endloop
  endfacet
  facet normal 0 0 -1
    outer loop
      vertex -10.005262292921543 5.179151654243469 0
      vertex -6.008553482592106 4.351387180387974 0
      vertex -9.92513868957758 4.985716171562672 0
    endloop
  endfacet
  facet normal 0 0 -1
    outer loop
      vertex -10.068221986293793 5.378834292292595 0
      vertex -10.113538607954979 5.583244375884533 0
      vertex -6.008553482592106 4.351387180387974 0
    endloop
  endfacet
  facet normal 0 0 -1
    outer loop
      vertex -9.588506661355495 4.457309737801552 0
      vertex -6.008553482592106 4.351387180387974 0
      vertex -9.491446517407894 4.351387180387974 0
    endloop
  endfacet
  facet normal 0 0 -1
    outer loop
      vertex -10.113538607954979 6.416755624115467 0
      vertex -10.068221986293793 6.621165707707405 0
      vertex -6.008553482592106 4.351387180387974 0
    endloop
  endfacet
  facet normal 0 0 -1
    outer loop
      vertex -10.068221986293793 6.621165707707405 0
      vertex -10.005262292921543 6.820848345756531 0
      vertex -6.008553482592106 4.351387180387974 0
    endloop
  endfacet
  facet normal 0 0 -1
    outer loop
      vertex -10.005262292921543 6.820848345756531 0
      vertex -9.92513868957758 7.014283828437328 0
      vertex -6.008553482592106 4.351387180387974 0
    endloop
  endfacet
  facet normal 0 0 -1
    outer loop
      vertex -9.92513868957758 7.014283828437328 0
      vertex -9.828460969030857 7.200000002980232 0
      vertex -6.008553482592106 4.351387180387974 0
    endloop
  endfacet
  facet normal -0.7361335217482466 -0.6745421119938005 0.05568103182832481
    outer loop
      vertex -7.962420977811458 4.100399490054295 17.173984697919373
      vertex -9.588506661355495 4.457309737801552 0
      vertex -7.947983588127891 4.074695697728335 17.053468902345095
    endloop
  endfacet
  facet normal -0.7918100206924958 -0.6075772188420527 0.062344320311522365
    outer loop
      vertex -7.962420977811458 4.100399490054295 17.173984697919373
      vertex -7.965553397211282 4.107235326741675 17.20081982203051
      vertex -9.588506661355495 4.457309737801552 0
    endloop
  endfacet
  facet normal -0.7918100206925568 -0.6075772188419724 0.062344320311529824
    outer loop
      vertex -7.9707381766258525 4.129297542656143 17.3499775872415
      vertex -7.963900742342664 4.135780827827989 17.5
      vertex -9.715964905917645 4.623416550457478 0
    endloop
  endfacet
  facet normal -0.7918100206925741 -0.6075772188419497 0.062344320311531844
    outer loop
      vertex -7.9707381766258525 4.129297542656143 17.3499775872415
      vertex -9.588506661355495 4.457309737801552 0
      vertex -7.965553397211282 4.107235326741675 17.20081982203051
    endloop
  endfacet
  facet normal 0 0 -1
    outer loop
      vertex -9.828460969030857 7.200000002980232 0
      vertex -9.715964905917645 7.376583449542522 0
      vertex -6.008553482592106 4.351387180387974 0
    endloop
  endfacet
  facet normal 0 0 -1
    outer loop
      vertex -9.715964905917645 7.376583449542522 0
      vertex -9.588506661355495 7.542690262198448 0
      vertex -6.008553482592106 4.351387180387974 0
    endloop
  endfacet
  facet normal 0 0 -1
    outer loop
      vertex -9.588506661355495 7.542690262198448 0
      vertex -9.447056271135807 7.697056271135807 0
      vertex -5.5748613104224205 4.985716171562672 0
    endloop
  endfacet
  facet normal 0 0 -1
    outer loop
      vertex -9.447056271135807 7.697056271135807 0
      vertex -9.292690262198448 7.8385066613554955 0
      vertex -5.386461392045021 6.416755624115467 0
    endloop
  endfacet
  facet normal 0 0 -1
    outer loop
      vertex -9.292690262198448 7.8385066613554955 0
      vertex -9.126583449542522 7.9659649059176445 0
      vertex -5.431778013706207 6.621165707707405 0
    endloop
  endfacet
  facet normal 0 0 -1
    outer loop
      vertex -9.126583449542522 7.9659649059176445 0
      vertex -8.950000002980232 8.078460969030857 0
      vertex -5.5748613104224205 7.014283828437328 0
    endloop
  endfacet
  facet normal 0 0 -1
    outer loop
      vertex -8.950000002980232 8.078460969030857 0
      vertex -8.764283828437328 8.17513868957758 0
      vertex -5.5748613104224205 7.014283828437328 0
    endloop
  endfacet
  facet normal 0 0 -1
    outer loop
      vertex -8.764283828437328 8.17513868957758 0
      vertex -8.57084834575653 8.255262292921543 0
      vertex -6.052943728864193 7.697056271135807 0
    endloop
  endfacet
  facet normal 0 0 -1
    outer loop
      vertex -8.57084834575653 8.255262292921543 0
      vertex -8.371165707707405 8.318221986293793 0
      vertex -6.052943728864193 7.697056271135807 0
    endloop
  endfacet
  facet normal 0 0 -1
    outer loop
      vertex -8.371165707707405 8.318221986293793 0
      vertex -8.166755624115467 8.363538607954979 0
      vertex -6.052943728864193 7.697056271135807 0
    endloop
  endfacet
  facet normal 0 0 -1
    outer loop
      vertex -8.166755624115467 8.363538607954979 0
      vertex -7.959173783659935 8.39086727797985 0
      vertex -6.052943728864193 7.697056271135807 0
    endloop
  endfacet
  facet normal 0 0 -1
    outer loop
      vertex -7.75 8.399999998509884 0
      vertex -7.540826216340065 8.39086727797985 0
      vertex -6.735716171562672 8.17513868957758 0
    endloop
  endfacet
  facet normal -0.9944773054688063 -0.04341979738279751 0.09554899320630843
    outer loop
      vertex -1.7140019598965548 3.574588235294118 86.7
      vertex -10.149999998509884 6 0
      vertex -10.14086727797985 5.790826216340065 0
    endloop
  endfacet
  facet normal -0.9942436165090012 0.0434095943070415 0.09795528649950581
    outer loop
      vertex -1.7085610073360744 3.699206592994578 86.7
      vertex -10.14086727797985 6.209173783659935 0
      vertex -10.149999998509884 6 0
    endloop
  endfacet
  facet normal 0.9869553911115851 -0.13981868044972195 -0.07981098015358763
    outer loop
      vertex -6.625 0 0
      vertex -6.008553482592106 4.351387180387974 0
      vertex -5.349649362588395 0 15.77119068991159
    endloop
  endfacet
  facet normal 0.9869553911115853 -0.13981868044972207 -0.07981098015358765
    outer loop
      vertex -5.349649362588395 0 15.77119068991159
      vertex -6.008553482592106 4.351387180387974 0
      vertex -5.250149062539424 0.6384510557211508 15.883142371130075
    endloop
  endfacet
  facet normal 0.986955391111585 -0.13981868044972243 -0.07981098015358774
    outer loop
      vertex -5.250149062539424 0.6384510557211508 15.883142371130075
      vertex -6.008553482592106 4.351387180387974 0
      vertex -5.13497351530418 1.368527262591564 16.02842107054434
    endloop
  endfacet
  facet normal 0.9869553911115855 -0.13981868044972076 -0.07981098015358745
    outer loop
      vertex -5.13497351530418 1.368527262591564 16.02842107054434
      vertex -6.008553482592106 4.351387180387974 0
      vertex -5.031805716588875 2.013317472805178 16.174620236996947
    endloop
  endfacet
  facet normal 0.9869553911115853 -0.13981868044972212 -0.07981098015358763
    outer loop
      vertex -5.031805716588875 2.013317472805178 16.174620236996947
      vertex -6.008553482592106 4.351387180387974 0
      vertex -4.93997012935545 2.577771382249819 16.32142243263649
    endloop
  endfacet
  facet normal 0.9869553911115851 -0.139818680449723 -0.07981098015358773
    outer loop
      vertex -4.93997012935545 2.577771382249819 16.32142243263649
      vertex -6.008553482592106 4.351387180387974 0
      vertex -4.858866375311104 3.066262148997862 16.468590815386168
    endloop
  endfacet
  facet normal 0.9869553911115854 -0.1398186804497207 -0.07981098015358756
    outer loop
      vertex -4.858866375311104 3.066262148997862 16.468590815386168
      vertex -6.008553482592106 4.351387180387974 0
      vertex -4.787969008175627 3.48259668476384 16.615953913432293
    endloop
  endfacet
  facet normal 0.9869553911115849 -0.1398186804497237 -0.07981098015358769
    outer loop
      vertex -4.787969008175627 3.48259668476384 16.615953913432293
      vertex -6.008553482592106 4.351387180387974 0
      vertex -4.726826399314629 3.8300308370595286 16.763392808458917
    endloop
  endfacet
  facet normal 0.9869553911115853 -0.13981868044972143 -0.07981098015358765
    outer loop
      vertex -4.726826399314629 3.8300308370595286 16.763392808458917
      vertex -6.008553482592106 4.351387180387974 0
      vertex -4.693815626104235 4.009381185728063 16.85741034190217
    endloop
  endfacet
  facet normal 0.735415195448462 -0.6738838871948448 -0.07102814148396486
    outer loop
      vertex -4.693815626104235 4.009381185728063 16.85741034190217
      vertex -5.9114933386445045 4.457309737801552 0
      vertex -4.669723905684926 4.030253457402888 16.908825592727258
    endloop
  endfacet
  facet normal 0.7354151954484681 -0.673883887194838 -0.07102814148396513
    outer loop
      vertex -4.669723905684926 4.030253457402888 16.908825592727258
      vertex -5.9114933386445045 4.457309737801552 0
      vertex -4.615030100912676 4.074695697728335 17.053468902345095
    endloop
  endfacet
  facet normal -0.8414039403850626 -0.5360334313549258 0.0686117305885372
    outer loop
      vertex -1.5224403545692855 2.859670586459777 86.7
      vertex -9.828460969030857 4.799999997019768 0
      vertex -9.715964905917645 4.623416550457478 0
    endloop
  endfacet
  facet normal -0.7918100206925548 -0.6075772188419752 0.062344320311529595
    outer loop
      vertex -7.963900742342664 4.135780827827989 17.5
      vertex -1.4554191706157198 2.754468401354902 86.7
      vertex -9.715964905917645 4.623416550457478 0
    endloop
  endfacet
  facet normal -0.9860880765301193 -0.13969581088397698 0.09008543581843632
    outer loop
      vertex -7.1172665435113815 0 19.24040204073451
      vertex -1.3216590389200285 2.5924029037040826 86.7
      vertex -7.232598071396753 0.7309024512772023 19.111379698977334
    endloop
  endfacet
  facet normal -0.9860880765301193 -0.13969581088397706 0.09008543581843632
    outer loop
      vertex -7.34771968586924 1.4504453518977318 18.96703980323181
      vertex -7.232598071396753 0.7309024512772023 19.111379698977334
      vertex -1.3216590389200285 2.5924029037040826 86.7
    endloop
  endfacet
  facet normal -0.9860880765301193 -0.13969581088397706 0.09008543581843634
    outer loop
      vertex -7.34771968586924 1.4504453518977318 18.96703980323181
      vertex -1.3216590389200285 2.5924029037040826 86.7
      vertex -7.450939408466095 2.0853279077478586 18.821696617166545
    endloop
  endfacet
  facet normal -0.9860880765301194 -0.13969581088397717 0.09008543581843634
    outer loop
      vertex -7.450939408466095 2.0853279077478586 18.821696617166545
      vertex -1.3216590389200285 2.5924029037040826 86.7
      vertex -7.542919890710708 2.6404302160462656 18.675664246738716
    endloop
  endfacet
  facet normal -0.9860880765301191 -0.13969581088397776 0.09008543581843632
    outer loop
      vertex -7.542919890710708 2.6404302160462656 18.675664246738716
      vertex -1.3216590389200285 2.5924029037040826 86.7
      vertex -7.6242494900630975 3.120056692008485 18.529177319195927
    endloop
  endfacet
  facet normal -0.9860880765301191 -0.1396958108839784 0.09008543581843631
    outer loop
      vertex -7.6242494900630975 3.120056692008485 18.529177319195927
      vertex -1.3216590389200285 2.5924029037040826 86.7
      vertex -7.695442474235982 3.5279471381660175 18.38240591183633
    endloop
  endfacet
  facet normal -0.7918100206925459 -0.6075772188419868 0.06234432031152849
    outer loop
      vertex -7.963900742342664 4.135780827827989 17.5
      vertex -7.945089516893446 4.126661270448573 17.65003903251814
      vertex -1.4554191706157198 2.754468401354902 86.7
    endloop
  endfacet
  facet normal -0.7918100206925721 -0.6075772188419525 0.06234432031153162
    outer loop
      vertex -7.945089516893446 4.126661270448573 17.65003903251814
      vertex -7.914397122691274 4.101972522602466 17.799246281692007
      vertex -1.4554191706157198 2.754468401354902 86.7
    endloop
  endfacet
  facet normal -0.7918100206925482 -0.6075772188419837 0.06234432031152877
    outer loop
      vertex -7.914397122691274 4.101972522602466 17.799246281692007
      vertex -7.897734744794991 4.086201480880863 17.85717156023134
      vertex -1.4554191706157198 2.754468401354902 86.7
    endloop
  endfacet
  facet normal -0.9860880765301195 -0.13969581088397573 0.0900854358184364
    outer loop
      vertex -7.695442474235982 3.5279471381660175 18.38240591183633
      vertex -1.3216590389200285 2.5924029037040826 86.7
      vertex -7.756940075388519 3.867292297854587 18.235468131503524
    endloop
  endfacet
  facet normal -0.7361335217482488 -0.674542111993798 0.055681031828325074
    outer loop
      vertex -7.8717283706256875 4.0652114703614926 17.94670865419208
      vertex -1.3794840470318697 2.655507824967889 86.7
      vertex -7.897734744794991 4.086201480880863 17.85717156023134
    endloop
  endfacet
  facet normal -0.7361335217482506 -0.674542111993796 0.05568103182832528
    outer loop
      vertex -7.8717283706256875 4.0652114703614926 17.94670865419208
      vertex -7.817215576821281 4.0176720195922435 18.091485665212886
      vertex -1.3794840470318697 2.655507824967889 86.7
    endloop
  endfacet
  facet normal -0.7361335217482405 -0.674542111993807 0.055681031828324117
    outer loop
      vertex -7.817215576821281 4.0176720195922435 18.091485665212886
      vertex -7.778954642958503 3.9826815942222322 18.173428122299566
      vertex -1.3794840470318697 2.655507824967889 86.7
    endloop
  endfacet
  facet normal -0.9860880765301193 -0.13969581088397784 0.09008543581843632
    outer loop
      vertex -7.756940075388519 3.867292297854587 18.235468131503524
      vertex -1.3216590389200285 2.5924029037040826 86.7
      vertex -7.778954642958503 3.9826815942222322 18.173428122299566
    endloop
  endfacet
  facet normal 0 0 -1
    outer loop
      vertex -9.588506661355495 7.542690262198448 0
      vertex -5.9114933386445045 4.457309737801552 0
      vertex -6.008553482592106 4.351387180387974 0
    endloop
  endfacet
  facet normal 0 0 -1
    outer loop
      vertex -9.588506661355495 7.542690262198448 0
      vertex -5.7840350940823555 4.623416550457478 0
      vertex -5.9114933386445045 4.457309737801552 0
    endloop
  endfacet
  facet normal 0 0 -1
    outer loop
      vertex -9.588506661355495 7.542690262198448 0
      vertex -5.671539030969143 4.799999997019768 0
      vertex -5.7840350940823555 4.623416550457478 0
    endloop
  endfacet
  facet normal 0 0 -1
    outer loop
      vertex -9.588506661355495 7.542690262198448 0
      vertex -5.5748613104224205 4.985716171562672 0
      vertex -5.671539030969143 4.799999997019768 0
    endloop
  endfacet
  facet normal 0 0 -1
    outer loop
      vertex -9.447056271135807 7.697056271135807 0
      vertex -5.494737707078457 5.179151654243469 0
      vertex -5.5748613104224205 4.985716171562672 0
    endloop
  endfacet
  facet normal 0 0 -1
    outer loop
      vertex -9.447056271135807 7.697056271135807 0
      vertex -5.431778013706207 5.378834292292595 0
      vertex -5.494737707078457 5.179151654243469 0
    endloop
  endfacet
  facet normal 0 0 -1
    outer loop
      vertex -9.447056271135807 7.697056271135807 0
      vertex -5.386461392045021 5.583244375884533 0
      vertex -5.431778013706207 5.378834292292595 0
    endloop
  endfacet
  facet normal 0 0 -1
    outer loop
      vertex -9.447056271135807 7.697056271135807 0
      vertex -5.359132722020149 5.790826216340065 0
      vertex -5.386461392045021 5.583244375884533 0
    endloop
  endfacet
  facet normal 0 0 -1
    outer loop
      vertex -9.447056271135807 7.697056271135807 0
      vertex -5.350000001490116 6 0
      vertex -5.359132722020149 5.790826216340065 0
    endloop
  endfacet
  facet normal 0 0 -1
    outer loop
      vertex -9.447056271135807 7.697056271135807 0
      vertex -5.359132722020149 6.209173783659935 0
      vertex -5.350000001490116 6 0
    endloop
  endfacet
  facet normal 0 0 -1
    outer loop
      vertex -9.447056271135807 7.697056271135807 0
      vertex -5.386461392045021 6.416755624115467 0
      vertex -5.359132722020149 6.209173783659935 0
    endloop
  endfacet
  facet normal 0 0 -1
    outer loop
      vertex -9.292690262198448 7.8385066613554955 0
      vertex -5.431778013706207 6.621165707707405 0
      vertex -5.386461392045021 6.416755624115467 0
    endloop
  endfacet
  facet normal 0 0 -1
    outer loop
      vertex -9.126583449542522 7.9659649059176445 0
      vertex -5.5748613104224205 7.014283828437328 0
      vertex -5.494737707078457 6.820848345756531 0
    endloop
  endfacet
  facet normal 0 0 -1
    outer loop
      vertex -9.126583449542522 7.9659649059176445 0
      vertex -5.494737707078457 6.820848345756531 0
      vertex -5.431778013706207 6.621165707707405 0
    endloop
  endfacet
  facet normal 0 0 -1
    outer loop
      vertex -7.959173783659935 8.39086727797985 0
      vertex -7.75 8.399999998509884 0
      vertex -6.052943728864193 7.697056271135807 0
    endloop
  endfacet
  facet normal 0 0 -1
    outer loop
      vertex -7.540826216340065 8.39086727797985 0
      vertex -7.333244375884533 8.363538607954979 0
      vertex -6.735716171562672 8.17513868957758 0
    endloop
  endfacet
  facet normal 0 0 -1
    outer loop
      vertex -7.333244375884533 8.363538607954979 0
      vertex -7.128834292292595 8.318221986293793 0
      vertex -6.735716171562672 8.17513868957758 0
    endloop
  endfacet
  facet normal 0 0 -1
    outer loop
      vertex -7.75 8.399999998509884 0
      vertex -6.735716171562672 8.17513868957758 0
      vertex -6.549999997019768 8.078460969030857 0
    endloop
  endfacet
  facet normal 0 0 -1
    outer loop
      vertex -8.764283828437328 8.17513868957758 0
      vertex -6.052943728864193 7.697056271135807 0
      vertex -5.9114933386445045 7.542690262198448 0
    endloop
  endfacet
  facet normal 0 0 -1
    outer loop
      vertex -8.764283828437328 8.17513868957758 0
      vertex -5.9114933386445045 7.542690262198448 0
      vertex -5.7840350940823555 7.376583449542522 0
    endloop
  endfacet
  facet normal 0 0 -1
    outer loop
      vertex -8.764283828437328 8.17513868957758 0
      vertex -5.7840350940823555 7.376583449542522 0
      vertex -5.671539030969143 7.200000002980232 0
    endloop
  endfacet
  facet normal 0 0 -1
    outer loop
      vertex -8.764283828437328 8.17513868957758 0
      vertex -5.671539030969143 7.200000002980232 0
      vertex -5.5748613104224205 7.014283828437328 0
    endloop
  endfacet
  facet normal 0 0 -1
    outer loop
      vertex -7.128834292292595 8.318221986293793 0
      vertex -6.929151654243469 8.255262292921543 0
      vertex -6.735716171562672 8.17513868957758 0
    endloop
  endfacet
  facet normal 0 0 -1
    outer loop
      vertex -7.75 8.399999998509884 0
      vertex -6.549999997019768 8.078460969030857 0
      vertex -6.373416550457478 7.9659649059176445 0
    endloop
  endfacet
  facet normal 0 0 -1
    outer loop
      vertex -7.75 8.399999998509884 0
      vertex -6.373416550457478 7.9659649059176445 0
      vertex -6.207309737801552 7.8385066613554955 0
    endloop
  endfacet
  facet normal 0 0 -1
    outer loop
      vertex -7.75 8.399999998509884 0
      vertex -6.207309737801552 7.8385066613554955 0
      vertex -6.052943728864193 7.697056271135807 0
    endloop
  endfacet
  facet normal 0.7354151954484621 -0.6738838871948448 -0.07102814148396487
    outer loop
      vertex -4.693815626104235 4.009381185728063 16.85741034190217
      vertex -6.008553482592106 4.351387180387974 0
      vertex -5.9114933386445045 4.457309737801552 0
    endloop
  endfacet
  facet normal 0.7911802606255618 -0.6070939869302227 -0.07396408743190705
    outer loop
      vertex -4.572083188994575 4.107235326741675 17.20081982203051
      vertex -5.9114933386445045 4.457309737801552 0
      vertex -5.7840350940823555 4.623416550457478 0
    endloop
  endfacet
  facet normal 0.7354151954484572 -0.67388388719485 -0.0710281414839646
    outer loop
      vertex -4.615030100912676 4.074695697728335 17.053468902345095
      vertex -5.9114933386445045 4.457309737801552 0
      vertex -4.579837213102428 4.100399490054295 17.173984697919373
    endloop
  endfacet
  facet normal 0.7911802606255265 -0.607093986930269 -0.07396408743190522
    outer loop
      vertex -4.579837213102428 4.100399490054295 17.173984697919373
      vertex -5.9114933386445045 4.457309737801552 0
      vertex -4.572083188994575 4.107235326741675 17.20081982203051
    endloop
  endfacet
  facet normal 0.7911802606255677 -0.607093986930215 -0.07396408743190722
    outer loop
      vertex -4.572083188994575 4.107235326741675 17.20081982203051
      vertex -5.7840350940823555 4.623416550457478 0
      vertex -4.541210127793667 4.129297542656143 17.3499775872415
    endloop
  endfacet
  facet normal 0.7911802606255516 -0.6070939869302359 -0.07396408743190666
    outer loop
      vertex -4.541210127793667 4.129297542656143 17.3499775872415
      vertex -5.7840350940823555 4.623416550457478 0
      vertex -4.522210368768446 4.135780827827989 17.5
    endloop
  endfacet
  facet normal -0.920935026889752 -0.3814637923583047 0.07977500465178151
    outer loop
      vertex -1.6277723432966305 3.085555762010462 86.7
      vertex -10.005262292921543 5.179151654243469 0
      vertex -9.92513868957758 4.985716171562672 0
    endloop
  endfacet
  facet normal -0.9502988055915078 -0.29962805978823476 0.08458845003244526
    outer loop
      vertex -1.6652815065009925 3.204519630137612 86.7
      vertex -10.068221986293793 5.378834292292595 0
      vertex -10.005262292921543 5.179151654243469 0
    endloop
  endfacet
  facet normal -0.8845500590356205 -0.4604676120833889 0.07443635726109975
    outer loop
      vertex -1.58003752831618 2.970313728563926 86.7
      vertex -9.92513868957758 4.985716171562672 0
      vertex -9.828460969030857 4.799999997019768 0
    endloop
  endfacet
  facet normal -0.9724355041249367 -0.21558374741583886 0.08884164658212887
    outer loop
      vertex -1.6922795502765506 3.32629994346815 86.7
      vertex -10.113538607954979 5.583244375884533 0
      vertex -10.068221986293793 5.378834292292595 0
    endloop
  endfacet
  facet normal -0.9871938639522589 -0.12996654861198367 0.09250389838756988
    outer loop
      vertex -1.7085610073360744 3.4499698775936576 86.7
      vertex -10.14086727797985 5.790826216340065 0
      vertex -10.113538607954979 5.583244375884533 0
    endloop
  endfacet
  facet normal -0.9865044533340598 0.12987578597468474 0.09970578603835215
    outer loop
      vertex -1.6922795502765506 3.8228765271200857 86.7
      vertex -10.113538607954979 6.416755624115467 0
      vertex -10.14086727797985 6.209173783659935 0
    endloop
  endfacet
  facet normal -0.9713246191555277 0.21533747016286192 0.10078818465588056
    outer loop
      vertex -1.6652815065009925 3.9446568404506235 86.7
      vertex -10.068221986293793 6.621165707707405 0
      vertex -10.113538607954979 6.416755624115467 0
    endloop
  endfacet
  facet normal -0.9488211602076656 0.29916215999250195 0.10119490091303998
    outer loop
      vertex -1.6277723432966305 4.063620708577774 86.7
      vertex -10.005262292921543 6.820848345756531 0
      vertex -10.068221986293793 6.621165707707405 0
    endloop
  endfacet
  facet normal -0.9191624115849966 0.380729551030964 0.10092309002906047
    outer loop
      vertex -1.58003752831618 4.17886274202431 86.7
      vertex -9.92513868957758 7.014283828437328 0
      vertex -10.005262292921543 6.820848345756531 0
    endloop
  endfacet
  facet normal -0.8825668962559137 0.4594352428915975 0.09997465289933352
    outer loop
      vertex -9.92513868957758 7.014283828437328 0
      vertex -1.5224403545692855 4.289505884128459 86.7
      vertex -9.828460969030857 7.200000002980232 0
    endloop
  endfacet
  facet normal -0.8393020675423171 0.5346943906657984 0.09835623015204778
    outer loop
      vertex -9.828460969030857 7.200000002980232 0
      vertex -1.4554191706157198 4.394708069233333 86.7
      vertex -9.715964905917645 7.376583449542522 0
    endloop
  endfacet
  facet normal -0.7896830345517204 0.6059451249176835 0.09607918884794595
    outer loop
      vertex -9.715964905917645 7.376583449542522 0
      vertex -1.3794840470318697 4.493668645620346 86.7
      vertex -9.588506661355495 7.542690262198448 0
    endloop
  endfacet
  facet normal -0.7340710473406432 0.6726522037467786 0.09315959559172311
    outer loop
      vertex -9.588506661355495 7.542690262198448 0
      vertex -1.295212896905694 4.585634465533144 86.7
      vertex -9.447056271135807 7.697056271135807 0
    endloop
  endfacet
  facet normal -0.672871775494022 0.7343106678481917 0.08961817241980292
    outer loop
      vertex -9.447056271135807 7.697056271135807 0
      vertex -1.203247076992895 4.669905615659322 86.7
      vertex -9.292690262198448 7.8385066613554955 0
    endloop
  endfacet
  facet normal -0.6065332941005183 0.7904495515283094 0.0854802295052409
    outer loop
      vertex -9.292690262198448 7.8385066613554955 0
      vertex -1.1042865006058822 4.745840739243171 86.7
      vertex -9.126583449542522 7.9659649059176445 0
    endloop
  endfacet
  facet normal -0.5355438844820342 0.8406355057245342 0.0807755799059987
    outer loop
      vertex -9.126583449542522 7.9659649059176445 0
      vertex -0.9990843155010074 4.812861923196737 86.7
      vertex -8.950000002980232 8.078460969030857 0
    endloop
  endfacet
  facet normal -0.46042934519373446 0.8844765490240294 0.07553841612724539
    outer loop
      vertex -8.950000002980232 8.078460969030857 0
      vertex -0.8884411733968589 4.870459096943631 86.7
      vertex -8.764283828437328 8.17513868957758 0
    endloop
  endfacet
  facet normal -0.38174989029694456 0.921625728387742 0.06980714886051978
    outer loop
      vertex -8.764283828437328 8.17513868957758 0
      vertex -0.7731991399503224 4.918193911924082 86.7
      vertex -8.57084834575653 8.255262292921543 0
    endloop
  endfacet
  facet normal -0.30009654550402215 0.9517846524660019 0.06362419906548532
    outer loop
      vertex -8.57084834575653 8.255262292921543 0
      vertex -0.6542352718231728 4.955703075128444 86.7
      vertex -8.371165707707405 8.318221986293793 0
    endloop
  endfacet
  facet normal -0.2160872667152187 0.9747067330538303 0.05703575810905888
    outer loop
      vertex -8.371165707707405 8.318221986293793 0
      vertex -0.5324549584926341 4.982701118904002 86.7
      vertex -8.166755624115467 8.363538607954979 0
    endloop
  endfacet
  facet normal -0.13036234471675912 0.990200233592607 0.05009148104313988
    outer loop
      vertex -8.166755624115467 8.363538607954979 0
      vertex -0.40878502436712694 4.998982575963526 86.7
      vertex -7.959173783659935 8.39086727797985 0
    endloop
  endfacet
  facet normal -0.04357931517909903 0.9981308653148867 0.04284412438451937
    outer loop
      vertex -7.959173783659935 8.39086727797985 0
      vertex -0.2841666666666667 5.004423528524006 86.7
      vertex -7.75 8.399999998509884 0
    endloop
  endfacet
  facet normal 0.04359210672623337 0.9984238400428613 0.03534917064423929
    outer loop
      vertex -7.75 8.399999998509884 0
      vertex -0.2841666666666667 5.004423528524006 86.7
      vertex -7.540826216340065 8.39086727797985 0
    endloop
  endfacet
  facet normal 0.13047624647018782 0.9910654032326344 0.02766433845922664
    outer loop
      vertex -7.540826216340065 8.39086727797985 0
      vertex -0.15954830896620642 4.998982575963526 86.7
      vertex -7.333244375884533 8.363538607954979 0
    endloop
  endfacet
  facet normal 0.21639695938810383 0.9761036665151452 0.01984913558000581
    outer loop
      vertex -7.333244375884533 8.363538607954979 0
      vertex -0.03587837484069922 4.982701118904002 86.7
      vertex -7.128834292292595 8.318221986293793 0
    endloop
  endfacet
  facet normal 0.3006842741262344 0.9536486895261321 0.01196429096395169
    outer loop
      vertex -7.128834292292595 8.318221986293793 0
      vertex 0.0859019384898394 4.955703075128444 86.7
      vertex -6.929151654243469 8.255262292921543 0
    endloop
  endfacet
  facet normal -0.9871938639522583 -0.12996654861198723 0.09250389838757005
    outer loop
      vertex -1.6922795502765506 3.32629994346815 86.7
      vertex -1.7085610073360744 3.4499698775936576 86.7
      vertex -10.113538607954979 5.583244375884533 0
    endloop
  endfacet
  facet normal -0.9944773054688065 -0.04341979738279083 0.09554899320630857
    outer loop
      vertex -1.7140019598965548 3.574588235294118 86.7
      vertex -10.14086727797985 5.790826216340065 0
      vertex -1.7085610073360744 3.4499698775936576 86.7
    endloop
  endfacet
  facet normal -0.9942436165090015 0.04340959430703482 0.09795528649950579
    outer loop
      vertex -1.7140019598965548 3.574588235294118 86.7
      vertex -1.7085610073360744 3.699206592994578 86.7
      vertex -10.149999998509884 6 0
    endloop
  endfacet
  facet normal -0.9865044533340602 0.1298757859746822 0.09970578603835219
    outer loop
      vertex -1.7085610073360744 3.699206592994578 86.7
      vertex -1.6922795502765506 3.8228765271200857 86.7
      vertex -10.14086727797985 6.209173783659935 0
    endloop
  endfacet
  facet normal 0.9869553911115853 -0.13981868044972193 -0.07981098015358762
    outer loop
      vertex -4.975997647112706 0.7309024512772023 19.111379698977334
      vertex 0.7533257055866951 2.5924029037040826 86.7
      vertex -5.069108660584342 0 19.24040204073451
    endloop
  endfacet
  facet normal 0.8409358288602825 -0.5357352114217391 -0.07625427845028987
    outer loop
      vertex 0.9541070212359521 2.859670586459777 86.7
      vertex -5.7840350940823555 4.623416550457478 0
      vertex -5.671539030969143 4.799999997019768 0
    endloop
  endfacet
  facet normal 0.7911802606255623 -0.607093986930222 -0.07396408743190712
    outer loop
      vertex -4.522210368768446 4.135780827827989 17.5
      vertex -5.7840350940823555 4.623416550457478 0
      vertex 0.8870858372823864 2.754468401354902 86.7
    endloop
  endfacet
  facet normal 0.9869553911115854 -0.1398186804497216 -0.07981098015358763
    outer loop
      vertex -4.975997647112706 0.7309024512772023 19.111379698977334
      vertex -4.885734570240837 1.4504453518977318 18.96703980323181
      vertex 0.7533257055866951 2.5924029037040826 86.7
    endloop
  endfacet
  facet normal 0.9869553911115851 -0.1398186804497225 -0.07981098015358762
    outer loop
      vertex -4.885734570240837 1.4504453518977318 18.96703980323181
      vertex -4.807546174133 2.0853279077478586 18.821696617166545
      vertex 0.7533257055866951 2.5924029037040826 86.7
    endloop
  endfacet
  facet normal 0.9869553911115854 -0.1398186804497209 -0.07981098015358763
    outer loop
      vertex -4.807546174133 2.0853279077478586 18.821696617166545
      vertex -4.740715711239846 2.6404302160462656 18.675664246738716
      vertex 0.7533257055866951 2.5924029037040826 86.7
    endloop
  endfacet
  facet normal 0.9869553911115851 -0.13981868044972226 -0.07981098015358762
    outer loop
      vertex -4.740715711239846 2.6404302160462656 18.675664246738716
      vertex -4.684614416075382 3.120056692008485 18.529177319195927
      vertex 0.7533257055866951 2.5924029037040826 86.7
    endloop
  endfacet
  facet normal 0.9869553911115854 -0.13981868044972123 -0.07981098015358763
    outer loop
      vertex -4.684614416075382 3.120056692008485 18.529177319195927
      vertex -4.638698729836651 3.5279471381660175 18.38240591183633
      vertex 0.7533257055866951 2.5924029037040826 86.7
    endloop
  endfacet
  facet normal 0.9869553911115853 -0.13981868044972232 -0.07981098015358763
    outer loop
      vertex -4.638698729836651 3.5279471381660175 18.38240591183633
      vertex -4.6025070797414305 3.867292297854587 18.235468131503524
      vertex 0.7533257055866951 2.5924029037040826 86.7
    endloop
  endfacet
  facet normal 0.9869553911115854 -0.13981868044972146 -0.07981098015358765
    outer loop
      vertex -4.6025070797414305 3.867292297854587 18.235468131503524
      vertex -4.591177180423239 3.9826815942222322 18.173428122299566
      vertex 0.7533257055866951 2.5924029037040826 86.7
    endloop
  endfacet
  facet normal 0.7354151954484502 -0.6738838871948577 -0.0710281414839642
    outer loop
      vertex -4.591177180423239 3.9826815942222322 18.173428122299566
      vertex -4.567028558614277 4.0176720195922435 18.091485665212886
      vertex 0.8111507136985363 2.655507824967889 86.7
    endloop
  endfacet
  facet normal 0.7354151954484702 -0.6738838871948358 -0.07102814148396532
    outer loop
      vertex -4.567028558614277 4.0176720195922435 18.091485665212886
      vertex -4.537449583374566 4.0652114703614926 17.94670865419208
      vertex 0.8111507136985363 2.655507824967889 86.7
    endloop
  endfacet
  facet normal 0.7354151954484532 -0.6738838871948543 -0.07102814148396437
    outer loop
      vertex -4.537449583374566 4.0652114703614926 17.94670865419208
      vertex -4.526863486498501 4.086201480880863 17.85717156023134
      vertex 0.8111507136985363 2.655507824967889 86.7
    endloop
  endfacet
  facet normal 0.7911802606255354 -0.6070939869302572 -0.07396408743190566
    outer loop
      vertex -4.522210368768446 4.135780827827989 17.5
      vertex 0.8870858372823864 2.754468401354902 86.7
      vertex -4.515181538617319 4.126661270448573 17.65003903251814
    endloop
  endfacet
  facet normal 0.7911802606255655 -0.6070939869302179 -0.07396408743190722
    outer loop
      vertex -4.526863486498501 4.086201480880863 17.85717156023134
      vertex -4.520177128795103 4.101972522602466 17.799246281692007
      vertex 0.8870858372823864 2.754468401354902 86.7
    endloop
  endfacet
  facet normal 0.791180260625567 -0.6070939869302158 -0.0739640874319073
    outer loop
      vertex -4.520177128795103 4.101972522602466 17.799246281692007
      vertex -4.515181538617319 4.126661270448573 17.65003903251814
      vertex 0.8870858372823864 2.754468401354902 86.7
    endloop
  endfacet
  facet normal 0.8843165957769505 -0.4603460788042592 -0.07788225833274372
    outer loop
      vertex 1.0117041949828476 2.970313728563926 86.7
      vertex -5.671539030969143 4.799999997019768 0
      vertex -5.5748613104224205 4.985716171562672 0
    endloop
  endfacet
  facet normal 0.9210040163675491 -0.38149236873673603 -0.07883637758343248
    outer loop
      vertex 1.059439009963297 3.085555762010462 86.7
      vertex -5.5748613104224205 4.985716171562672 0
      vertex -5.494737707078457 5.179151654243469 0
    endloop
  endfacet
  facet normal 0.9507279132200367 -0.2997633569025949 -0.07910982797833581
    outer loop
      vertex 1.0969481731676591 3.204519630137612 86.7
      vertex -5.494737707078457 5.179151654243469 0
      vertex -5.431778013706207 5.378834292292595 0
    endloop
  endfacet
  facet normal 0.9732678255843616 -0.21576826862934487 -0.07870066032114159
    outer loop
      vertex 1.1239462169432173 3.32629994346815 86.7
      vertex -5.431778013706207 5.378834292292595 0
      vertex -5.386461392045021 5.583244375884533 0
    endloop
  endfacet
  facet normal 0.9884543209498601 -0.1301324909376341 -0.0776117916164641
    outer loop
      vertex 1.140227674002741 3.4499698775936576 86.7
      vertex -5.386461392045021 5.583244375884533 0
      vertex -5.359132722020149 5.790826216340065 0
    endloop
  endfacet
  facet normal 0.9961701280785782 -0.04349370758096605 -0.0758509942240074
    outer loop
      vertex 1.1456686265632214 3.574588235294118 86.7
      vertex -5.359132722020149 5.790826216340065 0
      vertex -5.350000001490116 6 0
    endloop
  endfacet
  facet normal 0.996351100724155 0.04350160901376855 -0.07343087973719349
    outer loop
      vertex 1.140227674002741 3.699206592994578 86.7
      vertex -5.350000001490116 6 0
      vertex -5.359132722020149 6.209173783659935 0
    endloop
  endfacet
  facet normal 0.9889871076669629 0.13020263364546145 -0.07036885007104439
    outer loop
      vertex 1.1239462169432173 3.8228765271200857 86.7
      vertex -5.359132722020149 6.209173783659935 0
      vertex -5.386461392045021 6.416755624115467 0
    endloop
  endfacet
  facet normal 0.9741227172671316 0.21595779354058517 -0.06668705356500662
    outer loop
      vertex 1.0969481731676591 3.9446568404506235 86.7
      vertex -5.386461392045021 6.416755624115467 0
      vertex -5.431778013706207 6.621165707707405 0
    endloop
  endfacet
  facet normal 0.9518576354025149 0.3001195569353041 -0.062412286217459215
    outer loop
      vertex 1.059439009963297 4.063620708577774 86.7
      vertex -5.431778013706207 6.621165707707405 0
      vertex -5.494737707078457 6.820848345756531 0
    endloop
  endfacet
  facet normal 0.9223469337222449 0.3820486233388342 -0.057575891292056064
    outer loop
      vertex 1.0117041949828476 4.17886274202431 86.7
      vertex -5.494737707078457 6.820848345756531 0
      vertex -5.5748613104224205 7.014283828437328 0
    endloop
  endfacet
  facet normal 0.8858008978370387 0.4611187575444122 -0.05221360772627977
    outer loop
      vertex -5.671539030969143 7.200000002980232 0
      vertex 0.9541070212359521 4.289505884128459 86.7
      vertex -5.5748613104224205 7.014283828437328 0
    endloop
  endfacet
  facet normal 0.38268027299715485 0.9238718708374326 0.004071232511834108
    outer loop
      vertex -6.929151654243469 8.255262292921543 0
      vertex 0.20486580661698905 4.918193911924082 86.7
      vertex -6.735716171562672 8.17513868957758 0
    endloop
  endfacet
  facet normal 0.4617453319235871 0.8870045360290534 -0.0037684891747842824
    outer loop
      vertex -6.735716171562672 8.17513868957758 0
      vertex 0.32010784006352466 4.870459096943631 86.7
      vertex -6.549999997019768 8.078460969030857 0
    endloop
  endfacet
  facet normal 0.537264119238612 0.8433357333930088 -0.011493779240728844
    outer loop
      vertex -6.549999997019768 8.078460969030857 0
      vertex 0.43075098216767316 4.812861923196737 86.7
      vertex -6.373416550457478 7.9659649059176445 0
    endloop
  endfacet
  facet normal 0.6753554204206272 0.7370210905931704 -0.026362248184318385
    outer loop
      vertex -6.207309737801552 7.8385066613554955 0
      vertex 0.6349137436595615 4.669905615659322 86.7
      vertex -6.052943728864193 7.697056271135807 0
    endloop
  endfacet
  facet normal 0.6086510347132392 0.7932094447342728 -0.019044545855702772
    outer loop
      vertex -6.373416550457478 7.9659649059176445 0
      vertex 0.5359531672725488 4.745840739243171 86.7
      vertex -6.207309737801552 7.8385066613554955 0
    endloop
  endfacet
  facet normal 0.7927160059495754 0.6082724058039802 -0.04007510759549874
    outer loop
      vertex -5.9114933386445045 7.542690262198448 0
      vertex 0.8111507136985363 4.493668645620346 86.7
      vertex -5.7840350940823555 7.376583449542522 0
    endloop
  endfacet
  facet normal 0.7368662101515764 0.6752134986397138 -0.033390411671167665
    outer loop
      vertex -6.052943728864193 7.697056271135807 0
      vertex 0.7268795635723606 4.585634465533144 86.7
      vertex -5.9114933386445045 7.542690262198448 0
    endloop
  endfacet
  facet normal 0.842484416915013 0.5367217708242936 -0.046365374781239345
    outer loop
      vertex -5.671539030969143 7.200000002980232 0
      vertex -5.7840350940823555 7.376583449542522 0
      vertex 0.8870858372823864 4.394708069233333 86.7
    endloop
  endfacet
  facet normal -0.9860880765301194 -0.13969581088397717 0.09008543581843635
    outer loop
      vertex -7.1172665435113815 0 19.24040204073451
      vertex -0.9544019607843133 0 86.7
      vertex -1.3216590389200285 2.5924029037040826 86.7
    endloop
  endfacet
  facet normal -0.8845500590356207 -0.46046761208338843 0.07443635726109964
    outer loop
      vertex -1.5224403545692855 2.859670586459777 86.7
      vertex -1.58003752831618 2.970313728563926 86.7
      vertex -9.828460969030857 4.799999997019768 0
    endloop
  endfacet
  facet normal -0.8414039403850627 -0.5360334313549258 0.06861173058853717
    outer loop
      vertex -1.5224403545692855 2.859670586459777 86.7
      vertex -9.715964905917645 4.623416550457478 0
      vertex -1.4554191706157198 2.754468401354902 86.7
    endloop
  endfacet
  facet normal -0.950298805591506 -0.29962805978824075 0.08458845003244514
    outer loop
      vertex -1.6277723432966305 3.085555762010462 86.7
      vertex -1.6652815065009925 3.204519630137612 86.7
      vertex -10.005262292921543 5.179151654243469 0
    endloop
  endfacet
  facet normal -0.9209350268897515 -0.38146379235830613 0.07977500465178164
    outer loop
      vertex -1.58003752831618 2.970313728563926 86.7
      vertex -1.6277723432966305 3.085555762010462 86.7
      vertex -9.92513868957758 4.985716171562672 0
    endloop
  endfacet
  facet normal -0.9724355041249375 -0.21558374741583602 0.08884164658212905
    outer loop
      vertex -1.6652815065009925 3.204519630137612 86.7
      vertex -1.6922795502765506 3.32629994346815 86.7
      vertex -10.068221986293793 5.378834292292595 0
    endloop
  endfacet
  facet normal -0.7361335217482499 -0.6745421119937969 0.05568103182832496
    outer loop
      vertex -7.778954642958503 3.9826815942222322 18.173428122299566
      vertex -1.3216590389200285 2.5924029037040826 86.7
      vertex -1.3794840470318697 2.655507824967889 86.7
    endloop
  endfacet
  facet normal -0.7918100206925534 -0.6075772188419774 0.06234432031152943
    outer loop
      vertex -7.897734744794991 4.086201480880863 17.85717156023134
      vertex -1.3794840470318697 2.655507824967889 86.7
      vertex -1.4554191706157198 2.754468401354902 86.7
    endloop
  endfacet
  facet normal -0.9713246191555283 0.21533747016285906 0.10078818465588062
    outer loop
      vertex -1.6922795502765506 3.8228765271200857 86.7
      vertex -1.6652815065009925 3.9446568404506235 86.7
      vertex -10.113538607954979 6.416755624115467 0
    endloop
  endfacet
  facet normal -0.9488211602076654 0.2991621599925027 0.10119490091304022
    outer loop
      vertex -1.6652815065009925 3.9446568404506235 86.7
      vertex -1.6277723432966305 4.063620708577774 86.7
      vertex -10.068221986293793 6.621165707707405 0
    endloop
  endfacet
  facet normal -0.9191624115849989 0.3807295510309583 0.10092309002906047
    outer loop
      vertex -1.6277723432966305 4.063620708577774 86.7
      vertex -1.58003752831618 4.17886274202431 86.7
      vertex -10.005262292921543 6.820848345756531 0
    endloop
  endfacet
  facet normal -0.8825668962559124 0.45943524289159965 0.09997465289933348
    outer loop
      vertex -1.58003752831618 4.17886274202431 86.7
      vertex -1.5224403545692855 4.289505884128459 86.7
      vertex -9.92513868957758 7.014283828437328 0
    endloop
  endfacet
  facet normal -0.8393020675423147 0.534694390665802 0.09835623015204743
    outer loop
      vertex -9.828460969030857 7.200000002980232 0
      vertex -1.5224403545692855 4.289505884128459 86.7
      vertex -1.4554191706157198 4.394708069233333 86.7
    endloop
  endfacet
  facet normal -0.7896830345517223 0.6059451249176812 0.09607918884794613
    outer loop
      vertex -9.715964905917645 7.376583449542522 0
      vertex -1.4554191706157198 4.394708069233333 86.7
      vertex -1.3794840470318697 4.493668645620346 86.7
    endloop
  endfacet
  facet normal -0.7340710473406494 0.6726522037467718 0.09315959559172353
    outer loop
      vertex -9.588506661355495 7.542690262198448 0
      vertex -1.3794840470318697 4.493668645620346 86.7
      vertex -1.295212896905694 4.585634465533144 86.7
    endloop
  endfacet
  facet normal -0.672871775494021 0.7343106678481923 0.08961817241980302
    outer loop
      vertex -9.447056271135807 7.697056271135807 0
      vertex -1.295212896905694 4.585634465533144 86.7
      vertex -1.203247076992895 4.669905615659322 86.7
    endloop
  endfacet
  facet normal -0.6065332941005158 0.7904495515283113 0.08548022950524051
    outer loop
      vertex -9.292690262198448 7.8385066613554955 0
      vertex -1.203247076992895 4.669905615659322 86.7
      vertex -1.1042865006058822 4.745840739243171 86.7
    endloop
  endfacet
  facet normal -0.5355438844820402 0.8406355057245304 0.08077557990599858
    outer loop
      vertex -9.126583449542522 7.9659649059176445 0
      vertex -1.1042865006058822 4.745840739243171 86.7
      vertex -0.9990843155010074 4.812861923196737 86.7
    endloop
  endfacet
  facet normal -0.4604293451937396 0.8844765490240265 0.0755384161272458
    outer loop
      vertex -8.950000002980232 8.078460969030857 0
      vertex -0.9990843155010074 4.812861923196737 86.7
      vertex -0.8884411733968589 4.870459096943631 86.7
    endloop
  endfacet
  facet normal -0.381749890296945 0.9216257283877419 0.06980714886051959
    outer loop
      vertex -8.764283828437328 8.17513868957758 0
      vertex -0.8884411733968589 4.870459096943631 86.7
      vertex -0.7731991399503224 4.918193911924082 86.7
    endloop
  endfacet
  facet normal -0.30009654550402576 0.9517846524660006 0.06362419906548542
    outer loop
      vertex -8.57084834575653 8.255262292921543 0
      vertex -0.7731991399503224 4.918193911924082 86.7
      vertex -0.6542352718231728 4.955703075128444 86.7
    endloop
  endfacet
  facet normal -0.21608726671521358 0.9747067330538314 0.057035758109058685
    outer loop
      vertex -8.371165707707405 8.318221986293793 0
      vertex -0.6542352718231728 4.955703075128444 86.7
      vertex -0.5324549584926341 4.982701118904002 86.7
    endloop
  endfacet
  facet normal -0.1303623447167631 0.9902002335926066 0.05009148104313992
    outer loop
      vertex -8.166755624115467 8.363538607954979 0
      vertex -0.5324549584926341 4.982701118904002 86.7
      vertex -0.40878502436712694 4.998982575963526 86.7
    endloop
  endfacet
  facet normal -0.04357931517909563 0.9981308653148869 0.04284412438451888
    outer loop
      vertex -7.959173783659935 8.39086727797985 0
      vertex -0.40878502436712694 4.998982575963526 86.7
      vertex -0.2841666666666667 5.004423528524006 86.7
    endloop
  endfacet
  facet normal 0.043592106726229964 0.9984238400428614 0.035349170644239716
    outer loop
      vertex -7.540826216340065 8.39086727797985 0
      vertex -0.2841666666666667 5.004423528524006 86.7
      vertex -0.15954830896620642 4.998982575963526 86.7
    endloop
  endfacet
  facet normal 0.13047624647019182 0.9910654032326339 0.02766433845922666
    outer loop
      vertex -7.333244375884533 8.363538607954979 0
      vertex -0.15954830896620642 4.998982575963526 86.7
      vertex -0.03587837484069922 4.982701118904002 86.7
    endloop
  endfacet
  facet normal 0.21639695938809872 0.9761036665151464 0.019849135580006047
    outer loop
      vertex -7.128834292292595 8.318221986293793 0
      vertex -0.03587837484069922 4.982701118904002 86.7
      vertex 0.0859019384898394 4.955703075128444 86.7
    endloop
  endfacet
  facet normal 0.30068427412623805 0.9536486895261312 0.011964290963951274
    outer loop
      vertex -6.929151654243469 8.255262292921543 0
      vertex 0.0859019384898394 4.955703075128444 86.7
      vertex 0.20486580661698905 4.918193911924082 86.7
    endloop
  endfacet
  facet normal 0.38268027299715524 0.9238718708374324 0.004071232511834036
    outer loop
      vertex -6.735716171562672 8.17513868957758 0
      vertex 0.20486580661698905 4.918193911924082 86.7
      vertex 0.32010784006352466 4.870459096943631 86.7
    endloop
  endfacet
  facet normal 0.6086510347132368 0.7932094447342747 -0.019044545855702255
    outer loop
      vertex -6.207309737801552 7.8385066613554955 0
      vertex 0.5359531672725488 4.745840739243171 86.7
      vertex 0.6349137436595615 4.669905615659322 86.7
    endloop
  endfacet
  facet normal 0.46174533192358796 0.8870045360290527 -0.0037684891747845535
    outer loop
      vertex -6.549999997019768 8.078460969030857 0
      vertex 0.32010784006352466 4.870459096943631 86.7
      vertex 0.43075098216767316 4.812861923196737 86.7
    endloop
  endfacet
  facet normal 0.5372641192386133 0.8433357333930079 -0.0114937792407286
    outer loop
      vertex -6.373416550457478 7.9659649059176445 0
      vertex 0.43075098216767316 4.812861923196737 86.7
      vertex 0.5359531672725488 4.745840739243171 86.7
    endloop
  endfacet
  facet normal 0.9869553911115853 -0.1398186804497221 -0.07981098015358762
    outer loop
      vertex 0.7533257055866951 2.5924029037040826 86.7
      vertex 0.3860686274509799 0 86.7
      vertex -5.069108660584342 0 19.24040204073451
    endloop
  endfacet
  facet normal 0.7354151954484655 -0.6738838871948412 -0.07102814148396497
    outer loop
      vertex -4.591177180423239 3.9826815942222322 18.173428122299566
      vertex 0.8111507136985363 2.655507824967889 86.7
      vertex 0.7533257055866951 2.5924029037040826 86.7
    endloop
  endfacet
  facet normal 0.8409358288602824 -0.535735211421739 -0.07625427845028979
    outer loop
      vertex 0.8870858372823864 2.754468401354902 86.7
      vertex -5.7840350940823555 4.623416550457478 0
      vertex 0.9541070212359521 2.859670586459777 86.7
    endloop
  endfacet
  facet normal 0.8843165957769479 -0.46034607880426437 -0.07788225833274354
    outer loop
      vertex 0.9541070212359521 2.859670586459777 86.7
      vertex -5.671539030969143 4.799999997019768 0
      vertex 1.0117041949828476 2.970313728563926 86.7
    endloop
  endfacet
  facet normal 0.9210040163675532 -0.3814923687367261 -0.07883637758343265
    outer loop
      vertex 1.0117041949828476 2.970313728563926 86.7
      vertex -5.5748613104224205 4.985716171562672 0
      vertex 1.059439009963297 3.085555762010462 86.7
    endloop
  endfacet
  facet normal 0.9507279132200348 -0.2997633569026009 -0.07910982797833574
    outer loop
      vertex 1.059439009963297 3.085555762010462 86.7
      vertex -5.494737707078457 5.179151654243469 0
      vertex 1.0969481731676591 3.204519630137612 86.7
    endloop
  endfacet
  facet normal 0.9732678255843621 -0.21576826862934198 -0.07870066032114169
    outer loop
      vertex 1.0969481731676591 3.204519630137612 86.7
      vertex -5.431778013706207 5.378834292292595 0
      vertex 1.1239462169432173 3.32629994346815 86.7
    endloop
  endfacet
  facet normal 0.9884543209498596 -0.13013249093763765 -0.07761179161646418
    outer loop
      vertex 1.1239462169432173 3.32629994346815 86.7
      vertex -5.386461392045021 5.583244375884533 0
      vertex 1.140227674002741 3.4499698775936576 86.7
    endloop
  endfacet
  facet normal 0.7911802606255617 -0.6070939869302228 -0.07396408743190706
    outer loop
      vertex -4.526863486498501 4.086201480880863 17.85717156023134
      vertex 0.8870858372823864 2.754468401354902 86.7
      vertex 0.8111507136985363 2.655507824967889 86.7
    endloop
  endfacet
  facet normal 0 0 1
    outer loop
      vertex -0.9544019607843133 0 86.7
      vertex 0.3860686274509799 0 86.7
      vertex -1.3216590389200285 2.5924029037040826 86.7
    endloop
  endfacet
  facet normal 0 0 1
    outer loop
      vertex -1.3216590389200285 2.5924029037040826 86.7
      vertex 0.7533257055866951 2.5924029037040826 86.7
      vertex -1.3794840470318697 2.655507824967889 86.7
    endloop
  endfacet
  facet normal 0 0 1
    outer loop
      vertex -1.58003752831618 2.970313728563926 86.7
      vertex 0.7533257055866951 2.5924029037040826 86.7
      vertex -1.6277723432966305 3.085555762010462 86.7
    endloop
  endfacet
  facet normal 0 0 1
    outer loop
      vertex -1.6277723432966305 3.085555762010462 86.7
      vertex 0.7533257055866951 2.5924029037040826 86.7
      vertex -1.6652815065009925 3.204519630137612 86.7
    endloop
  endfacet
  facet normal 0 0 1
    outer loop
      vertex -1.6652815065009925 3.204519630137612 86.7
      vertex 0.7533257055866951 2.5924029037040826 86.7
      vertex -1.6922795502765506 3.32629994346815 86.7
    endloop
  endfacet
  facet normal 0 0 1
    outer loop
      vertex -1.6922795502765506 3.32629994346815 86.7
      vertex 0.7533257055866951 2.5924029037040826 86.7
      vertex -1.7085610073360744 3.4499698775936576 86.7
    endloop
  endfacet
  facet normal 0 0 1
    outer loop
      vertex -1.5224403545692855 2.859670586459777 86.7
      vertex -1.4554191706157198 2.754468401354902 86.7
      vertex 0.7533257055866951 2.5924029037040826 86.7
    endloop
  endfacet
  facet normal 0 0 1
    outer loop
      vertex -1.5224403545692855 2.859670586459777 86.7
      vertex 0.7533257055866951 2.5924029037040826 86.7
      vertex -1.58003752831618 2.970313728563926 86.7
    endloop
  endfacet
  facet normal 0 0 1
    outer loop
      vertex -1.4554191706157198 2.754468401354902 86.7
      vertex -1.3794840470318697 2.655507824967889 86.7
      vertex 0.7533257055866951 2.5924029037040826 86.7
    endloop
  endfacet
  facet normal 0 0 1
    outer loop
      vertex -1.7140019598965548 3.574588235294118 86.7
      vertex -1.7085610073360744 3.4499698775936576 86.7
      vertex 0.7533257055866951 2.5924029037040826 86.7
    endloop
  endfacet
  facet normal 0 0 1
    outer loop
      vertex -1.7140019598965548 3.574588235294118 86.7
      vertex 0.7533257055866951 2.5924029037040826 86.7
      vertex -1.7085610073360744 3.699206592994578 86.7
    endloop
  endfacet
  facet normal 0 0 1
    outer loop
      vertex -1.7085610073360744 3.699206592994578 86.7
      vertex 0.7533257055866951 2.5924029037040826 86.7
      vertex -1.6922795502765506 3.8228765271200857 86.7
    endloop
  endfacet
  facet normal 0 0 1
    outer loop
      vertex -1.6922795502765506 3.8228765271200857 86.7
      vertex 0.7533257055866951 2.5924029037040826 86.7
      vertex -1.6652815065009925 3.9446568404506235 86.7
    endloop
  endfacet
  facet normal 0 0 1
    outer loop
      vertex -1.6652815065009925 3.9446568404506235 86.7
      vertex 0.7533257055866951 2.5924029037040826 86.7
      vertex -1.6277723432966305 4.063620708577774 86.7
    endloop
  endfacet
  facet normal 0 0 1
    outer loop
      vertex -1.6277723432966305 4.063620708577774 86.7
      vertex 0.7533257055866951 2.5924029037040826 86.7
      vertex -1.58003752831618 4.17886274202431 86.7
    endloop
  endfacet
  facet normal 0 0 1
    outer loop
      vertex -1.58003752831618 4.17886274202431 86.7
      vertex 0.7533257055866951 2.5924029037040826 86.7
      vertex -1.5224403545692855 4.289505884128459 86.7
    endloop
  endfacet
  facet normal 0 0 1
    outer loop
      vertex -1.5224403545692855 4.289505884128459 86.7
      vertex 0.7533257055866951 2.5924029037040826 86.7
      vertex -1.4554191706157198 4.394708069233333 86.7
    endloop
  endfacet
  facet normal 0 0 1
    outer loop
      vertex -1.4554191706157198 4.394708069233333 86.7
      vertex 0.7533257055866951 2.5924029037040826 86.7
      vertex -1.3794840470318697 4.493668645620346 86.7
    endloop
  endfacet
  facet normal 0 0 1
    outer loop
      vertex -1.3794840470318697 4.493668645620346 86.7
      vertex 1.0117041949828476 2.970313728563926 86.7
      vertex -1.295212896905694 4.585634465533144 86.7
    endloop
  endfacet
  facet normal 0 0 1
    outer loop
      vertex -1.3216590389200285 2.5924029037040826 86.7
      vertex 0.3860686274509799 0 86.7
      vertex 0.7533257055866951 2.5924029037040826 86.7
    endloop
  endfacet
  facet normal 0 0 1
    outer loop
      vertex -1.3794840470318697 4.493668645620346 86.7
      vertex 0.7533257055866951 2.5924029037040826 86.7
      vertex 0.8111507136985363 2.655507824967889 86.7
    endloop
  endfacet
  facet normal 0 0 1
    outer loop
      vertex -1.3794840470318697 4.493668645620346 86.7
      vertex 0.8111507136985363 2.655507824967889 86.7
      vertex 0.8870858372823864 2.754468401354902 86.7
    endloop
  endfacet
  facet normal 0 0 1
    outer loop
      vertex -1.3794840470318697 4.493668645620346 86.7
      vertex 0.8870858372823864 2.754468401354902 86.7
      vertex 0.9541070212359521 2.859670586459777 86.7
    endloop
  endfacet
  facet normal 0 0 1
    outer loop
      vertex -1.3794840470318697 4.493668645620346 86.7
      vertex 0.9541070212359521 2.859670586459777 86.7
      vertex 1.0117041949828476 2.970313728563926 86.7
    endloop
  endfacet
  facet normal 0 0 1
    outer loop
      vertex -1.295212896905694 4.585634465533144 86.7
      vertex 1.0117041949828476 2.970313728563926 86.7
      vertex 1.059439009963297 3.085555762010462 86.7
    endloop
  endfacet
  facet normal 0 0 1
    outer loop
      vertex -1.295212896905694 4.585634465533144 86.7
      vertex 1.059439009963297 3.085555762010462 86.7
      vertex 1.0969481731676591 3.204519630137612 86.7
    endloop
  endfacet
  facet normal 0 0 1
    outer loop
      vertex -1.295212896905694 4.585634465533144 86.7
      vertex 1.0969481731676591 3.204519630137612 86.7
      vertex 1.1239462169432173 3.32629994346815 86.7
    endloop
  endfacet
  facet normal 0 0 1
    outer loop
      vertex -1.295212896905694 4.585634465533144 86.7
      vertex 1.1239462169432173 3.32629994346815 86.7
      vertex 1.140227674002741 3.4499698775936576 86.7
    endloop
  endfacet
  facet normal 0 0 1
    outer loop
      vertex -1.295212896905694 4.585634465533144 86.7
      vertex 1.140227674002741 3.4499698775936576 86.7
      vertex 1.1456686265632214 3.574588235294118 86.7
    endloop
  endfacet
  facet normal 0 0 1
    outer loop
      vertex -1.295212896905694 4.585634465533144 86.7
      vertex 1.1456686265632214 3.574588235294118 86.7
      vertex 1.140227674002741 3.699206592994578 86.7
    endloop
  endfacet
  facet normal 0 0 1
    outer loop
      vertex -1.295212896905694 4.585634465533144 86.7
      vertex 1.140227674002741 3.699206592994578 86.7
      vertex 1.1239462169432173 3.8228765271200857 86.7
    endloop
  endfacet
  facet normal 0 0 1
    outer loop
      vertex -1.203247076992895 4.669905615659322 86.7
      vertex 1.1239462169432173 3.8228765271200857 86.7
      vertex 1.0969481731676591 3.9446568404506235 86.7
    endloop
  endfacet
  facet normal 0.9961701280785785 -0.043493707580959357 -0.07585099422400733
    outer loop
      vertex 1.140227674002741 3.4499698775936576 86.7
      vertex -5.359132722020149 5.790826216340065 0
      vertex 1.1456686265632214 3.574588235294118 86.7
    endloop
  endfacet
  facet normal 0.9963511007241551 0.04350160901376185 -0.07343087973719369
    outer loop
      vertex 1.1456686265632214 3.574588235294118 86.7
      vertex -5.350000001490116 6 0
      vertex 1.140227674002741 3.699206592994578 86.7
    endloop
  endfacet
  facet normal 0.9889871076669623 0.130202633645465 -0.0703688500710443
    outer loop
      vertex 1.140227674002741 3.699206592994578 86.7
      vertex -5.359132722020149 6.209173783659935 0
      vertex 1.1239462169432173 3.8228765271200857 86.7
    endloop
  endfacet
  facet normal 0.8858008978370348 0.46111875754442005 -0.05221360772627921
    outer loop
      vertex 1.0117041949828476 4.17886274202431 86.7
      vertex -5.5748613104224205 7.014283828437328 0
      vertex 0.9541070212359521 4.289505884128459 86.7
    endloop
  endfacet
  facet normal 0.9518576354025127 0.3001195569353105 -0.0624122862174589
    outer loop
      vertex 1.059439009963297 4.063620708577774 86.7
      vertex 1.0969481731676591 3.9446568404506235 86.7
      vertex -5.431778013706207 6.621165707707405 0
    endloop
  endfacet
  facet normal 0.9741227172671323 0.21595779354058228 -0.06668705356500665
    outer loop
      vertex 1.1239462169432173 3.8228765271200857 86.7
      vertex -5.386461392045021 6.416755624115467 0
      vertex 1.0969481731676591 3.9446568404506235 86.7
    endloop
  endfacet
  facet normal 0.9223469337222474 0.3820486233388277 -0.05757589129205645
    outer loop
      vertex 1.059439009963297 4.063620708577774 86.7
      vertex -5.494737707078457 6.820848345756531 0
      vertex 1.0117041949828476 4.17886274202431 86.7
    endloop
  endfacet
  facet normal 0.6753554204206264 0.7370210905931712 -0.026362248184318243
    outer loop
      vertex -6.052943728864193 7.697056271135807 0
      vertex 0.6349137436595615 4.669905615659322 86.7
      vertex 0.7268795635723606 4.585634465533144 86.7
    endloop
  endfacet
  facet normal 0.7927160059495773 0.6082724058039778 -0.04007510759549856
    outer loop
      vertex -5.7840350940823555 7.376583449542522 0
      vertex 0.8111507136985363 4.493668645620346 86.7
      vertex 0.8870858372823864 4.394708069233333 86.7
    endloop
  endfacet
  facet normal 0.7368662101515826 0.675213498639707 -0.03339041167116825
    outer loop
      vertex -5.9114933386445045 7.542690262198448 0
      vertex 0.7268795635723606 4.585634465533144 86.7
      vertex 0.8111507136985363 4.493668645620346 86.7
    endloop
  endfacet
  facet normal 0.8424844169150109 0.5367217708242974 -0.046365374781238936
    outer loop
      vertex -5.671539030969143 7.200000002980232 0
      vertex 0.8870858372823864 4.394708069233333 86.7
      vertex 0.9541070212359521 4.289505884128459 86.7
    endloop
  endfacet
  facet normal 0 0 1
    outer loop
      vertex -1.295212896905694 4.585634465533144 86.7
      vertex 1.1239462169432173 3.8228765271200857 86.7
      vertex -1.203247076992895 4.669905615659322 86.7
    endloop
  endfacet
  facet normal 0 0 1
    outer loop
      vertex -1.203247076992895 4.669905615659322 86.7
      vertex 1.0969481731676591 3.9446568404506235 86.7
      vertex -1.1042865006058822 4.745840739243171 86.7
    endloop
  endfacet
  facet normal 0 0 1
    outer loop
      vertex -1.1042865006058822 4.745840739243171 86.7
      vertex 1.0117041949828476 4.17886274202431 86.7
      vertex -0.9990843155010074 4.812861923196737 86.7
    endloop
  endfacet
  facet normal 0 0 1
    outer loop
      vertex -0.9990843155010074 4.812861923196737 86.7
      vertex 1.0117041949828476 4.17886274202431 86.7
      vertex -0.8884411733968589 4.870459096943631 86.7
    endloop
  endfacet
  facet normal 0 0 1
    outer loop
      vertex -0.8884411733968589 4.870459096943631 86.7
      vertex 0.7268795635723606 4.585634465533144 86.7
      vertex -0.7731991399503224 4.918193911924082 86.7
    endloop
  endfacet
  facet normal 0 0 1
    outer loop
      vertex -0.7731991399503224 4.918193911924082 86.7
      vertex 0.7268795635723606 4.585634465533144 86.7
      vertex -0.6542352718231728 4.955703075128444 86.7
    endloop
  endfacet
  facet normal 0 0 1
    outer loop
      vertex -0.6542352718231728 4.955703075128444 86.7
      vertex 0.7268795635723606 4.585634465533144 86.7
      vertex -0.5324549584926341 4.982701118904002 86.7
    endloop
  endfacet
  facet normal 0 0 1
    outer loop
      vertex -0.5324549584926341 4.982701118904002 86.7
      vertex 0.7268795635723606 4.585634465533144 86.7
      vertex -0.40878502436712694 4.998982575963526 86.7
    endloop
  endfacet
  facet normal 0 0 1
    outer loop
      vertex -0.2841666666666667 5.004423528524006 86.7
      vertex 0.32010784006352466 4.870459096943631 86.7
      vertex -0.15954830896620642 4.998982575963526 86.7
    endloop
  endfacet
  facet normal 0 0 1
    outer loop
      vertex -0.40878502436712694 4.998982575963526 86.7
      vertex 0.7268795635723606 4.585634465533144 86.7
      vertex -0.2841666666666667 5.004423528524006 86.7
    endloop
  endfacet
  facet normal 0 0 1
    outer loop
      vertex -0.15954830896620642 4.998982575963526 86.7
      vertex 0.32010784006352466 4.870459096943631 86.7
      vertex -0.03587837484069922 4.982701118904002 86.7
    endloop
  endfacet
  facet normal 0 0 1
    outer loop
      vertex -0.8884411733968589 4.870459096943631 86.7
      vertex 0.8111507136985363 4.493668645620346 86.7
      vertex 0.7268795635723606 4.585634465533144 86.7
    endloop
  endfacet
  facet normal 0 0 1
    outer loop
      vertex -1.1042865006058822 4.745840739243171 86.7
      vertex 1.0969481731676591 3.9446568404506235 86.7
      vertex 1.059439009963297 4.063620708577774 86.7
    endloop
  endfacet
  facet normal 0 0 1
    outer loop
      vertex -1.1042865006058822 4.745840739243171 86.7
      vertex 1.059439009963297 4.063620708577774 86.7
      vertex 1.0117041949828476 4.17886274202431 86.7
    endloop
  endfacet
  facet normal 0 0 1
    outer loop
      vertex -0.8884411733968589 4.870459096943631 86.7
      vertex 1.0117041949828476 4.17886274202431 86.7
      vertex 0.9541070212359521 4.289505884128459 86.7
    endloop
  endfacet
  facet normal 0 0 1
    outer loop
      vertex -0.8884411733968589 4.870459096943631 86.7
      vertex 0.8870858372823864 4.394708069233333 86.7
      vertex 0.8111507136985363 4.493668645620346 86.7
    endloop
  endfacet
  facet normal 0 0 1
    outer loop
      vertex -0.8884411733968589 4.870459096943631 86.7
      vertex 0.9541070212359521 4.289505884128459 86.7
      vertex 0.8870858372823864 4.394708069233333 86.7
    endloop
  endfacet
  facet normal 0 0 1
    outer loop
      vertex -0.03587837484069922 4.982701118904002 86.7
      vertex 0.32010784006352466 4.870459096943631 86.7
      vertex 0.0859019384898394 4.955703075128444 86.7
    endloop
  endfacet
  facet normal 0 0 1
    outer loop
      vertex -0.2841666666666667 5.004423528524006 86.7
      vertex 0.43075098216767316 4.812861923196737 86.7
      vertex 0.32010784006352466 4.870459096943631 86.7
    endloop
  endfacet
  facet normal 0 0 1
    outer loop
      vertex -0.2841666666666667 5.004423528524006 86.7
      vertex 0.5359531672725488 4.745840739243171 86.7
      vertex 0.43075098216767316 4.812861923196737 86.7
    endloop
  endfacet
  facet normal 0 0 1
    outer loop
      vertex 0.0859019384898394 4.955703075128444 86.7
      vertex 0.32010784006352466 4.870459096943631 86.7
      vertex 0.20486580661698905 4.918193911924082 86.7
    endloop
  endfacet
  facet normal 0 0 1
    outer loop
      vertex -0.2841666666666667 5.004423528524006 86.7
      vertex 0.6349137436595615 4.669905615659322 86.7
      vertex 0.5359531672725488 4.745840739243171 86.7
    endloop
  endfacet
  facet normal 0 0 1
    outer loop
      vertex -0.2841666666666667 5.004423528524006 86.7
      vertex 0.7268795635723606 4.585634465533144 86.7
      vertex 0.6349137436595615 4.669905615659322 86.7
    endloop
  endfacet
  facet normal 0 0 -1
    outer loop
      vertex -10.14086727797985 -6.209173783659935 0
      vertex -6.008553482592106 -4.351387180387974 0
      vertex -10.113538607954979 -6.416755624115467 0
    endloop
  endfacet
  facet normal 0 0 -1
    outer loop
      vertex -10.149999998509884 -6 0
      vertex -6.008553482592106 -4.351387180387974 0
      vertex -10.14086727797985 -6.209173783659935 0
    endloop
  endfacet
  facet normal 0 0 -1
    outer loop
      vertex -10.14086727797985 -5.790826216340065 0
      vertex -6.008553482592106 -4.351387180387974 0
      vertex -10.149999998509884 -6 0
    endloop
  endfacet
  facet normal 0 0 -1
    outer loop
      vertex -10.113538607954979 -5.583244375884533 0
      vertex -6.008553482592106 -4.351387180387974 0
      vertex -10.14086727797985 -5.790826216340065 0
    endloop
  endfacet
  facet normal -0.7918100206925558 0.6075772188419739 0.06234432031152972
    outer loop
      vertex -7.9707381766258525 -4.129297542656143 17.3499775872415
      vertex -9.588506661355495 -4.457309737801552 0
      vertex -9.715964905917645 -4.623416550457478 0
    endloop
  endfacet
  facet normal -0.7361335217482469 0.6745421119938 0.0556810318283248
    outer loop
      vertex -7.918200575567602 -4.030253457402888 16.908825592727258
      vertex -9.491446517407894 -4.351387180387974 0
      vertex -9.588506661355495 -4.457309737801552 0
    endloop
  endfacet
  facet normal 0 0 -1
    outer loop
      vertex -9.828460969030857 -7.200000002980232 0
      vertex -6.008553482592106 -4.351387180387974 0
      vertex -9.715964905917645 -7.376583449542522 0
    endloop
  endfacet
  facet normal 0 0 -1
    outer loop
      vertex -9.715964905917645 -7.376583449542522 0
      vertex -6.008553482592106 -4.351387180387974 0
      vertex -9.588506661355495 -7.542690262198448 0
    endloop
  endfacet
  facet normal 0 0 -1
    outer loop
      vertex -9.447056271135807 -7.697056271135807 0
      vertex -5.386461392045021 -6.416755624115467 0
      vertex -9.292690262198448 -7.8385066613554955 0
    endloop
  endfacet
  facet normal 0 0 -1
    outer loop
      vertex -9.588506661355495 -7.542690262198448 0
      vertex -5.5748613104224205 -4.985716171562672 0
      vertex -9.447056271135807 -7.697056271135807 0
    endloop
  endfacet
  facet normal 0 0 -1
    outer loop
      vertex -8.764283828437328 -8.17513868957758 0
      vertex -6.052943728864193 -7.697056271135807 0
      vertex -8.57084834575653 -8.255262292921543 0
    endloop
  endfacet
  facet normal 0 0 -1
    outer loop
      vertex -9.126583449542522 -7.9659649059176445 0
      vertex -5.5748613104224205 -7.014283828437328 0
      vertex -8.950000002980232 -8.078460969030857 0
    endloop
  endfacet
  facet normal 0 0 -1
    outer loop
      vertex -9.292690262198448 -7.8385066613554955 0
      vertex -5.431778013706207 -6.621165707707405 0
      vertex -9.126583449542522 -7.9659649059176445 0
    endloop
  endfacet
  facet normal 0 0 -1
    outer loop
      vertex -8.950000002980232 -8.078460969030857 0
      vertex -5.5748613104224205 -7.014283828437328 0
      vertex -8.764283828437328 -8.17513868957758 0
    endloop
  endfacet
  facet normal 0 0 -1
    outer loop
      vertex -8.57084834575653 -8.255262292921543 0
      vertex -6.052943728864193 -7.697056271135807 0
      vertex -8.371165707707405 -8.318221986293793 0
    endloop
  endfacet
  facet normal 0 0 -1
    outer loop
      vertex -8.371165707707405 -8.318221986293793 0
      vertex -6.052943728864193 -7.697056271135807 0
      vertex -8.166755624115467 -8.363538607954979 0
    endloop
  endfacet
  facet normal 0 0 -1
    outer loop
      vertex -7.75 -8.399999998509884 0
      vertex -6.735716171562672 -8.17513868957758 0
      vertex -7.540826216340065 -8.39086727797985 0
    endloop
  endfacet
  facet normal 0 0 -1
    outer loop
      vertex -8.166755624115467 -8.363538607954979 0
      vertex -6.052943728864193 -7.697056271135807 0
      vertex -7.959173783659935 -8.39086727797985 0
    endloop
  endfacet
  facet normal 0 0 -1
    outer loop
      vertex -9.92513868957758 -7.014283828437328 0
      vertex -6.008553482592106 -4.351387180387974 0
      vertex -9.828460969030857 -7.200000002980232 0
    endloop
  endfacet
  facet normal 0 0 -1
    outer loop
      vertex -10.005262292921543 -6.820848345756531 0
      vertex -6.008553482592106 -4.351387180387974 0
      vertex -9.92513868957758 -7.014283828437328 0
    endloop
  endfacet
  facet normal 0 0 -1
    outer loop
      vertex -10.068221986293793 -6.621165707707405 0
      vertex -6.008553482592106 -4.351387180387974 0
      vertex -10.005262292921543 -6.820848345756531 0
    endloop
  endfacet
  facet normal 0 0 -1
    outer loop
      vertex -10.113538607954979 -6.416755624115467 0
      vertex -6.008553482592106 -4.351387180387974 0
      vertex -10.068221986293793 -6.621165707707405 0
    endloop
  endfacet
  facet normal 0 0 -1
    outer loop
      vertex -10.068221986293793 -5.378834292292595 0
      vertex -6.008553482592106 -4.351387180387974 0
      vertex -10.113538607954979 -5.583244375884533 0
    endloop
  endfacet
  facet normal 0 0 -1
    outer loop
      vertex -10.005262292921543 -5.179151654243469 0
      vertex -6.008553482592106 -4.351387180387974 0
      vertex -10.068221986293793 -5.378834292292595 0
    endloop
  endfacet
  facet normal 0 0 -1
    outer loop
      vertex -10.005262292921543 -5.179151654243469 0
      vertex -9.92513868957758 -4.985716171562672 0
      vertex -6.008553482592106 -4.351387180387974 0
    endloop
  endfacet
  facet normal 0 0 -1
    outer loop
      vertex -9.92513868957758 -4.985716171562672 0
      vertex -9.828460969030857 -4.799999997019768 0
      vertex -6.008553482592106 -4.351387180387974 0
    endloop
  endfacet
  facet normal 0 0 -1
    outer loop
      vertex -9.715964905917645 -4.623416550457478 0
      vertex -6.008553482592106 -4.351387180387974 0
      vertex -9.828460969030857 -4.799999997019768 0
    endloop
  endfacet
  facet normal 0 0 -1
    outer loop
      vertex -9.715964905917645 -4.623416550457478 0
      vertex -9.588506661355495 -4.457309737801552 0
      vertex -6.008553482592106 -4.351387180387974 0
    endloop
  endfacet
  facet normal 0 0 -1
    outer loop
      vertex -9.588506661355495 -4.457309737801552 0
      vertex -9.491446517407894 -4.351387180387974 0
      vertex -6.008553482592106 -4.351387180387974 0
    endloop
  endfacet
  facet normal -0.7918100206924958 0.6075772188420527 0.062344320311522365
    outer loop
      vertex -7.962420977811458 -4.100399490054295 17.173984697919373
      vertex -9.588506661355495 -4.457309737801552 0
      vertex -7.965553397211282 -4.107235326741675 17.20081982203051
    endloop
  endfacet
  facet normal -0.7361335217482466 0.6745421119938005 0.05568103182832481
    outer loop
      vertex -7.962420977811458 -4.100399490054295 17.173984697919373
      vertex -7.947983588127891 -4.074695697728335 17.053468902345095
      vertex -9.588506661355495 -4.457309737801552 0
    endloop
  endfacet
  facet normal -0.7918100206925568 0.6075772188419724 0.062344320311529824
    outer loop
      vertex -7.9707381766258525 -4.129297542656143 17.3499775872415
      vertex -9.715964905917645 -4.623416550457478 0
      vertex -7.963900742342664 -4.135780827827989 17.5
    endloop
  endfacet
  facet normal -0.7918100206925741 0.6075772188419497 0.062344320311531844
    outer loop
      vertex -7.9707381766258525 -4.129297542656143 17.3499775872415
      vertex -7.965553397211282 -4.107235326741675 17.20081982203051
      vertex -9.588506661355495 -4.457309737801552 0
    endloop
  endfacet
  facet normal -0.9942436165090012 -0.0434095943070415 0.09795528649950581
    outer loop
      vertex -1.7085610073360744 -3.699206592994578 86.7
      vertex -10.149999998509884 -6 0
      vertex -10.14086727797985 -6.209173783659935 0
    endloop
  endfacet
  facet normal -0.9944773054688063 0.04341979738279751 0.09554899320630843
    outer loop
      vertex -1.7140019598965548 -3.574588235294118 86.7
      vertex -10.14086727797985 -5.790826216340065 0
      vertex -10.149999998509884 -6 0
    endloop
  endfacet
  facet normal -0.9860880765301192 0.13969581088397806 0.0900854358184362
    outer loop
      vertex -7.682565242594984 -2.013317472805178 16.174620236996947
      vertex -9.491446517407894 -4.351387180387974 0
      vertex -7.749118229468267 -2.577771382249819 16.32142243263649
    endloop
  endfacet
  facet normal -0.9860880765301194 0.13969581088397595 0.09008543581843653
    outer loop
      vertex -7.604576189213184 -1.368527262591564 16.02842107054434
      vertex -9.491446517407894 -4.351387180387974 0
      vertex -7.682565242594984 -2.013317472805178 16.174620236996947
    endloop
  endfacet
  facet normal -0.9860880765301192 0.1396958108839775 0.09008543581843623
    outer loop
      vertex -7.604576189213184 -1.368527262591564 16.02842107054434
      vertex -7.514420862432619 -0.6384510557211508 15.883142371130075
      vertex -9.491446517407894 -4.351387180387974 0
    endloop
  endfacet
  facet normal 0 0 -1
    outer loop
      vertex -9.491446517407894 -4.351387180387974 0
      vertex -6.625 0 0
      vertex -6.008553482592106 -4.351387180387974 0
    endloop
  endfacet
  facet normal -0.7361335217482475 0.6745421119937993 0.05568103182832493
    outer loop
      vertex -7.947983588127891 -4.074695697728335 17.053468902345095
      vertex -7.918200575567602 -4.030253457402888 16.908825592727258
      vertex -9.588506661355495 -4.457309737801552 0
    endloop
  endfacet
  facet normal -0.7361335217482451 0.674542111993802 0.05568103182832463
    outer loop
      vertex -7.918200575567602 -4.030253457402888 16.908825592727258
      vertex -7.902963703901502 -4.009381185728063 16.85741034190217
      vertex -9.491446517407894 -4.351387180387974 0
    endloop
  endfacet
  facet normal -0.9860880765301193 0.13969581088397803 0.09008543581843632
    outer loop
      vertex -7.886144839228557 -3.8300308370595286 16.763392808458917
      vertex -9.491446517407894 -4.351387180387974 0
      vertex -7.902963703901502 -4.009381185728063 16.85741034190217
    endloop
  endfacet
  facet normal -0.9860880765301194 0.13969581088397617 0.0900854358184364
    outer loop
      vertex -7.8503944845110345 -3.48259668476384 16.615953913432293
      vertex -9.491446517407894 -4.351387180387974 0
      vertex -7.886144839228557 -3.8300308370595286 16.763392808458917
    endloop
  endfacet
  facet normal -0.9860880765301192 0.13969581088397806 0.09008543581843627
    outer loop
      vertex -7.804876317594611 -3.066262148997862 16.468590815386168
      vertex -9.491446517407894 -4.351387180387974 0
      vertex -7.8503944845110345 -3.48259668476384 16.615953913432293
    endloop
  endfacet
  facet normal -0.9860880765301195 0.13969581088397634 0.09008543581843642
    outer loop
      vertex -7.749118229468267 -2.577771382249819 16.32142243263649
      vertex -9.491446517407894 -4.351387180387974 0
      vertex -7.804876317594611 -3.066262148997862 16.468590815386168
    endloop
  endfacet
  facet normal -0.9860880765301194 0.1396958108839772 0.09008543581843632
    outer loop
      vertex -8.875 0 0
      vertex -9.491446517407894 -4.351387180387974 0
      vertex -7.514420862432619 -0.6384510557211508 15.883142371130075
    endloop
  endfacet
  facet normal 0 0 -1
    outer loop
      vertex -9.491446517407894 -4.351387180387974 0
      vertex -8.875 0 0
      vertex -6.625 0 0
    endloop
  endfacet
  facet normal -0.9860880765301193 0.1396958108839777 0.09008543581843634
    outer loop
      vertex -8.875 0 0
      vertex -7.514420862432619 -0.6384510557211508 15.883142371130075
      vertex -7.434201129704609 0 15.77119068991159
    endloop
  endfacet
  facet normal 0 0 -1
    outer loop
      vertex -7.959173783659935 -8.39086727797985 0
      vertex -6.052943728864193 -7.697056271135807 0
      vertex -7.75 -8.399999998509884 0
    endloop
  endfacet
  facet normal 0 0 -1
    outer loop
      vertex -7.540826216340065 -8.39086727797985 0
      vertex -6.735716171562672 -8.17513868957758 0
      vertex -7.333244375884533 -8.363538607954979 0
    endloop
  endfacet
  facet normal 0 0 -1
    outer loop
      vertex -7.333244375884533 -8.363538607954979 0
      vertex -6.735716171562672 -8.17513868957758 0
      vertex -7.128834292292595 -8.318221986293793 0
    endloop
  endfacet
  facet normal 0 0 -1
    outer loop
      vertex -7.75 -8.399999998509884 0
      vertex -6.549999997019768 -8.078460969030857 0
      vertex -6.735716171562672 -8.17513868957758 0
    endloop
  endfacet
  facet normal 0 0 -1
    outer loop
      vertex -7.128834292292595 -8.318221986293793 0
      vertex -6.735716171562672 -8.17513868957758 0
      vertex -6.929151654243469 -8.255262292921543 0
    endloop
  endfacet
  facet normal 0 0 -1
    outer loop
      vertex -7.75 -8.399999998509884 0
      vertex -6.373416550457478 -7.9659649059176445 0
      vertex -6.549999997019768 -8.078460969030857 0
    endloop
  endfacet
  facet normal 0 0 -1
    outer loop
      vertex -7.75 -8.399999998509884 0
      vertex -6.207309737801552 -7.8385066613554955 0
      vertex -6.373416550457478 -7.9659649059176445 0
    endloop
  endfacet
  facet normal 0 0 -1
    outer loop
      vertex -7.75 -8.399999998509884 0
      vertex -6.052943728864193 -7.697056271135807 0
      vertex -6.207309737801552 -7.8385066613554955 0
    endloop
  endfacet
  facet normal 0 0 -1
    outer loop
      vertex -8.764283828437328 -8.17513868957758 0
      vertex -5.9114933386445045 -7.542690262198448 0
      vertex -6.052943728864193 -7.697056271135807 0
    endloop
  endfacet
  facet normal 0 0 -1
    outer loop
      vertex -8.764283828437328 -8.17513868957758 0
      vertex -5.7840350940823555 -7.376583449542522 0
      vertex -5.9114933386445045 -7.542690262198448 0
    endloop
  endfacet
  facet normal 0 0 -1
    outer loop
      vertex -8.764283828437328 -8.17513868957758 0
      vertex -5.671539030969143 -7.200000002980232 0
      vertex -5.7840350940823555 -7.376583449542522 0
    endloop
  endfacet
  facet normal 0 0 -1
    outer loop
      vertex -8.764283828437328 -8.17513868957758 0
      vertex -5.5748613104224205 -7.014283828437328 0
      vertex -5.671539030969143 -7.200000002980232 0
    endloop
  endfacet
  facet normal 0 0 -1
    outer loop
      vertex -9.126583449542522 -7.9659649059176445 0
      vertex -5.494737707078457 -6.820848345756531 0
      vertex -5.5748613104224205 -7.014283828437328 0
    endloop
  endfacet
  facet normal 0 0 -1
    outer loop
      vertex -9.126583449542522 -7.9659649059176445 0
      vertex -5.431778013706207 -6.621165707707405 0
      vertex -5.494737707078457 -6.820848345756531 0
    endloop
  endfacet
  facet normal 0 0 -1
    outer loop
      vertex -9.292690262198448 -7.8385066613554955 0
      vertex -5.386461392045021 -6.416755624115467 0
      vertex -5.431778013706207 -6.621165707707405 0
    endloop
  endfacet
  facet normal 0 0 -1
    outer loop
      vertex -9.447056271135807 -7.697056271135807 0
      vertex -5.359132722020149 -6.209173783659935 0
      vertex -5.386461392045021 -6.416755624115467 0
    endloop
  endfacet
  facet normal 0 0 -1
    outer loop
      vertex -9.447056271135807 -7.697056271135807 0
      vertex -5.350000001490116 -6 0
      vertex -5.359132722020149 -6.209173783659935 0
    endloop
  endfacet
  facet normal 0 0 -1
    outer loop
      vertex -9.447056271135807 -7.697056271135807 0
      vertex -5.359132722020149 -5.790826216340065 0
      vertex -5.350000001490116 -6 0
    endloop
  endfacet
  facet normal 0 0 -1
    outer loop
      vertex -9.447056271135807 -7.697056271135807 0
      vertex -5.386461392045021 -5.583244375884533 0
      vertex -5.359132722020149 -5.790826216340065 0
    endloop
  endfacet
  facet normal 0 0 -1
    outer loop
      vertex -9.588506661355495 -7.542690262198448 0
      vertex -6.008553482592106 -4.351387180387974 0
      vertex -5.9114933386445045 -4.457309737801552 0
    endloop
  endfacet
  facet normal 0 0 -1
    outer loop
      vertex -9.588506661355495 -7.542690262198448 0
      vertex -5.9114933386445045 -4.457309737801552 0
      vertex -5.7840350940823555 -4.623416550457478 0
    endloop
  endfacet
  facet normal 0 0 -1
    outer loop
      vertex -9.588506661355495 -7.542690262198448 0
      vertex -5.7840350940823555 -4.623416550457478 0
      vertex -5.671539030969143 -4.799999997019768 0
    endloop
  endfacet
  facet normal 0 0 -1
    outer loop
      vertex -9.588506661355495 -7.542690262198448 0
      vertex -5.671539030969143 -4.799999997019768 0
      vertex -5.5748613104224205 -4.985716171562672 0
    endloop
  endfacet
  facet normal 0 0 -1
    outer loop
      vertex -9.447056271135807 -7.697056271135807 0
      vertex -5.5748613104224205 -4.985716171562672 0
      vertex -5.494737707078457 -5.179151654243469 0
    endloop
  endfacet
  facet normal 0 0 -1
    outer loop
      vertex -9.447056271135807 -7.697056271135807 0
      vertex -5.431778013706207 -5.378834292292595 0
      vertex -5.386461392045021 -5.583244375884533 0
    endloop
  endfacet
  facet normal 0 0 -1
    outer loop
      vertex -9.447056271135807 -7.697056271135807 0
      vertex -5.494737707078457 -5.179151654243469 0
      vertex -5.431778013706207 -5.378834292292595 0
    endloop
  endfacet
  facet normal 0.7354151954484621 0.6738838871948448 -0.07102814148396487
    outer loop
      vertex -4.693815626104235 -4.009381185728063 16.85741034190217
      vertex -5.9114933386445045 -4.457309737801552 0
      vertex -6.008553482592106 -4.351387180387974 0
    endloop
  endfacet
  facet normal 0.7911802606255618 0.6070939869302227 -0.07396408743190705
    outer loop
      vertex -4.572083188994575 -4.107235326741675 17.20081982203051
      vertex -5.7840350940823555 -4.623416550457478 0
      vertex -5.9114933386445045 -4.457309737801552 0
    endloop
  endfacet
  facet normal 0.7354151954484572 0.67388388719485 -0.0710281414839646
    outer loop
      vertex -4.615030100912676 -4.074695697728335 17.053468902345095
      vertex -4.579837213102428 -4.100399490054295 17.173984697919373
      vertex -5.9114933386445045 -4.457309737801552 0
    endloop
  endfacet
  facet normal 0.7911802606255265 0.607093986930269 -0.07396408743190522
    outer loop
      vertex -4.579837213102428 -4.100399490054295 17.173984697919373
      vertex -4.572083188994575 -4.107235326741675 17.20081982203051
      vertex -5.9114933386445045 -4.457309737801552 0
    endloop
  endfacet
  facet normal 0.7911802606255677 0.607093986930215 -0.07396408743190722
    outer loop
      vertex -4.572083188994575 -4.107235326741675 17.20081982203051
      vertex -4.541210127793667 -4.129297542656143 17.3499775872415
      vertex -5.7840350940823555 -4.623416550457478 0
    endloop
  endfacet
  facet normal 0.7911802606255516 0.6070939869302359 -0.07396408743190666
    outer loop
      vertex -4.541210127793667 -4.129297542656143 17.3499775872415
      vertex -4.522210368768446 -4.135780827827989 17.5
      vertex -5.7840350940823555 -4.623416550457478 0
    endloop
  endfacet
  facet normal -0.8393020675423171 -0.5346943906657984 0.09835623015204778
    outer loop
      vertex -9.828460969030857 -7.200000002980232 0
      vertex -9.715964905917645 -7.376583449542522 0
      vertex -1.4554191706157198 -4.394708069233333 86.7
    endloop
  endfacet
  facet normal -0.7896830345517204 -0.6059451249176835 0.09607918884794595
    outer loop
      vertex -9.715964905917645 -7.376583449542522 0
      vertex -9.588506661355495 -7.542690262198448 0
      vertex -1.3794840470318697 -4.493668645620346 86.7
    endloop
  endfacet
  facet normal -0.7340710473406432 -0.6726522037467786 0.09315959559172311
    outer loop
      vertex -9.588506661355495 -7.542690262198448 0
      vertex -9.447056271135807 -7.697056271135807 0
      vertex -1.295212896905694 -4.585634465533144 86.7
    endloop
  endfacet
  facet normal -0.672871775494022 -0.7343106678481917 0.08961817241980292
    outer loop
      vertex -9.447056271135807 -7.697056271135807 0
      vertex -9.292690262198448 -7.8385066613554955 0
      vertex -1.203247076992895 -4.669905615659322 86.7
    endloop
  endfacet
  facet normal -0.6065332941005183 -0.7904495515283094 0.0854802295052409
    outer loop
      vertex -9.292690262198448 -7.8385066613554955 0
      vertex -9.126583449542522 -7.9659649059176445 0
      vertex -1.1042865006058822 -4.745840739243171 86.7
    endloop
  endfacet
  facet normal -0.5355438844820342 -0.8406355057245342 0.0807755799059987
    outer loop
      vertex -9.126583449542522 -7.9659649059176445 0
      vertex -8.950000002980232 -8.078460969030857 0
      vertex -0.9990843155010074 -4.812861923196737 86.7
    endloop
  endfacet
  facet normal -0.46042934519373446 -0.8844765490240294 0.07553841612724539
    outer loop
      vertex -8.950000002980232 -8.078460969030857 0
      vertex -8.764283828437328 -8.17513868957758 0
      vertex -0.8884411733968589 -4.870459096943631 86.7
    endloop
  endfacet
  facet normal -0.38174989029694456 -0.921625728387742 0.06980714886051978
    outer loop
      vertex -8.764283828437328 -8.17513868957758 0
      vertex -8.57084834575653 -8.255262292921543 0
      vertex -0.7731991399503224 -4.918193911924082 86.7
    endloop
  endfacet
  facet normal -0.9191624115849966 -0.380729551030964 0.10092309002906047
    outer loop
      vertex -1.58003752831618 -4.17886274202431 86.7
      vertex -10.005262292921543 -6.820848345756531 0
      vertex -9.92513868957758 -7.014283828437328 0
    endloop
  endfacet
  facet normal -0.9488211602076656 -0.29916215999250195 0.10119490091303998
    outer loop
      vertex -1.6277723432966305 -4.063620708577774 86.7
      vertex -10.068221986293793 -6.621165707707405 0
      vertex -10.005262292921543 -6.820848345756531 0
    endloop
  endfacet
  facet normal -0.8825668962559137 -0.4594352428915975 0.09997465289933352
    outer loop
      vertex -9.92513868957758 -7.014283828437328 0
      vertex -9.828460969030857 -7.200000002980232 0
      vertex -1.5224403545692855 -4.289505884128459 86.7
    endloop
  endfacet
  facet normal -0.9713246191555277 -0.21533747016286192 0.10078818465588056
    outer loop
      vertex -1.6652815065009925 -3.9446568404506235 86.7
      vertex -10.113538607954979 -6.416755624115467 0
      vertex -10.068221986293793 -6.621165707707405 0
    endloop
  endfacet
  facet normal -0.9865044533340598 -0.12987578597468474 0.09970578603835215
    outer loop
      vertex -1.6922795502765506 -3.8228765271200857 86.7
      vertex -10.14086727797985 -6.209173783659935 0
      vertex -10.113538607954979 -6.416755624115467 0
    endloop
  endfacet
  facet normal -0.9871938639522589 0.12996654861198367 0.09250389838756988
    outer loop
      vertex -1.7085610073360744 -3.4499698775936576 86.7
      vertex -10.113538607954979 -5.583244375884533 0
      vertex -10.14086727797985 -5.790826216340065 0
    endloop
  endfacet
  facet normal -0.9724355041249367 0.21558374741583886 0.08884164658212887
    outer loop
      vertex -1.6922795502765506 -3.32629994346815 86.7
      vertex -10.068221986293793 -5.378834292292595 0
      vertex -10.113538607954979 -5.583244375884533 0
    endloop
  endfacet
  facet normal -0.9502988055915078 0.29962805978823476 0.08458845003244526
    outer loop
      vertex -1.6652815065009925 -3.204519630137612 86.7
      vertex -10.005262292921543 -5.179151654243469 0
      vertex -10.068221986293793 -5.378834292292595 0
    endloop
  endfacet
  facet normal -0.920935026889752 0.3814637923583047 0.07977500465178151
    outer loop
      vertex -1.6277723432966305 -3.085555762010462 86.7
      vertex -9.92513868957758 -4.985716171562672 0
      vertex -10.005262292921543 -5.179151654243469 0
    endloop
  endfacet
  facet normal -0.8845500590356205 0.4604676120833889 0.07443635726109975
    outer loop
      vertex -1.58003752831618 -2.970313728563926 86.7
      vertex -9.828460969030857 -4.799999997019768 0
      vertex -9.92513868957758 -4.985716171562672 0
    endloop
  endfacet
  facet normal -0.30009654550402215 -0.9517846524660019 0.06362419906548532
    outer loop
      vertex -8.57084834575653 -8.255262292921543 0
      vertex -8.371165707707405 -8.318221986293793 0
      vertex -0.6542352718231728 -4.955703075128444 86.7
    endloop
  endfacet
  facet normal -0.2160872667152187 -0.9747067330538303 0.05703575810905888
    outer loop
      vertex -8.371165707707405 -8.318221986293793 0
      vertex -8.166755624115467 -8.363538607954979 0
      vertex -0.5324549584926341 -4.982701118904002 86.7
    endloop
  endfacet
  facet normal -0.13036234471675912 -0.990200233592607 0.05009148104313988
    outer loop
      vertex -8.166755624115467 -8.363538607954979 0
      vertex -7.959173783659935 -8.39086727797985 0
      vertex -0.40878502436712694 -4.998982575963526 86.7
    endloop
  endfacet
  facet normal -0.04357931517909903 -0.9981308653148867 0.04284412438451937
    outer loop
      vertex -7.959173783659935 -8.39086727797985 0
      vertex -7.75 -8.399999998509884 0
      vertex -0.2841666666666667 -5.004423528524006 86.7
    endloop
  endfacet
  facet normal 0.04359210672623337 -0.9984238400428613 0.03534917064423929
    outer loop
      vertex -7.75 -8.399999998509884 0
      vertex -7.540826216340065 -8.39086727797985 0
      vertex -0.2841666666666667 -5.004423528524006 86.7
    endloop
  endfacet
  facet normal 0.13047624647018782 -0.9910654032326344 0.02766433845922664
    outer loop
      vertex -7.540826216340065 -8.39086727797985 0
      vertex -7.333244375884533 -8.363538607954979 0
      vertex -0.15954830896620642 -4.998982575963526 86.7
    endloop
  endfacet
  facet normal 0.21639695938810383 -0.9761036665151452 0.01984913558000581
    outer loop
      vertex -7.333244375884533 -8.363538607954979 0
      vertex -7.128834292292595 -8.318221986293793 0
      vertex -0.03587837484069922 -4.982701118904002 86.7
    endloop
  endfacet
  facet normal 0.3006842741262344 -0.9536486895261321 0.01196429096395169
    outer loop
      vertex -7.128834292292595 -8.318221986293793 0
      vertex -6.929151654243469 -8.255262292921543 0
      vertex 0.0859019384898394 -4.955703075128444 86.7
    endloop
  endfacet
  facet normal 0.9869553911115851 0.13981868044972195 -0.07981098015358763
    outer loop
      vertex -6.008553482592106 -4.351387180387974 0
      vertex -6.625 0 0
      vertex -5.349649362588395 0 15.77119068991159
    endloop
  endfacet
  facet normal 0.9869553911115853 0.13981868044972212 -0.07981098015358763
    outer loop
      vertex -5.031805716588875 -2.013317472805178 16.174620236996947
      vertex -4.93997012935545 -2.577771382249819 16.32142243263649
      vertex -6.008553482592106 -4.351387180387974 0
    endloop
  endfacet
  facet normal 0.9869553911115855 0.13981868044972076 -0.07981098015358745
    outer loop
      vertex -5.13497351530418 -1.368527262591564 16.02842107054434
      vertex -5.031805716588875 -2.013317472805178 16.174620236996947
      vertex -6.008553482592106 -4.351387180387974 0
    endloop
  endfacet
  facet normal 0.986955391111585 0.13981868044972243 -0.07981098015358774
    outer loop
      vertex -5.250149062539424 -0.6384510557211508 15.883142371130075
      vertex -5.13497351530418 -1.368527262591564 16.02842107054434
      vertex -6.008553482592106 -4.351387180387974 0
    endloop
  endfacet
  facet normal 0.9869553911115854 0.1398186804497207 -0.07981098015358756
    outer loop
      vertex -4.858866375311104 -3.066262148997862 16.468590815386168
      vertex -4.787969008175627 -3.48259668476384 16.615953913432293
      vertex -6.008553482592106 -4.351387180387974 0
    endloop
  endfacet
  facet normal 0.9869553911115851 0.139818680449723 -0.07981098015358773
    outer loop
      vertex -4.93997012935545 -2.577771382249819 16.32142243263649
      vertex -4.858866375311104 -3.066262148997862 16.468590815386168
      vertex -6.008553482592106 -4.351387180387974 0
    endloop
  endfacet
  facet normal 0.9869553911115853 0.13981868044972143 -0.07981098015358765
    outer loop
      vertex -4.726826399314629 -3.8300308370595286 16.763392808458917
      vertex -4.693815626104235 -4.009381185728063 16.85741034190217
      vertex -6.008553482592106 -4.351387180387974 0
    endloop
  endfacet
  facet normal 0.735415195448462 0.6738838871948448 -0.07102814148396486
    outer loop
      vertex -4.693815626104235 -4.009381185728063 16.85741034190217
      vertex -4.669723905684926 -4.030253457402888 16.908825592727258
      vertex -5.9114933386445045 -4.457309737801552 0
    endloop
  endfacet
  facet normal 0.7354151954484681 0.673883887194838 -0.07102814148396513
    outer loop
      vertex -4.669723905684926 -4.030253457402888 16.908825592727258
      vertex -4.615030100912676 -4.074695697728335 17.053468902345095
      vertex -5.9114933386445045 -4.457309737801552 0
    endloop
  endfacet
  facet normal 0.9869553911115849 0.1398186804497237 -0.07981098015358769
    outer loop
      vertex -4.787969008175627 -3.48259668476384 16.615953913432293
      vertex -4.726826399314629 -3.8300308370595286 16.763392808458917
      vertex -6.008553482592106 -4.351387180387974 0
    endloop
  endfacet
  facet normal 0.9869553911115853 0.13981868044972207 -0.07981098015358765
    outer loop
      vertex -5.250149062539424 -0.6384510557211508 15.883142371130075
      vertex -6.008553482592106 -4.351387180387974 0
      vertex -5.349649362588395 0 15.77119068991159
    endloop
  endfacet
  facet normal -0.8414039403850626 0.5360334313549258 0.0686117305885372
    outer loop
      vertex -1.5224403545692855 -2.859670586459777 86.7
      vertex -9.715964905917645 -4.623416550457478 0
      vertex -9.828460969030857 -4.799999997019768 0
    endloop
  endfacet
  facet normal -0.7918100206925548 0.6075772188419752 0.062344320311529595
    outer loop
      vertex -7.963900742342664 -4.135780827827989 17.5
      vertex -9.715964905917645 -4.623416550457478 0
      vertex -1.4554191706157198 -2.754468401354902 86.7
    endloop
  endfacet
  facet normal -0.7918100206925459 0.6075772188419868 0.06234432031152849
    outer loop
      vertex -7.963900742342664 -4.135780827827989 17.5
      vertex -1.4554191706157198 -2.754468401354902 86.7
      vertex -7.945089516893446 -4.126661270448573 17.65003903251814
    endloop
  endfacet
  facet normal -0.7918100206925721 0.6075772188419525 0.06234432031153162
    outer loop
      vertex -7.945089516893446 -4.126661270448573 17.65003903251814
      vertex -1.4554191706157198 -2.754468401354902 86.7
      vertex -7.914397122691274 -4.101972522602466 17.799246281692007
    endloop
  endfacet
  facet normal -0.7918100206925482 0.6075772188419837 0.06234432031152877
    outer loop
      vertex -7.914397122691274 -4.101972522602466 17.799246281692007
      vertex -1.4554191706157198 -2.754468401354902 86.7
      vertex -7.897734744794991 -4.086201480880863 17.85717156023134
    endloop
  endfacet
  facet normal -0.7361335217482488 0.674542111993798 0.055681031828325074
    outer loop
      vertex -7.8717283706256875 -4.0652114703614926 17.94670865419208
      vertex -7.897734744794991 -4.086201480880863 17.85717156023134
      vertex -1.3794840470318697 -2.655507824967889 86.7
    endloop
  endfacet
  facet normal -0.7361335217482506 0.674542111993796 0.05568103182832528
    outer loop
      vertex -7.8717283706256875 -4.0652114703614926 17.94670865419208
      vertex -1.3794840470318697 -2.655507824967889 86.7
      vertex -7.817215576821281 -4.0176720195922435 18.091485665212886
    endloop
  endfacet
  facet normal -0.7361335217482405 0.674542111993807 0.055681031828324117
    outer loop
      vertex -7.817215576821281 -4.0176720195922435 18.091485665212886
      vertex -1.3794840470318697 -2.655507824967889 86.7
      vertex -7.778954642958503 -3.9826815942222322 18.173428122299566
    endloop
  endfacet
  facet normal -0.9860880765301193 0.13969581088397784 0.09008543581843632
    outer loop
      vertex -7.756940075388519 -3.867292297854587 18.235468131503524
      vertex -7.778954642958503 -3.9826815942222322 18.173428122299566
      vertex -1.3216590389200285 -2.5924029037040826 86.7
    endloop
  endfacet
  facet normal -0.9860880765301195 0.13969581088397573 0.0900854358184364
    outer loop
      vertex -7.695442474235982 -3.5279471381660175 18.38240591183633
      vertex -7.756940075388519 -3.867292297854587 18.235468131503524
      vertex -1.3216590389200285 -2.5924029037040826 86.7
    endloop
  endfacet
  facet normal -0.9860880765301191 0.1396958108839784 0.09008543581843631
    outer loop
      vertex -7.6242494900630975 -3.120056692008485 18.529177319195927
      vertex -7.695442474235982 -3.5279471381660175 18.38240591183633
      vertex -1.3216590389200285 -2.5924029037040826 86.7
    endloop
  endfacet
  facet normal -0.9860880765301191 0.13969581088397776 0.09008543581843632
    outer loop
      vertex -7.542919890710708 -2.6404302160462656 18.675664246738716
      vertex -7.6242494900630975 -3.120056692008485 18.529177319195927
      vertex -1.3216590389200285 -2.5924029037040826 86.7
    endloop
  endfacet
  facet normal -0.9860880765301194 0.13969581088397717 0.09008543581843634
    outer loop
      vertex -7.450939408466095 -2.0853279077478586 18.821696617166545
      vertex -7.542919890710708 -2.6404302160462656 18.675664246738716
      vertex -1.3216590389200285 -2.5924029037040826 86.7
    endloop
  endfacet
  facet normal -0.9860880765301193 0.13969581088397706 0.09008543581843634
    outer loop
      vertex -7.34771968586924 -1.4504453518977318 18.96703980323181
      vertex -7.450939408466095 -2.0853279077478586 18.821696617166545
      vertex -1.3216590389200285 -2.5924029037040826 86.7
    endloop
  endfacet
  facet normal -0.9860880765301193 0.13969581088397706 0.09008543581843632
    outer loop
      vertex -7.34771968586924 -1.4504453518977318 18.96703980323181
      vertex -1.3216590389200285 -2.5924029037040826 86.7
      vertex -7.232598071396753 -0.7309024512772023 19.111379698977334
    endloop
  endfacet
  facet normal -0.9860880765301193 0.13969581088397698 0.09008543581843632
    outer loop
      vertex -7.232598071396753 -0.7309024512772023 19.111379698977334
      vertex -1.3216590389200285 -2.5924029037040826 86.7
      vertex -7.1172665435113815 0 19.24040204073451
    endloop
  endfacet
  facet normal -0.9865044533340602 -0.1298757859746822 0.09970578603835219
    outer loop
      vertex -1.7085610073360744 -3.699206592994578 86.7
      vertex -10.14086727797985 -6.209173783659935 0
      vertex -1.6922795502765506 -3.8228765271200857 86.7
    endloop
  endfacet
  facet normal -0.9942436165090015 -0.04340959430703482 0.09795528649950579
    outer loop
      vertex -1.7140019598965548 -3.574588235294118 86.7
      vertex -10.149999998509884 -6 0
      vertex -1.7085610073360744 -3.699206592994578 86.7
    endloop
  endfacet
  facet normal -0.9944773054688065 0.04341979738279083 0.09554899320630857
    outer loop
      vertex -1.7140019598965548 -3.574588235294118 86.7
      vertex -1.7085610073360744 -3.4499698775936576 86.7
      vertex -10.14086727797985 -5.790826216340065 0
    endloop
  endfacet
  facet normal -0.9871938639522583 0.12996654861198723 0.09250389838757005
    outer loop
      vertex -1.6922795502765506 -3.32629994346815 86.7
      vertex -10.113538607954979 -5.583244375884533 0
      vertex -1.7085610073360744 -3.4499698775936576 86.7
    endloop
  endfacet
  facet normal 0.38268027299715485 -0.9238718708374326 0.004071232511834108
    outer loop
      vertex -6.929151654243469 -8.255262292921543 0
      vertex -6.735716171562672 -8.17513868957758 0
      vertex 0.20486580661698905 -4.918193911924082 86.7
    endloop
  endfacet
  facet normal 0.4617453319235871 -0.8870045360290534 -0.0037684891747842824
    outer loop
      vertex -6.735716171562672 -8.17513868957758 0
      vertex -6.549999997019768 -8.078460969030857 0
      vertex 0.32010784006352466 -4.870459096943631 86.7
    endloop
  endfacet
  facet normal 0.537264119238612 -0.8433357333930088 -0.011493779240728844
    outer loop
      vertex -6.549999997019768 -8.078460969030857 0
      vertex -6.373416550457478 -7.9659649059176445 0
      vertex 0.43075098216767316 -4.812861923196737 86.7
    endloop
  endfacet
  facet normal 0.6086510347132392 -0.7932094447342728 -0.019044545855702772
    outer loop
      vertex -6.373416550457478 -7.9659649059176445 0
      vertex -6.207309737801552 -7.8385066613554955 0
      vertex 0.5359531672725488 -4.745840739243171 86.7
    endloop
  endfacet
  facet normal 0.6753554204206272 -0.7370210905931704 -0.026362248184318385
    outer loop
      vertex -6.207309737801552 -7.8385066613554955 0
      vertex -6.052943728864193 -7.697056271135807 0
      vertex 0.6349137436595615 -4.669905615659322 86.7
    endloop
  endfacet
  facet normal 0.7368662101515764 -0.6752134986397138 -0.033390411671167665
    outer loop
      vertex -6.052943728864193 -7.697056271135807 0
      vertex -5.9114933386445045 -7.542690262198448 0
      vertex 0.7268795635723606 -4.585634465533144 86.7
    endloop
  endfacet
  facet normal 0.7927160059495754 -0.6082724058039802 -0.04007510759549874
    outer loop
      vertex -5.9114933386445045 -7.542690262198448 0
      vertex -5.7840350940823555 -7.376583449542522 0
      vertex 0.8111507136985363 -4.493668645620346 86.7
    endloop
  endfacet
  facet normal 0.842484416915013 -0.5367217708242936 -0.046365374781239345
    outer loop
      vertex -5.671539030969143 -7.200000002980232 0
      vertex 0.8870858372823864 -4.394708069233333 86.7
      vertex -5.7840350940823555 -7.376583449542522 0
    endloop
  endfacet
  facet normal 0.8858008978370387 -0.4611187575444122 -0.05221360772627977
    outer loop
      vertex -5.671539030969143 -7.200000002980232 0
      vertex -5.5748613104224205 -7.014283828437328 0
      vertex 0.9541070212359521 -4.289505884128459 86.7
    endloop
  endfacet
  facet normal 0.9223469337222449 -0.3820486233388342 -0.057575891292056064
    outer loop
      vertex 1.0117041949828476 -4.17886274202431 86.7
      vertex -5.5748613104224205 -7.014283828437328 0
      vertex -5.494737707078457 -6.820848345756531 0
    endloop
  endfacet
  facet normal 0.9518576354025149 -0.3001195569353041 -0.062412286217459215
    outer loop
      vertex 1.059439009963297 -4.063620708577774 86.7
      vertex -5.494737707078457 -6.820848345756531 0
      vertex -5.431778013706207 -6.621165707707405 0
    endloop
  endfacet
  facet normal 0.9741227172671316 -0.21595779354058517 -0.06668705356500662
    outer loop
      vertex 1.0969481731676591 -3.9446568404506235 86.7
      vertex -5.431778013706207 -6.621165707707405 0
      vertex -5.386461392045021 -6.416755624115467 0
    endloop
  endfacet
  facet normal 0.9889871076669629 -0.13020263364546145 -0.07036885007104439
    outer loop
      vertex 1.1239462169432173 -3.8228765271200857 86.7
      vertex -5.386461392045021 -6.416755624115467 0
      vertex -5.359132722020149 -6.209173783659935 0
    endloop
  endfacet
  facet normal 0.996351100724155 -0.04350160901376855 -0.07343087973719349
    outer loop
      vertex 1.140227674002741 -3.699206592994578 86.7
      vertex -5.359132722020149 -6.209173783659935 0
      vertex -5.350000001490116 -6 0
    endloop
  endfacet
  facet normal 0.9961701280785782 0.04349370758096605 -0.0758509942240074
    outer loop
      vertex 1.1456686265632214 -3.574588235294118 86.7
      vertex -5.350000001490116 -6 0
      vertex -5.359132722020149 -5.790826216340065 0
    endloop
  endfacet
  facet normal 0.9884543209498601 0.1301324909376341 -0.0776117916164641
    outer loop
      vertex 1.140227674002741 -3.4499698775936576 86.7
      vertex -5.359132722020149 -5.790826216340065 0
      vertex -5.386461392045021 -5.583244375884533 0
    endloop
  endfacet
  facet normal 0.9732678255843616 0.21576826862934487 -0.07870066032114159
    outer loop
      vertex 1.1239462169432173 -3.32629994346815 86.7
      vertex -5.386461392045021 -5.583244375884533 0
      vertex -5.431778013706207 -5.378834292292595 0
    endloop
  endfacet
  facet normal 0.9507279132200367 0.2997633569025949 -0.07910982797833581
    outer loop
      vertex 1.0969481731676591 -3.204519630137612 86.7
      vertex -5.431778013706207 -5.378834292292595 0
      vertex -5.494737707078457 -5.179151654243469 0
    endloop
  endfacet
  facet normal 0.8843165957769505 0.4603460788042592 -0.07788225833274372
    outer loop
      vertex 1.0117041949828476 -2.970313728563926 86.7
      vertex -5.5748613104224205 -4.985716171562672 0
      vertex -5.671539030969143 -4.799999997019768 0
    endloop
  endfacet
  facet normal 0.9210040163675491 0.38149236873673603 -0.07883637758343248
    outer loop
      vertex 1.059439009963297 -3.085555762010462 86.7
      vertex -5.494737707078457 -5.179151654243469 0
      vertex -5.5748613104224205 -4.985716171562672 0
    endloop
  endfacet
  facet normal 0.8409358288602825 0.5357352114217391 -0.07625427845028987
    outer loop
      vertex 0.9541070212359521 -2.859670586459777 86.7
      vertex -5.671539030969143 -4.799999997019768 0
      vertex -5.7840350940823555 -4.623416550457478 0
    endloop
  endfacet
  facet normal 0.7911802606255623 0.607093986930222 -0.07396408743190712
    outer loop
      vertex -4.522210368768446 -4.135780827827989 17.5
      vertex 0.8870858372823864 -2.754468401354902 86.7
      vertex -5.7840350940823555 -4.623416550457478 0
    endloop
  endfacet
  facet normal 0.9869553911115853 0.13981868044972193 -0.07981098015358762
    outer loop
      vertex -4.975997647112706 -0.7309024512772023 19.111379698977334
      vertex -5.069108660584342 0 19.24040204073451
      vertex 0.7533257055866951 -2.5924029037040826 86.7
    endloop
  endfacet
  facet normal 0.7354151954484502 0.6738838871948577 -0.0710281414839642
    outer loop
      vertex -4.591177180423239 -3.9826815942222322 18.173428122299566
      vertex 0.8111507136985363 -2.655507824967889 86.7
      vertex -4.567028558614277 -4.0176720195922435 18.091485665212886
    endloop
  endfacet
  facet normal 0.7354151954484702 0.6738838871948358 -0.07102814148396532
    outer loop
      vertex -4.567028558614277 -4.0176720195922435 18.091485665212886
      vertex 0.8111507136985363 -2.655507824967889 86.7
      vertex -4.537449583374566 -4.0652114703614926 17.94670865419208
    endloop
  endfacet
  facet normal 0.7354151954484532 0.6738838871948543 -0.07102814148396437
    outer loop
      vertex -4.537449583374566 -4.0652114703614926 17.94670865419208
      vertex 0.8111507136985363 -2.655507824967889 86.7
      vertex -4.526863486498501 -4.086201480880863 17.85717156023134
    endloop
  endfacet
  facet normal 0.9869553911115854 0.13981868044972146 -0.07981098015358765
    outer loop
      vertex -4.6025070797414305 -3.867292297854587 18.235468131503524
      vertex 0.7533257055866951 -2.5924029037040826 86.7
      vertex -4.591177180423239 -3.9826815942222322 18.173428122299566
    endloop
  endfacet
  facet normal 0.9869553911115853 0.13981868044972232 -0.07981098015358763
    outer loop
      vertex -4.638698729836651 -3.5279471381660175 18.38240591183633
      vertex 0.7533257055866951 -2.5924029037040826 86.7
      vertex -4.6025070797414305 -3.867292297854587 18.235468131503524
    endloop
  endfacet
  facet normal 0.7911802606255354 0.6070939869302572 -0.07396408743190566
    outer loop
      vertex -4.522210368768446 -4.135780827827989 17.5
      vertex -4.515181538617319 -4.126661270448573 17.65003903251814
      vertex 0.8870858372823864 -2.754468401354902 86.7
    endloop
  endfacet
  facet normal 0.791180260625567 0.6070939869302158 -0.0739640874319073
    outer loop
      vertex -4.520177128795103 -4.101972522602466 17.799246281692007
      vertex 0.8870858372823864 -2.754468401354902 86.7
      vertex -4.515181538617319 -4.126661270448573 17.65003903251814
    endloop
  endfacet
  facet normal 0.7911802606255655 0.6070939869302179 -0.07396408743190722
    outer loop
      vertex -4.526863486498501 -4.086201480880863 17.85717156023134
      vertex 0.8870858372823864 -2.754468401354902 86.7
      vertex -4.520177128795103 -4.101972522602466 17.799246281692007
    endloop
  endfacet
  facet normal 0.9869553911115854 0.13981868044972123 -0.07981098015358763
    outer loop
      vertex -4.684614416075382 -3.120056692008485 18.529177319195927
      vertex 0.7533257055866951 -2.5924029037040826 86.7
      vertex -4.638698729836651 -3.5279471381660175 18.38240591183633
    endloop
  endfacet
  facet normal 0.9869553911115851 0.13981868044972226 -0.07981098015358762
    outer loop
      vertex -4.740715711239846 -2.6404302160462656 18.675664246738716
      vertex 0.7533257055866951 -2.5924029037040826 86.7
      vertex -4.684614416075382 -3.120056692008485 18.529177319195927
    endloop
  endfacet
  facet normal 0.9869553911115854 0.1398186804497209 -0.07981098015358763
    outer loop
      vertex -4.807546174133 -2.0853279077478586 18.821696617166545
      vertex 0.7533257055866951 -2.5924029037040826 86.7
      vertex -4.740715711239846 -2.6404302160462656 18.675664246738716
    endloop
  endfacet
  facet normal 0.9869553911115851 0.1398186804497225 -0.07981098015358762
    outer loop
      vertex -4.885734570240837 -1.4504453518977318 18.96703980323181
      vertex 0.7533257055866951 -2.5924029037040826 86.7
      vertex -4.807546174133 -2.0853279077478586 18.821696617166545
    endloop
  endfacet
  facet normal 0.9869553911115854 0.1398186804497216 -0.07981098015358763
    outer loop
      vertex -4.975997647112706 -0.7309024512772023 19.111379698977334
      vertex 0.7533257055866951 -2.5924029037040826 86.7
      vertex -4.885734570240837 -1.4504453518977318 18.96703980323181
    endloop
  endfacet
  facet normal -0.8393020675423147 -0.534694390665802 0.09835623015204743
    outer loop
      vertex -9.828460969030857 -7.200000002980232 0
      vertex -1.4554191706157198 -4.394708069233333 86.7
      vertex -1.5224403545692855 -4.289505884128459 86.7
    endloop
  endfacet
  facet normal -0.7896830345517223 -0.6059451249176812 0.09607918884794613
    outer loop
      vertex -9.715964905917645 -7.376583449542522 0
      vertex -1.3794840470318697 -4.493668645620346 86.7
      vertex -1.4554191706157198 -4.394708069233333 86.7
    endloop
  endfacet
  facet normal -0.7340710473406494 -0.6726522037467718 0.09315959559172353
    outer loop
      vertex -9.588506661355495 -7.542690262198448 0
      vertex -1.295212896905694 -4.585634465533144 86.7
      vertex -1.3794840470318697 -4.493668645620346 86.7
    endloop
  endfacet
  facet normal -0.672871775494021 -0.7343106678481923 0.08961817241980302
    outer loop
      vertex -9.447056271135807 -7.697056271135807 0
      vertex -1.203247076992895 -4.669905615659322 86.7
      vertex -1.295212896905694 -4.585634465533144 86.7
    endloop
  endfacet
  facet normal -0.6065332941005158 -0.7904495515283113 0.08548022950524051
    outer loop
      vertex -9.292690262198448 -7.8385066613554955 0
      vertex -1.1042865006058822 -4.745840739243171 86.7
      vertex -1.203247076992895 -4.669905615659322 86.7
    endloop
  endfacet
  facet normal -0.8825668962559124 -0.45943524289159965 0.09997465289933348
    outer loop
      vertex -1.58003752831618 -4.17886274202431 86.7
      vertex -9.92513868957758 -7.014283828437328 0
      vertex -1.5224403545692855 -4.289505884128459 86.7
    endloop
  endfacet
  facet normal -0.9191624115849989 -0.3807295510309583 0.10092309002906047
    outer loop
      vertex -1.6277723432966305 -4.063620708577774 86.7
      vertex -10.005262292921543 -6.820848345756531 0
      vertex -1.58003752831618 -4.17886274202431 86.7
    endloop
  endfacet
  facet normal -0.9488211602076654 -0.2991621599925027 0.10119490091304022
    outer loop
      vertex -1.6652815065009925 -3.9446568404506235 86.7
      vertex -10.068221986293793 -6.621165707707405 0
      vertex -1.6277723432966305 -4.063620708577774 86.7
    endloop
  endfacet
  facet normal -0.9713246191555283 -0.21533747016285906 0.10078818465588062
    outer loop
      vertex -1.6922795502765506 -3.8228765271200857 86.7
      vertex -10.113538607954979 -6.416755624115467 0
      vertex -1.6652815065009925 -3.9446568404506235 86.7
    endloop
  endfacet
  facet normal -0.5355438844820402 -0.8406355057245304 0.08077557990599858
    outer loop
      vertex -9.126583449542522 -7.9659649059176445 0
      vertex -0.9990843155010074 -4.812861923196737 86.7
      vertex -1.1042865006058822 -4.745840739243171 86.7
    endloop
  endfacet
  facet normal -0.4604293451937396 -0.8844765490240265 0.0755384161272458
    outer loop
      vertex -8.950000002980232 -8.078460969030857 0
      vertex -0.8884411733968589 -4.870459096943631 86.7
      vertex -0.9990843155010074 -4.812861923196737 86.7
    endloop
  endfacet
  facet normal -0.381749890296945 -0.9216257283877419 0.06980714886051959
    outer loop
      vertex -8.764283828437328 -8.17513868957758 0
      vertex -0.7731991399503224 -4.918193911924082 86.7
      vertex -0.8884411733968589 -4.870459096943631 86.7
    endloop
  endfacet
  facet normal -0.30009654550402576 -0.9517846524660006 0.06362419906548542
    outer loop
      vertex -8.57084834575653 -8.255262292921543 0
      vertex -0.6542352718231728 -4.955703075128444 86.7
      vertex -0.7731991399503224 -4.918193911924082 86.7
    endloop
  endfacet
  facet normal -0.21608726671521358 -0.9747067330538314 0.057035758109058685
    outer loop
      vertex -8.371165707707405 -8.318221986293793 0
      vertex -0.5324549584926341 -4.982701118904002 86.7
      vertex -0.6542352718231728 -4.955703075128444 86.7
    endloop
  endfacet
  facet normal -0.1303623447167631 -0.9902002335926066 0.05009148104313992
    outer loop
      vertex -8.166755624115467 -8.363538607954979 0
      vertex -0.40878502436712694 -4.998982575963526 86.7
      vertex -0.5324549584926341 -4.982701118904002 86.7
    endloop
  endfacet
  facet normal -0.04357931517909563 -0.9981308653148869 0.04284412438451888
    outer loop
      vertex -7.959173783659935 -8.39086727797985 0
      vertex -0.2841666666666667 -5.004423528524006 86.7
      vertex -0.40878502436712694 -4.998982575963526 86.7
    endloop
  endfacet
  facet normal 0.043592106726229964 -0.9984238400428614 0.035349170644239716
    outer loop
      vertex -7.540826216340065 -8.39086727797985 0
      vertex -0.15954830896620642 -4.998982575963526 86.7
      vertex -0.2841666666666667 -5.004423528524006 86.7
    endloop
  endfacet
  facet normal 0.13047624647019182 -0.9910654032326339 0.02766433845922666
    outer loop
      vertex -7.333244375884533 -8.363538607954979 0
      vertex -0.03587837484069922 -4.982701118904002 86.7
      vertex -0.15954830896620642 -4.998982575963526 86.7
    endloop
  endfacet
  facet normal 0.21639695938809872 -0.9761036665151464 0.019849135580006047
    outer loop
      vertex -7.128834292292595 -8.318221986293793 0
      vertex 0.0859019384898394 -4.955703075128444 86.7
      vertex -0.03587837484069922 -4.982701118904002 86.7
    endloop
  endfacet
  facet normal 0.30068427412623805 -0.9536486895261312 0.011964290963951274
    outer loop
      vertex -6.929151654243469 -8.255262292921543 0
      vertex 0.20486580661698905 -4.918193911924082 86.7
      vertex 0.0859019384898394 -4.955703075128444 86.7
    endloop
  endfacet
  facet normal 0.38268027299715524 -0.9238718708374324 0.004071232511834036
    outer loop
      vertex -6.735716171562672 -8.17513868957758 0
      vertex 0.32010784006352466 -4.870459096943631 86.7
      vertex 0.20486580661698905 -4.918193911924082 86.7
    endloop
  endfacet
  facet normal 0.46174533192358796 -0.8870045360290527 -0.0037684891747845535
    outer loop
      vertex -6.549999997019768 -8.078460969030857 0
      vertex 0.43075098216767316 -4.812861923196737 86.7
      vertex 0.32010784006352466 -4.870459096943631 86.7
    endloop
  endfacet
  facet normal 0.5372641192386133 -0.8433357333930079 -0.0114937792407286
    outer loop
      vertex -6.373416550457478 -7.9659649059176445 0
      vertex 0.5359531672725488 -4.745840739243171 86.7
      vertex 0.43075098216767316 -4.812861923196737 86.7
    endloop
  endfacet
  facet normal 0.6086510347132368 -0.7932094447342747 -0.019044545855702255
    outer loop
      vertex -6.207309737801552 -7.8385066613554955 0
      vertex 0.6349137436595615 -4.669905615659322 86.7
      vertex 0.5359531672725488 -4.745840739243171 86.7
    endloop
  endfacet
  facet normal -0.9724355041249375 0.21558374741583602 0.08884164658212905
    outer loop
      vertex -1.6652815065009925 -3.204519630137612 86.7
      vertex -10.068221986293793 -5.378834292292595 0
      vertex -1.6922795502765506 -3.32629994346815 86.7
    endloop
  endfacet
  facet normal -0.950298805591506 0.29962805978824075 0.08458845003244514
    outer loop
      vertex -1.6277723432966305 -3.085555762010462 86.7
      vertex -10.005262292921543 -5.179151654243469 0
      vertex -1.6652815065009925 -3.204519630137612 86.7
    endloop
  endfacet
  facet normal -0.9209350268897515 0.38146379235830613 0.07977500465178164
    outer loop
      vertex -1.58003752831618 -2.970313728563926 86.7
      vertex -9.92513868957758 -4.985716171562672 0
      vertex -1.6277723432966305 -3.085555762010462 86.7
    endloop
  endfacet
  facet normal -0.8845500590356207 0.46046761208338843 0.07443635726109964
    outer loop
      vertex -1.5224403545692855 -2.859670586459777 86.7
      vertex -9.828460969030857 -4.799999997019768 0
      vertex -1.58003752831618 -2.970313728563926 86.7
    endloop
  endfacet
  facet normal -0.8414039403850627 0.5360334313549258 0.06861173058853717
    outer loop
      vertex -1.5224403545692855 -2.859670586459777 86.7
      vertex -1.4554191706157198 -2.754468401354902 86.7
      vertex -9.715964905917645 -4.623416550457478 0
    endloop
  endfacet
  facet normal -0.7918100206925534 0.6075772188419774 0.06234432031152943
    outer loop
      vertex -7.897734744794991 -4.086201480880863 17.85717156023134
      vertex -1.4554191706157198 -2.754468401354902 86.7
      vertex -1.3794840470318697 -2.655507824967889 86.7
    endloop
  endfacet
  facet normal -0.7361335217482499 0.6745421119937969 0.05568103182832496
    outer loop
      vertex -7.778954642958503 -3.9826815942222322 18.173428122299566
      vertex -1.3794840470318697 -2.655507824967889 86.7
      vertex -1.3216590389200285 -2.5924029037040826 86.7
    endloop
  endfacet
  facet normal -0.9860880765301193 0.13969581088397728 0.09008543581843634
    outer loop
      vertex -1.3216590389200285 -2.5924029037040826 86.7
      vertex -0.9544019607843133 0 86.7
      vertex -7.1172665435113815 0 19.24040204073451
    endloop
  endfacet
  facet normal 0.6753554204206264 -0.7370210905931712 -0.026362248184318243
    outer loop
      vertex -6.052943728864193 -7.697056271135807 0
      vertex 0.7268795635723606 -4.585634465533144 86.7
      vertex 0.6349137436595615 -4.669905615659322 86.7
    endloop
  endfacet
  facet normal 0.7368662101515826 -0.675213498639707 -0.03339041167116825
    outer loop
      vertex -5.9114933386445045 -7.542690262198448 0
      vertex 0.8111507136985363 -4.493668645620346 86.7
      vertex 0.7268795635723606 -4.585634465533144 86.7
    endloop
  endfacet
  facet normal 0.7927160059495773 -0.6082724058039778 -0.04007510759549856
    outer loop
      vertex -5.7840350940823555 -7.376583449542522 0
      vertex 0.8870858372823864 -4.394708069233333 86.7
      vertex 0.8111507136985363 -4.493668645620346 86.7
    endloop
  endfacet
  facet normal 0.8424844169150109 -0.5367217708242974 -0.046365374781238936
    outer loop
      vertex -5.671539030969143 -7.200000002980232 0
      vertex 0.9541070212359521 -4.289505884128459 86.7
      vertex 0.8870858372823864 -4.394708069233333 86.7
    endloop
  endfacet
  facet normal 0.8858008978370348 -0.46111875754442005 -0.05221360772627921
    outer loop
      vertex 1.0117041949828476 -4.17886274202431 86.7
      vertex 0.9541070212359521 -4.289505884128459 86.7
      vertex -5.5748613104224205 -7.014283828437328 0
    endloop
  endfacet
  facet normal 0.9223469337222474 -0.3820486233388277 -0.05757589129205645
    outer loop
      vertex 1.059439009963297 -4.063620708577774 86.7
      vertex 1.0117041949828476 -4.17886274202431 86.7
      vertex -5.494737707078457 -6.820848345756531 0
    endloop
  endfacet
  facet normal 0.9518576354025127 -0.3001195569353105 -0.0624122862174589
    outer loop
      vertex 1.059439009963297 -4.063620708577774 86.7
      vertex -5.431778013706207 -6.621165707707405 0
      vertex 1.0969481731676591 -3.9446568404506235 86.7
    endloop
  endfacet
  facet normal 0.9741227172671323 -0.21595779354058228 -0.06668705356500665
    outer loop
      vertex 1.1239462169432173 -3.8228765271200857 86.7
      vertex 1.0969481731676591 -3.9446568404506235 86.7
      vertex -5.386461392045021 -6.416755624115467 0
    endloop
  endfacet
  facet normal 0.9889871076669623 -0.130202633645465 -0.0703688500710443
    outer loop
      vertex 1.140227674002741 -3.699206592994578 86.7
      vertex 1.1239462169432173 -3.8228765271200857 86.7
      vertex -5.359132722020149 -6.209173783659935 0
    endloop
  endfacet
  facet normal 0.9963511007241551 -0.04350160901376185 -0.07343087973719369
    outer loop
      vertex 1.1456686265632214 -3.574588235294118 86.7
      vertex 1.140227674002741 -3.699206592994578 86.7
      vertex -5.350000001490116 -6 0
    endloop
  endfacet
  facet normal 0.9961701280785785 0.043493707580959357 -0.07585099422400733
    outer loop
      vertex 1.140227674002741 -3.4499698775936576 86.7
      vertex 1.1456686265632214 -3.574588235294118 86.7
      vertex -5.359132722020149 -5.790826216340065 0
    endloop
  endfacet
  facet normal 0 0 1
    outer loop
      vertex -0.8884411733968589 -4.870459096943631 86.7
      vertex -0.7731991399503224 -4.918193911924082 86.7
      vertex 0.7268795635723606 -4.585634465533144 86.7
    endloop
  endfacet
  facet normal 0 0 1
    outer loop
      vertex -1.295212896905694 -4.585634465533144 86.7
      vertex -1.203247076992895 -4.669905615659322 86.7
      vertex 1.1239462169432173 -3.8228765271200857 86.7
    endloop
  endfacet
  facet normal 0 0 1
    outer loop
      vertex -1.1042865006058822 -4.745840739243171 86.7
      vertex -0.9990843155010074 -4.812861923196737 86.7
      vertex 1.0117041949828476 -4.17886274202431 86.7
    endloop
  endfacet
  facet normal 0 0 1
    outer loop
      vertex -0.9990843155010074 -4.812861923196737 86.7
      vertex -0.8884411733968589 -4.870459096943631 86.7
      vertex 1.0117041949828476 -4.17886274202431 86.7
    endloop
  endfacet
  facet normal 0 0 1
    outer loop
      vertex -1.203247076992895 -4.669905615659322 86.7
      vertex -1.1042865006058822 -4.745840739243171 86.7
      vertex 1.0969481731676591 -3.9446568404506235 86.7
    endloop
  endfacet
  facet normal 0 0 1
    outer loop
      vertex -0.7731991399503224 -4.918193911924082 86.7
      vertex -0.6542352718231728 -4.955703075128444 86.7
      vertex 0.7268795635723606 -4.585634465533144 86.7
    endloop
  endfacet
  facet normal 0 0 1
    outer loop
      vertex -0.6542352718231728 -4.955703075128444 86.7
      vertex -0.5324549584926341 -4.982701118904002 86.7
      vertex 0.7268795635723606 -4.585634465533144 86.7
    endloop
  endfacet
  facet normal 0 0 1
    outer loop
      vertex -0.2841666666666667 -5.004423528524006 86.7
      vertex -0.15954830896620642 -4.998982575963526 86.7
      vertex 0.32010784006352466 -4.870459096943631 86.7
    endloop
  endfacet
  facet normal 0 0 1
    outer loop
      vertex -0.5324549584926341 -4.982701118904002 86.7
      vertex -0.40878502436712694 -4.998982575963526 86.7
      vertex 0.7268795635723606 -4.585634465533144 86.7
    endloop
  endfacet
  facet normal 0 0 1
    outer loop
      vertex -0.15954830896620642 -4.998982575963526 86.7
      vertex -0.03587837484069922 -4.982701118904002 86.7
      vertex 0.32010784006352466 -4.870459096943631 86.7
    endloop
  endfacet
  facet normal 0 0 1
    outer loop
      vertex -0.40878502436712694 -4.998982575963526 86.7
      vertex -0.2841666666666667 -5.004423528524006 86.7
      vertex 0.7268795635723606 -4.585634465533144 86.7
    endloop
  endfacet
  facet normal 0 0 1
    outer loop
      vertex -0.03587837484069922 -4.982701118904002 86.7
      vertex 0.0859019384898394 -4.955703075128444 86.7
      vertex 0.32010784006352466 -4.870459096943631 86.7
    endloop
  endfacet
  facet normal 0 0 1
    outer loop
      vertex -0.2841666666666667 -5.004423528524006 86.7
      vertex 0.32010784006352466 -4.870459096943631 86.7
      vertex 0.43075098216767316 -4.812861923196737 86.7
    endloop
  endfacet
  facet normal 0 0 1
    outer loop
      vertex 0.0859019384898394 -4.955703075128444 86.7
      vertex 0.20486580661698905 -4.918193911924082 86.7
      vertex 0.32010784006352466 -4.870459096943631 86.7
    endloop
  endfacet
  facet normal 0 0 1
    outer loop
      vertex -0.2841666666666667 -5.004423528524006 86.7
      vertex 0.43075098216767316 -4.812861923196737 86.7
      vertex 0.5359531672725488 -4.745840739243171 86.7
    endloop
  endfacet
  facet normal 0 0 1
    outer loop
      vertex -0.2841666666666667 -5.004423528524006 86.7
      vertex 0.5359531672725488 -4.745840739243171 86.7
      vertex 0.6349137436595615 -4.669905615659322 86.7
    endloop
  endfacet
  facet normal 0 0 1
    outer loop
      vertex -0.2841666666666667 -5.004423528524006 86.7
      vertex 0.6349137436595615 -4.669905615659322 86.7
      vertex 0.7268795635723606 -4.585634465533144 86.7
    endloop
  endfacet
  facet normal 0 0 1
    outer loop
      vertex -0.8884411733968589 -4.870459096943631 86.7
      vertex 0.7268795635723606 -4.585634465533144 86.7
      vertex 0.8111507136985363 -4.493668645620346 86.7
    endloop
  endfacet
  facet normal 0 0 1
    outer loop
      vertex -0.8884411733968589 -4.870459096943631 86.7
      vertex 0.8111507136985363 -4.493668645620346 86.7
      vertex 0.8870858372823864 -4.394708069233333 86.7
    endloop
  endfacet
  facet normal 0 0 1
    outer loop
      vertex -0.8884411733968589 -4.870459096943631 86.7
      vertex 0.8870858372823864 -4.394708069233333 86.7
      vertex 0.9541070212359521 -4.289505884128459 86.7
    endloop
  endfacet
  facet normal 0 0 1
    outer loop
      vertex -1.1042865006058822 -4.745840739243171 86.7
      vertex 1.0117041949828476 -4.17886274202431 86.7
      vertex 1.059439009963297 -4.063620708577774 86.7
    endloop
  endfacet
  facet normal 0 0 1
    outer loop
      vertex -1.1042865006058822 -4.745840739243171 86.7
      vertex 1.059439009963297 -4.063620708577774 86.7
      vertex 1.0969481731676591 -3.9446568404506235 86.7
    endloop
  endfacet
  facet normal 0 0 1
    outer loop
      vertex -0.8884411733968589 -4.870459096943631 86.7
      vertex 0.9541070212359521 -4.289505884128459 86.7
      vertex 1.0117041949828476 -4.17886274202431 86.7
    endloop
  endfacet
  facet normal 0.9210040163675532 0.3814923687367261 -0.07883637758343265
    outer loop
      vertex 1.0117041949828476 -2.970313728563926 86.7
      vertex 1.059439009963297 -3.085555762010462 86.7
      vertex -5.5748613104224205 -4.985716171562672 0
    endloop
  endfacet
  facet normal 0.9732678255843621 0.21576826862934198 -0.07870066032114169
    outer loop
      vertex 1.0969481731676591 -3.204519630137612 86.7
      vertex 1.1239462169432173 -3.32629994346815 86.7
      vertex -5.431778013706207 -5.378834292292595 0
    endloop
  endfacet
  facet normal 0.9884543209498596 0.13013249093763765 -0.07761179161646418
    outer loop
      vertex 1.1239462169432173 -3.32629994346815 86.7
      vertex 1.140227674002741 -3.4499698775936576 86.7
      vertex -5.386461392045021 -5.583244375884533 0
    endloop
  endfacet
  facet normal 0.9507279132200348 0.2997633569026009 -0.07910982797833574
    outer loop
      vertex 1.059439009963297 -3.085555762010462 86.7
      vertex 1.0969481731676591 -3.204519630137612 86.7
      vertex -5.494737707078457 -5.179151654243469 0
    endloop
  endfacet
  facet normal 0.8409358288602824 0.535735211421739 -0.07625427845028979
    outer loop
      vertex 0.8870858372823864 -2.754468401354902 86.7
      vertex 0.9541070212359521 -2.859670586459777 86.7
      vertex -5.7840350940823555 -4.623416550457478 0
    endloop
  endfacet
  facet normal 0.8843165957769479 0.46034607880426437 -0.07788225833274354
    outer loop
      vertex 0.9541070212359521 -2.859670586459777 86.7
      vertex 1.0117041949828476 -2.970313728563926 86.7
      vertex -5.671539030969143 -4.799999997019768 0
    endloop
  endfacet
  facet normal 0.7354151954484655 0.6738838871948412 -0.07102814148396497
    outer loop
      vertex -4.591177180423239 -3.9826815942222322 18.173428122299566
      vertex 0.7533257055866951 -2.5924029037040826 86.7
      vertex 0.8111507136985363 -2.655507824967889 86.7
    endloop
  endfacet
  facet normal 0.7911802606255617 0.6070939869302228 -0.07396408743190706
    outer loop
      vertex -4.526863486498501 -4.086201480880863 17.85717156023134
      vertex 0.8111507136985363 -2.655507824967889 86.7
      vertex 0.8870858372823864 -2.754468401354902 86.7
    endloop
  endfacet
  facet normal 0.9869553911115853 0.1398186804497221 -0.07981098015358762
    outer loop
      vertex 0.3860686274509799 0 86.7
      vertex 0.7533257055866951 -2.5924029037040826 86.7
      vertex -5.069108660584342 0 19.24040204073451
    endloop
  endfacet
  facet normal 0 0 1
    outer loop
      vertex -1.58003752831618 -4.17886274202431 86.7
      vertex -1.5224403545692855 -4.289505884128459 86.7
      vertex 0.7533257055866951 -2.5924029037040826 86.7
    endloop
  endfacet
  facet normal 0 0 1
    outer loop
      vertex -1.5224403545692855 -4.289505884128459 86.7
      vertex -1.4554191706157198 -4.394708069233333 86.7
      vertex 0.7533257055866951 -2.5924029037040826 86.7
    endloop
  endfacet
  facet normal 0 0 1
    outer loop
      vertex -1.4554191706157198 -4.394708069233333 86.7
      vertex -1.3794840470318697 -4.493668645620346 86.7
      vertex 0.7533257055866951 -2.5924029037040826 86.7
    endloop
  endfacet
  facet normal 0 0 1
    outer loop
      vertex -1.6277723432966305 -4.063620708577774 86.7
      vertex -1.58003752831618 -4.17886274202431 86.7
      vertex 0.7533257055866951 -2.5924029037040826 86.7
    endloop
  endfacet
  facet normal 0 0 1
    outer loop
      vertex -1.6652815065009925 -3.9446568404506235 86.7
      vertex -1.6277723432966305 -4.063620708577774 86.7
      vertex 0.7533257055866951 -2.5924029037040826 86.7
    endloop
  endfacet
  facet normal 0 0 1
    outer loop
      vertex -1.6922795502765506 -3.8228765271200857 86.7
      vertex -1.6652815065009925 -3.9446568404506235 86.7
      vertex 0.7533257055866951 -2.5924029037040826 86.7
    endloop
  endfacet
  facet normal 0 0 1
    outer loop
      vertex -1.7140019598965548 -3.574588235294118 86.7
      vertex -1.7085610073360744 -3.699206592994578 86.7
      vertex 0.7533257055866951 -2.5924029037040826 86.7
    endloop
  endfacet
  facet normal 0 0 1
    outer loop
      vertex -1.7140019598965548 -3.574588235294118 86.7
      vertex 0.7533257055866951 -2.5924029037040826 86.7
      vertex -1.7085610073360744 -3.4499698775936576 86.7
    endloop
  endfacet
  facet normal 0 0 1
    outer loop
      vertex -1.7085610073360744 -3.699206592994578 86.7
      vertex -1.6922795502765506 -3.8228765271200857 86.7
      vertex 0.7533257055866951 -2.5924029037040826 86.7
    endloop
  endfacet
  facet normal 0 0 1
    outer loop
      vertex -1.3794840470318697 -4.493668645620346 86.7
      vertex -1.295212896905694 -4.585634465533144 86.7
      vertex 1.0117041949828476 -2.970313728563926 86.7
    endloop
  endfacet
  facet normal 0 0 1
    outer loop
      vertex -1.6922795502765506 -3.32629994346815 86.7
      vertex -1.7085610073360744 -3.4499698775936576 86.7
      vertex 0.7533257055866951 -2.5924029037040826 86.7
    endloop
  endfacet
  facet normal 0 0 1
    outer loop
      vertex -1.6652815065009925 -3.204519630137612 86.7
      vertex -1.6922795502765506 -3.32629994346815 86.7
      vertex 0.7533257055866951 -2.5924029037040826 86.7
    endloop
  endfacet
  facet normal 0 0 1
    outer loop
      vertex -1.6277723432966305 -3.085555762010462 86.7
      vertex -1.6652815065009925 -3.204519630137612 86.7
      vertex 0.7533257055866951 -2.5924029037040826 86.7
    endloop
  endfacet
  facet normal 0 0 1
    outer loop
      vertex -1.58003752831618 -2.970313728563926 86.7
      vertex -1.6277723432966305 -3.085555762010462 86.7
      vertex 0.7533257055866951 -2.5924029037040826 86.7
    endloop
  endfacet
  facet normal 0 0 1
    outer loop
      vertex -1.5224403545692855 -2.859670586459777 86.7
      vertex -1.58003752831618 -2.970313728563926 86.7
      vertex 0.7533257055866951 -2.5924029037040826 86.7
    endloop
  endfacet
  facet normal 0 0 1
    outer loop
      vertex -1.5224403545692855 -2.859670586459777 86.7
      vertex 0.7533257055866951 -2.5924029037040826 86.7
      vertex -1.4554191706157198 -2.754468401354902 86.7
    endloop
  endfacet
  facet normal 0 0 1
    outer loop
      vertex -1.4554191706157198 -2.754468401354902 86.7
      vertex 0.7533257055866951 -2.5924029037040826 86.7
      vertex -1.3794840470318697 -2.655507824967889 86.7
    endloop
  endfacet
  facet normal 0 0 1
    outer loop
      vertex -1.3216590389200285 -2.5924029037040826 86.7
      vertex -1.3794840470318697 -2.655507824967889 86.7
      vertex 0.7533257055866951 -2.5924029037040826 86.7
    endloop
  endfacet
  facet normal 0 0 1
    outer loop
      vertex -1.3216590389200285 -2.5924029037040826 86.7
      vertex 0.3860686274509799 0 86.7
      vertex -0.9544019607843133 0 86.7
    endloop
  endfacet
  facet normal 0 0 1
    outer loop
      vertex -1.3794840470318697 -4.493668645620346 86.7
      vertex 0.8111507136985363 -2.655507824967889 86.7
      vertex 0.7533257055866951 -2.5924029037040826 86.7
    endloop
  endfacet
  facet normal 0 0 1
    outer loop
      vertex -1.203247076992895 -4.669905615659322 86.7
      vertex 1.0969481731676591 -3.9446568404506235 86.7
      vertex 1.1239462169432173 -3.8228765271200857 86.7
    endloop
  endfacet
  facet normal 0 0 1
    outer loop
      vertex -1.295212896905694 -4.585634465533144 86.7
      vertex 1.1239462169432173 -3.8228765271200857 86.7
      vertex 1.140227674002741 -3.699206592994578 86.7
    endloop
  endfacet
  facet normal 0 0 1
    outer loop
      vertex -1.295212896905694 -4.585634465533144 86.7
      vertex 1.140227674002741 -3.699206592994578 86.7
      vertex 1.1456686265632214 -3.574588235294118 86.7
    endloop
  endfacet
  facet normal 0 0 1
    outer loop
      vertex -1.295212896905694 -4.585634465533144 86.7
      vertex 1.1456686265632214 -3.574588235294118 86.7
      vertex 1.140227674002741 -3.4499698775936576 86.7
    endloop
  endfacet
  facet normal 0 0 1
    outer loop
      vertex -1.295212896905694 -4.585634465533144 86.7
      vertex 1.140227674002741 -3.4499698775936576 86.7
      vertex 1.1239462169432173 -3.32629994346815 86.7
    endloop
  endfacet
  facet normal 0 0 1
    outer loop
      vertex -1.295212896905694 -4.585634465533144 86.7
      vertex 1.1239462169432173 -3.32629994346815 86.7
      vertex 1.0969481731676591 -3.204519630137612 86.7
    endloop
  endfacet
  facet normal 0 0 1
    outer loop
      vertex -1.295212896905694 -4.585634465533144 86.7
      vertex 1.059439009963297 -3.085555762010462 86.7
      vertex 1.0117041949828476 -2.970313728563926 86.7
    endloop
  endfacet
  facet normal 0 0 1
    outer loop
      vertex -1.3794840470318697 -4.493668645620346 86.7
      vertex 1.0117041949828476 -2.970313728563926 86.7
      vertex 0.9541070212359521 -2.859670586459777 86.7
    endloop
  endfacet
  facet normal 0 0 1
    outer loop
      vertex -1.3794840470318697 -4.493668645620346 86.7
      vertex 0.8870858372823864 -2.754468401354902 86.7
      vertex 0.8111507136985363 -2.655507824967889 86.7
    endloop
  endfacet
  facet normal 0 0 1
    outer loop
      vertex -1.3794840470318697 -4.493668645620346 86.7
      vertex 0.9541070212359521 -2.859670586459777 86.7
      vertex 0.8870858372823864 -2.754468401354902 86.7
    endloop
  endfacet
  facet normal 0 0 1
    outer loop
      vertex -1.295212896905694 -4.585634465533144 86.7
      vertex 1.0969481731676591 -3.204519630137612 86.7
      vertex 1.059439009963297 -3.085555762010462 86.7
    endloop
  endfacet
  facet normal 0 0 1
    outer loop
      vertex -1.3216590389200285 -2.5924029037040826 86.7
      vertex 0.7533257055866951 -2.5924029037040826 86.7
      vertex 0.3860686274509799 0 86.7
    endloop
  endfacet
  facet normal -0.9475505059720316 0.07411599649619036 -0.31089364370395783
    outer loop
      vertex -8.200727153362683 0 16.80911931048215
      vertex -7.886144839228557 3.8300308370595286 16.763392808458917
      vertex -8.14730938412015 0 16.646311111283786
    endloop
  endfacet
  facet normal -0.9963269927805685 0.0726203370924259 -0.04537411263497546
    outer loop
      vertex -8.270529102953265 0 17.32394539964973
      vertex -7.965553397211282 4.107235326741675 17.20081982203051
      vertex -8.26257235243328 0 17.1492306811128
    endloop
  endfacet
  facet normal -0.9965013825647319 0.0720802666721821 0.04230165130399557
    outer loop
      vertex -8.263055555555555 0 17.5
      vertex -7.963900742342664 4.135780827827989 17.5
      vertex -8.270529102953265 0 17.32394539964973
    endloop
  endfacet
  facet normal -0.9882785006315001 0.0731514206307707 -0.13399430901815904
    outer loop
      vertex -8.26257235243328 0 17.1492306811128
      vertex -7.947983588127891 4.074695697728335 17.053468902345095
      vertex -8.239245859671474 0 16.977185528892907
    endloop
  endfacet
  facet normal -0.9891429591942936 0.07154800738172075 0.1283631135336843
    outer loop
      vertex -8.263055555555555 0 17.5
      vertex -8.240208588448498 0 17.67605460035027
      vertex -7.945089516893446 4.126661270448573 17.65003903251814
    endloop
  endfacet
  facet normal -0.9720802206577337 0.07365589907217929 -0.22278880837663437
    outer loop
      vertex -8.239245859671474 0 16.977185528892907
      vertex -7.918200575567602 4.030253457402888 16.908825592727258
      vertex -8.200727153362683 0 16.80911931048215
    endloop
  endfacet
  facet normal -0.9746321781462993 0.07103904424046655 0.21223942026683287
    outer loop
      vertex -8.240208588448498 0 17.67605460035027
      vertex -8.20216208084715 0 17.8507693188872
      vertex -7.914397122691274 4.101972522602466 17.799246281692007
    endloop
  endfacet
  facet normal -0.9533658657146004 0.07056722109541412 0.2934515179669747
    outer loop
      vertex -8.20216208084715 0 17.8507693188872
      vertex -8.149205589647474 0 18.022814471107093
      vertex -7.8717283706256875 4.0652114703614926 17.94670865419208
    endloop
  endfacet
  facet normal -0.7672194862800885 0.0751992779553271 -0.6369610101624076
    outer loop
      vertex -7.902274664318589 0 16.20156902843319
      vertex -7.682565242594984 2.013317472805178 16.174620236996947
      vertex -7.794408549768775 0 16.071644302003175
    endloop
  endfacet
  facet normal -0.7032732611392593 0.07522560508862515 -0.7069284465245413
    outer loop
      vertex -7.794408549768775 0 16.071644302003175
      vertex -7.682565242594984 2.013317472805178 16.174620236996947
      vertex -7.674735702200449 0 15.952590224899664
    endloop
  endfacet
  facet normal -0.6330307659255251 0.07514543797545692 -0.7704707733218826
    outer loop
      vertex -7.674735702200449 0 15.952590224899664
      vertex -7.604576189213184 1.368527262591564 16.02842107054434
      vertex -7.544166904244048 0 15.845312870536237
    endloop
  endfacet
  facet normal -0.557357642560227 0.07496220742072679 -0.826881566935869
    outer loop
      vertex -7.544166904244048 0 15.845312870536237
      vertex -7.514420862432619 0.6384510557211508 15.883142371130075
      vertex -7.434201129704609 0 15.77119068991159
    endloop
  endfacet
  facet normal -0.6330307659255399 0.07514543797545467 -0.7704707733218706
    outer loop
      vertex -7.604576189213184 1.368527262591564 16.02842107054434
      vertex -7.514420862432619 0.6384510557211508 15.883142371130075
      vertex -7.544166904244048 0 15.845312870536237
    endloop
  endfacet
  facet normal -0.8734048842373329 0.07483613583431348 -0.4812104123600815
    outer loop
      vertex -8.079399093422344 0 16.49
      vertex -7.804876317594611 3.066262148997862 16.468590815386168
      vertex -7.997513119586825 0 16.341375598570888
    endloop
  endfacet
  facet normal -0.8241270651304026 0.07506758641691919 -0.561408441323327
    outer loop
      vertex -7.902274664318589 0 16.20156902843319
      vertex -7.997513119586825 0 16.341375598570888
      vertex -7.749118229468267 2.577771382249819 16.32142243263649
    endloop
  endfacet
  facet normal -0.8083641431051884 0.0692632362250106 0.5845938900206303
    outer loop
      vertex -7.9054546489779 0 18.51
      vertex -7.797972250451812 0 18.658624401429112
      vertex -7.6242494900630975 3.120056692008485 18.529177319195927
    endloop
  endfacet
  facet normal -0.6457988763679858 0.06907785909795311 0.7603762625597213
    outer loop
      vertex -7.548413957335988 0 18.928355697996825
      vertex -7.408237352044281 0 19.047409775100334
      vertex -7.34771968586924 1.4504453518977318 18.96703980323181
    endloop
  endfacet
  facet normal -0.7045578030577286 0.06905747183849617 0.7062785341023345
    outer loop
      vertex -7.678655996993194 0 18.79843097156681
      vertex -7.548413957335988 0 18.928355697996825
      vertex -7.450939408466095 2.0853279077478586 18.821696617166545
    endloop
  endfacet
  facet normal -0.7588281121804996 0.06911967498323127 0.647612821595428
    outer loop
      vertex -7.797972250451812 0 18.658624401429112
      vertex -7.678655996993194 0 18.79843097156681
      vertex -7.542919890710708 2.6404302160462656 18.675664246738716
    endloop
  endfacet
  facet normal -0.5827811298898574 0.06918043420113498 0.8096790859149342
    outer loop
      vertex -7.408237352044281 0 19.047409775100334
      vertex -7.232598071396753 0.7309024512772023 19.111379698977334
      vertex -7.34771968586924 1.4504453518977318 18.96703980323181
    endloop
  endfacet
  facet normal -0.7672194862800811 0.07519927795532619 -0.6369610101624165
    outer loop
      vertex -7.902274664318589 0 16.20156902843319
      vertex -7.749118229468267 2.577771382249819 16.32142243263649
      vertex -7.682565242594984 2.013317472805178 16.174620236996947
    endloop
  endfacet
  facet normal -0.7032732611392649 0.07522560508862453 -0.7069284465245359
    outer loop
      vertex -7.674735702200449 0 15.952590224899664
      vertex -7.682565242594984 2.013317472805178 16.174620236996947
      vertex -7.604576189213184 1.368527262591564 16.02842107054434
    endloop
  endfacet
  facet normal -0.9146297490363744 0.0745145922426259 -0.39736632685794354
    outer loop
      vertex -8.14730938412015 0 16.646311111283786
      vertex -7.8503944845110345 3.48259668476384 16.615953913432293
      vertex -8.079399093422344 0 16.49
    endloop
  endfacet
  facet normal -0.8921309762673134 0.06978116300338169 0.44635513940608507
    outer loop
      vertex -8.081742145723497 0 18.19088068951785
      vertex -8.000285186619026 0 18.353688888716214
      vertex -7.756940075388519 3.867292297854587 18.235468131503524
    endloop
  endfacet
  facet normal -0.852897247456743 0.06948526514259454 0.5174341341743647
    outer loop
      vertex -8.000285186619026 0 18.353688888716214
      vertex -7.9054546489779 0 18.51
      vertex -7.695442474235982 3.5279471381660175 18.38240591183633
    endloop
  endfacet
  facet normal -0.925738949365561 0.07014455512274309 0.3716007790817715
    outer loop
      vertex -8.149205589647474 0 18.022814471107093
      vertex -8.081742145723497 0 18.19088068951785
      vertex -7.817215576821281 4.0176720195922435 18.091485665212886
    endloop
  endfacet
  facet normal -0.8241270651304029 0.07506758641691923 -0.5614084413233266
    outer loop
      vertex -7.997513119586825 0 16.341375598570888
      vertex -7.804876317594611 3.066262148997862 16.468590815386168
      vertex -7.749118229468267 2.577771382249819 16.32142243263649
    endloop
  endfacet
  facet normal -0.6457988763679892 0.06907785909795364 0.7603762625597184
    outer loop
      vertex -7.548413957335988 0 18.928355697996825
      vertex -7.34771968586924 1.4504453518977318 18.96703980323181
      vertex -7.450939408466095 2.0853279077478586 18.821696617166545
    endloop
  endfacet
  facet normal -0.7045578030577261 0.06905747183849587 0.7062785341023369
    outer loop
      vertex -7.678655996993194 0 18.79843097156681
      vertex -7.450939408466095 2.0853279077478586 18.821696617166545
      vertex -7.542919890710708 2.6404302160462656 18.675664246738716
    endloop
  endfacet
  facet normal -0.7588281121804972 0.06911967498323103 0.6476128215954308
    outer loop
      vertex -7.797972250451812 0 18.658624401429112
      vertex -7.542919890710708 2.6404302160462656 18.675664246738716
      vertex -7.6242494900630975 3.120056692008485 18.529177319195927
    endloop
  endfacet
  facet normal -0.9882785006314977 0.0731514206307702 -0.1339943090181785
    outer loop
      vertex -8.26257235243328 0 17.1492306811128
      vertex -7.965553397211282 4.107235326741675 17.20081982203051
      vertex -7.962420977811458 4.100399490054295 17.173984697919373
    endloop
  endfacet
  facet normal -0.9882785006314984 0.07315142063077022 -0.1339943090181733
    outer loop
      vertex -8.26257235243328 0 17.1492306811128
      vertex -7.962420977811458 4.100399490054295 17.173984697919373
      vertex -7.947983588127891 4.074695697728335 17.053468902345095
    endloop
  endfacet
  facet normal -0.9720802206577339 0.07365589907217934 -0.2227888083766329
    outer loop
      vertex -8.239245859671474 0 16.977185528892907
      vertex -7.947983588127891 4.074695697728335 17.053468902345095
      vertex -7.918200575567602 4.030253457402888 16.908825592727258
    endloop
  endfacet
  facet normal -0.9963269927805687 0.0726203370924261 -0.0453741126349694
    outer loop
      vertex -8.270529102953265 0 17.32394539964973
      vertex -7.9707381766258525 4.129297542656143 17.3499775872415
      vertex -7.965553397211282 4.107235326741675 17.20081982203051
    endloop
  endfacet
  facet normal -0.996501382564732 0.07208026667218216 0.0423016513039945
    outer loop
      vertex -8.270529102953265 0 17.32394539964973
      vertex -7.963900742342664 4.135780827827989 17.5
      vertex -7.9707381766258525 4.129297542656143 17.3499775872415
    endloop
  endfacet
  facet normal -0.9891429591942922 0.07154800738172029 0.12836311353369384
    outer loop
      vertex -8.263055555555555 0 17.5
      vertex -7.945089516893446 4.126661270448573 17.65003903251814
      vertex -7.963900742342664 4.135780827827989 17.5
    endloop
  endfacet
  facet normal -0.9746321781463015 0.07103904424046703 0.21223942026682277
    outer loop
      vertex -8.240208588448498 0 17.67605460035027
      vertex -7.914397122691274 4.101972522602466 17.799246281692007
      vertex -7.945089516893446 4.126661270448573 17.65003903251814
    endloop
  endfacet
  facet normal -0.8734048842373378 0.07483613583431398 -0.4812104123600719
    outer loop
      vertex -8.079399093422344 0 16.49
      vertex -7.8503944845110345 3.48259668476384 16.615953913432293
      vertex -7.804876317594611 3.066262148997862 16.468590815386168
    endloop
  endfacet
  facet normal -0.9146297490363728 0.07451459224262573 -0.39736632685794704
    outer loop
      vertex -8.14730938412015 0 16.646311111283786
      vertex -7.886144839228557 3.8300308370595286 16.763392808458917
      vertex -7.8503944845110345 3.48259668476384 16.615953913432293
    endloop
  endfacet
  facet normal -0.94755050597203 0.07411599649619019 -0.3108936437039628
    outer loop
      vertex -8.200727153362683 0 16.80911931048215
      vertex -7.902963703901502 4.009381185728063 16.85741034190217
      vertex -7.886144839228557 3.8300308370595286 16.763392808458917
    endloop
  endfacet
  facet normal -0.8921309762673042 0.06978116300338068 0.4463551394061038
    outer loop
      vertex -8.081742145723497 0 18.19088068951785
      vertex -7.756940075388519 3.867292297854587 18.235468131503524
      vertex -7.778954642958503 3.9826815942222322 18.173428122299566
    endloop
  endfacet
  facet normal -0.8083641431051909 0.06926323622501085 0.584593890020627
    outer loop
      vertex -7.9054546489779 0 18.51
      vertex -7.6242494900630975 3.120056692008485 18.529177319195927
      vertex -7.695442474235982 3.5279471381660175 18.38240591183633
    endloop
  endfacet
  facet normal -0.8528972474567453 0.06948526514259479 0.5174341341743609
    outer loop
      vertex -8.000285186619026 0 18.353688888716214
      vertex -7.695442474235982 3.5279471381660175 18.38240591183633
      vertex -7.756940075388519 3.867292297854587 18.235468131503524
    endloop
  endfacet
  facet normal -0.9475505059720402 0.07411599649619056 -0.31089364370393197
    outer loop
      vertex -8.200727153362683 0 16.80911931048215
      vertex -7.918200575567602 4.030253457402888 16.908825592727258
      vertex -7.902963703901502 4.009381185728063 16.85741034190217
    endloop
  endfacet
  facet normal -0.953365865714599 0.07056722109541388 0.2934515179669792
    outer loop
      vertex -8.20216208084715 0 17.8507693188872
      vertex -7.8717283706256875 4.0652114703614926 17.94670865419208
      vertex -7.897734744794991 4.086201480880863 17.85717156023134
    endloop
  endfacet
  facet normal -0.9533658657145992 0.07056722109541391 0.2934515179669783
    outer loop
      vertex -8.20216208084715 0 17.8507693188872
      vertex -7.897734744794991 4.086201480880863 17.85717156023134
      vertex -7.914397122691274 4.101972522602466 17.799246281692007
    endloop
  endfacet
  facet normal -0.9257389493655639 0.07014455512274342 0.3716007790817646
    outer loop
      vertex -8.149205589647474 0 18.022814471107093
      vertex -7.817215576821281 4.0176720195922435 18.091485665212886
      vertex -7.8717283706256875 4.0652114703614926 17.94670865419208
    endloop
  endfacet
  facet normal -0.8921309762673127 0.06978116300338126 0.4463551394060863
    outer loop
      vertex -8.081742145723497 0 18.19088068951785
      vertex -7.778954642958503 3.9826815942222322 18.173428122299566
      vertex -7.817215576821281 4.0176720195922435 18.091485665212886
    endloop
  endfacet
  facet normal -0.5827811298898621 0.06918043420113637 0.809679085914931
    outer loop
      vertex -7.408237352044281 0 19.047409775100334
      vertex -7.259193009725289 0 19.154687129463763
      vertex -7.232598071396753 0.7309024512772023 19.111379698977334
    endloop
  endfacet
  facet normal -0.5157276474555782 0.06936315200341488 0.853940130684866
    outer loop
      vertex -7.259193009725289 0 19.154687129463763
      vertex -7.1172665435113815 0 19.24040204073451
      vertex -7.232598071396753 0.7309024512772023 19.111379698977334
    endloop
  endfacet
  facet normal 0.5157276474555721 0.06936315200341175 -0.8539401306848701
    outer loop
      vertex -5.349649362588395 0 15.77119068991159
      vertex -5.250149062539424 0.6384510557211508 15.883142371130075
      vertex -5.226918101385822 0 15.845312870536237
    endloop
  endfacet
  facet normal 0.5827811298898581 0.06918043420113351 -0.809679085914934
    outer loop
      vertex -5.226918101385822 0 15.845312870536237
      vertex -5.250149062539424 0.6384510557211508 15.883142371130075
      vertex -5.077873759066831 0 15.952590224899664
    endloop
  endfacet
  facet normal 0.645798876367989 0.06907785909795326 -0.7603762625597186
    outer loop
      vertex -5.077873759066831 0 15.952590224899664
      vertex -5.13497351530418 1.368527262591564 16.02842107054434
      vertex -4.937697153775122 0 16.071644302003175
    endloop
  endfacet
  facet normal 0.5827811298898631 0.06918043420113527 -0.8096790859149302
    outer loop
      vertex -5.250149062539424 0.6384510557211508 15.883142371130075
      vertex -5.13497351530418 1.368527262591564 16.02842107054434
      vertex -5.077873759066831 0 15.952590224899664
    endloop
  endfacet
  facet normal 0.704557803057731 0.06905747183849632 -0.706278534102332
    outer loop
      vertex -4.937697153775122 0 16.071644302003175
      vertex -5.031805716588875 2.013317472805178 16.174620236996947
      vertex -4.807455114117918 0 16.20156902843319
    endloop
  endfacet
  facet normal 0.5573576425602349 0.07496220742073018 0.8268815669358635
    outer loop
      vertex -4.941944206867063 0 19.154687129463763
      vertex -4.975997647112706 0.7309024512772023 19.111379698977334
      vertex -5.069108660584342 0 19.24040204073451
    endloop
  endfacet
  facet normal 0.6330307659255288 0.07514543797545677 0.7704707733218796
    outer loop
      vertex -4.941944206867063 0 19.154687129463763
      vertex -4.811375408910662 0 19.047409775100334
      vertex -4.885734570240837 1.4504453518977318 18.96703980323181
    endloop
  endfacet
  facet normal 0.6330307659255218 0.07514543797545778 0.7704707733218852
    outer loop
      vertex -4.941944206867063 0 19.154687129463763
      vertex -4.885734570240837 1.4504453518977318 18.96703980323181
      vertex -4.975997647112706 0.7309024512772023 19.111379698977334
    endloop
  endfacet
  facet normal 0.7032732611392567 0.07522560508862484 0.706928446524544
    outer loop
      vertex -4.811375408910662 0 19.047409775100334
      vertex -4.691702561342336 0 18.928355697996825
      vertex -4.807546174133 2.0853279077478586 18.821696617166545
    endloop
  endfacet
  facet normal 0.7672194862800885 0.07519927795532678 0.6369610101624077
    outer loop
      vertex -4.691702561342336 0 18.928355697996825
      vertex -4.583836446792523 0 18.79843097156681
      vertex -4.807546174133 2.0853279077478586 18.821696617166545
    endloop
  endfacet
  facet normal 0.7588281121804972 0.06911967498323085 -0.6476128215954308
    outer loop
      vertex -4.807455114117918 0 16.20156902843319
      vertex -4.93997012935545 2.577771382249819 16.32142243263649
      vertex -4.688138860659299 0 16.341375598570888
    endloop
  endfacet
  facet normal 0.8083641431051908 0.06926323622501052 -0.5845938900206272
    outer loop
      vertex -4.688138860659299 0 16.341375598570888
      vertex -4.858866375311104 3.066262148997862 16.468590815386168
      vertex -4.580656462133212 0 16.49
    endloop
  endfacet
  facet normal 0.8241270651304002 0.07506758641691957 0.5614084413233307
    outer loop
      vertex -4.583836446792523 0 18.79843097156681
      vertex -4.488597991524285 0 18.658624401429112
      vertex -4.740715711239846 2.6404302160462656 18.675664246738716
    endloop
  endfacet
  facet normal 0.8734048842373329 0.07483613583431376 0.48121041236008155
    outer loop
      vertex -4.488597991524285 0 18.658624401429112
      vertex -4.406712017688767 0 18.51
      vertex -4.684614416075382 3.120056692008485 18.529177319195927
    endloop
  endfacet
  facet normal 0.6457988763679922 0.0690778590979538 -0.7603762625597159
    outer loop
      vertex -4.937697153775122 0 16.071644302003175
      vertex -5.13497351530418 1.368527262591564 16.02842107054434
      vertex -5.031805716588875 2.013317472805178 16.174620236996947
    endloop
  endfacet
  facet normal 0.7045578030577238 0.06905747183849542 -0.7062785341023391
    outer loop
      vertex -4.807455114117918 0 16.20156902843319
      vertex -5.031805716588875 2.013317472805178 16.174620236996947
      vertex -4.93997012935545 2.577771382249819 16.32142243263649
    endloop
  endfacet
  facet normal 0.70327326113926 0.0752256050886245 0.7069284465245408
    outer loop
      vertex -4.811375408910662 0 19.047409775100334
      vertex -4.807546174133 2.0853279077478586 18.821696617166545
      vertex -4.885734570240837 1.4504453518977318 18.96703980323181
    endloop
  endfacet
  facet normal 0.8528972474567432 0.06948526514259479 -0.5174341341743648
    outer loop
      vertex -4.580656462133212 0 16.49
      vertex -4.787969008175627 3.48259668476384 16.615953913432293
      vertex -4.485825924492086 0 16.646311111283786
    endloop
  endfacet
  facet normal 0.8921309762673116 0.06978116300338144 -0.44635513940608895
    outer loop
      vertex -4.485825924492086 0 16.646311111283786
      vertex -4.726826399314629 3.8300308370595286 16.763392808458917
      vertex -4.404368965387613 0 16.80911931048215
    endloop
  endfacet
  facet normal 0.7672194862800871 0.0751992779553266 0.6369610101624092
    outer loop
      vertex -4.583836446792523 0 18.79843097156681
      vertex -4.740715711239846 2.6404302160462656 18.675664246738716
      vertex -4.807546174133 2.0853279077478586 18.821696617166545
    endloop
  endfacet
  facet normal 0.7588281121804977 0.06911967498323092 -0.6476128215954302
    outer loop
      vertex -4.688138860659299 0 16.341375598570888
      vertex -4.93997012935545 2.577771382249819 16.32142243263649
      vertex -4.858866375311104 3.066262148997862 16.468590815386168
    endloop
  endfacet
  facet normal 0.8241270651303993 0.0750675864169195 0.5614084413233315
    outer loop
      vertex -4.488597991524285 0 18.658624401429112
      vertex -4.684614416075382 3.120056692008485 18.529177319195927
      vertex -4.740715711239846 2.6404302160462656 18.675664246738716
    endloop
  endfacet
  facet normal 0.8083641431051967 0.06926323622501111 -0.5845938900206189
    outer loop
      vertex -4.580656462133212 0 16.49
      vertex -4.858866375311104 3.066262148997862 16.468590815386168
      vertex -4.787969008175627 3.48259668476384 16.615953913432293
    endloop
  endfacet
  facet normal 0.8734048842373365 0.07483613583431413 0.4812104123600744
    outer loop
      vertex -4.406712017688767 0 18.51
      vertex -4.638698729836651 3.5279471381660175 18.38240591183633
      vertex -4.684614416075382 3.120056692008485 18.529177319195927
    endloop
  endfacet
  facet normal 0.85289724745674 0.06948526514259445 -0.5174341341743699
    outer loop
      vertex -4.485825924492086 0 16.646311111283786
      vertex -4.787969008175627 3.48259668476384 16.615953913432293
      vertex -4.726826399314629 3.8300308370595286 16.763392808458917
    endloop
  endfacet
  facet normal 0.8921309762673102 0.0697811630033813 -0.44635513940609156
    outer loop
      vertex -4.404368965387613 0 16.80911931048215
      vertex -4.726826399314629 3.8300308370595286 16.763392808458917
      vertex -4.693815626104235 4.009381185728063 16.85741034190217
    endloop
  endfacet
  facet normal 0.9146297490363735 0.074514592242626 0.3973663268579455
    outer loop
      vertex -4.33880172699096 0 18.353688888716214
      vertex -4.6025070797414305 3.867292297854587 18.235468131503524
      vertex -4.638698729836651 3.5279471381660175 18.38240591183633
    endloop
  endfacet
  facet normal 0.8921309762673225 0.0697811630033819 -0.4463551394060668
    outer loop
      vertex -4.404368965387613 0 16.80911931048215
      vertex -4.693815626104235 4.009381185728063 16.85741034190217
      vertex -4.669723905684926 4.030253457402888 16.908825592727258
    endloop
  endfacet
  facet normal 0.925738949365563 0.07014455512274352 -0.37160077908176714
    outer loop
      vertex -4.336905521463637 0 16.977185528892907
      vertex -4.669723905684926 4.030253457402888 16.908825592727258
      vertex -4.615030100912676 4.074695697728335 17.053468902345095
    endloop
  endfacet
  facet normal 0.9146297490363743 0.07451459224262606 0.3973663268579435
    outer loop
      vertex -4.406712017688767 0 18.51
      vertex -4.33880172699096 0 18.353688888716214
      vertex -4.638698729836651 3.5279471381660175 18.38240591183633
    endloop
  endfacet
  facet normal 0.9475505059720316 0.07411599649619062 0.3108936437039579
    outer loop
      vertex -4.33880172699096 0 18.353688888716214
      vertex -4.285383957748428 0 18.19088068951785
      vertex -4.6025070797414305 3.867292297854587 18.235468131503524
    endloop
  endfacet
  facet normal 0.9257389493655629 0.0701445551227435 -0.3716007790817673
    outer loop
      vertex -4.404368965387613 0 16.80911931048215
      vertex -4.669723905684926 4.030253457402888 16.908825592727258
      vertex -4.336905521463637 0 16.977185528892907
    endloop
  endfacet
  facet normal 0.9533658657145988 0.0705672210954142 -0.29345151796697916
    outer loop
      vertex -4.336905521463637 0 16.977185528892907
      vertex -4.615030100912676 4.074695697728335 17.053468902345095
      vertex -4.28394903026396 0 17.1492306811128
    endloop
  endfacet
  facet normal 0.9746321781463003 0.07103904424046664 -0.21223942026682815
    outer loop
      vertex -4.28394903026396 0 17.1492306811128
      vertex -4.572083188994575 4.107235326741675 17.20081982203051
      vertex -4.245902522662614 0 17.32394539964973
    endloop
  endfacet
  facet normal 0.989142959194293 0.07154800738172055 -0.1283631135336892
    outer loop
      vertex -4.245902522662614 0 17.32394539964973
      vertex -4.541210127793667 4.129297542656143 17.3499775872415
      vertex -4.223055555555556 0 17.5
    endloop
  endfacet
  facet normal 0.9882785006314995 0.07315142063077065 0.13399430901816406
    outer loop
      vertex -4.246865251439638 0 18.022814471107093
      vertex -4.223538758677831 0 17.8507693188872
      vertex -4.537449583374566 4.0652114703614926 17.94670865419208
    endloop
  endfacet
  facet normal 0.9720802206577349 0.07365589907217901 0.22278880837662954
    outer loop
      vertex -4.285383957748428 0 18.19088068951785
      vertex -4.246865251439638 0 18.022814471107093
      vertex -4.567028558614277 4.0176720195922435 18.091485665212886
    endloop
  endfacet
  facet normal 0.9965013825647319 0.0720802666721821 -0.04230165130399557
    outer loop
      vertex -4.223055555555556 0 17.5
      vertex -4.522210368768446 4.135780827827989 17.5
      vertex -4.2155820081578455 0 17.67605460035027
    endloop
  endfacet
  facet normal 0.9963269927805685 0.07262033709242627 0.04537411263497546
    outer loop
      vertex -4.223538758677831 0 17.8507693188872
      vertex -4.2155820081578455 0 17.67605460035027
      vertex -4.520177128795103 4.101972522602466 17.799246281692007
    endloop
  endfacet
  facet normal 0.9475505059720264 0.07411599649619 0.31089364370397404
    outer loop
      vertex -4.285383957748428 0 18.19088068951785
      vertex -4.591177180423239 3.9826815942222322 18.173428122299566
      vertex -4.6025070797414305 3.867292297854587 18.235468131503524
    endloop
  endfacet
  facet normal 0.9533658657145959 0.07056722109541373 -0.2934515179669891
    outer loop
      vertex -4.28394903026396 0 17.1492306811128
      vertex -4.615030100912676 4.074695697728335 17.053468902345095
      vertex -4.579837213102428 4.100399490054295 17.173984697919373
    endloop
  endfacet
  facet normal 0.9533658657146001 0.07056722109541397 -0.293451517966975
    outer loop
      vertex -4.28394903026396 0 17.1492306811128
      vertex -4.579837213102428 4.100399490054295 17.173984697919373
      vertex -4.572083188994575 4.107235326741675 17.20081982203051
    endloop
  endfacet
  facet normal 0.9746321781463011 0.0710390442404668 -0.21223942026682477
    outer loop
      vertex -4.245902522662614 0 17.32394539964973
      vertex -4.572083188994575 4.107235326741675 17.20081982203051
      vertex -4.541210127793667 4.129297542656143 17.3499775872415
    endloop
  endfacet
  facet normal 0.9891429591942922 0.07154800738172029 -0.1283631135336943
    outer loop
      vertex -4.223055555555556 0 17.5
      vertex -4.541210127793667 4.129297542656143 17.3499775872415
      vertex -4.522210368768446 4.135780827827989 17.5
    endloop
  endfacet
  facet normal 0.9965013825647321 0.0720802666721823 -0.04230165130399144
    outer loop
      vertex -4.2155820081578455 0 17.67605460035027
      vertex -4.522210368768446 4.135780827827989 17.5
      vertex -4.515181538617319 4.126661270448573 17.65003903251814
    endloop
  endfacet
  facet normal 0.947550505972031 0.07411599649619029 0.3108936437039596
    outer loop
      vertex -4.285383957748428 0 18.19088068951785
      vertex -4.567028558614277 4.0176720195922435 18.091485665212886
      vertex -4.591177180423239 3.9826815942222322 18.173428122299566
    endloop
  endfacet
  facet normal 0.9882785006314985 0.07315142063077038 0.1339943090181722
    outer loop
      vertex -4.223538758677831 0 17.8507693188872
      vertex -4.526863486498501 4.086201480880863 17.85717156023134
      vertex -4.537449583374566 4.0652114703614926 17.94670865419208
    endloop
  endfacet
  facet normal 0.9963269927805685 0.07262033709242624 0.04537411263497624
    outer loop
      vertex -4.2155820081578455 0 17.67605460035027
      vertex -4.515181538617319 4.126661270448573 17.65003903251814
      vertex -4.520177128795103 4.101972522602466 17.799246281692007
    endloop
  endfacet
  facet normal 0.9882785006315005 0.07315142063077056 0.13399430901815704
    outer loop
      vertex -4.223538758677831 0 17.8507693188872
      vertex -4.520177128795103 4.101972522602466 17.799246281692007
      vertex -4.526863486498501 4.086201480880863 17.85717156023134
    endloop
  endfacet
  facet normal 0.9720802206577366 0.07365589907217926 0.22278880837662265
    outer loop
      vertex -4.246865251439638 0 18.022814471107093
      vertex -4.537449583374566 4.0652114703614926 17.94670865419208
      vertex -4.567028558614277 4.0176720195922435 18.091485665212886
    endloop
  endfacet
  facet normal -0.9882785006314976 -0.0731514206307702 -0.1339943090181788
    outer loop
      vertex -7.962420977811458 -4.100399490054295 17.173984697919373
      vertex -7.965553397211282 -4.107235326741675 17.20081982203051
      vertex -8.26257235243328 0 17.1492306811128
    endloop
  endfacet
  facet normal -0.9882785006314984 -0.07315142063077021 -0.1339943090181733
    outer loop
      vertex -7.962420977811458 -4.100399490054295 17.173984697919373
      vertex -8.26257235243328 0 17.1492306811128
      vertex -7.947983588127891 -4.074695697728335 17.053468902345095
    endloop
  endfacet
  facet normal -0.9720802206577339 -0.07365589907217933 -0.2227888083766328
    outer loop
      vertex -7.947983588127891 -4.074695697728335 17.053468902345095
      vertex -8.239245859671474 0 16.977185528892907
      vertex -7.918200575567602 -4.030253457402888 16.908825592727258
    endloop
  endfacet
  facet normal -0.9963269927805687 -0.0726203370924261 -0.0453741126349694
    outer loop
      vertex -8.270529102953265 0 17.32394539964973
      vertex -7.965553397211282 -4.107235326741675 17.20081982203051
      vertex -7.9707381766258525 -4.129297542656143 17.3499775872415
    endloop
  endfacet
  facet normal -0.996501382564732 -0.07208026667218216 0.0423016513039945
    outer loop
      vertex -8.270529102953265 0 17.32394539964973
      vertex -7.9707381766258525 -4.129297542656143 17.3499775872415
      vertex -7.963900742342664 -4.135780827827989 17.5
    endloop
  endfacet
  facet normal -0.9891429591942922 -0.07154800738172029 0.12836311353369384
    outer loop
      vertex -7.963900742342664 -4.135780827827989 17.5
      vertex -7.945089516893446 -4.126661270448573 17.65003903251814
      vertex -8.263055555555555 0 17.5
    endloop
  endfacet
  facet normal -0.9746321781463015 -0.07103904424046703 0.21223942026682255
    outer loop
      vertex -7.945089516893446 -4.126661270448573 17.65003903251814
      vertex -7.914397122691274 -4.101972522602466 17.799246281692007
      vertex -8.240208588448498 0 17.67605460035027
    endloop
  endfacet
  facet normal -0.9475505059720402 -0.07411599649619056 -0.3108936437039319
    outer loop
      vertex -7.918200575567602 -4.030253457402888 16.908825592727258
      vertex -8.200727153362683 0 16.80911931048215
      vertex -7.902963703901502 -4.009381185728063 16.85741034190217
    endloop
  endfacet
  facet normal -0.953365865714599 -0.07056722109541388 0.2934515179669789
    outer loop
      vertex -7.914397122691274 -4.101972522602466 17.799246281692007
      vertex -7.897734744794991 -4.086201480880863 17.85717156023134
      vertex -8.20216208084715 0 17.8507693188872
    endloop
  endfacet
  facet normal -0.9533658657145989 -0.07056722109541388 0.2934515179669794
    outer loop
      vertex -7.8717283706256875 -4.0652114703614926 17.94670865419208
      vertex -8.20216208084715 0 17.8507693188872
      vertex -7.897734744794991 -4.086201480880863 17.85717156023134
    endloop
  endfacet
  facet normal -0.9257389493655639 -0.07014455512274342 0.3716007790817646
    outer loop
      vertex -7.8717283706256875 -4.0652114703614926 17.94670865419208
      vertex -7.817215576821281 -4.0176720195922435 18.091485665212886
      vertex -8.149205589647474 0 18.022814471107093
    endloop
  endfacet
  facet normal -0.8921309762673129 -0.06978116300338129 0.4463551394060861
    outer loop
      vertex -7.817215576821281 -4.0176720195922435 18.091485665212886
      vertex -7.778954642958503 -3.9826815942222322 18.173428122299566
      vertex -8.081742145723497 0 18.19088068951785
    endloop
  endfacet
  facet normal -0.9475505059720302 -0.07411599649619018 -0.31089364370396255
    outer loop
      vertex -7.886144839228557 -3.8300308370595286 16.763392808458917
      vertex -7.902963703901502 -4.009381185728063 16.85741034190217
      vertex -8.200727153362683 0 16.80911931048215
    endloop
  endfacet
  facet normal -0.9146297490363728 -0.07451459224262574 -0.39736632685794687
    outer loop
      vertex -7.8503944845110345 -3.48259668476384 16.615953913432293
      vertex -7.886144839228557 -3.8300308370595286 16.763392808458917
      vertex -8.14730938412015 0 16.646311111283786
    endloop
  endfacet
  facet normal -0.8921309762673042 -0.06978116300338069 0.44635513940610366
    outer loop
      vertex -7.756940075388519 -3.867292297854587 18.235468131503524
      vertex -8.081742145723497 0 18.19088068951785
      vertex -7.778954642958503 -3.9826815942222322 18.173428122299566
    endloop
  endfacet
  facet normal -0.8734048842373378 -0.07483613583431399 -0.481210412360072
    outer loop
      vertex -7.804876317594611 -3.066262148997862 16.468590815386168
      vertex -7.8503944845110345 -3.48259668476384 16.615953913432293
      vertex -8.079399093422344 0 16.49
    endloop
  endfacet
  facet normal -0.8528972474567453 -0.06948526514259479 0.5174341341743609
    outer loop
      vertex -7.695442474235982 -3.5279471381660175 18.38240591183633
      vertex -8.000285186619026 0 18.353688888716214
      vertex -7.756940075388519 -3.867292297854587 18.235468131503524
    endloop
  endfacet
  facet normal -0.8083641431051908 -0.06926323622501084 0.5845938900206271
    outer loop
      vertex -7.6242494900630975 -3.120056692008485 18.529177319195927
      vertex -7.9054546489779 0 18.51
      vertex -7.695442474235982 -3.5279471381660175 18.38240591183633
    endloop
  endfacet
  facet normal -0.9965013825647319 -0.0720802666721821 0.04230165130399557
    outer loop
      vertex -8.270529102953265 0 17.32394539964973
      vertex -7.963900742342664 -4.135780827827989 17.5
      vertex -8.263055555555555 0 17.5
    endloop
  endfacet
  facet normal -0.9963269927805685 -0.0726203370924259 -0.04537411263497535
    outer loop
      vertex -7.965553397211282 -4.107235326741675 17.20081982203051
      vertex -8.270529102953265 0 17.32394539964973
      vertex -8.26257235243328 0 17.1492306811128
    endloop
  endfacet
  facet normal -0.9882785006315001 -0.0731514206307707 -0.13399430901815895
    outer loop
      vertex -7.947983588127891 -4.074695697728335 17.053468902345095
      vertex -8.26257235243328 0 17.1492306811128
      vertex -8.239245859671474 0 16.977185528892907
    endloop
  endfacet
  facet normal -0.9891429591942936 -0.07154800738172076 0.1283631135336841
    outer loop
      vertex -7.945089516893446 -4.126661270448573 17.65003903251814
      vertex -8.240208588448498 0 17.67605460035027
      vertex -8.263055555555555 0 17.5
    endloop
  endfacet
  facet normal -0.9720802206577337 -0.07365589907217929 -0.2227888083766344
    outer loop
      vertex -7.918200575567602 -4.030253457402888 16.908825592727258
      vertex -8.239245859671474 0 16.977185528892907
      vertex -8.200727153362683 0 16.80911931048215
    endloop
  endfacet
  facet normal -0.9746321781462993 -0.07103904424046655 0.21223942026683273
    outer loop
      vertex -7.914397122691274 -4.101972522602466 17.799246281692007
      vertex -8.20216208084715 0 17.8507693188872
      vertex -8.240208588448498 0 17.67605460035027
    endloop
  endfacet
  facet normal -0.9533658657146004 -0.07056722109541412 0.29345151796697455
    outer loop
      vertex -7.8717283706256875 -4.0652114703614926 17.94670865419208
      vertex -8.149205589647474 0 18.022814471107093
      vertex -8.20216208084715 0 17.8507693188872
    endloop
  endfacet
  facet normal -0.9475505059720316 -0.07411599649619036 -0.31089364370395794
    outer loop
      vertex -7.886144839228557 -3.8300308370595286 16.763392808458917
      vertex -8.200727153362683 0 16.80911931048215
      vertex -8.14730938412015 0 16.646311111283786
    endloop
  endfacet
  facet normal -0.7672194862800812 -0.0751992779553262 -0.6369610101624165
    outer loop
      vertex -7.682565242594984 -2.013317472805178 16.174620236996947
      vertex -7.749118229468267 -2.577771382249819 16.32142243263649
      vertex -7.902274664318589 0 16.20156902843319
    endloop
  endfacet
  facet normal -0.703273261139265 -0.07522560508862453 -0.7069284465245358
    outer loop
      vertex -7.604576189213184 -1.368527262591564 16.02842107054434
      vertex -7.682565242594984 -2.013317472805178 16.174620236996947
      vertex -7.674735702200449 0 15.952590224899664
    endloop
  endfacet
  facet normal -0.8241270651304028 -0.07506758641691923 -0.5614084413233268
    outer loop
      vertex -7.749118229468267 -2.577771382249819 16.32142243263649
      vertex -7.804876317594611 -3.066262148997862 16.468590815386168
      vertex -7.997513119586825 0 16.341375598570888
    endloop
  endfacet
  facet normal -0.925738949365561 -0.07014455512274308 0.37160077908177164
    outer loop
      vertex -7.817215576821281 -4.0176720195922435 18.091485665212886
      vertex -8.081742145723497 0 18.19088068951785
      vertex -8.149205589647474 0 18.022814471107093
    endloop
  endfacet
  facet normal -0.9146297490363744 -0.07451459224262591 -0.39736632685794354
    outer loop
      vertex -7.8503944845110345 -3.48259668476384 16.615953913432293
      vertex -8.14730938412015 0 16.646311111283786
      vertex -8.079399093422344 0 16.49
    endloop
  endfacet
  facet normal -0.8921309762673136 -0.0697811630033817 0.44635513940608496
    outer loop
      vertex -7.756940075388519 -3.867292297854587 18.235468131503524
      vertex -8.000285186619026 0 18.353688888716214
      vertex -8.081742145723497 0 18.19088068951785
    endloop
  endfacet
  facet normal -0.852897247456743 -0.06948526514259455 0.5174341341743649
    outer loop
      vertex -7.695442474235982 -3.5279471381660175 18.38240591183633
      vertex -7.9054546489779 0 18.51
      vertex -8.000285186619026 0 18.353688888716214
    endloop
  endfacet
  facet normal -0.7588281121804972 -0.06911967498323102 0.6476128215954308
    outer loop
      vertex -7.542919890710708 -2.6404302160462656 18.675664246738716
      vertex -7.797972250451812 0 18.658624401429112
      vertex -7.6242494900630975 -3.120056692008485 18.529177319195927
    endloop
  endfacet
  facet normal -0.704557803057726 -0.06905747183849587 0.706278534102337
    outer loop
      vertex -7.450939408466095 -2.0853279077478586 18.821696617166545
      vertex -7.678655996993194 0 18.79843097156681
      vertex -7.542919890710708 -2.6404302160462656 18.675664246738716
    endloop
  endfacet
  facet normal -0.6457988763679892 -0.06907785909795364 0.7603762625597184
    outer loop
      vertex -7.34771968586924 -1.4504453518977318 18.96703980323181
      vertex -7.548413957335988 0 18.928355697996825
      vertex -7.450939408466095 -2.0853279077478586 18.821696617166545
    endloop
  endfacet
  facet normal -0.7672194862800885 -0.07519927795532712 -0.6369610101624075
    outer loop
      vertex -7.682565242594984 -2.013317472805178 16.174620236996947
      vertex -7.902274664318589 0 16.20156902843319
      vertex -7.794408549768775 0 16.071644302003175
    endloop
  endfacet
  facet normal -0.7032732611392593 -0.07522560508862515 -0.7069284465245413
    outer loop
      vertex -7.682565242594984 -2.013317472805178 16.174620236996947
      vertex -7.794408549768775 0 16.071644302003175
      vertex -7.674735702200449 0 15.952590224899664
    endloop
  endfacet
  facet normal -0.6330307659255399 -0.07514543797545467 -0.7704707733218706
    outer loop
      vertex -7.604576189213184 -1.368527262591564 16.02842107054434
      vertex -7.544166904244048 0 15.845312870536237
      vertex -7.514420862432619 -0.6384510557211508 15.883142371130075
    endloop
  endfacet
  facet normal -0.633030765925525 -0.0751454379754569 -0.7704707733218826
    outer loop
      vertex -7.604576189213184 -1.368527262591564 16.02842107054434
      vertex -7.674735702200449 0 15.952590224899664
      vertex -7.544166904244048 0 15.845312870536237
    endloop
  endfacet
  facet normal -0.557357642560227 -0.07496220742072679 -0.826881566935869
    outer loop
      vertex -7.514420862432619 -0.6384510557211508 15.883142371130075
      vertex -7.544166904244048 0 15.845312870536237
      vertex -7.434201129704609 0 15.77119068991159
    endloop
  endfacet
  facet normal -0.8734048842373329 -0.07483613583431348 -0.4812104123600815
    outer loop
      vertex -7.804876317594611 -3.066262148997862 16.468590815386168
      vertex -8.079399093422344 0 16.49
      vertex -7.997513119586825 0 16.341375598570888
    endloop
  endfacet
  facet normal -0.8241270651304026 -0.07506758641691919 -0.561408441323327
    outer loop
      vertex -7.749118229468267 -2.577771382249819 16.32142243263649
      vertex -7.997513119586825 0 16.341375598570888
      vertex -7.902274664318589 0 16.20156902843319
    endloop
  endfacet
  facet normal -0.8083641431051883 -0.0692632362250106 0.5845938900206304
    outer loop
      vertex -7.6242494900630975 -3.120056692008485 18.529177319195927
      vertex -7.797972250451812 0 18.658624401429112
      vertex -7.9054546489779 0 18.51
    endloop
  endfacet
  facet normal -0.7588281121804997 -0.06911967498323128 0.647612821595428
    outer loop
      vertex -7.542919890710708 -2.6404302160462656 18.675664246738716
      vertex -7.678655996993194 0 18.79843097156681
      vertex -7.797972250451812 0 18.658624401429112
    endloop
  endfacet
  facet normal -0.7045578030577286 -0.06905747183849617 0.7062785341023345
    outer loop
      vertex -7.450939408466095 -2.0853279077478586 18.821696617166545
      vertex -7.548413957335988 0 18.928355697996825
      vertex -7.678655996993194 0 18.79843097156681
    endloop
  endfacet
  facet normal -0.5827811298898574 -0.06918043420113498 0.8096790859149342
    outer loop
      vertex -7.34771968586924 -1.4504453518977318 18.96703980323181
      vertex -7.232598071396753 -0.7309024512772023 19.111379698977334
      vertex -7.408237352044281 0 19.047409775100334
    endloop
  endfacet
  facet normal -0.6457988763679858 -0.0690778590979531 0.7603762625597213
    outer loop
      vertex -7.34771968586924 -1.4504453518977318 18.96703980323181
      vertex -7.408237352044281 0 19.047409775100334
      vertex -7.548413957335988 0 18.928355697996825
    endloop
  endfacet
  facet normal -0.5827811298898621 -0.06918043420113637 0.809679085914931
    outer loop
      vertex -7.232598071396753 -0.7309024512772023 19.111379698977334
      vertex -7.259193009725289 0 19.154687129463763
      vertex -7.408237352044281 0 19.047409775100334
    endloop
  endfacet
  facet normal -0.5157276474555782 -0.06936315200341486 0.853940130684866
    outer loop
      vertex -7.232598071396753 -0.7309024512772023 19.111379698977334
      vertex -7.1172665435113815 0 19.24040204073451
      vertex -7.259193009725289 0 19.154687129463763
    endloop
  endfacet
  facet normal 0.8921309762673225 -0.0697811630033819 -0.44635513940606675
    outer loop
      vertex -4.693815626104235 -4.009381185728063 16.85741034190217
      vertex -4.404368965387613 0 16.80911931048215
      vertex -4.669723905684926 -4.030253457402888 16.908825592727258
    endloop
  endfacet
  facet normal 0.9257389493655628 -0.07014455512274351 -0.3716007790817672
    outer loop
      vertex -4.669723905684926 -4.030253457402888 16.908825592727258
      vertex -4.336905521463637 0 16.977185528892907
      vertex -4.615030100912676 -4.074695697728335 17.053468902345095
    endloop
  endfacet
  facet normal 0.8083641431051967 -0.06926323622501111 -0.5845938900206188
    outer loop
      vertex -4.858866375311104 -3.066262148997862 16.468590815386168
      vertex -4.580656462133212 0 16.49
      vertex -4.787969008175627 -3.48259668476384 16.615953913432293
    endloop
  endfacet
  facet normal 0.8921309762673103 -0.0697811630033813 -0.4463551394060915
    outer loop
      vertex -4.726826399314629 -3.8300308370595286 16.763392808458917
      vertex -4.404368965387613 0 16.80911931048215
      vertex -4.693815626104235 -4.009381185728063 16.85741034190217
    endloop
  endfacet
  facet normal 0.85289724745674 -0.06948526514259447 -0.5174341341743697
    outer loop
      vertex -4.787969008175627 -3.48259668476384 16.615953913432293
      vertex -4.485825924492086 0 16.646311111283786
      vertex -4.726826399314629 -3.8300308370595286 16.763392808458917
    endloop
  endfacet
  facet normal 0.9146297490363736 -0.07451459224262601 0.39736632685794526
    outer loop
      vertex -4.638698729836651 -3.5279471381660175 18.38240591183633
      vertex -4.6025070797414305 -3.867292297854587 18.235468131503524
      vertex -4.33880172699096 0 18.353688888716214
    endloop
  endfacet
  facet normal 0.8734048842373365 -0.07483613583431414 0.4812104123600743
    outer loop
      vertex -4.684614416075382 -3.120056692008485 18.529177319195927
      vertex -4.638698729836651 -3.5279471381660175 18.38240591183633
      vertex -4.406712017688767 0 18.51
    endloop
  endfacet
  facet normal 0.5157276474555721 -0.06936315200341175 -0.8539401306848698
    outer loop
      vertex -5.250149062539424 -0.6384510557211508 15.883142371130075
      vertex -5.349649362588395 0 15.77119068991159
      vertex -5.226918101385822 0 15.845312870536237
    endloop
  endfacet
  facet normal 0.6457988763679922 -0.0690778590979538 -0.760376262559716
    outer loop
      vertex -5.13497351530418 -1.368527262591564 16.02842107054434
      vertex -4.937697153775122 0 16.071644302003175
      vertex -5.031805716588875 -2.013317472805178 16.174620236996947
    endloop
  endfacet
  facet normal 0.704557803057724 -0.06905747183849544 -0.7062785341023392
    outer loop
      vertex -5.031805716588875 -2.013317472805178 16.174620236996947
      vertex -4.807455114117918 0 16.20156902843319
      vertex -4.93997012935545 -2.577771382249819 16.32142243263649
    endloop
  endfacet
  facet normal 0.7588281121804976 -0.06911967498323092 -0.6476128215954302
    outer loop
      vertex -4.93997012935545 -2.577771382249819 16.32142243263649
      vertex -4.688138860659299 0 16.341375598570888
      vertex -4.858866375311104 -3.066262148997862 16.468590815386168
    endloop
  endfacet
  facet normal 0.7672194862800871 -0.0751992779553266 0.6369610101624094
    outer loop
      vertex -4.807546174133 -2.0853279077478586 18.821696617166545
      vertex -4.740715711239846 -2.6404302160462656 18.675664246738716
      vertex -4.583836446792523 0 18.79843097156681
    endloop
  endfacet
  facet normal 0.8241270651303995 -0.0750675864169195 0.5614084413233315
    outer loop
      vertex -4.740715711239846 -2.6404302160462656 18.675664246738716
      vertex -4.684614416075382 -3.120056692008485 18.529177319195927
      vertex -4.488597991524285 0 18.658624401429112
    endloop
  endfacet
  facet normal 0.7032732611392599 -0.07522560508862451 0.7069284465245409
    outer loop
      vertex -4.885734570240837 -1.4504453518977318 18.96703980323181
      vertex -4.807546174133 -2.0853279077478586 18.821696617166545
      vertex -4.811375408910662 0 19.047409775100334
    endloop
  endfacet
  facet normal 0.8528972474567432 -0.06948526514259477 -0.5174341341743647
    outer loop
      vertex -4.787969008175627 -3.48259668476384 16.615953913432293
      vertex -4.580656462133212 0 16.49
      vertex -4.485825924492086 0 16.646311111283786
    endloop
  endfacet
  facet normal 0.8921309762673116 -0.06978116300338144 -0.44635513940608873
    outer loop
      vertex -4.726826399314629 -3.8300308370595286 16.763392808458917
      vertex -4.485825924492086 0 16.646311111283786
      vertex -4.404368965387613 0 16.80911931048215
    endloop
  endfacet
  facet normal 0.5827811298898631 -0.06918043420113527 -0.8096790859149302
    outer loop
      vertex -5.250149062539424 -0.6384510557211508 15.883142371130075
      vertex -5.077873759066831 0 15.952590224899664
      vertex -5.13497351530418 -1.368527262591564 16.02842107054434
    endloop
  endfacet
  facet normal 0.704557803057731 -0.06905747183849631 -0.7062785341023319
    outer loop
      vertex -5.031805716588875 -2.013317472805178 16.174620236996947
      vertex -4.937697153775122 0 16.071644302003175
      vertex -4.807455114117918 0 16.20156902843319
    endloop
  endfacet
  facet normal 0.6457988763679892 -0.06907785909795328 -0.7603762625597186
    outer loop
      vertex -5.13497351530418 -1.368527262591564 16.02842107054434
      vertex -5.077873759066831 0 15.952590224899664
      vertex -4.937697153775122 0 16.071644302003175
    endloop
  endfacet
  facet normal 0.5827811298898581 -0.06918043420113351 -0.809679085914934
    outer loop
      vertex -5.250149062539424 -0.6384510557211508 15.883142371130075
      vertex -5.226918101385822 0 15.845312870536237
      vertex -5.077873759066831 0 15.952590224899664
    endloop
  endfacet
  facet normal 0.6330307659255217 -0.0751454379754578 0.7704707733218853
    outer loop
      vertex -4.975997647112706 -0.7309024512772023 19.111379698977334
      vertex -4.885734570240837 -1.4504453518977318 18.96703980323181
      vertex -4.941944206867063 0 19.154687129463763
    endloop
  endfacet
  facet normal 0.6330307659255288 -0.07514543797545677 0.7704707733218796
    outer loop
      vertex -4.885734570240837 -1.4504453518977318 18.96703980323181
      vertex -4.811375408910662 0 19.047409775100334
      vertex -4.941944206867063 0 19.154687129463763
    endloop
  endfacet
  facet normal 0.5573576425602349 -0.07496220742073018 0.8268815669358635
    outer loop
      vertex -4.975997647112706 -0.7309024512772023 19.111379698977334
      vertex -4.941944206867063 0 19.154687129463763
      vertex -5.069108660584342 0 19.24040204073451
    endloop
  endfacet
  facet normal 0.7588281121804973 -0.06911967498323086 -0.6476128215954308
    outer loop
      vertex -4.93997012935545 -2.577771382249819 16.32142243263649
      vertex -4.807455114117918 0 16.20156902843319
      vertex -4.688138860659299 0 16.341375598570888
    endloop
  endfacet
  facet normal 0.8083641431051907 -0.0692632362250105 -0.5845938900206272
    outer loop
      vertex -4.858866375311104 -3.066262148997862 16.468590815386168
      vertex -4.688138860659299 0 16.341375598570888
      vertex -4.580656462133212 0 16.49
    endloop
  endfacet
  facet normal 0.7032732611392567 -0.07522560508862484 0.706928446524544
    outer loop
      vertex -4.807546174133 -2.0853279077478586 18.821696617166545
      vertex -4.691702561342336 0 18.928355697996825
      vertex -4.811375408910662 0 19.047409775100334
    endloop
  endfacet
  facet normal 0.7672194862800885 -0.07519927795532678 0.6369610101624077
    outer loop
      vertex -4.807546174133 -2.0853279077478586 18.821696617166545
      vertex -4.583836446792523 0 18.79843097156681
      vertex -4.691702561342336 0 18.928355697996825
    endloop
  endfacet
  facet normal 0.8241270651304002 -0.07506758641691957 0.5614084413233307
    outer loop
      vertex -4.740715711239846 -2.6404302160462656 18.675664246738716
      vertex -4.488597991524285 0 18.658624401429112
      vertex -4.583836446792523 0 18.79843097156681
    endloop
  endfacet
  facet normal 0.8734048842373328 -0.07483613583431373 0.48121041236008144
    outer loop
      vertex -4.684614416075382 -3.120056692008485 18.529177319195927
      vertex -4.406712017688767 0 18.51
      vertex -4.488597991524285 0 18.658624401429112
    endloop
  endfacet
  facet normal 0.953365865714596 -0.07056722109541373 -0.2934515179669888
    outer loop
      vertex -4.615030100912676 -4.074695697728335 17.053468902345095
      vertex -4.28394903026396 0 17.1492306811128
      vertex -4.579837213102428 -4.100399490054295 17.173984697919373
    endloop
  endfacet
  facet normal 0.9533658657146001 -0.07056722109541397 -0.293451517966975
    outer loop
      vertex -4.579837213102428 -4.100399490054295 17.173984697919373
      vertex -4.28394903026396 0 17.1492306811128
      vertex -4.572083188994575 -4.107235326741675 17.20081982203051
    endloop
  endfacet
  facet normal 0.9746321781463011 -0.07103904424046678 -0.2122394202668246
    outer loop
      vertex -4.572083188994575 -4.107235326741675 17.20081982203051
      vertex -4.245902522662614 0 17.32394539964973
      vertex -4.541210127793667 -4.129297542656143 17.3499775872415
    endloop
  endfacet
  facet normal 0.9891429591942922 -0.0715480073817203 -0.12836311353369442
    outer loop
      vertex -4.541210127793667 -4.129297542656143 17.3499775872415
      vertex -4.223055555555556 0 17.5
      vertex -4.522210368768446 -4.135780827827989 17.5
    endloop
  endfacet
  facet normal 0.9965013825647321 -0.0720802666721823 -0.04230165130399144
    outer loop
      vertex -4.2155820081578455 0 17.67605460035027
      vertex -4.515181538617319 -4.126661270448573 17.65003903251814
      vertex -4.522210368768446 -4.135780827827989 17.5
    endloop
  endfacet
  facet normal 0.9475505059720312 -0.07411599649619031 0.3108936437039594
    outer loop
      vertex -4.591177180423239 -3.9826815942222322 18.173428122299566
      vertex -4.567028558614277 -4.0176720195922435 18.091485665212886
      vertex -4.285383957748428 0 18.19088068951785
    endloop
  endfacet
  facet normal 0.9963269927805685 -0.07262033709242624 0.04537411263497624
    outer loop
      vertex -4.2155820081578455 0 17.67605460035027
      vertex -4.520177128795103 -4.101972522602466 17.799246281692007
      vertex -4.515181538617319 -4.126661270448573 17.65003903251814
    endloop
  endfacet
  facet normal 0.9882785006315005 -0.07315142063077053 0.1339943090181577
    outer loop
      vertex -4.526863486498501 -4.086201480880863 17.85717156023134
      vertex -4.520177128795103 -4.101972522602466 17.799246281692007
      vertex -4.223538758677831 0 17.8507693188872
    endloop
  endfacet
  facet normal 0.9882785006314985 -0.07315142063077039 0.13399430901817205
    outer loop
      vertex -4.537449583374566 -4.0652114703614926 17.94670865419208
      vertex -4.526863486498501 -4.086201480880863 17.85717156023134
      vertex -4.223538758677831 0 17.8507693188872
    endloop
  endfacet
  facet normal 0.9720802206577364 -0.07365589907217922 0.22278880837662254
    outer loop
      vertex -4.567028558614277 -4.0176720195922435 18.091485665212886
      vertex -4.537449583374566 -4.0652114703614926 17.94670865419208
      vertex -4.246865251439638 0 18.022814471107093
    endloop
  endfacet
  facet normal 0.9475505059720266 -0.07411599649619001 0.3108936437039733
    outer loop
      vertex -4.6025070797414305 -3.867292297854587 18.235468131503524
      vertex -4.591177180423239 -3.9826815942222322 18.173428122299566
      vertex -4.285383957748428 0 18.19088068951785
    endloop
  endfacet
  facet normal 0.9257389493655626 -0.07014455512274348 -0.3716007790817675
    outer loop
      vertex -4.669723905684926 -4.030253457402888 16.908825592727258
      vertex -4.404368965387613 0 16.80911931048215
      vertex -4.336905521463637 0 16.977185528892907
    endloop
  endfacet
  facet normal 0.9533658657145988 -0.0705672210954142 -0.2934515179669792
    outer loop
      vertex -4.615030100912676 -4.074695697728335 17.053468902345095
      vertex -4.336905521463637 0 16.977185528892907
      vertex -4.28394903026396 0 17.1492306811128
    endloop
  endfacet
  facet normal 0.9746321781463003 -0.07103904424046663 -0.21223942026682838
    outer loop
      vertex -4.572083188994575 -4.107235326741675 17.20081982203051
      vertex -4.28394903026396 0 17.1492306811128
      vertex -4.245902522662614 0 17.32394539964973
    endloop
  endfacet
  facet normal 0.989142959194293 -0.07154800738172055 -0.12836311353368904
    outer loop
      vertex -4.541210127793667 -4.129297542656143 17.3499775872415
      vertex -4.245902522662614 0 17.32394539964973
      vertex -4.223055555555556 0 17.5
    endloop
  endfacet
  facet normal 0.9882785006314995 -0.07315142063077065 0.13399430901816398
    outer loop
      vertex -4.537449583374566 -4.0652114703614926 17.94670865419208
      vertex -4.223538758677831 0 17.8507693188872
      vertex -4.246865251439638 0 18.022814471107093
    endloop
  endfacet
  facet normal 0.9720802206577348 -0.073655899072179 0.2227888083766296
    outer loop
      vertex -4.567028558614277 -4.0176720195922435 18.091485665212886
      vertex -4.246865251439638 0 18.022814471107093
      vertex -4.285383957748428 0 18.19088068951785
    endloop
  endfacet
  facet normal 0.9146297490363743 -0.07451459224262608 0.3973663268579435
    outer loop
      vertex -4.638698729836651 -3.5279471381660175 18.38240591183633
      vertex -4.33880172699096 0 18.353688888716214
      vertex -4.406712017688767 0 18.51
    endloop
  endfacet
  facet normal 0.9475505059720316 -0.0741159964961906 0.3108936437039578
    outer loop
      vertex -4.6025070797414305 -3.867292297854587 18.235468131503524
      vertex -4.285383957748428 0 18.19088068951785
      vertex -4.33880172699096 0 18.353688888716214
    endloop
  endfacet
  facet normal 0.9965013825647319 -0.0720802666721821 -0.04230165130399557
    outer loop
      vertex -4.2155820081578455 0 17.67605460035027
      vertex -4.522210368768446 -4.135780827827989 17.5
      vertex -4.223055555555556 0 17.5
    endloop
  endfacet
  facet normal 0.9963269927805685 -0.07262033709242627 0.04537411263497572
    outer loop
      vertex -4.520177128795103 -4.101972522602466 17.799246281692007
      vertex -4.2155820081578455 0 17.67605460035027
      vertex -4.223538758677831 0 17.8507693188872
    endloop
  endfacet
endsolid OpenSCAD_Model
