solid OpenSCAD_Model
  facet normal 0 0 -1
    outer loop
      vertex -10.005262292921543 -8.82084834575653 0
      vertex -6.008553482592106 -6.351387180387974 0
      vertex -9.92513868957758 -9.014283828437328 0
    endloop
  endfacet
  facet normal 0 0 -1
    outer loop
      vertex -10.005262292921543 -8.82084834575653 0
      vertex -10.068221986293793 -8.621165707707405 0
      vertex -6.008553482592106 -6.351387180387974 0
    endloop
  endfacet
  facet normal 0 0 -1
    outer loop
      vertex -9.828460969030857 -9.200000002980232 0
      vertex -9.92513868957758 -9.014283828437328 0
      vertex -6.008553482592106 -6.351387180387974 0
    endloop
  endfacet
  facet normal 0 0 -1
    outer loop
      vertex -9.828460969030857 -9.200000002980232 0
      vertex -6.008553482592106 -6.351387180387974 0
      vertex -9.715964905917645 -9.376583449542522 0
    endloop
  endfacet
  facet normal 0 0 -1
    outer loop
      vertex -9.715964905917645 -9.376583449542522 0
      vertex -6.008553482592106 -6.351387180387974 0
      vertex -9.588506661355495 -9.542690262198448 0
    endloop
  endfacet
  facet normal 0 0 -1
    outer loop
      vertex -10.113538607954979 -8.416755624115467 0
      vertex -10.14086727797985 -8.209173783659935 0
      vertex -6.008553482592106 -6.351387180387974 0
    endloop
  endfacet
  facet normal 0 0 -1
    outer loop
      vertex -10.14086727797985 -8.209173783659935 0
      vertex -10.149999998509884 -8 0
      vertex -6.008553482592106 -6.351387180387974 0
    endloop
  endfacet
  facet normal 0 0 -1
    outer loop
      vertex -10.068221986293793 -8.621165707707405 0
      vertex -10.113538607954979 -8.416755624115467 0
      vertex -6.008553482592106 -6.351387180387974 0
    endloop
  endfacet
  facet normal 0 0 -1
    outer loop
      vertex -10.149999998509884 -8 0
      vertex -10.14086727797985 -7.790826216340065 0
      vertex -6.008553482592106 -6.351387180387974 0
    endloop
  endfacet
  facet normal 0 0 -1
    outer loop
      vertex -10.14086727797985 -7.790826216340065 0
      vertex -10.113538607954979 -7.583244375884533 0
      vertex -6.008553482592106 -6.351387180387974 0
    endloop
  endfacet
  facet normal 0 0 -1
    outer loop
      vertex -10.113538607954979 -7.583244375884533 0
      vertex -10.068221986293793 -7.378834292292595 0
      vertex -6.008553482592106 -6.351387180387974 0
    endloop
  endfacet
  facet normal 0 0 -1
    outer loop
      vertex -10.068221986293793 -7.378834292292595 0
      vertex -10.005262292921543 -7.179151654243469 0
      vertex -6.008553482592106 -6.351387180387974 0
    endloop
  endfacet
  facet normal 0 0 -1
    outer loop
      vertex -10.005262292921543 -7.179151654243469 0
      vertex -9.92513868957758 -6.985716171562672 0
      vertex -6.008553482592106 -6.351387180387974 0
    endloop
  endfacet
  facet normal 0 0 -1
    outer loop
      vertex -9.92513868957758 -6.985716171562672 0
      vertex -9.828460969030857 -6.799999997019768 0
      vertex -6.008553482592106 -6.351387180387974 0
    endloop
  endfacet
  facet normal 0 0 -1
    outer loop
      vertex -9.828460969030857 -6.799999997019768 0
      vertex -9.715964905917645 -6.623416550457478 0
      vertex -6.008553482592106 -6.351387180387974 0
    endloop
  endfacet
  facet normal 0 0 -1
    outer loop
      vertex -9.715964905917645 -6.623416550457478 0
      vertex -9.588506661355495 -6.457309737801552 0
      vertex -6.008553482592106 -6.351387180387974 0
    endloop
  endfacet
  facet normal -0.7918100206925559 0.6075772188419736 0.062344320311529706
    outer loop
      vertex -9.715964905917645 -6.623416550457478 0
      vertex -7.9707381766258525 -6.129297542656143 17.3499775872415
      vertex -9.588506661355495 -6.457309737801552 0
    endloop
  endfacet
  facet normal -0.7361335217482465 0.6745421119938005 0.055681031828324845
    outer loop
      vertex -9.588506661355495 -6.457309737801552 0
      vertex -7.918200575567602 -6.030253457402889 16.908825592727258
      vertex -9.491446517407894 -6.351387180387974 0
    endloop
  endfacet
  facet normal -0.9860880765301194 0.13969581088397665 0.09008543581843631
    outer loop
      vertex -9.491446517407894 -6.351387180387974 0
      vertex -7.902963703901502 -6.0093811857280635 16.85741034190217
      vertex -7.886144839228557 -5.830030837059528 16.763392808458917
    endloop
  endfacet
  facet normal -0.7918100206925843 0.6075772188419364 0.062344320311533835
    outer loop
      vertex -9.715964905917645 -6.623416550457478 0
      vertex -7.963900742342664 -6.13578082782799 17.5
      vertex -7.9707381766258525 -6.129297542656143 17.3499775872415
    endloop
  endfacet
  facet normal -0.7918100206925025 0.607577218842044 0.06234432031152283
    outer loop
      vertex -9.588506661355495 -6.457309737801552 0
      vertex -7.965553397211282 -6.107235326741675 17.20081982203051
      vertex -7.962420977811458 -6.100399490054295 17.173984697919373
    endloop
  endfacet
  facet normal -0.7918100206925734 0.6075772188419506 0.062344320311531705
    outer loop
      vertex -9.588506661355495 -6.457309737801552 0
      vertex -7.9707381766258525 -6.129297542656143 17.3499775872415
      vertex -7.965553397211282 -6.107235326741675 17.20081982203051
    endloop
  endfacet
  facet normal -0.7361335217482567 0.6745421119937894 0.05568103182832597
    outer loop
      vertex -9.588506661355495 -6.457309737801552 0
      vertex -7.962420977811458 -6.100399490054295 17.173984697919373
      vertex -7.947983588127891 -6.074695697728334 17.053468902345095
    endloop
  endfacet
  facet normal -0.7361335217482345 0.6745421119938136 0.055681031828323374
    outer loop
      vertex -9.588506661355495 -6.457309737801552 0
      vertex -7.947983588127891 -6.074695697728334 17.053468902345095
      vertex -7.918200575567602 -6.030253457402889 16.908825592727258
    endloop
  endfacet
  facet normal -0.7361335217482425 0.674542111993805 0.05568103182832451
    outer loop
      vertex -9.491446517407894 -6.351387180387974 0
      vertex -7.918200575567602 -6.030253457402889 16.908825592727258
      vertex -7.902963703901502 -6.0093811857280635 16.85741034190217
    endloop
  endfacet
  facet normal -0.9860880765301194 0.1396958108839772 0.09008543581843632
    outer loop
      vertex -9.491446517407894 -6.351387180387974 0
      vertex -7.514420862432619 -2.638451055721151 15.883142371130075
      vertex -8.875 -2 0
    endloop
  endfacet
  facet normal 0 0 -1
    outer loop
      vertex -9.447056271135807 -9.697056271135807 0
      vertex -5.386461392045021 -8.416755624115467 0
      vertex -9.292690262198448 -9.838506661355495 0
    endloop
  endfacet
  facet normal 0 0 -1
    outer loop
      vertex -8.764283828437328 -10.17513868957758 0
      vertex -6.052943728864193 -9.697056271135807 0
      vertex -8.57084834575653 -10.255262292921543 0
    endloop
  endfacet
  facet normal 0 0 -1
    outer loop
      vertex -8.950000002980232 -10.078460969030857 0
      vertex -5.5748613104224205 -9.014283828437328 0
      vertex -8.764283828437328 -10.17513868957758 0
    endloop
  endfacet
  facet normal 0 0 -1
    outer loop
      vertex -8.57084834575653 -10.255262292921543 0
      vertex -6.052943728864193 -9.697056271135807 0
      vertex -8.371165707707405 -10.318221986293793 0
    endloop
  endfacet
  facet normal 0 0 -1
    outer loop
      vertex -8.371165707707405 -10.318221986293793 0
      vertex -6.052943728864193 -9.697056271135807 0
      vertex -8.166755624115467 -10.363538607954979 0
    endloop
  endfacet
  facet normal 0 0 -1
    outer loop
      vertex -9.126583449542522 -9.965964905917645 0
      vertex -5.5748613104224205 -9.014283828437328 0
      vertex -8.950000002980232 -10.078460969030857 0
    endloop
  endfacet
  facet normal 0 0 -1
    outer loop
      vertex -9.292690262198448 -9.838506661355495 0
      vertex -5.431778013706207 -8.621165707707405 0
      vertex -9.126583449542522 -9.965964905917645 0
    endloop
  endfacet
  facet normal 0 0 -1
    outer loop
      vertex -9.588506661355495 -9.542690262198448 0
      vertex -5.5748613104224205 -6.985716171562672 0
      vertex -9.447056271135807 -9.697056271135807 0
    endloop
  endfacet
  facet normal 0 0 -1
    outer loop
      vertex -7.75 -10.399999998509884 0
      vertex -6.735716171562672 -10.17513868957758 0
      vertex -7.540826216340065 -10.39086727797985 0
    endloop
  endfacet
  facet normal 0 0 -1
    outer loop
      vertex -8.166755624115467 -10.363538607954979 0
      vertex -6.052943728864193 -9.697056271135807 0
      vertex -7.959173783659935 -10.39086727797985 0
    endloop
  endfacet
  facet normal 0 0 -1
    outer loop
      vertex -7.540826216340065 -10.39086727797985 0
      vertex -6.735716171562672 -10.17513868957758 0
      vertex -7.333244375884533 -10.363538607954979 0
    endloop
  endfacet
  facet normal 0 0 -1
    outer loop
      vertex -7.959173783659935 -10.39086727797985 0
      vertex -6.052943728864193 -9.697056271135807 0
      vertex -7.75 -10.399999998509884 0
    endloop
  endfacet
  facet normal 0 0 -1
    outer loop
      vertex -7.333244375884533 -10.363538607954979 0
      vertex -6.735716171562672 -10.17513868957758 0
      vertex -7.128834292292595 -10.318221986293793 0
    endloop
  endfacet
  facet normal 0 0 -1
    outer loop
      vertex -7.75 -10.399999998509884 0
      vertex -6.549999997019768 -10.078460969030857 0
      vertex -6.735716171562672 -10.17513868957758 0
    endloop
  endfacet
  facet normal 0 0 -1
    outer loop
      vertex -7.128834292292595 -10.318221986293793 0
      vertex -6.735716171562672 -10.17513868957758 0
      vertex -6.929151654243469 -10.255262292921543 0
    endloop
  endfacet
  facet normal 0 0 -1
    outer loop
      vertex -7.75 -10.399999998509884 0
      vertex -6.373416550457478 -9.965964905917645 0
      vertex -6.549999997019768 -10.078460969030857 0
    endloop
  endfacet
  facet normal 0 0 -1
    outer loop
      vertex -8.764283828437328 -10.17513868957758 0
      vertex -5.9114933386445045 -9.542690262198448 0
      vertex -6.052943728864193 -9.697056271135807 0
    endloop
  endfacet
  facet normal 0 0 -1
    outer loop
      vertex -7.75 -10.399999998509884 0
      vertex -6.207309737801552 -9.838506661355495 0
      vertex -6.373416550457478 -9.965964905917645 0
    endloop
  endfacet
  facet normal 0 0 -1
    outer loop
      vertex -7.75 -10.399999998509884 0
      vertex -6.052943728864193 -9.697056271135807 0
      vertex -6.207309737801552 -9.838506661355495 0
    endloop
  endfacet
  facet normal 0 0 -1
    outer loop
      vertex -8.764283828437328 -10.17513868957758 0
      vertex -5.7840350940823555 -9.376583449542522 0
      vertex -5.9114933386445045 -9.542690262198448 0
    endloop
  endfacet
  facet normal 0 0 -1
    outer loop
      vertex -8.764283828437328 -10.17513868957758 0
      vertex -5.671539030969143 -9.200000002980232 0
      vertex -5.7840350940823555 -9.376583449542522 0
    endloop
  endfacet
  facet normal 0 0 -1
    outer loop
      vertex -8.764283828437328 -10.17513868957758 0
      vertex -5.5748613104224205 -9.014283828437328 0
      vertex -5.671539030969143 -9.200000002980232 0
    endloop
  endfacet
  facet normal 0 0 -1
    outer loop
      vertex -9.126583449542522 -9.965964905917645 0
      vertex -5.494737707078457 -8.82084834575653 0
      vertex -5.5748613104224205 -9.014283828437328 0
    endloop
  endfacet
  facet normal 0 0 -1
    outer loop
      vertex -9.126583449542522 -9.965964905917645 0
      vertex -5.431778013706207 -8.621165707707405 0
      vertex -5.494737707078457 -8.82084834575653 0
    endloop
  endfacet
  facet normal 0 0 -1
    outer loop
      vertex -9.292690262198448 -9.838506661355495 0
      vertex -5.386461392045021 -8.416755624115467 0
      vertex -5.431778013706207 -8.621165707707405 0
    endloop
  endfacet
  facet normal 0 0 -1
    outer loop
      vertex -9.447056271135807 -9.697056271135807 0
      vertex -5.359132722020149 -8.209173783659935 0
      vertex -5.386461392045021 -8.416755624115467 0
    endloop
  endfacet
  facet normal 0 0 -1
    outer loop
      vertex -9.447056271135807 -9.697056271135807 0
      vertex -5.350000001490116 -8 0
      vertex -5.359132722020149 -8.209173783659935 0
    endloop
  endfacet
  facet normal 0 0 -1
    outer loop
      vertex -9.447056271135807 -9.697056271135807 0
      vertex -5.359132722020149 -7.790826216340065 0
      vertex -5.350000001490116 -8 0
    endloop
  endfacet
  facet normal 0 0 -1
    outer loop
      vertex -9.447056271135807 -9.697056271135807 0
      vertex -5.431778013706207 -7.378834292292595 0
      vertex -5.386461392045021 -7.583244375884533 0
    endloop
  endfacet
  facet normal 0 0 -1
    outer loop
      vertex -9.447056271135807 -9.697056271135807 0
      vertex -5.386461392045021 -7.583244375884533 0
      vertex -5.359132722020149 -7.790826216340065 0
    endloop
  endfacet
  facet normal 0 0 -1
    outer loop
      vertex -9.447056271135807 -9.697056271135807 0
      vertex -5.494737707078457 -7.179151654243469 0
      vertex -5.431778013706207 -7.378834292292595 0
    endloop
  endfacet
  facet normal 0 0 -1
    outer loop
      vertex -9.447056271135807 -9.697056271135807 0
      vertex -5.5748613104224205 -6.985716171562672 0
      vertex -5.494737707078457 -7.179151654243469 0
    endloop
  endfacet
  facet normal 0 0 -1
    outer loop
      vertex -9.588506661355495 -6.457309737801552 0
      vertex -9.491446517407894 -6.351387180387974 0
      vertex -6.008553482592106 -6.351387180387974 0
    endloop
  endfacet
  facet normal -0.9860880765301194 0.13969581088397617 0.0900854358184364
    outer loop
      vertex -9.491446517407894 -6.351387180387974 0
      vertex -7.886144839228557 -5.830030837059528 16.763392808458917
      vertex -7.8503944845110345 -5.482596684763839 16.615953913432293
    endloop
  endfacet
  facet normal -0.9860880765301192 0.13969581088397806 0.0900854358184363
    outer loop
      vertex -9.491446517407894 -6.351387180387974 0
      vertex -7.8503944845110345 -5.482596684763839 16.615953913432293
      vertex -7.804876317594611 -5.066262148997862 16.468590815386168
    endloop
  endfacet
  facet normal -0.9860880765301195 0.1396958108839766 0.09008543581843645
    outer loop
      vertex -9.491446517407894 -6.351387180387974 0
      vertex -7.804876317594611 -5.066262148997862 16.468590815386168
      vertex -7.749118229468267 -4.57777138224982 16.32142243263649
    endloop
  endfacet
  facet normal 0 0 -1
    outer loop
      vertex -9.588506661355495 -9.542690262198448 0
      vertex -5.9114933386445045 -6.457309737801552 0
      vertex -5.7840350940823555 -6.623416550457478 0
    endloop
  endfacet
  facet normal 0 0 -1
    outer loop
      vertex -9.588506661355495 -9.542690262198448 0
      vertex -6.008553482592106 -6.351387180387974 0
      vertex -5.9114933386445045 -6.457309737801552 0
    endloop
  endfacet
  facet normal 0 0 -1
    outer loop
      vertex -9.588506661355495 -9.542690262198448 0
      vertex -5.7840350940823555 -6.623416550457478 0
      vertex -5.671539030969143 -6.799999997019768 0
    endloop
  endfacet
  facet normal 0 0 -1
    outer loop
      vertex -9.588506661355495 -9.542690262198448 0
      vertex -5.671539030969143 -6.799999997019768 0
      vertex -5.5748613104224205 -6.985716171562672 0
    endloop
  endfacet
  facet normal 0.7354151954484621 0.6738838871948448 -0.07102814148396483
    outer loop
      vertex -6.008553482592106 -6.351387180387974 0
      vertex -4.693815626104235 -6.0093811857280635 16.85741034190217
      vertex -5.9114933386445045 -6.457309737801552 0
    endloop
  endfacet
  facet normal 0.7911802606255613 0.6070939869302232 -0.07396408743190702
    outer loop
      vertex -5.7840350940823555 -6.623416550457478 0
      vertex -5.9114933386445045 -6.457309737801552 0
      vertex -4.572083188994575 -6.107235326741675 17.20081982203051
    endloop
  endfacet
  facet normal 0.9869553911115849 0.13981868044972387 -0.07981098015358769
    outer loop
      vertex -6.008553482592106 -6.351387180387974 0
      vertex -4.787969008175627 -5.482596684763839 16.615953913432293
      vertex -4.726826399314629 -5.830030837059528 16.763392808458917
    endloop
  endfacet
  facet normal 0.9869553911115855 0.13981868044972032 -0.07981098015358762
    outer loop
      vertex -6.008553482592106 -6.351387180387974 0
      vertex -4.726826399314629 -5.830030837059528 16.763392808458917
      vertex -4.693815626104235 -6.0093811857280635 16.85741034190217
    endloop
  endfacet
  facet normal 0.9869553911115854 0.1398186804497209 -0.07981098015358756
    outer loop
      vertex -6.008553482592106 -6.351387180387974 0
      vertex -4.858866375311104 -5.066262148997862 16.468590815386168
      vertex -4.787969008175627 -5.482596684763839 16.615953913432293
    endloop
  endfacet
  facet normal 0.9869553911115851 0.13981868044972345 -0.07981098015358774
    outer loop
      vertex -6.008553482592106 -6.351387180387974 0
      vertex -4.93997012935545 -4.57777138224982 16.32142243263649
      vertex -4.858866375311104 -5.066262148997862 16.468590815386168
    endloop
  endfacet
  facet normal 0.7354151954484548 0.6738838871948527 -0.07102814148396439
    outer loop
      vertex -5.9114933386445045 -6.457309737801552 0
      vertex -4.669723905684926 -6.030253457402889 16.908825592727258
      vertex -4.615030100912676 -6.074695697728334 17.053468902345095
    endloop
  endfacet
  facet normal 0.735415195448463 0.6738838871948436 -0.07102814148396482
    outer loop
      vertex -5.9114933386445045 -6.457309737801552 0
      vertex -4.693815626104235 -6.0093811857280635 16.85741034190217
      vertex -4.669723905684926 -6.030253457402889 16.908825592727258
    endloop
  endfacet
  facet normal 0.7354151954484668 0.6738838871948395 -0.07102814148396505
    outer loop
      vertex -5.9114933386445045 -6.457309737801552 0
      vertex -4.615030100912676 -6.074695697728334 17.053468902345095
      vertex -4.579837213102428 -6.100399490054295 17.173984697919373
    endloop
  endfacet
  facet normal 0.7911802606255292 0.6070939869302655 -0.0739640874319054
    outer loop
      vertex -5.9114933386445045 -6.457309737801552 0
      vertex -4.579837213102428 -6.100399490054295 17.173984697919373
      vertex -4.572083188994575 -6.107235326741675 17.20081982203051
    endloop
  endfacet
  facet normal 0.7911802606255689 0.6070939869302132 -0.07396408743190741
    outer loop
      vertex -5.7840350940823555 -6.623416550457478 0
      vertex -4.572083188994575 -6.107235326741675 17.20081982203051
      vertex -4.541210127793667 -6.129297542656143 17.3499775872415
    endloop
  endfacet
  facet normal 0.7911802606255752 0.6070939869302051 -0.07396408743190748
    outer loop
      vertex -5.7840350940823555 -6.623416550457478 0
      vertex -4.541210127793667 -6.129297542656143 17.3499775872415
      vertex -4.522210368768446 -6.13578082782799 17.5
    endloop
  endfacet
  facet normal -0.8825668962559137 -0.4594352428915975 0.09997465289933352
    outer loop
      vertex -9.828460969030857 -9.200000002980232 0
      vertex -1.5224403545692855 -6.2895058841284595 86.7
      vertex -9.92513868957758 -9.014283828437328 0
    endloop
  endfacet
  facet normal -0.9488211602076666 -0.299162159992499 0.10119490091304023
    outer loop
      vertex -10.005262292921543 -8.82084834575653 0
      vertex -1.6277723432966305 -6.063620708577773 86.7
      vertex -10.068221986293793 -8.621165707707405 0
    endloop
  endfacet
  facet normal -0.9191624115849977 -0.38072955103096146 0.10092309002906046
    outer loop
      vertex -10.005262292921543 -8.82084834575653 0
      vertex -9.92513868957758 -9.014283828437328 0
      vertex -1.58003752831618 -6.178862742024311 86.7
    endloop
  endfacet
  facet normal -0.7896830345517204 -0.6059451249176835 0.09607918884794595
    outer loop
      vertex -9.715964905917645 -9.376583449542522 0
      vertex -9.588506661355495 -9.542690262198448 0
      vertex -1.3794840470318697 -6.493668645620346 86.7
    endloop
  endfacet
  facet normal -0.7340710473406432 -0.6726522037467786 0.09315959559172311
    outer loop
      vertex -9.588506661355495 -9.542690262198448 0
      vertex -9.447056271135807 -9.697056271135807 0
      vertex -1.295212896905694 -6.585634465533143 86.7
    endloop
  endfacet
  facet normal -0.672871775494022 -0.7343106678481917 0.08961817241980292
    outer loop
      vertex -9.447056271135807 -9.697056271135807 0
      vertex -9.292690262198448 -9.838506661355495 0
      vertex -1.203247076992895 -6.669905615659321 86.7
    endloop
  endfacet
  facet normal -0.8393020675423171 -0.5346943906657984 0.09835623015204778
    outer loop
      vertex -9.828460969030857 -9.200000002980232 0
      vertex -9.715964905917645 -9.376583449542522 0
      vertex -1.4554191706157198 -6.394708069233333 86.7
    endloop
  endfacet
  facet normal -0.9865044533340603 -0.12987578597468122 0.09970578603835217
    outer loop
      vertex -10.113538607954979 -8.416755624115467 0
      vertex -1.6922795502765506 -5.822876527120085 86.7
      vertex -10.14086727797985 -8.209173783659935 0
    endloop
  endfacet
  facet normal -0.9942436165090013 -0.043409594307039015 0.09795528649950588
    outer loop
      vertex -10.14086727797985 -8.209173783659935 0
      vertex -1.7085610073360744 -5.699206592994578 86.7
      vertex -10.149999998509884 -8 0
    endloop
  endfacet
  facet normal -0.9713246191555278 -0.21533747016286087 0.10078818465588062
    outer loop
      vertex -10.068221986293793 -8.621165707707405 0
      vertex -1.6652815065009925 -5.944656840450623 86.7
      vertex -10.113538607954979 -8.416755624115467 0
    endloop
  endfacet
  facet normal -0.9944773054688064 0.04341979738279503 0.09554899320630846
    outer loop
      vertex -10.149999998509884 -8 0
      vertex -1.7140019598965548 -5.574588235294118 86.7
      vertex -10.14086727797985 -7.790826216340065 0
    endloop
  endfacet
  facet normal -0.9871938639522585 0.12996654861198625 0.0925038983875701
    outer loop
      vertex -10.14086727797985 -7.790826216340065 0
      vertex -1.7085610073360744 -5.449969877593658 86.7
      vertex -10.113538607954979 -7.583244375884533 0
    endloop
  endfacet
  facet normal -0.972435504124937 0.2155837474158378 0.08884164658212894
    outer loop
      vertex -10.113538607954979 -7.583244375884533 0
      vertex -1.6922795502765506 -5.32629994346815 86.7
      vertex -10.068221986293793 -7.378834292292595 0
    endloop
  endfacet
  facet normal -0.9502988055915071 0.29962805978823703 0.08458845003244533
    outer loop
      vertex -10.068221986293793 -7.378834292292595 0
      vertex -1.6652815065009925 -5.204519630137613 86.7
      vertex -10.005262292921543 -7.179151654243469 0
    endloop
  endfacet
  facet normal -0.9209350268897507 0.381463792358308 0.07977500465178151
    outer loop
      vertex -10.005262292921543 -7.179151654243469 0
      vertex -1.6277723432966305 -5.085555762010462 86.7
      vertex -9.92513868957758 -6.985716171562672 0
    endloop
  endfacet
  facet normal -0.8845500590356212 0.4604676120833877 0.07443635726109972
    outer loop
      vertex -9.92513868957758 -6.985716171562672 0
      vertex -1.58003752831618 -4.9703137285639265 86.7
      vertex -9.828460969030857 -6.799999997019768 0
    endloop
  endfacet
  facet normal -0.8414039403850622 0.5360334313549265 0.0686117305885371
    outer loop
      vertex -9.828460969030857 -6.799999997019768 0
      vertex -1.5224403545692855 -4.859670586459777 86.7
      vertex -9.715964905917645 -6.623416550457478 0
    endloop
  endfacet
  facet normal -0.38174989029694456 -0.921625728387742 0.06980714886051978
    outer loop
      vertex -8.764283828437328 -10.17513868957758 0
      vertex -8.57084834575653 -10.255262292921543 0
      vertex -0.7731991399503224 -6.918193911924082 86.7
    endloop
  endfacet
  facet normal -0.30009654550402215 -0.9517846524660019 0.06362419906548532
    outer loop
      vertex -8.57084834575653 -10.255262292921543 0
      vertex -8.371165707707405 -10.318221986293793 0
      vertex -0.6542352718231728 -6.955703075128444 86.7
    endloop
  endfacet
  facet normal -0.6065332941005183 -0.7904495515283094 0.0854802295052409
    outer loop
      vertex -9.292690262198448 -9.838506661355495 0
      vertex -9.126583449542522 -9.965964905917645 0
      vertex -1.1042865006058822 -6.745840739243171 86.7
    endloop
  endfacet
  facet normal -0.5355438844820342 -0.8406355057245342 0.0807755799059987
    outer loop
      vertex -9.126583449542522 -9.965964905917645 0
      vertex -8.950000002980232 -10.078460969030857 0
      vertex -0.9990843155010074 -6.812861923196737 86.7
    endloop
  endfacet
  facet normal -0.46042934519373446 -0.8844765490240294 0.07553841612724542
    outer loop
      vertex -8.950000002980232 -10.078460969030857 0
      vertex -8.764283828437328 -10.17513868957758 0
      vertex -0.8884411733968589 -6.87045909694363 86.7
    endloop
  endfacet
  facet normal -0.2160872667152187 -0.9747067330538303 0.05703575810905888
    outer loop
      vertex -8.371165707707405 -10.318221986293793 0
      vertex -8.166755624115467 -10.363538607954979 0
      vertex -0.5324549584926341 -6.982701118904002 86.7
    endloop
  endfacet
  facet normal -0.13036234471675912 -0.990200233592607 0.05009148104313988
    outer loop
      vertex -8.166755624115467 -10.363538607954979 0
      vertex -7.959173783659935 -10.39086727797985 0
      vertex -0.40878502436712694 -6.998982575963526 86.7
    endloop
  endfacet
  facet normal -0.04357931517909903 -0.9981308653148867 0.04284412438451937
    outer loop
      vertex -7.959173783659935 -10.39086727797985 0
      vertex -7.75 -10.399999998509884 0
      vertex -0.2841666666666667 -7.004423528524006 86.7
    endloop
  endfacet
  facet normal 0.04359210672623337 -0.9984238400428613 0.03534917064423929
    outer loop
      vertex -7.75 -10.399999998509884 0
      vertex -7.540826216340065 -10.39086727797985 0
      vertex -0.2841666666666667 -7.004423528524006 86.7
    endloop
  endfacet
  facet normal 0.13047624647018782 -0.9910654032326344 0.02766433845922664
    outer loop
      vertex -7.540826216340065 -10.39086727797985 0
      vertex -7.333244375884533 -10.363538607954979 0
      vertex -0.15954830896620642 -6.998982575963526 86.7
    endloop
  endfacet
  facet normal 0.21639695938810383 -0.9761036665151452 0.01984913558000581
    outer loop
      vertex -7.333244375884533 -10.363538607954979 0
      vertex -7.128834292292595 -10.318221986293793 0
      vertex -0.03587837484069922 -6.982701118904002 86.7
    endloop
  endfacet
  facet normal -0.7918100206925534 0.607577218841977 0.06234432031152931
    outer loop
      vertex -9.715964905917645 -6.623416550457478 0
      vertex -1.4554191706157198 -4.754468401354902 86.7
      vertex -7.963900742342664 -6.13578082782799 17.5
    endloop
  endfacet
  facet normal -0.7918100206926304 0.6075772188418755 0.06234432031153866
    outer loop
      vertex -7.963900742342664 -6.13578082782799 17.5
      vertex -1.4554191706157198 -4.754468401354902 86.7
      vertex -7.945089516893446 -6.126661270448572 17.65003903251814
    endloop
  endfacet
  facet normal -0.7918100206925601 0.6075772188419681 0.062344320311530206
    outer loop
      vertex -7.945089516893446 -6.126661270448572 17.65003903251814
      vertex -1.4554191706157198 -4.754468401354902 86.7
      vertex -7.914397122691274 -6.101972522602466 17.799246281692007
    endloop
  endfacet
  facet normal -0.7918100206925482 0.6075772188419837 0.06234432031152878
    outer loop
      vertex -7.914397122691274 -6.101972522602466 17.799246281692007
      vertex -1.4554191706157198 -4.754468401354902 86.7
      vertex -7.897734744794991 -6.086201480880863 17.85717156023134
    endloop
  endfacet
  facet normal -0.7361335217482333 0.6745421119938151 0.05568103182832324
    outer loop
      vertex -7.897734744794991 -6.086201480880863 17.85717156023134
      vertex -1.3794840470318697 -4.65550782496789 86.7
      vertex -7.8717283706256875 -6.065211470361493 17.94670865419208
    endloop
  endfacet
  facet normal -0.7361335217482574 0.6745421119937887 0.05568103182832606
    outer loop
      vertex -7.8717283706256875 -6.065211470361493 17.94670865419208
      vertex -1.3794840470318697 -4.65550782496789 86.7
      vertex -7.817215576821281 -6.0176720195922435 18.091485665212886
    endloop
  endfacet
  facet normal -0.7361335217482451 0.6745421119938022 0.055681031828324644
    outer loop
      vertex -7.817215576821281 -6.0176720195922435 18.091485665212886
      vertex -1.3794840470318697 -4.65550782496789 86.7
      vertex -7.778954642958503 -5.982681594222232 18.173428122299566
    endloop
  endfacet
  facet normal -0.9860880765301192 0.13969581088397837 0.09008543581843631
    outer loop
      vertex -7.778954642958503 -5.982681594222232 18.173428122299566
      vertex -1.3216590389200285 -4.592402903704082 86.7
      vertex -7.756940075388519 -5.867292297854587 18.235468131503524
    endloop
  endfacet
  facet normal -0.9860880765301195 0.1396958108839757 0.09008543581843637
    outer loop
      vertex -7.756940075388519 -5.867292297854587 18.235468131503524
      vertex -1.3216590389200285 -4.592402903704082 86.7
      vertex -7.695442474235982 -5.5279471381660175 18.38240591183633
    endloop
  endfacet
  facet normal -0.9860880765301192 0.139695810883978 0.0900854358184362
    outer loop
      vertex -9.491446517407894 -6.351387180387974 0
      vertex -7.749118229468267 -4.57777138224982 16.32142243263649
      vertex -7.682565242594984 -4.013317472805178 16.174620236996947
    endloop
  endfacet
  facet normal -0.9860880765301194 0.13969581088397584 0.0900854358184365
    outer loop
      vertex -9.491446517407894 -6.351387180387974 0
      vertex -7.682565242594984 -4.013317472805178 16.174620236996947
      vertex -7.604576189213184 -3.368527262591564 16.02842107054434
    endloop
  endfacet
  facet normal -0.9860880765301192 0.13969581088397767 0.09008543581843621
    outer loop
      vertex -9.491446517407894 -6.351387180387974 0
      vertex -7.604576189213184 -3.368527262591564 16.02842107054434
      vertex -7.514420862432619 -2.638451055721151 15.883142371130075
    endloop
  endfacet
  facet normal 0 0 -1
    outer loop
      vertex -9.491446517407894 -6.351387180387974 0
      vertex -8.875 -2 0
      vertex -6.625 -2 0
    endloop
  endfacet
  facet normal 0 0 -1
    outer loop
      vertex -9.491446517407894 -6.351387180387974 0
      vertex -6.625 -2 0
      vertex -6.008553482592106 -6.351387180387974 0
    endloop
  endfacet
  facet normal -0.9860880765301193 0.13969581088397762 0.09008543581843634
    outer loop
      vertex -8.875 -2 0
      vertex -7.514420862432619 -2.638451055721151 15.883142371130075
      vertex -7.434201129704609 -2 15.77119068991159
    endloop
  endfacet
  facet normal 0.9869553911115851 0.13981868044972195 -0.07981098015358763
    outer loop
      vertex -6.008553482592106 -6.351387180387974 0
      vertex -6.625 -2 0
      vertex -5.349649362588395 -2 15.77119068991159
    endloop
  endfacet
  facet normal 0.9869553911115853 0.13981868044972207 -0.07981098015358759
    outer loop
      vertex -6.008553482592106 -6.351387180387974 0
      vertex -5.031805716588875 -4.013317472805178 16.174620236996947
      vertex -4.93997012935545 -4.57777138224982 16.32142243263649
    endloop
  endfacet
  facet normal 0.9869553911115855 0.1398186804497208 -0.07981098015358744
    outer loop
      vertex -6.008553482592106 -6.351387180387974 0
      vertex -5.13497351530418 -3.368527262591564 16.02842107054434
      vertex -5.031805716588875 -4.013317472805178 16.174620236996947
    endloop
  endfacet
  facet normal 0.986955391111585 0.13981868044972245 -0.07981098015358776
    outer loop
      vertex -6.008553482592106 -6.351387180387974 0
      vertex -5.250149062539424 -2.638451055721151 15.883142371130075
      vertex -5.13497351530418 -3.368527262591564 16.02842107054434
    endloop
  endfacet
  facet normal 0.9869553911115853 0.13981868044972212 -0.07981098015358767
    outer loop
      vertex -6.008553482592106 -6.351387180387974 0
      vertex -5.349649362588395 -2 15.77119068991159
      vertex -5.250149062539424 -2.638451055721151 15.883142371130075
    endloop
  endfacet
  facet normal -0.9860880765301191 0.13969581088397842 0.09008543581843631
    outer loop
      vertex -7.695442474235982 -5.5279471381660175 18.38240591183633
      vertex -1.3216590389200285 -4.592402903704082 86.7
      vertex -7.6242494900630975 -5.120056692008485 18.529177319195927
    endloop
  endfacet
  facet normal -0.9860880765301191 0.13969581088397778 0.09008543581843632
    outer loop
      vertex -7.6242494900630975 -5.120056692008485 18.529177319195927
      vertex -1.3216590389200285 -4.592402903704082 86.7
      vertex -7.542919890710708 -4.640430216046266 18.675664246738716
    endloop
  endfacet
  facet normal -0.9860880765301194 0.13969581088397715 0.09008543581843634
    outer loop
      vertex -7.542919890710708 -4.640430216046266 18.675664246738716
      vertex -1.3216590389200285 -4.592402903704082 86.7
      vertex -7.450939408466095 -4.085327907747859 18.821696617166545
    endloop
  endfacet
  facet normal -0.9860880765301193 0.13969581088397698 0.09008543581843635
    outer loop
      vertex -7.450939408466095 -4.085327907747859 18.821696617166545
      vertex -1.3216590389200285 -4.592402903704082 86.7
      vertex -7.34771968586924 -3.4504453518977316 18.96703980323181
    endloop
  endfacet
  facet normal -0.9860880765301194 0.13969581088397717 0.09008543581843635
    outer loop
      vertex -7.34771968586924 -3.4504453518977316 18.96703980323181
      vertex -1.3216590389200285 -4.592402903704082 86.7
      vertex -7.232598071396753 -2.7309024512772027 19.111379698977334
    endloop
  endfacet
  facet normal -0.9860880765301193 0.13969581088397692 0.09008543581843632
    outer loop
      vertex -7.232598071396753 -2.7309024512772027 19.111379698977334
      vertex -1.3216590389200285 -4.592402903704082 86.7
      vertex -7.1172665435113815 -2 19.24040204073451
    endloop
  endfacet
  facet normal 0.3006842741262344 -0.9536486895261321 0.01196429096395169
    outer loop
      vertex -7.128834292292595 -10.318221986293793 0
      vertex -6.929151654243469 -10.255262292921543 0
      vertex 0.0859019384898394 -6.955703075128444 86.7
    endloop
  endfacet
  facet normal 0.38268027299715485 -0.9238718708374326 0.004071232511834108
    outer loop
      vertex -6.929151654243469 -10.255262292921543 0
      vertex -6.735716171562672 -10.17513868957758 0
      vertex 0.20486580661698905 -6.918193911924082 86.7
    endloop
  endfacet
  facet normal 0.4617453319235871 -0.8870045360290534 -0.0037684891747842703
    outer loop
      vertex -6.735716171562672 -10.17513868957758 0
      vertex -6.549999997019768 -10.078460969030857 0
      vertex 0.32010784006352466 -6.87045909694363 86.7
    endloop
  endfacet
  facet normal 0.537264119238612 -0.8433357333930088 -0.011493779240728844
    outer loop
      vertex -6.549999997019768 -10.078460969030857 0
      vertex -6.373416550457478 -9.965964905917645 0
      vertex 0.43075098216767316 -6.812861923196737 86.7
    endloop
  endfacet
  facet normal 0.6086510347132392 -0.7932094447342728 -0.019044545855702772
    outer loop
      vertex -6.373416550457478 -9.965964905917645 0
      vertex -6.207309737801552 -9.838506661355495 0
      vertex 0.5359531672725488 -6.745840739243171 86.7
    endloop
  endfacet
  facet normal 0.6753554204206272 -0.7370210905931704 -0.026362248184318374
    outer loop
      vertex -6.207309737801552 -9.838506661355495 0
      vertex -6.052943728864193 -9.697056271135807 0
      vertex 0.6349137436595615 -6.669905615659321 86.7
    endloop
  endfacet
  facet normal 0.7368662101515764 -0.6752134986397138 -0.03339041167116765
    outer loop
      vertex -6.052943728864193 -9.697056271135807 0
      vertex -5.9114933386445045 -9.542690262198448 0
      vertex 0.7268795635723606 -6.585634465533143 86.7
    endloop
  endfacet
  facet normal 0.7927160059495754 -0.6082724058039802 -0.04007510759549874
    outer loop
      vertex -5.9114933386445045 -9.542690262198448 0
      vertex -5.7840350940823555 -9.376583449542522 0
      vertex 0.8111507136985363 -6.493668645620346 86.7
    endloop
  endfacet
  facet normal 0.842484416915013 -0.5367217708242936 -0.046365374781239345
    outer loop
      vertex -5.7840350940823555 -9.376583449542522 0
      vertex -5.671539030969143 -9.200000002980232 0
      vertex 0.8870858372823864 -6.394708069233333 86.7
    endloop
  endfacet
  facet normal 0.8858008978370387 -0.4611187575444122 -0.05221360772627977
    outer loop
      vertex -5.671539030969143 -9.200000002980232 0
      vertex -5.5748613104224205 -9.014283828437328 0
      vertex 0.9541070212359521 -6.2895058841284595 86.7
    endloop
  endfacet
  facet normal 0.9223469337222436 -0.38204862333883693 -0.05757589129205589
    outer loop
      vertex -5.5748613104224205 -9.014283828437328 0
      vertex -5.494737707078457 -8.82084834575653 0
      vertex 1.0117041949828476 -6.178862742024311 86.7
    endloop
  endfacet
  facet normal 0.9518576354025139 -0.3001195569353068 -0.06241228621745909
    outer loop
      vertex -5.494737707078457 -8.82084834575653 0
      vertex -5.431778013706207 -8.621165707707405 0
      vertex 1.059439009963297 -6.063620708577773 86.7
    endloop
  endfacet
  facet normal 0.9741227172671318 -0.2159577935405841 -0.06668705356500655
    outer loop
      vertex -5.431778013706207 -8.621165707707405 0
      vertex -5.386461392045021 -8.416755624115467 0
      vertex 1.0969481731676591 -5.944656840450623 86.7
    endloop
  endfacet
  facet normal 0.9889871076669624 -0.13020263364546403 -0.07036885007104436
    outer loop
      vertex -5.386461392045021 -8.416755624115467 0
      vertex -5.359132722020149 -8.209173783659935 0
      vertex 1.1239462169432173 -5.822876527120085 86.7
    endloop
  endfacet
  facet normal 0.996351100724155 -0.04350160901376606 -0.07343087973719356
    outer loop
      vertex -5.359132722020149 -8.209173783659935 0
      vertex -5.350000001490116 -8 0
      vertex 1.140227674002741 -5.699206592994578 86.7
    endloop
  endfacet
  facet normal 0.9507279132200359 0.29976335690259714 -0.07910982797833573
    outer loop
      vertex -5.494737707078457 -7.179151654243469 0
      vertex 1.0969481731676591 -5.204519630137613 86.7
      vertex -5.431778013706207 -7.378834292292595 0
    endloop
  endfacet
  facet normal 0.9961701280785784 0.04349370758096357 -0.07585099422400743
    outer loop
      vertex -5.350000001490116 -8 0
      vertex -5.359132722020149 -7.790826216340065 0
      vertex 1.1456686265632214 -5.574588235294118 86.7
    endloop
  endfacet
  facet normal 0.98845432094986 0.1301324909376367 -0.07761179161646418
    outer loop
      vertex -5.386461392045021 -7.583244375884533 0
      vertex 1.140227674002741 -5.449969877593658 86.7
      vertex -5.359132722020149 -7.790826216340065 0
    endloop
  endfacet
  facet normal 0.9732678255843619 0.21576826862934378 -0.0787006603211417
    outer loop
      vertex -5.386461392045021 -7.583244375884533 0
      vertex -5.431778013706207 -7.378834292292595 0
      vertex 1.1239462169432173 -5.32629994346815 86.7
    endloop
  endfacet
  facet normal 0.8409358288602821 0.5357352114217399 -0.07625427845028977
    outer loop
      vertex -5.7840350940823555 -6.623416550457478 0
      vertex 0.9541070212359521 -4.859670586459777 86.7
      vertex -5.671539030969143 -6.799999997019768 0
    endloop
  endfacet
  facet normal 0.8843165957769513 0.46034607880425804 -0.07788225833274366
    outer loop
      vertex -5.5748613104224205 -6.985716171562672 0
      vertex -5.671539030969143 -6.799999997019768 0
      vertex 1.0117041949828476 -4.9703137285639265 86.7
    endloop
  endfacet
  facet normal 0.92100401636755 0.381492368736734 -0.07883637758343258
    outer loop
      vertex -5.5748613104224205 -6.985716171562672 0
      vertex 1.059439009963297 -5.085555762010462 86.7
      vertex -5.494737707078457 -7.179151654243469 0
    endloop
  endfacet
  facet normal 0.7911802606255599 0.6070939869302252 -0.07396408743190692
    outer loop
      vertex -5.7840350940823555 -6.623416550457478 0
      vertex -4.522210368768446 -6.13578082782799 17.5
      vertex 0.8870858372823864 -4.754468401354902 86.7
    endloop
  endfacet
  facet normal 0.9869553911115853 0.13981868044972232 -0.07981098015358763
    outer loop
      vertex -4.6025070797414305 -5.867292297854587 18.235468131503524
      vertex -4.638698729836651 -5.5279471381660175 18.38240591183633
      vertex 0.7533257055866951 -4.592402903704082 86.7
    endloop
  endfacet
  facet normal 0.7911802606256203 0.6070939869301463 -0.07396408743191009
    outer loop
      vertex -4.522210368768446 -6.13578082782799 17.5
      vertex -4.515181538617319 -6.126661270448572 17.65003903251814
      vertex 0.8870858372823864 -4.754468401354902 86.7
    endloop
  endfacet
  facet normal 0.7911802606255551 0.6070939869302313 -0.07396408743190667
    outer loop
      vertex -4.515181538617319 -6.126661270448572 17.65003903251814
      vertex -4.520177128795103 -6.101972522602466 17.799246281692007
      vertex 0.8870858372823864 -4.754468401354902 86.7
    endloop
  endfacet
  facet normal 0.735415195448477 0.6738838871948285 -0.07102814148396569
    outer loop
      vertex -4.567028558614277 -6.0176720195922435 18.091485665212886
      vertex 0.8111507136985363 -4.65550782496789 86.7
      vertex -4.537449583374566 -6.065211470361493 17.94670865419208
    endloop
  endfacet
  facet normal 0.7354151954484548 0.6738838871948528 -0.07102814148396445
    outer loop
      vertex -4.591177180423239 -5.982681594222232 18.173428122299566
      vertex 0.8111507136985363 -4.65550782496789 86.7
      vertex -4.567028558614277 -6.0176720195922435 18.091485665212886
    endloop
  endfacet
  facet normal 0.7911802606255655 0.6070939869302179 -0.07396408743190722
    outer loop
      vertex -4.520177128795103 -6.101972522602466 17.799246281692007
      vertex -4.526863486498501 -6.086201480880863 17.85717156023134
      vertex 0.8870858372823864 -4.754468401354902 86.7
    endloop
  endfacet
  facet normal 0.7354151954484378 0.6738838871948712 -0.07102814148396353
    outer loop
      vertex -4.537449583374566 -6.065211470361493 17.94670865419208
      vertex 0.8111507136985363 -4.65550782496789 86.7
      vertex -4.526863486498501 -6.086201480880863 17.85717156023134
    endloop
  endfacet
  facet normal 0.9869553911115853 0.13981868044972198 -0.07981098015358763
    outer loop
      vertex -4.591177180423239 -5.982681594222232 18.173428122299566
      vertex -4.6025070797414305 -5.867292297854587 18.235468131503524
      vertex 0.7533257055866951 -4.592402903704082 86.7
    endloop
  endfacet
  facet normal 0.9869553911115853 0.13981868044972187 -0.07981098015358763
    outer loop
      vertex -4.975997647112706 -2.7309024512772027 19.111379698977334
      vertex -5.069108660584342 -2 19.24040204073451
      vertex 0.7533257055866951 -4.592402903704082 86.7
    endloop
  endfacet
  facet normal 0.9869553911115854 0.13981868044972123 -0.07981098015358762
    outer loop
      vertex -4.638698729836651 -5.5279471381660175 18.38240591183633
      vertex -4.684614416075382 -5.120056692008485 18.529177319195927
      vertex 0.7533257055866951 -4.592402903704082 86.7
    endloop
  endfacet
  facet normal 0.9869553911115851 0.1398186804497223 -0.07981098015358763
    outer loop
      vertex -4.684614416075382 -5.120056692008485 18.529177319195927
      vertex -4.740715711239846 -4.640430216046266 18.675664246738716
      vertex 0.7533257055866951 -4.592402903704082 86.7
    endloop
  endfacet
  facet normal 0.9869553911115854 0.13981868044972093 -0.07981098015358763
    outer loop
      vertex -4.740715711239846 -4.640430216046266 18.675664246738716
      vertex -4.807546174133 -4.085327907747859 18.821696617166545
      vertex 0.7533257055866951 -4.592402903704082 86.7
    endloop
  endfacet
  facet normal 0.9869553911115851 0.13981868044972248 -0.07981098015358762
    outer loop
      vertex -4.807546174133 -4.085327907747859 18.821696617166545
      vertex -4.885734570240837 -3.4504453518977316 18.96703980323181
      vertex 0.7533257055866951 -4.592402903704082 86.7
    endloop
  endfacet
  facet normal 0.9869553911115854 0.1398186804497217 -0.07981098015358763
    outer loop
      vertex -4.885734570240837 -3.4504453518977316 18.96703980323181
      vertex -4.975997647112706 -2.7309024512772027 19.111379698977334
      vertex 0.7533257055866951 -4.592402903704082 86.7
    endloop
  endfacet
  facet normal -0.5355438844820402 -0.8406355057245304 0.08077557990599858
    outer loop
      vertex -9.126583449542522 -9.965964905917645 0
      vertex -0.9990843155010074 -6.812861923196737 86.7
      vertex -1.1042865006058822 -6.745840739243171 86.7
    endloop
  endfacet
  facet normal -0.4604293451937355 -0.8844765490240287 0.07553841612724532
    outer loop
      vertex -8.950000002980232 -10.078460969030857 0
      vertex -0.8884411733968589 -6.87045909694363 86.7
      vertex -0.9990843155010074 -6.812861923196737 86.7
    endloop
  endfacet
  facet normal -0.3817498902969494 -0.9216257283877399 0.0698071488605201
    outer loop
      vertex -8.764283828437328 -10.17513868957758 0
      vertex -0.7731991399503224 -6.918193911924082 86.7
      vertex -0.8884411733968589 -6.87045909694363 86.7
    endloop
  endfacet
  facet normal -0.30009654550402576 -0.9517846524660006 0.06362419906548542
    outer loop
      vertex -8.57084834575653 -10.255262292921543 0
      vertex -0.6542352718231728 -6.955703075128444 86.7
      vertex -0.7731991399503224 -6.918193911924082 86.7
    endloop
  endfacet
  facet normal -0.21608726671521358 -0.9747067330538314 0.057035758109058685
    outer loop
      vertex -8.371165707707405 -10.318221986293793 0
      vertex -0.5324549584926341 -6.982701118904002 86.7
      vertex -0.6542352718231728 -6.955703075128444 86.7
    endloop
  endfacet
  facet normal -0.9191624115849976 -0.3807295510309617 0.10092309002906048
    outer loop
      vertex -10.005262292921543 -8.82084834575653 0
      vertex -1.58003752831618 -6.178862742024311 86.7
      vertex -1.6277723432966305 -6.063620708577773 86.7
    endloop
  endfacet
  facet normal -0.9488211602076623 -0.2991621599925129 0.10119490091303966
    outer loop
      vertex -10.068221986293793 -8.621165707707405 0
      vertex -1.6277723432966305 -6.063620708577773 86.7
      vertex -1.6652815065009925 -5.944656840450623 86.7
    endloop
  endfacet
  facet normal -0.9865044533340592 -0.12987578597469002 0.09970578603835216
    outer loop
      vertex -10.14086727797985 -8.209173783659935 0
      vertex -1.6922795502765506 -5.822876527120085 86.7
      vertex -1.7085610073360744 -5.699206592994578 86.7
    endloop
  endfacet
  facet normal -0.9713246191555285 -0.21533747016285743 0.10078818465588084
    outer loop
      vertex -10.113538607954979 -8.416755624115467 0
      vertex -1.6652815065009925 -5.944656840450623 86.7
      vertex -1.6922795502765506 -5.822876527120085 86.7
    endloop
  endfacet
  facet normal -0.8825668962559148 -0.4594352428915955 0.09997465289933309
    outer loop
      vertex -9.92513868957758 -9.014283828437328 0
      vertex -1.5224403545692855 -6.2895058841284595 86.7
      vertex -1.58003752831618 -6.178862742024311 86.7
    endloop
  endfacet
  facet normal -0.7896830345517223 -0.6059451249176812 0.09607918884794613
    outer loop
      vertex -9.715964905917645 -9.376583449542522 0
      vertex -1.3794840470318697 -6.493668645620346 86.7
      vertex -1.4554191706157198 -6.394708069233333 86.7
    endloop
  endfacet
  facet normal -0.8393020675423124 -0.5346943906658055 0.09835623015204742
    outer loop
      vertex -9.828460969030857 -9.200000002980232 0
      vertex -1.4554191706157198 -6.394708069233333 86.7
      vertex -1.5224403545692855 -6.2895058841284595 86.7
    endloop
  endfacet
  facet normal -0.734071047340647 -0.6726522037467744 0.09315959559172322
    outer loop
      vertex -9.588506661355495 -9.542690262198448 0
      vertex -1.295212896905694 -6.585634465533143 86.7
      vertex -1.3794840470318697 -6.493668645620346 86.7
    endloop
  endfacet
  facet normal -0.672871775494021 -0.7343106678481923 0.08961817241980302
    outer loop
      vertex -9.447056271135807 -9.697056271135807 0
      vertex -1.203247076992895 -6.669905615659321 86.7
      vertex -1.295212896905694 -6.585634465533143 86.7
    endloop
  endfacet
  facet normal -0.9942436165090015 -0.04340959430703563 0.0979552864995059
    outer loop
      vertex -10.149999998509884 -8 0
      vertex -1.7085610073360744 -5.699206592994578 86.7
      vertex -1.7140019598965548 -5.574588235294118 86.7
    endloop
  endfacet
  facet normal -0.9944773054688067 0.04341979738279164 0.09554899320630846
    outer loop
      vertex -10.14086727797985 -7.790826216340065 0
      vertex -1.7140019598965548 -5.574588235294118 86.7
      vertex -1.7085610073360744 -5.449969877593658 86.7
    endloop
  endfacet
  facet normal -0.9871938639522587 0.12996654861198442 0.09250389838756988
    outer loop
      vertex -10.113538607954979 -7.583244375884533 0
      vertex -1.7085610073360744 -5.449969877593658 86.7
      vertex -1.6922795502765506 -5.32629994346815 86.7
    endloop
  endfacet
  facet normal -0.9724355041249378 0.21558374741583383 0.08884164658212905
    outer loop
      vertex -10.068221986293793 -7.378834292292595 0
      vertex -1.6922795502765506 -5.32629994346815 86.7
      vertex -1.6652815065009925 -5.204519630137613 86.7
    endloop
  endfacet
  facet normal -0.9502988055915063 0.2996280597882399 0.08458845003244533
    outer loop
      vertex -10.005262292921543 -7.179151654243469 0
      vertex -1.6652815065009925 -5.204519630137613 86.7
      vertex -1.6277723432966305 -5.085555762010462 86.7
    endloop
  endfacet
  facet normal -0.9209350268897517 0.3814637923583058 0.07977500465178133
    outer loop
      vertex -9.92513868957758 -6.985716171562672 0
      vertex -1.6277723432966305 -5.085555762010462 86.7
      vertex -1.58003752831618 -4.9703137285639265 86.7
    endloop
  endfacet
  facet normal -0.8845500590356233 0.46046761208338344 0.0744363572611001
    outer loop
      vertex -9.828460969030857 -6.799999997019768 0
      vertex -1.58003752831618 -4.9703137285639265 86.7
      vertex -1.5224403545692855 -4.859670586459777 86.7
    endloop
  endfacet
  facet normal -0.8414039403850598 0.5360334313549302 0.06861173058853683
    outer loop
      vertex -9.715964905917645 -6.623416550457478 0
      vertex -1.5224403545692855 -4.859670586459777 86.7
      vertex -1.4554191706157198 -4.754468401354902 86.7
    endloop
  endfacet
  facet normal -0.6065332941005191 -0.7904495515283088 0.08548022950524088
    outer loop
      vertex -9.292690262198448 -9.838506661355495 0
      vertex -1.1042865006058822 -6.745840739243171 86.7
      vertex -1.203247076992895 -6.669905615659321 86.7
    endloop
  endfacet
  facet normal -0.04357931517909563 -0.9981308653148869 0.04284412438451888
    outer loop
      vertex -7.959173783659935 -10.39086727797985 0
      vertex -0.2841666666666667 -7.004423528524006 86.7
      vertex -0.40878502436712694 -6.998982575963526 86.7
    endloop
  endfacet
  facet normal -0.1303623447167631 -0.9902002335926066 0.05009148104313992
    outer loop
      vertex -8.166755624115467 -10.363538607954979 0
      vertex -0.40878502436712694 -6.998982575963526 86.7
      vertex -0.5324549584926341 -6.982701118904002 86.7
    endloop
  endfacet
  facet normal 0.043592106726229964 -0.9984238400428614 0.035349170644239716
    outer loop
      vertex -7.540826216340065 -10.39086727797985 0
      vertex -0.15954830896620642 -6.998982575963526 86.7
      vertex -0.2841666666666667 -7.004423528524006 86.7
    endloop
  endfacet
  facet normal 0.13047624647019182 -0.9910654032326339 0.02766433845922666
    outer loop
      vertex -7.333244375884533 -10.363538607954979 0
      vertex -0.03587837484069922 -6.982701118904002 86.7
      vertex -0.15954830896620642 -6.998982575963526 86.7
    endloop
  endfacet
  facet normal 0.21639695938809872 -0.9761036665151464 0.019849135580006047
    outer loop
      vertex -7.128834292292595 -10.318221986293793 0
      vertex 0.0859019384898394 -6.955703075128444 86.7
      vertex -0.03587837484069922 -6.982701118904002 86.7
    endloop
  endfacet
  facet normal 0.30068427412623805 -0.9536486895261312 0.011964290963951274
    outer loop
      vertex -6.929151654243469 -10.255262292921543 0
      vertex 0.20486580661698905 -6.918193911924082 86.7
      vertex 0.0859019384898394 -6.955703075128444 86.7
    endloop
  endfacet
  facet normal 0.38268027299715973 -0.9238718708374305 0.004071232511833371
    outer loop
      vertex -6.735716171562672 -10.17513868957758 0
      vertex 0.32010784006352466 -6.87045909694363 86.7
      vertex 0.20486580661698905 -6.918193911924082 86.7
    endloop
  endfacet
  facet normal 0.46174533192358386 -0.8870045360290549 -0.0037684891747839055
    outer loop
      vertex -6.549999997019768 -10.078460969030857 0
      vertex 0.43075098216767316 -6.812861923196737 86.7
      vertex 0.32010784006352466 -6.87045909694363 86.7
    endloop
  endfacet
  facet normal 0.5372641192386133 -0.8433357333930079 -0.0114937792407286
    outer loop
      vertex -6.373416550457478 -9.965964905917645 0
      vertex 0.5359531672725488 -6.745840739243171 86.7
      vertex 0.43075098216767316 -6.812861923196737 86.7
    endloop
  endfacet
  facet normal 0.6086510347132401 -0.7932094447342721 -0.019044545855702852
    outer loop
      vertex -6.207309737801552 -9.838506661355495 0
      vertex 0.6349137436595615 -6.669905615659321 86.7
      vertex 0.5359531672725488 -6.745840739243171 86.7
    endloop
  endfacet
  facet normal 0.6753554204206264 -0.7370210905931712 -0.026362248184318243
    outer loop
      vertex -6.052943728864193 -9.697056271135807 0
      vertex 0.7268795635723606 -6.585634465533143 86.7
      vertex 0.6349137436595615 -6.669905615659321 86.7
    endloop
  endfacet
  facet normal 0.7368662101515802 -0.6752134986397097 -0.03339041167116772
    outer loop
      vertex -5.9114933386445045 -9.542690262198448 0
      vertex 0.8111507136985363 -6.493668645620346 86.7
      vertex 0.7268795635723606 -6.585634465533143 86.7
    endloop
  endfacet
  facet normal 0.7927160059495773 -0.6082724058039778 -0.04007510759549856
    outer loop
      vertex -5.7840350940823555 -9.376583449542522 0
      vertex 0.8870858372823864 -6.394708069233333 86.7
      vertex 0.8111507136985363 -6.493668645620346 86.7
    endloop
  endfacet
  facet normal 0.8424844169150085 -0.5367217708243008 -0.04636537478123891
    outer loop
      vertex -5.671539030969143 -9.200000002980232 0
      vertex 0.9541070212359521 -6.2895058841284595 86.7
      vertex 0.8870858372823864 -6.394708069233333 86.7
    endloop
  endfacet
  facet normal 0.8409358288602796 0.5357352114217434 -0.07625427845028945
    outer loop
      vertex -5.7840350940823555 -6.623416550457478 0
      vertex 0.8870858372823864 -4.754468401354902 86.7
      vertex 0.9541070212359521 -4.859670586459777 86.7
    endloop
  endfacet
  facet normal -0.7918100206925534 0.6075772188419774 0.06234432031152964
    outer loop
      vertex -7.897734744794991 -6.086201480880863 17.85717156023134
      vertex -1.4554191706157198 -4.754468401354902 86.7
      vertex -1.3794840470318697 -4.65550782496789 86.7
    endloop
  endfacet
  facet normal -0.7361335217482542 0.674542111993792 0.05568103182832546
    outer loop
      vertex -7.778954642958503 -5.982681594222232 18.173428122299566
      vertex -1.3794840470318697 -4.65550782496789 86.7
      vertex -1.3216590389200285 -4.592402903704082 86.7
    endloop
  endfacet
  facet normal -0.9860880765301193 0.1396958108839773 0.09008543581843634
    outer loop
      vertex -1.3216590389200285 -4.592402903704082 86.7
      vertex -0.9544019607843133 -2 86.7
      vertex -7.1172665435113815 -2 19.24040204073451
    endloop
  endfacet
  facet normal 0.9869553911115851 0.1398186804497221 -0.07981098015358762
    outer loop
      vertex 0.7533257055866951 -4.592402903704082 86.7
      vertex -5.069108660584342 -2 19.24040204073451
      vertex 0.3860686274509799 -2 86.7
    endloop
  endfacet
  facet normal 0.8858008978370355 -0.4611187575444184 -0.05221360772627885
    outer loop
      vertex -5.5748613104224205 -9.014283828437328 0
      vertex 1.0117041949828476 -6.178862742024311 86.7
      vertex 0.9541070212359521 -6.2895058841284595 86.7
    endloop
  endfacet
  facet normal 0.922346933722251 -0.3820486233388193 -0.057575891292056904
    outer loop
      vertex -5.494737707078457 -8.82084834575653 0
      vertex 1.059439009963297 -6.063620708577773 86.7
      vertex 1.0117041949828476 -6.178862742024311 86.7
    endloop
  endfacet
  facet normal 0.9518576354025126 -0.30011955693531117 -0.062412286217458555
    outer loop
      vertex -5.431778013706207 -8.621165707707405 0
      vertex 1.0969481731676591 -5.944656840450623 86.7
      vertex 1.059439009963297 -6.063620708577773 86.7
    endloop
  endfacet
  facet normal 0.9741227172671325 -0.21595779354058064 -0.06668705356500677
    outer loop
      vertex -5.386461392045021 -8.416755624115467 0
      vertex 1.1239462169432173 -5.822876527120085 86.7
      vertex 1.0969481731676591 -5.944656840450623 86.7
    endloop
  endfacet
  facet normal 0.9889871076669626 -0.13020263364546253 -0.07036885007104433
    outer loop
      vertex -5.359132722020149 -8.209173783659935 0
      vertex 1.140227674002741 -5.699206592994578 86.7
      vertex 1.1239462169432173 -5.822876527120085 86.7
    endloop
  endfacet
  facet normal 0.9961701280785785 0.04349370758096017 -0.07585099422400732
    outer loop
      vertex -5.359132722020149 -7.790826216340065 0
      vertex 1.140227674002741 -5.449969877593658 86.7
      vertex 1.1456686265632214 -5.574588235294118 86.7
    endloop
  endfacet
  facet normal 0.9884543209498601 0.13013249093763485 -0.07761179161646403
    outer loop
      vertex -5.386461392045021 -7.583244375884533 0
      vertex 1.1239462169432173 -5.32629994346815 86.7
      vertex 1.140227674002741 -5.449969877593658 86.7
    endloop
  endfacet
  facet normal 0.9732678255843626 0.2157682686293398 -0.07870066032114162
    outer loop
      vertex -5.431778013706207 -7.378834292292595 0
      vertex 1.0969481731676591 -5.204519630137613 86.7
      vertex 1.1239462169432173 -5.32629994346815 86.7
    endloop
  endfacet
  facet normal 0.9963511007241551 -0.04350160901376266 -0.07343087973719359
    outer loop
      vertex -5.350000001490116 -8 0
      vertex 1.1456686265632214 -5.574588235294118 86.7
      vertex 1.140227674002741 -5.699206592994578 86.7
    endloop
  endfacet
  facet normal 0.8843165957769491 0.460346078804262 -0.07788225833274366
    outer loop
      vertex -5.671539030969143 -6.799999997019768 0
      vertex 0.9541070212359521 -4.859670586459777 86.7
      vertex 1.0117041949828476 -4.9703137285639265 86.7
    endloop
  endfacet
  facet normal 0.9210040163675508 0.38149236873673176 -0.0788363775834324
    outer loop
      vertex -5.5748613104224205 -6.985716171562672 0
      vertex 1.0117041949828476 -4.9703137285639265 86.7
      vertex 1.059439009963297 -5.085555762010462 86.7
    endloop
  endfacet
  facet normal 0.9507279132200351 0.2997633569026001 -0.07910982797833592
    outer loop
      vertex -5.494737707078457 -7.179151654243469 0
      vertex 1.059439009963297 -5.085555762010462 86.7
      vertex 1.0969481731676591 -5.204519630137613 86.7
    endloop
  endfacet
  facet normal 0 0 1
    outer loop
      vertex -1.1042865006058822 -6.745840739243171 86.7
      vertex -0.9990843155010074 -6.812861923196737 86.7
      vertex 1.0117041949828476 -6.178862742024311 86.7
    endloop
  endfacet
  facet normal 0 0 1
    outer loop
      vertex -1.58003752831618 -6.178862742024311 86.7
      vertex 0.7533257055866951 -4.592402903704082 86.7
      vertex -1.6277723432966305 -6.063620708577773 86.7
    endloop
  endfacet
  facet normal 0 0 1
    outer loop
      vertex -1.6277723432966305 -6.063620708577773 86.7
      vertex 0.7533257055866951 -4.592402903704082 86.7
      vertex -1.6652815065009925 -5.944656840450623 86.7
    endloop
  endfacet
  facet normal 0 0 1
    outer loop
      vertex -1.6922795502765506 -5.822876527120085 86.7
      vertex -1.6652815065009925 -5.944656840450623 86.7
      vertex 0.7533257055866951 -4.592402903704082 86.7
    endloop
  endfacet
  facet normal 0 0 1
    outer loop
      vertex -1.6922795502765506 -5.822876527120085 86.7
      vertex 0.7533257055866951 -4.592402903704082 86.7
      vertex -1.7085610073360744 -5.699206592994578 86.7
    endloop
  endfacet
  facet normal 0 0 1
    outer loop
      vertex -1.7085610073360744 -5.699206592994578 86.7
      vertex 0.7533257055866951 -4.592402903704082 86.7
      vertex -1.7140019598965548 -5.574588235294118 86.7
    endloop
  endfacet
  facet normal 0 0 1
    outer loop
      vertex -1.7140019598965548 -5.574588235294118 86.7
      vertex 0.7533257055866951 -4.592402903704082 86.7
      vertex -1.7085610073360744 -5.449969877593658 86.7
    endloop
  endfacet
  facet normal 0 0 1
    outer loop
      vertex -1.295212896905694 -6.585634465533143 86.7
      vertex -1.203247076992895 -6.669905615659321 86.7
      vertex 1.1239462169432173 -5.822876527120085 86.7
    endloop
  endfacet
  facet normal 0 0 1
    outer loop
      vertex -1.203247076992895 -6.669905615659321 86.7
      vertex -1.1042865006058822 -6.745840739243171 86.7
      vertex 1.0969481731676591 -5.944656840450623 86.7
    endloop
  endfacet
  facet normal 0 0 1
    outer loop
      vertex -1.295212896905694 -6.585634465533143 86.7
      vertex 1.0117041949828476 -4.9703137285639265 86.7
      vertex -1.3794840470318697 -6.493668645620346 86.7
    endloop
  endfacet
  facet normal 0 0 1
    outer loop
      vertex -1.4554191706157198 -6.394708069233333 86.7
      vertex -1.3794840470318697 -6.493668645620346 86.7
      vertex 0.7533257055866951 -4.592402903704082 86.7
    endloop
  endfacet
  facet normal 0 0 1
    outer loop
      vertex -1.5224403545692855 -6.2895058841284595 86.7
      vertex -1.4554191706157198 -6.394708069233333 86.7
      vertex 0.7533257055866951 -4.592402903704082 86.7
    endloop
  endfacet
  facet normal 0 0 1
    outer loop
      vertex -1.58003752831618 -6.178862742024311 86.7
      vertex -1.5224403545692855 -6.2895058841284595 86.7
      vertex 0.7533257055866951 -4.592402903704082 86.7
    endloop
  endfacet
  facet normal 0 0 1
    outer loop
      vertex -0.6542352718231728 -6.955703075128444 86.7
      vertex -0.5324549584926341 -6.982701118904002 86.7
      vertex 0.7268795635723606 -6.585634465533143 86.7
    endloop
  endfacet
  facet normal 0 0 1
    outer loop
      vertex -0.8884411733968589 -6.87045909694363 86.7
      vertex -0.7731991399503224 -6.918193911924082 86.7
      vertex 0.7268795635723606 -6.585634465533143 86.7
    endloop
  endfacet
  facet normal 0 0 1
    outer loop
      vertex -0.9990843155010074 -6.812861923196737 86.7
      vertex -0.8884411733968589 -6.87045909694363 86.7
      vertex 1.0117041949828476 -6.178862742024311 86.7
    endloop
  endfacet
  facet normal 0 0 1
    outer loop
      vertex -0.7731991399503224 -6.918193911924082 86.7
      vertex -0.6542352718231728 -6.955703075128444 86.7
      vertex 0.7268795635723606 -6.585634465533143 86.7
    endloop
  endfacet
  facet normal 0 0 1
    outer loop
      vertex -0.5324549584926341 -6.982701118904002 86.7
      vertex -0.40878502436712694 -6.998982575963526 86.7
      vertex 0.7268795635723606 -6.585634465533143 86.7
    endloop
  endfacet
  facet normal 0 0 1
    outer loop
      vertex -0.2841666666666667 -7.004423528524006 86.7
      vertex -0.15954830896620642 -6.998982575963526 86.7
      vertex 0.32010784006352466 -6.87045909694363 86.7
    endloop
  endfacet
  facet normal 0 0 1
    outer loop
      vertex -0.15954830896620642 -6.998982575963526 86.7
      vertex -0.03587837484069922 -6.982701118904002 86.7
      vertex 0.32010784006352466 -6.87045909694363 86.7
    endloop
  endfacet
  facet normal 0 0 1
    outer loop
      vertex -0.40878502436712694 -6.998982575963526 86.7
      vertex -0.2841666666666667 -7.004423528524006 86.7
      vertex 0.7268795635723606 -6.585634465533143 86.7
    endloop
  endfacet
  facet normal 0 0 1
    outer loop
      vertex -0.03587837484069922 -6.982701118904002 86.7
      vertex 0.0859019384898394 -6.955703075128444 86.7
      vertex 0.32010784006352466 -6.87045909694363 86.7
    endloop
  endfacet
  facet normal 0 0 1
    outer loop
      vertex 0.0859019384898394 -6.955703075128444 86.7
      vertex 0.20486580661698905 -6.918193911924082 86.7
      vertex 0.32010784006352466 -6.87045909694363 86.7
    endloop
  endfacet
  facet normal 0 0 1
    outer loop
      vertex -0.2841666666666667 -7.004423528524006 86.7
      vertex 0.32010784006352466 -6.87045909694363 86.7
      vertex 0.43075098216767316 -6.812861923196737 86.7
    endloop
  endfacet
  facet normal 0 0 1
    outer loop
      vertex -0.2841666666666667 -7.004423528524006 86.7
      vertex 0.43075098216767316 -6.812861923196737 86.7
      vertex 0.5359531672725488 -6.745840739243171 86.7
    endloop
  endfacet
  facet normal 0 0 1
    outer loop
      vertex -0.2841666666666667 -7.004423528524006 86.7
      vertex 0.5359531672725488 -6.745840739243171 86.7
      vertex 0.6349137436595615 -6.669905615659321 86.7
    endloop
  endfacet
  facet normal 0 0 1
    outer loop
      vertex -0.8884411733968589 -6.87045909694363 86.7
      vertex 0.7268795635723606 -6.585634465533143 86.7
      vertex 0.8111507136985363 -6.493668645620346 86.7
    endloop
  endfacet
  facet normal 0 0 1
    outer loop
      vertex -0.8884411733968589 -6.87045909694363 86.7
      vertex 0.8111507136985363 -6.493668645620346 86.7
      vertex 0.8870858372823864 -6.394708069233333 86.7
    endloop
  endfacet
  facet normal 0 0 1
    outer loop
      vertex -0.8884411733968589 -6.87045909694363 86.7
      vertex 0.8870858372823864 -6.394708069233333 86.7
      vertex 0.9541070212359521 -6.2895058841284595 86.7
    endloop
  endfacet
  facet normal 0 0 1
    outer loop
      vertex -0.2841666666666667 -7.004423528524006 86.7
      vertex 0.6349137436595615 -6.669905615659321 86.7
      vertex 0.7268795635723606 -6.585634465533143 86.7
    endloop
  endfacet
  facet normal 0 0 1
    outer loop
      vertex -1.3794840470318697 -6.493668645620346 86.7
      vertex 0.8111507136985363 -4.65550782496789 86.7
      vertex 0.7533257055866951 -4.592402903704082 86.7
    endloop
  endfacet
  facet normal 0 0 1
    outer loop
      vertex -0.8884411733968589 -6.87045909694363 86.7
      vertex 0.9541070212359521 -6.2895058841284595 86.7
      vertex 1.0117041949828476 -6.178862742024311 86.7
    endloop
  endfacet
  facet normal 0 0 1
    outer loop
      vertex -1.1042865006058822 -6.745840739243171 86.7
      vertex 1.0117041949828476 -6.178862742024311 86.7
      vertex 1.059439009963297 -6.063620708577773 86.7
    endloop
  endfacet
  facet normal 0 0 1
    outer loop
      vertex -1.1042865006058822 -6.745840739243171 86.7
      vertex 1.059439009963297 -6.063620708577773 86.7
      vertex 1.0969481731676591 -5.944656840450623 86.7
    endloop
  endfacet
  facet normal 0 0 1
    outer loop
      vertex -1.203247076992895 -6.669905615659321 86.7
      vertex 1.0969481731676591 -5.944656840450623 86.7
      vertex 1.1239462169432173 -5.822876527120085 86.7
    endloop
  endfacet
  facet normal 0 0 1
    outer loop
      vertex -1.295212896905694 -6.585634465533143 86.7
      vertex 1.1239462169432173 -5.822876527120085 86.7
      vertex 1.140227674002741 -5.699206592994578 86.7
    endloop
  endfacet
  facet normal 0 0 1
    outer loop
      vertex -1.295212896905694 -6.585634465533143 86.7
      vertex 1.140227674002741 -5.699206592994578 86.7
      vertex 1.1456686265632214 -5.574588235294118 86.7
    endloop
  endfacet
  facet normal 0 0 1
    outer loop
      vertex -1.295212896905694 -6.585634465533143 86.7
      vertex 1.1456686265632214 -5.574588235294118 86.7
      vertex 1.140227674002741 -5.449969877593658 86.7
    endloop
  endfacet
  facet normal 0 0 1
    outer loop
      vertex -1.295212896905694 -6.585634465533143 86.7
      vertex 1.1239462169432173 -5.32629994346815 86.7
      vertex 1.0969481731676591 -5.204519630137613 86.7
    endloop
  endfacet
  facet normal 0 0 1
    outer loop
      vertex -1.295212896905694 -6.585634465533143 86.7
      vertex 1.059439009963297 -5.085555762010462 86.7
      vertex 1.0117041949828476 -4.9703137285639265 86.7
    endloop
  endfacet
  facet normal 0 0 1
    outer loop
      vertex -1.295212896905694 -6.585634465533143 86.7
      vertex 1.0969481731676591 -5.204519630137613 86.7
      vertex 1.059439009963297 -5.085555762010462 86.7
    endloop
  endfacet
  facet normal 0 0 1
    outer loop
      vertex -1.3794840470318697 -6.493668645620346 86.7
      vertex 0.9541070212359521 -4.859670586459777 86.7
      vertex 0.8870858372823864 -4.754468401354902 86.7
    endloop
  endfacet
  facet normal 0 0 1
    outer loop
      vertex -1.3794840470318697 -6.493668645620346 86.7
      vertex 1.0117041949828476 -4.9703137285639265 86.7
      vertex 0.9541070212359521 -4.859670586459777 86.7
    endloop
  endfacet
  facet normal 0 0 1
    outer loop
      vertex -1.3794840470318697 -6.493668645620346 86.7
      vertex 0.8870858372823864 -4.754468401354902 86.7
      vertex 0.8111507136985363 -4.65550782496789 86.7
    endloop
  endfacet
  facet normal 0 0 1
    outer loop
      vertex -1.295212896905694 -6.585634465533143 86.7
      vertex 1.140227674002741 -5.449969877593658 86.7
      vertex 1.1239462169432173 -5.32629994346815 86.7
    endloop
  endfacet
  facet normal 0.7354151954484697 0.6738838871948363 -0.07102814148396536
    outer loop
      vertex -4.591177180423239 -5.982681594222232 18.173428122299566
      vertex 0.7533257055866951 -4.592402903704082 86.7
      vertex 0.8111507136985363 -4.65550782496789 86.7
    endloop
  endfacet
  facet normal 0.7911802606255617 0.6070939869302228 -0.07396408743190717
    outer loop
      vertex -4.526863486498501 -6.086201480880863 17.85717156023134
      vertex 0.8111507136985363 -4.65550782496789 86.7
      vertex 0.8870858372823864 -4.754468401354902 86.7
    endloop
  endfacet
  facet normal 0 0 1
    outer loop
      vertex -1.7085610073360744 -5.449969877593658 86.7
      vertex 0.7533257055866951 -4.592402903704082 86.7
      vertex -1.6922795502765506 -5.32629994346815 86.7
    endloop
  endfacet
  facet normal 0 0 1
    outer loop
      vertex -1.6922795502765506 -5.32629994346815 86.7
      vertex 0.7533257055866951 -4.592402903704082 86.7
      vertex -1.6652815065009925 -5.204519630137613 86.7
    endloop
  endfacet
  facet normal 0 0 1
    outer loop
      vertex -1.6652815065009925 -5.204519630137613 86.7
      vertex 0.7533257055866951 -4.592402903704082 86.7
      vertex -1.6277723432966305 -5.085555762010462 86.7
    endloop
  endfacet
  facet normal 0 0 1
    outer loop
      vertex -1.6277723432966305 -5.085555762010462 86.7
      vertex 0.7533257055866951 -4.592402903704082 86.7
      vertex -1.58003752831618 -4.9703137285639265 86.7
    endloop
  endfacet
  facet normal 0 0 1
    outer loop
      vertex -1.58003752831618 -4.9703137285639265 86.7
      vertex 0.7533257055866951 -4.592402903704082 86.7
      vertex -1.5224403545692855 -4.859670586459777 86.7
    endloop
  endfacet
  facet normal 0 0 1
    outer loop
      vertex -1.5224403545692855 -4.859670586459777 86.7
      vertex 0.7533257055866951 -4.592402903704082 86.7
      vertex -1.4554191706157198 -4.754468401354902 86.7
    endloop
  endfacet
  facet normal 0 0 1
    outer loop
      vertex -1.4554191706157198 -4.754468401354902 86.7
      vertex 0.7533257055866951 -4.592402903704082 86.7
      vertex -1.3794840470318697 -4.65550782496789 86.7
    endloop
  endfacet
  facet normal 0 0 1
    outer loop
      vertex -1.3794840470318697 -4.65550782496789 86.7
      vertex 0.7533257055866951 -4.592402903704082 86.7
      vertex -1.3216590389200285 -4.592402903704082 86.7
    endloop
  endfacet
  facet normal 0 0 1
    outer loop
      vertex -1.3216590389200285 -4.592402903704082 86.7
      vertex 0.3860686274509799 -2 86.7
      vertex -0.9544019607843133 -2 86.7
    endloop
  endfacet
  facet normal 0 0 1
    outer loop
      vertex -1.3216590389200285 -4.592402903704082 86.7
      vertex 0.7533257055866951 -4.592402903704082 86.7
      vertex 0.3860686274509799 -2 86.7
    endloop
  endfacet
  facet normal -0.9860880765301194 -0.1396958108839772 0.09008543581843632
    outer loop
      vertex -8.875 2 0
      vertex -7.514420862432619 2.6384510557211507 15.883142371130075
      vertex -9.491446517407894 6.351387180387974 0
    endloop
  endfacet
  facet normal 0 0 -1
    outer loop
      vertex -9.588506661355495 6.457309737801552 0
      vertex -9.715964905917645 6.623416550457478 0
      vertex -6.008553482592106 6.351387180387974 0
    endloop
  endfacet
  facet normal -0.7918100206925559 -0.6075772188419736 0.062344320311529706
    outer loop
      vertex -9.588506661355495 6.457309737801552 0
      vertex -7.9707381766258525 6.129297542656143 17.3499775872415
      vertex -9.715964905917645 6.623416550457478 0
    endloop
  endfacet
  facet normal -0.7361335217482465 -0.6745421119938005 0.05568103182832481
    outer loop
      vertex -9.588506661355495 6.457309737801552 0
      vertex -9.491446517407894 6.351387180387974 0
      vertex -7.918200575567602 6.030253457402888 16.908825592727258
    endloop
  endfacet
  facet normal -0.9860880765301192 -0.1396958108839773 0.09008543581843631
    outer loop
      vertex -9.491446517407894 6.351387180387974 0
      vertex -7.886144839228557 5.830030837059528 16.763392808458917
      vertex -7.902963703901502 6.009381185728063 16.85741034190217
    endloop
  endfacet
  facet normal 0 0 -1
    outer loop
      vertex -9.92513868957758 6.985716171562672 0
      vertex -10.005262292921543 7.179151654243469 0
      vertex -6.008553482592106 6.351387180387974 0
    endloop
  endfacet
  facet normal 0 0 -1
    outer loop
      vertex -10.068221986293793 7.378834292292595 0
      vertex -6.008553482592106 6.351387180387974 0
      vertex -10.005262292921543 7.179151654243469 0
    endloop
  endfacet
  facet normal 0 0 -1
    outer loop
      vertex -10.068221986293793 7.378834292292595 0
      vertex -10.113538607954979 7.583244375884533 0
      vertex -6.008553482592106 6.351387180387974 0
    endloop
  endfacet
  facet normal 0 0 -1
    outer loop
      vertex -9.828460969030857 6.799999997019768 0
      vertex -9.92513868957758 6.985716171562672 0
      vertex -6.008553482592106 6.351387180387974 0
    endloop
  endfacet
  facet normal 0 0 -1
    outer loop
      vertex -9.828460969030857 6.799999997019768 0
      vertex -6.008553482592106 6.351387180387974 0
      vertex -9.715964905917645 6.623416550457478 0
    endloop
  endfacet
  facet normal 0 0 -1
    outer loop
      vertex -10.113538607954979 7.583244375884533 0
      vertex -10.14086727797985 7.790826216340065 0
      vertex -6.008553482592106 6.351387180387974 0
    endloop
  endfacet
  facet normal 0 0 -1
    outer loop
      vertex -10.14086727797985 7.790826216340065 0
      vertex -10.149999998509884 8 0
      vertex -6.008553482592106 6.351387180387974 0
    endloop
  endfacet
  facet normal 0 0 -1
    outer loop
      vertex -10.149999998509884 8 0
      vertex -10.14086727797985 8.209173783659935 0
      vertex -6.008553482592106 6.351387180387974 0
    endloop
  endfacet
  facet normal 0 0 -1
    outer loop
      vertex -10.14086727797985 8.209173783659935 0
      vertex -10.113538607954979 8.416755624115467 0
      vertex -6.008553482592106 6.351387180387974 0
    endloop
  endfacet
  facet normal 0 0 -1
    outer loop
      vertex -10.113538607954979 8.416755624115467 0
      vertex -10.068221986293793 8.621165707707405 0
      vertex -6.008553482592106 6.351387180387974 0
    endloop
  endfacet
  facet normal -0.7361335217482425 -0.674542111993805 0.05568103182832451
    outer loop
      vertex -9.491446517407894 6.351387180387974 0
      vertex -7.902963703901502 6.009381185728063 16.85741034190217
      vertex -7.918200575567602 6.030253457402888 16.908825592727258
    endloop
  endfacet
  facet normal -0.791810020692562 -0.6075772188419656 0.06234432031153024
    outer loop
      vertex -9.715964905917645 6.623416550457478 0
      vertex -7.9707381766258525 6.129297542656143 17.3499775872415
      vertex -7.963900742342664 6.135780827827989 17.5
    endloop
  endfacet
  facet normal -0.7361335217482463 -0.6745421119938009 0.05568103182832473
    outer loop
      vertex -9.588506661355495 6.457309737801552 0
      vertex -7.947983588127891 6.074695697728335 17.053468902345095
      vertex -7.962420977811458 6.100399490054295 17.173984697919373
    endloop
  endfacet
  facet normal -0.7918100206925025 -0.607577218842044 0.06234432031152283
    outer loop
      vertex -9.588506661355495 6.457309737801552 0
      vertex -7.962420977811458 6.100399490054295 17.173984697919373
      vertex -7.965553397211282 6.107235326741675 17.20081982203051
    endloop
  endfacet
  facet normal -0.7918100206925734 -0.6075772188419506 0.062344320311531705
    outer loop
      vertex -9.588506661355495 6.457309737801552 0
      vertex -7.965553397211282 6.107235326741675 17.20081982203051
      vertex -7.9707381766258525 6.129297542656143 17.3499775872415
    endloop
  endfacet
  facet normal -0.7361335217482466 -0.6745421119938005 0.0556810318283249
    outer loop
      vertex -9.588506661355495 6.457309737801552 0
      vertex -7.918200575567602 6.030253457402888 16.908825592727258
      vertex -7.947983588127891 6.074695697728335 17.053468902345095
    endloop
  endfacet
  facet normal 0 0 -1
    outer loop
      vertex -10.068221986293793 8.621165707707405 0
      vertex -10.005262292921543 8.82084834575653 0
      vertex -6.008553482592106 6.351387180387974 0
    endloop
  endfacet
  facet normal 0 0 -1
    outer loop
      vertex -10.005262292921543 8.82084834575653 0
      vertex -9.92513868957758 9.014283828437328 0
      vertex -6.008553482592106 6.351387180387974 0
    endloop
  endfacet
  facet normal 0 0 -1
    outer loop
      vertex -9.92513868957758 9.014283828437328 0
      vertex -9.828460969030857 9.200000002980232 0
      vertex -6.008553482592106 6.351387180387974 0
    endloop
  endfacet
  facet normal 0 0 -1
    outer loop
      vertex -9.828460969030857 9.200000002980232 0
      vertex -9.715964905917645 9.376583449542522 0
      vertex -6.008553482592106 6.351387180387974 0
    endloop
  endfacet
  facet normal 0 0 -1
    outer loop
      vertex -9.715964905917645 9.376583449542522 0
      vertex -9.588506661355495 9.542690262198448 0
      vertex -6.008553482592106 6.351387180387974 0
    endloop
  endfacet
  facet normal -0.9860880765301191 -0.1396958108839778 0.09008543581843631
    outer loop
      vertex -7.514420862432619 2.6384510557211507 15.883142371130075
      vertex -8.875 2 0
      vertex -7.434201129704609 2 15.77119068991159
    endloop
  endfacet
  facet normal 0 0 -1
    outer loop
      vertex -8.875 2 0
      vertex -9.491446517407894 6.351387180387974 0
      vertex -6.625 2 0
    endloop
  endfacet
  facet normal -0.9860880765301192 -0.1396958108839775 0.09008543581843621
    outer loop
      vertex -7.514420862432619 2.6384510557211507 15.883142371130075
      vertex -7.604576189213184 3.368527262591564 16.02842107054434
      vertex -9.491446517407894 6.351387180387974 0
    endloop
  endfacet
  facet normal -0.9860880765301194 -0.1396958108839759 0.09008543581843655
    outer loop
      vertex -7.604576189213184 3.368527262591564 16.02842107054434
      vertex -7.682565242594984 4.013317472805178 16.174620236996947
      vertex -9.491446517407894 6.351387180387974 0
    endloop
  endfacet
  facet normal -0.9860880765301192 -0.13969581088397795 0.09008543581843623
    outer loop
      vertex -7.682565242594984 4.013317472805178 16.174620236996947
      vertex -7.749118229468267 4.57777138224982 16.32142243263649
      vertex -9.491446517407894 6.351387180387974 0
    endloop
  endfacet
  facet normal 0 0 -1
    outer loop
      vertex -9.491446517407894 6.351387180387974 0
      vertex -6.008553482592106 6.351387180387974 0
      vertex -6.625 2 0
    endloop
  endfacet
  facet normal 0.9869553911115851 -0.13981868044972195 -0.07981098015358763
    outer loop
      vertex -6.625 2 0
      vertex -6.008553482592106 6.351387180387974 0
      vertex -5.349649362588395 2 15.77119068991159
    endloop
  endfacet
  facet normal 0.9869553911115853 -0.1398186804497221 -0.07981098015358766
    outer loop
      vertex -5.250149062539424 2.6384510557211507 15.883142371130075
      vertex -5.349649362588395 2 15.77119068991159
      vertex -6.008553482592106 6.351387180387974 0
    endloop
  endfacet
  facet normal 0.986955391111585 -0.13981868044972245 -0.07981098015358774
    outer loop
      vertex -5.250149062539424 2.6384510557211507 15.883142371130075
      vertex -6.008553482592106 6.351387180387974 0
      vertex -5.13497351530418 3.368527262591564 16.02842107054434
    endloop
  endfacet
  facet normal 0.9869553911115855 -0.1398186804497207 -0.07981098015358745
    outer loop
      vertex -5.13497351530418 3.368527262591564 16.02842107054434
      vertex -6.008553482592106 6.351387180387974 0
      vertex -5.031805716588875 4.013317472805178 16.174620236996947
    endloop
  endfacet
  facet normal 0.9869553911115853 -0.139818680449722 -0.07981098015358762
    outer loop
      vertex -5.031805716588875 4.013317472805178 16.174620236996947
      vertex -6.008553482592106 6.351387180387974 0
      vertex -4.93997012935545 4.57777138224982 16.32142243263649
    endloop
  endfacet
  facet normal -0.9860880765301193 -0.13969581088397706 0.09008543581843634
    outer loop
      vertex -7.34771968586924 3.4504453518977316 18.96703980323181
      vertex -7.232598071396753 2.730902451277202 19.111379698977334
      vertex -1.3216590389200285 4.592402903704082 86.7
    endloop
  endfacet
  facet normal -0.9860880765301193 -0.139695810883977 0.09008543581843632
    outer loop
      vertex -7.232598071396753 2.730902451277202 19.111379698977334
      vertex -7.1172665435113815 2 19.24040204073451
      vertex -1.3216590389200285 4.592402903704082 86.7
    endloop
  endfacet
  facet normal -0.9860880765301193 -0.13969581088397698 0.09008543581843632
    outer loop
      vertex -7.34771968586924 3.4504453518977316 18.96703980323181
      vertex -1.3216590389200285 4.592402903704082 86.7
      vertex -7.450939408466095 4.085327907747859 18.821696617166545
    endloop
  endfacet
  facet normal -0.9860880765301194 -0.13969581088397717 0.09008543581843634
    outer loop
      vertex -7.450939408466095 4.085327907747859 18.821696617166545
      vertex -1.3216590389200285 4.592402903704082 86.7
      vertex -7.542919890710708 4.640430216046266 18.675664246738716
    endloop
  endfacet
  facet normal -0.9860880765301191 -0.1396958108839784 0.0900854358184363
    outer loop
      vertex -7.6242494900630975 5.120056692008485 18.529177319195927
      vertex -1.3216590389200285 4.592402903704082 86.7
      vertex -7.695442474235982 5.5279471381660175 18.38240591183633
    endloop
  endfacet
  facet normal -0.9860880765301191 -0.13969581088397776 0.09008543581843632
    outer loop
      vertex -7.542919890710708 4.640430216046266 18.675664246738716
      vertex -1.3216590389200285 4.592402903704082 86.7
      vertex -7.6242494900630975 5.120056692008485 18.529177319195927
    endloop
  endfacet
  facet normal 0 0 -1
    outer loop
      vertex -9.588506661355495 6.457309737801552 0
      vertex -6.008553482592106 6.351387180387974 0
      vertex -9.491446517407894 6.351387180387974 0
    endloop
  endfacet
  facet normal -0.9860880765301195 -0.13969581088397648 0.09008543581843642
    outer loop
      vertex -7.749118229468267 4.57777138224982 16.32142243263649
      vertex -7.804876317594611 5.066262148997862 16.468590815386168
      vertex -9.491446517407894 6.351387180387974 0
    endloop
  endfacet
  facet normal -0.9860880765301192 -0.1396958108839782 0.09008543581843624
    outer loop
      vertex -7.804876317594611 5.066262148997862 16.468590815386168
      vertex -7.8503944845110345 5.482596684763839 16.615953913432293
      vertex -9.491446517407894 6.351387180387974 0
    endloop
  endfacet
  facet normal -0.9860880765301194 -0.13969581088397617 0.0900854358184364
    outer loop
      vertex -9.491446517407894 6.351387180387974 0
      vertex -7.8503944845110345 5.482596684763839 16.615953913432293
      vertex -7.886144839228557 5.830030837059528 16.763392808458917
    endloop
  endfacet
  facet normal 0 0 -1
    outer loop
      vertex -9.588506661355495 9.542690262198448 0
      vertex -5.9114933386445045 6.457309737801552 0
      vertex -6.008553482592106 6.351387180387974 0
    endloop
  endfacet
  facet normal 0 0 -1
    outer loop
      vertex -9.588506661355495 9.542690262198448 0
      vertex -5.7840350940823555 6.623416550457478 0
      vertex -5.9114933386445045 6.457309737801552 0
    endloop
  endfacet
  facet normal 0 0 -1
    outer loop
      vertex -9.588506661355495 9.542690262198448 0
      vertex -5.671539030969143 6.799999997019768 0
      vertex -5.7840350940823555 6.623416550457478 0
    endloop
  endfacet
  facet normal 0 0 -1
    outer loop
      vertex -9.588506661355495 9.542690262198448 0
      vertex -5.5748613104224205 6.985716171562672 0
      vertex -5.671539030969143 6.799999997019768 0
    endloop
  endfacet
  facet normal 0 0 -1
    outer loop
      vertex -9.588506661355495 9.542690262198448 0
      vertex -9.447056271135807 9.697056271135807 0
      vertex -5.5748613104224205 6.985716171562672 0
    endloop
  endfacet
  facet normal 0 0 -1
    outer loop
      vertex -9.447056271135807 9.697056271135807 0
      vertex -9.292690262198448 9.838506661355495 0
      vertex -5.386461392045021 8.416755624115467 0
    endloop
  endfacet
  facet normal 0 0 -1
    outer loop
      vertex -9.292690262198448 9.838506661355495 0
      vertex -9.126583449542522 9.965964905917645 0
      vertex -5.431778013706207 8.621165707707405 0
    endloop
  endfacet
  facet normal 0 0 -1
    outer loop
      vertex -9.126583449542522 9.965964905917645 0
      vertex -8.950000002980232 10.078460969030857 0
      vertex -5.5748613104224205 9.014283828437328 0
    endloop
  endfacet
  facet normal 0 0 -1
    outer loop
      vertex -8.950000002980232 10.078460969030857 0
      vertex -8.764283828437328 10.17513868957758 0
      vertex -5.5748613104224205 9.014283828437328 0
    endloop
  endfacet
  facet normal 0 0 -1
    outer loop
      vertex -8.764283828437328 10.17513868957758 0
      vertex -8.57084834575653 10.255262292921543 0
      vertex -6.052943728864193 9.697056271135807 0
    endloop
  endfacet
  facet normal 0 0 -1
    outer loop
      vertex -8.57084834575653 10.255262292921543 0
      vertex -8.371165707707405 10.318221986293793 0
      vertex -6.052943728864193 9.697056271135807 0
    endloop
  endfacet
  facet normal 0 0 -1
    outer loop
      vertex -8.371165707707405 10.318221986293793 0
      vertex -8.166755624115467 10.363538607954979 0
      vertex -6.052943728864193 9.697056271135807 0
    endloop
  endfacet
  facet normal 0 0 -1
    outer loop
      vertex -9.447056271135807 9.697056271135807 0
      vertex -5.494737707078457 7.179151654243469 0
      vertex -5.5748613104224205 6.985716171562672 0
    endloop
  endfacet
  facet normal 0 0 -1
    outer loop
      vertex -9.447056271135807 9.697056271135807 0
      vertex -5.431778013706207 7.378834292292595 0
      vertex -5.494737707078457 7.179151654243469 0
    endloop
  endfacet
  facet normal 0 0 -1
    outer loop
      vertex -9.447056271135807 9.697056271135807 0
      vertex -5.386461392045021 7.583244375884533 0
      vertex -5.431778013706207 7.378834292292595 0
    endloop
  endfacet
  facet normal 0 0 -1
    outer loop
      vertex -9.447056271135807 9.697056271135807 0
      vertex -5.359132722020149 7.790826216340065 0
      vertex -5.386461392045021 7.583244375884533 0
    endloop
  endfacet
  facet normal 0 0 -1
    outer loop
      vertex -9.447056271135807 9.697056271135807 0
      vertex -5.350000001490116 8 0
      vertex -5.359132722020149 7.790826216340065 0
    endloop
  endfacet
  facet normal 0 0 -1
    outer loop
      vertex -9.447056271135807 9.697056271135807 0
      vertex -5.359132722020149 8.209173783659935 0
      vertex -5.350000001490116 8 0
    endloop
  endfacet
  facet normal 0 0 -1
    outer loop
      vertex -9.447056271135807 9.697056271135807 0
      vertex -5.386461392045021 8.416755624115467 0
      vertex -5.359132722020149 8.209173783659935 0
    endloop
  endfacet
  facet normal 0 0 -1
    outer loop
      vertex -9.292690262198448 9.838506661355495 0
      vertex -5.431778013706207 8.621165707707405 0
      vertex -5.386461392045021 8.416755624115467 0
    endloop
  endfacet
  facet normal 0 0 -1
    outer loop
      vertex -8.166755624115467 10.363538607954979 0
      vertex -7.959173783659935 10.39086727797985 0
      vertex -6.052943728864193 9.697056271135807 0
    endloop
  endfacet
  facet normal 0 0 -1
    outer loop
      vertex -7.75 10.399999998509884 0
      vertex -7.540826216340065 10.39086727797985 0
      vertex -6.735716171562672 10.17513868957758 0
    endloop
  endfacet
  facet normal 0 0 -1
    outer loop
      vertex -7.959173783659935 10.39086727797985 0
      vertex -7.75 10.399999998509884 0
      vertex -6.052943728864193 9.697056271135807 0
    endloop
  endfacet
  facet normal 0 0 -1
    outer loop
      vertex -7.540826216340065 10.39086727797985 0
      vertex -7.333244375884533 10.363538607954979 0
      vertex -6.735716171562672 10.17513868957758 0
    endloop
  endfacet
  facet normal 0 0 -1
    outer loop
      vertex -9.126583449542522 9.965964905917645 0
      vertex -5.494737707078457 8.82084834575653 0
      vertex -5.431778013706207 8.621165707707405 0
    endloop
  endfacet
  facet normal 0 0 -1
    outer loop
      vertex -9.126583449542522 9.965964905917645 0
      vertex -5.5748613104224205 9.014283828437328 0
      vertex -5.494737707078457 8.82084834575653 0
    endloop
  endfacet
  facet normal 0 0 -1
    outer loop
      vertex -8.764283828437328 10.17513868957758 0
      vertex -5.7840350940823555 9.376583449542522 0
      vertex -5.671539030969143 9.200000002980232 0
    endloop
  endfacet
  facet normal 0 0 -1
    outer loop
      vertex -8.764283828437328 10.17513868957758 0
      vertex -5.9114933386445045 9.542690262198448 0
      vertex -5.7840350940823555 9.376583449542522 0
    endloop
  endfacet
  facet normal 0 0 -1
    outer loop
      vertex -8.764283828437328 10.17513868957758 0
      vertex -5.671539030969143 9.200000002980232 0
      vertex -5.5748613104224205 9.014283828437328 0
    endloop
  endfacet
  facet normal 0 0 -1
    outer loop
      vertex -8.764283828437328 10.17513868957758 0
      vertex -6.052943728864193 9.697056271135807 0
      vertex -5.9114933386445045 9.542690262198448 0
    endloop
  endfacet
  facet normal 0 0 -1
    outer loop
      vertex -7.75 10.399999998509884 0
      vertex -6.735716171562672 10.17513868957758 0
      vertex -6.549999997019768 10.078460969030857 0
    endloop
  endfacet
  facet normal 0 0 -1
    outer loop
      vertex -7.333244375884533 10.363538607954979 0
      vertex -7.128834292292595 10.318221986293793 0
      vertex -6.735716171562672 10.17513868957758 0
    endloop
  endfacet
  facet normal 0 0 -1
    outer loop
      vertex -7.75 10.399999998509884 0
      vertex -6.549999997019768 10.078460969030857 0
      vertex -6.373416550457478 9.965964905917645 0
    endloop
  endfacet
  facet normal 0 0 -1
    outer loop
      vertex -7.128834292292595 10.318221986293793 0
      vertex -6.929151654243469 10.255262292921543 0
      vertex -6.735716171562672 10.17513868957758 0
    endloop
  endfacet
  facet normal 0 0 -1
    outer loop
      vertex -7.75 10.399999998509884 0
      vertex -6.373416550457478 9.965964905917645 0
      vertex -6.207309737801552 9.838506661355495 0
    endloop
  endfacet
  facet normal 0 0 -1
    outer loop
      vertex -7.75 10.399999998509884 0
      vertex -6.207309737801552 9.838506661355495 0
      vertex -6.052943728864193 9.697056271135807 0
    endloop
  endfacet
  facet normal 0.7354151954484621 -0.6738838871948448 -0.07102814148396487
    outer loop
      vertex -6.008553482592106 6.351387180387974 0
      vertex -5.9114933386445045 6.457309737801552 0
      vertex -4.693815626104235 6.009381185728063 16.85741034190217
    endloop
  endfacet
  facet normal 0.7911802606255613 -0.6070939869302232 -0.07396408743190702
    outer loop
      vertex -5.9114933386445045 6.457309737801552 0
      vertex -5.7840350940823555 6.623416550457478 0
      vertex -4.572083188994575 6.107235326741675 17.20081982203051
    endloop
  endfacet
  facet normal 0.9869553911115851 -0.13981868044972312 -0.07981098015358772
    outer loop
      vertex -4.93997012935545 4.57777138224982 16.32142243263649
      vertex -6.008553482592106 6.351387180387974 0
      vertex -4.858866375311104 5.066262148997862 16.468590815386168
    endloop
  endfacet
  facet normal 0.9869553911115854 -0.13981868044972084 -0.07981098015358756
    outer loop
      vertex -4.858866375311104 5.066262148997862 16.468590815386168
      vertex -6.008553482592106 6.351387180387974 0
      vertex -4.787969008175627 5.482596684763839 16.615953913432293
    endloop
  endfacet
  facet normal 0.9869553911115849 -0.13981868044972387 -0.07981098015358769
    outer loop
      vertex -6.008553482592106 6.351387180387974 0
      vertex -4.726826399314629 5.830030837059528 16.763392808458917
      vertex -4.787969008175627 5.482596684763839 16.615953913432293
    endloop
  endfacet
  facet normal 0.9869553911115853 -0.13981868044972098 -0.07981098015358763
    outer loop
      vertex -6.008553482592106 6.351387180387974 0
      vertex -4.693815626104235 6.009381185728063 16.85741034190217
      vertex -4.726826399314629 5.830030837059528 16.763392808458917
    endloop
  endfacet
  facet normal 0.735415195448463 -0.6738838871948436 -0.07102814148396502
    outer loop
      vertex -5.9114933386445045 6.457309737801552 0
      vertex -4.669723905684926 6.030253457402888 16.908825592727258
      vertex -4.693815626104235 6.009381185728063 16.85741034190217
    endloop
  endfacet
  facet normal 0.735415195448467 -0.6738838871948395 -0.07102814148396501
    outer loop
      vertex -5.9114933386445045 6.457309737801552 0
      vertex -4.615030100912676 6.074695697728335 17.053468902345095
      vertex -4.669723905684926 6.030253457402888 16.908825592727258
    endloop
  endfacet
  facet normal 0.7354151954484563 -0.6738838871948509 -0.0710281414839644
    outer loop
      vertex -5.9114933386445045 6.457309737801552 0
      vertex -4.579837213102428 6.100399490054295 17.173984697919373
      vertex -4.615030100912676 6.074695697728335 17.053468902345095
    endloop
  endfacet
  facet normal 0.7911802606255292 -0.6070939869302655 -0.0739640874319054
    outer loop
      vertex -5.9114933386445045 6.457309737801552 0
      vertex -4.572083188994575 6.107235326741675 17.20081982203051
      vertex -4.579837213102428 6.100399490054295 17.173984697919373
    endloop
  endfacet
  facet normal 0.7911802606255689 -0.6070939869302132 -0.07396408743190741
    outer loop
      vertex -5.7840350940823555 6.623416550457478 0
      vertex -4.541210127793667 6.129297542656143 17.3499775872415
      vertex -4.572083188994575 6.107235326741675 17.20081982203051
    endloop
  endfacet
  facet normal 0.791180260625553 -0.6070939869302343 -0.07396408743190633
    outer loop
      vertex -5.7840350940823555 6.623416550457478 0
      vertex -4.522210368768446 6.135780827827989 17.5
      vertex -4.541210127793667 6.129297542656143 17.3499775872415
    endloop
  endfacet
  facet normal -0.9209350268897507 -0.381463792358308 0.07977500465178151
    outer loop
      vertex -9.92513868957758 6.985716171562672 0
      vertex -1.6277723432966305 5.085555762010462 86.7
      vertex -10.005262292921543 7.179151654243469 0
    endloop
  endfacet
  facet normal -0.8845500590356212 -0.4604676120833877 0.07443635726109972
    outer loop
      vertex -9.828460969030857 6.799999997019768 0
      vertex -1.58003752831618 4.9703137285639265 86.7
      vertex -9.92513868957758 6.985716171562672 0
    endloop
  endfacet
  facet normal -0.8414039403850622 -0.5360334313549265 0.0686117305885371
    outer loop
      vertex -9.828460969030857 6.799999997019768 0
      vertex -9.715964905917645 6.623416550457478 0
      vertex -1.5224403545692855 4.859670586459777 86.7
    endloop
  endfacet
  facet normal -0.9871938639522585 -0.12996654861198625 0.0925038983875701
    outer loop
      vertex -10.113538607954979 7.583244375884533 0
      vertex -1.7085610073360744 5.449969877593658 86.7
      vertex -10.14086727797985 7.790826216340065 0
    endloop
  endfacet
  facet normal -0.9944773054688064 -0.04341979738279503 0.09554899320630847
    outer loop
      vertex -10.14086727797985 7.790826216340065 0
      vertex -1.7140019598965548 5.574588235294118 86.7
      vertex -10.149999998509884 8 0
    endloop
  endfacet
  facet normal -0.9502988055915071 -0.29962805978823703 0.08458845003244533
    outer loop
      vertex -10.068221986293793 7.378834292292595 0
      vertex -10.005262292921543 7.179151654243469 0
      vertex -1.6652815065009925 5.204519630137613 86.7
    endloop
  endfacet
  facet normal -0.972435504124937 -0.2155837474158378 0.08884164658212894
    outer loop
      vertex -10.068221986293793 7.378834292292595 0
      vertex -1.6922795502765506 5.32629994346815 86.7
      vertex -10.113538607954979 7.583244375884533 0
    endloop
  endfacet
  facet normal -0.9942436165090013 0.043409594307039015 0.09795528649950588
    outer loop
      vertex -10.149999998509884 8 0
      vertex -1.7085610073360744 5.699206592994578 86.7
      vertex -10.14086727797985 8.209173783659935 0
    endloop
  endfacet
  facet normal -0.9865044533340603 0.12987578597468122 0.09970578603835217
    outer loop
      vertex -10.14086727797985 8.209173783659935 0
      vertex -1.6922795502765506 5.822876527120085 86.7
      vertex -10.113538607954979 8.416755624115467 0
    endloop
  endfacet
  facet normal -0.9713246191555278 0.21533747016286087 0.10078818465588062
    outer loop
      vertex -10.113538607954979 8.416755624115467 0
      vertex -1.6652815065009925 5.944656840450623 86.7
      vertex -10.068221986293793 8.621165707707405 0
    endloop
  endfacet
  facet normal -0.9488211602076666 0.299162159992499 0.10119490091304022
    outer loop
      vertex -10.068221986293793 8.621165707707405 0
      vertex -1.6277723432966305 6.063620708577774 86.7
      vertex -10.005262292921543 8.82084834575653 0
    endloop
  endfacet
  facet normal -0.9191624115849977 0.38072955103096146 0.10092309002906046
    outer loop
      vertex -10.005262292921543 8.82084834575653 0
      vertex -1.58003752831618 6.17886274202431 86.7
      vertex -9.92513868957758 9.014283828437328 0
    endloop
  endfacet
  facet normal -0.8825668962559137 0.4594352428915975 0.09997465289933352
    outer loop
      vertex -9.92513868957758 9.014283828437328 0
      vertex -1.5224403545692855 6.289505884128459 86.7
      vertex -9.828460969030857 9.200000002980232 0
    endloop
  endfacet
  facet normal -0.8393020675423171 0.5346943906657984 0.09835623015204778
    outer loop
      vertex -9.828460969030857 9.200000002980232 0
      vertex -1.4554191706157198 6.394708069233333 86.7
      vertex -9.715964905917645 9.376583449542522 0
    endloop
  endfacet
  facet normal -0.7896830345517204 0.6059451249176835 0.09607918884794595
    outer loop
      vertex -9.715964905917645 9.376583449542522 0
      vertex -1.3794840470318697 6.493668645620346 86.7
      vertex -9.588506661355495 9.542690262198448 0
    endloop
  endfacet
  facet normal -0.7340710473406432 0.6726522037467786 0.09315959559172311
    outer loop
      vertex -9.588506661355495 9.542690262198448 0
      vertex -1.295212896905694 6.585634465533144 86.7
      vertex -9.447056271135807 9.697056271135807 0
    endloop
  endfacet
  facet normal -0.672871775494022 0.7343106678481917 0.08961817241980292
    outer loop
      vertex -9.447056271135807 9.697056271135807 0
      vertex -1.203247076992895 6.669905615659322 86.7
      vertex -9.292690262198448 9.838506661355495 0
    endloop
  endfacet
  facet normal -0.7918100206925558 -0.607577218841974 0.06234432031152966
    outer loop
      vertex -9.715964905917645 6.623416550457478 0
      vertex -7.963900742342664 6.135780827827989 17.5
      vertex -1.4554191706157198 4.754468401354902 86.7
    endloop
  endfacet
  facet normal -0.791810020692546 -0.6075772188419868 0.06234432031152851
    outer loop
      vertex -7.963900742342664 6.135780827827989 17.5
      vertex -7.945089516893446 6.126661270448573 17.65003903251814
      vertex -1.4554191706157198 4.754468401354902 86.7
    endloop
  endfacet
  facet normal -0.7918100206925721 -0.6075772188419525 0.06234432031153162
    outer loop
      vertex -7.945089516893446 6.126661270448573 17.65003903251814
      vertex -7.914397122691274 6.101972522602466 17.799246281692007
      vertex -1.4554191706157198 4.754468401354902 86.7
    endloop
  endfacet
  facet normal -0.7918100206925482 -0.6075772188419837 0.06234432031152878
    outer loop
      vertex -7.914397122691274 6.101972522602466 17.799246281692007
      vertex -7.897734744794991 6.086201480880863 17.85717156023134
      vertex -1.4554191706157198 4.754468401354902 86.7
    endloop
  endfacet
  facet normal -0.9860880765301192 -0.13969581088397837 0.09008543581843631
    outer loop
      vertex -7.778954642958503 5.982681594222232 18.173428122299566
      vertex -7.756940075388519 5.867292297854587 18.235468131503524
      vertex -1.3216590389200285 4.592402903704082 86.7
    endloop
  endfacet
  facet normal -0.9860880765301195 -0.13969581088397573 0.09008543581843637
    outer loop
      vertex -7.695442474235982 5.5279471381660175 18.38240591183633
      vertex -1.3216590389200285 4.592402903704082 86.7
      vertex -7.756940075388519 5.867292297854587 18.235468131503524
    endloop
  endfacet
  facet normal -0.736133521748249 -0.674542111993798 0.055681031828325074
    outer loop
      vertex -7.897734744794991 6.086201480880863 17.85717156023134
      vertex -7.8717283706256875 6.0652114703614926 17.94670865419208
      vertex -1.3794840470318697 4.65550782496789 86.7
    endloop
  endfacet
  facet normal -0.7361335217482506 -0.674542111993796 0.055681031828325296
    outer loop
      vertex -7.8717283706256875 6.0652114703614926 17.94670865419208
      vertex -7.817215576821281 6.0176720195922435 18.091485665212886
      vertex -1.3794840470318697 4.65550782496789 86.7
    endloop
  endfacet
  facet normal -0.736133521748245 -0.6745421119938022 0.05568103182832464
    outer loop
      vertex -7.778954642958503 5.982681594222232 18.173428122299566
      vertex -1.3794840470318697 4.65550782496789 86.7
      vertex -7.817215576821281 6.0176720195922435 18.091485665212886
    endloop
  endfacet
  facet normal -0.6065332941005183 0.7904495515283094 0.0854802295052409
    outer loop
      vertex -9.292690262198448 9.838506661355495 0
      vertex -1.1042865006058822 6.745840739243171 86.7
      vertex -9.126583449542522 9.965964905917645 0
    endloop
  endfacet
  facet normal -0.5355438844820342 0.8406355057245342 0.0807755799059987
    outer loop
      vertex -9.126583449542522 9.965964905917645 0
      vertex -0.9990843155010074 6.812861923196737 86.7
      vertex -8.950000002980232 10.078460969030857 0
    endloop
  endfacet
  facet normal -0.46042934519373446 0.8844765490240294 0.07553841612724539
    outer loop
      vertex -8.950000002980232 10.078460969030857 0
      vertex -0.8884411733968589 6.870459096943631 86.7
      vertex -8.764283828437328 10.17513868957758 0
    endloop
  endfacet
  facet normal -0.38174989029694456 0.921625728387742 0.06980714886051978
    outer loop
      vertex -8.764283828437328 10.17513868957758 0
      vertex -0.7731991399503224 6.918193911924082 86.7
      vertex -8.57084834575653 10.255262292921543 0
    endloop
  endfacet
  facet normal -0.30009654550402215 0.9517846524660019 0.06362419906548532
    outer loop
      vertex -8.57084834575653 10.255262292921543 0
      vertex -0.6542352718231728 6.955703075128444 86.7
      vertex -8.371165707707405 10.318221986293793 0
    endloop
  endfacet
  facet normal -0.2160872667152187 0.9747067330538303 0.05703575810905888
    outer loop
      vertex -8.371165707707405 10.318221986293793 0
      vertex -0.5324549584926341 6.982701118904002 86.7
      vertex -8.166755624115467 10.363538607954979 0
    endloop
  endfacet
  facet normal -0.13036234471675912 0.990200233592607 0.05009148104313988
    outer loop
      vertex -8.166755624115467 10.363538607954979 0
      vertex -0.40878502436712694 6.998982575963526 86.7
      vertex -7.959173783659935 10.39086727797985 0
    endloop
  endfacet
  facet normal -0.04357931517909903 0.9981308653148867 0.04284412438451937
    outer loop
      vertex -7.959173783659935 10.39086727797985 0
      vertex -0.2841666666666667 7.004423528524006 86.7
      vertex -7.75 10.399999998509884 0
    endloop
  endfacet
  facet normal 0.04359210672623337 0.9984238400428613 0.03534917064423929
    outer loop
      vertex -7.75 10.399999998509884 0
      vertex -0.2841666666666667 7.004423528524006 86.7
      vertex -7.540826216340065 10.39086727797985 0
    endloop
  endfacet
  facet normal 0.13047624647018782 0.9910654032326344 0.02766433845922664
    outer loop
      vertex -7.540826216340065 10.39086727797985 0
      vertex -0.15954830896620642 6.998982575963526 86.7
      vertex -7.333244375884533 10.363538607954979 0
    endloop
  endfacet
  facet normal 0.21639695938810383 0.9761036665151452 0.01984913558000581
    outer loop
      vertex -7.333244375884533 10.363538607954979 0
      vertex -0.03587837484069922 6.982701118904002 86.7
      vertex -7.128834292292595 10.318221986293793 0
    endloop
  endfacet
  facet normal 0.9869553911115854 -0.13981868044972195 -0.07981098015358763
    outer loop
      vertex -4.975997647112706 2.730902451277202 19.111379698977334
      vertex 0.7533257055866951 4.592402903704082 86.7
      vertex -5.069108660584342 2 19.24040204073451
    endloop
  endfacet
  facet normal 0.9869553911115854 -0.13981868044972162 -0.07981098015358763
    outer loop
      vertex -4.975997647112706 2.730902451277202 19.111379698977334
      vertex -4.885734570240837 3.4504453518977316 18.96703980323181
      vertex 0.7533257055866951 4.592402903704082 86.7
    endloop
  endfacet
  facet normal 0.9869553911115851 -0.13981868044972245 -0.0798109801535876
    outer loop
      vertex -4.885734570240837 3.4504453518977316 18.96703980323181
      vertex -4.807546174133 4.085327907747859 18.821696617166545
      vertex 0.7533257055866951 4.592402903704082 86.7
    endloop
  endfacet
  facet normal 0.9869553911115854 -0.1398186804497209 -0.07981098015358763
    outer loop
      vertex -4.807546174133 4.085327907747859 18.821696617166545
      vertex -4.740715711239846 4.640430216046266 18.675664246738716
      vertex 0.7533257055866951 4.592402903704082 86.7
    endloop
  endfacet
  facet normal 0.9869553911115851 -0.13981868044972226 -0.07981098015358762
    outer loop
      vertex -4.740715711239846 4.640430216046266 18.675664246738716
      vertex -4.684614416075382 5.120056692008485 18.529177319195927
      vertex 0.7533257055866951 4.592402903704082 86.7
    endloop
  endfacet
  facet normal 0.9869553911115854 -0.13981868044972123 -0.07981098015358763
    outer loop
      vertex -4.684614416075382 5.120056692008485 18.529177319195927
      vertex -4.638698729836651 5.5279471381660175 18.38240591183633
      vertex 0.7533257055866951 4.592402903704082 86.7
    endloop
  endfacet
  facet normal 0.8409358288602821 -0.5357352114217399 -0.07625427845028977
    outer loop
      vertex -5.7840350940823555 6.623416550457478 0
      vertex -5.671539030969143 6.799999997019768 0
      vertex 0.9541070212359521 4.859670586459777 86.7
    endloop
  endfacet
  facet normal 0.8843165957769513 -0.46034607880425804 -0.07788225833274366
    outer loop
      vertex -5.671539030969143 6.799999997019768 0
      vertex -5.5748613104224205 6.985716171562672 0
      vertex 1.0117041949828476 4.9703137285639265 86.7
    endloop
  endfacet
  facet normal 0.92100401636755 -0.381492368736734 -0.07883637758343258
    outer loop
      vertex -5.5748613104224205 6.985716171562672 0
      vertex -5.494737707078457 7.179151654243469 0
      vertex 1.059439009963297 5.085555762010462 86.7
    endloop
  endfacet
  facet normal 0.9507279132200359 -0.29976335690259714 -0.07910982797833573
    outer loop
      vertex -5.494737707078457 7.179151654243469 0
      vertex -5.431778013706207 7.378834292292595 0
      vertex 1.0969481731676591 5.204519630137613 86.7
    endloop
  endfacet
  facet normal 0.9732678255843619 -0.21576826862934378 -0.07870066032114172
    outer loop
      vertex -5.431778013706207 7.378834292292595 0
      vertex -5.386461392045021 7.583244375884533 0
      vertex 1.1239462169432173 5.32629994346815 86.7
    endloop
  endfacet
  facet normal 0.98845432094986 -0.1301324909376367 -0.07761179161646418
    outer loop
      vertex -5.386461392045021 7.583244375884533 0
      vertex -5.359132722020149 7.790826216340065 0
      vertex 1.140227674002741 5.449969877593658 86.7
    endloop
  endfacet
  facet normal 0.9961701280785784 -0.04349370758096357 -0.07585099422400741
    outer loop
      vertex -5.359132722020149 7.790826216340065 0
      vertex -5.350000001490116 8 0
      vertex 1.1456686265632214 5.574588235294118 86.7
    endloop
  endfacet
  facet normal 0.996351100724155 0.04350160901376606 -0.07343087973719356
    outer loop
      vertex -5.350000001490116 8 0
      vertex -5.359132722020149 8.209173783659935 0
      vertex 1.140227674002741 5.699206592994578 86.7
    endloop
  endfacet
  facet normal 0.9889871076669624 0.13020263364546403 -0.07036885007104436
    outer loop
      vertex -5.386461392045021 8.416755624115467 0
      vertex 1.1239462169432173 5.822876527120085 86.7
      vertex -5.359132722020149 8.209173783659935 0
    endloop
  endfacet
  facet normal 0.9741227172671318 0.2159577935405841 -0.06668705356500655
    outer loop
      vertex -5.386461392045021 8.416755624115467 0
      vertex -5.431778013706207 8.621165707707405 0
      vertex 1.0969481731676591 5.944656840450623 86.7
    endloop
  endfacet
  facet normal 0.7911802606255622 -0.6070939869302221 -0.07396408743190702
    outer loop
      vertex -5.7840350940823555 6.623416550457478 0
      vertex 0.8870858372823864 4.754468401354902 86.7
      vertex -4.522210368768446 6.135780827827989 17.5
    endloop
  endfacet
  facet normal 0.4617453319235871 0.8870045360290534 -0.0037684891747842824
    outer loop
      vertex -6.735716171562672 10.17513868957758 0
      vertex 0.32010784006352466 6.870459096943631 86.7
      vertex -6.549999997019768 10.078460969030857 0
    endloop
  endfacet
  facet normal 0.537264119238612 0.8433357333930088 -0.011493779240728844
    outer loop
      vertex -6.549999997019768 10.078460969030857 0
      vertex 0.43075098216767316 6.812861923196737 86.7
      vertex -6.373416550457478 9.965964905917645 0
    endloop
  endfacet
  facet normal 0.6086510347132392 0.7932094447342728 -0.019044545855702772
    outer loop
      vertex -6.373416550457478 9.965964905917645 0
      vertex 0.5359531672725488 6.745840739243171 86.7
      vertex -6.207309737801552 9.838506661355495 0
    endloop
  endfacet
  facet normal 0.3006842741262344 0.9536486895261321 0.01196429096395169
    outer loop
      vertex -7.128834292292595 10.318221986293793 0
      vertex 0.0859019384898394 6.955703075128444 86.7
      vertex -6.929151654243469 10.255262292921543 0
    endloop
  endfacet
  facet normal 0.38268027299715485 0.9238718708374326 0.004071232511834108
    outer loop
      vertex -6.929151654243469 10.255262292921543 0
      vertex 0.20486580661698905 6.918193911924082 86.7
      vertex -6.735716171562672 10.17513868957758 0
    endloop
  endfacet
  facet normal 0.842484416915013 0.5367217708242936 -0.046365374781239345
    outer loop
      vertex -5.7840350940823555 9.376583449542522 0
      vertex 0.8870858372823864 6.394708069233333 86.7
      vertex -5.671539030969143 9.200000002980232 0
    endloop
  endfacet
  facet normal 0.6753554204206272 0.7370210905931704 -0.026362248184318385
    outer loop
      vertex -6.052943728864193 9.697056271135807 0
      vertex -6.207309737801552 9.838506661355495 0
      vertex 0.6349137436595615 6.669905615659322 86.7
    endloop
  endfacet
  facet normal 0.7368662101515764 0.6752134986397138 -0.033390411671167665
    outer loop
      vertex -6.052943728864193 9.697056271135807 0
      vertex 0.7268795635723606 6.585634465533144 86.7
      vertex -5.9114933386445045 9.542690262198448 0
    endloop
  endfacet
  facet normal 0.7927160059495754 0.6082724058039802 -0.04007510759549874
    outer loop
      vertex -5.7840350940823555 9.376583449542522 0
      vertex -5.9114933386445045 9.542690262198448 0
      vertex 0.8111507136985363 6.493668645620346 86.7
    endloop
  endfacet
  facet normal 0.9518576354025139 0.3001195569353068 -0.062412286217459104
    outer loop
      vertex -5.431778013706207 8.621165707707405 0
      vertex -5.494737707078457 8.82084834575653 0
      vertex 1.059439009963297 6.063620708577774 86.7
    endloop
  endfacet
  facet normal 0.9223469337222436 0.38204862333883693 -0.05757589129205589
    outer loop
      vertex -5.5748613104224205 9.014283828437328 0
      vertex 1.0117041949828476 6.17886274202431 86.7
      vertex -5.494737707078457 8.82084834575653 0
    endloop
  endfacet
  facet normal 0.8858008978370387 0.4611187575444122 -0.05221360772627977
    outer loop
      vertex -5.5748613104224205 9.014283828437328 0
      vertex -5.671539030969143 9.200000002980232 0
      vertex 0.9541070212359521 6.289505884128459 86.7
    endloop
  endfacet
  facet normal 0.9869553911115853 -0.13981868044972232 -0.07981098015358763
    outer loop
      vertex -4.638698729836651 5.5279471381660175 18.38240591183633
      vertex -4.6025070797414305 5.867292297854587 18.235468131503524
      vertex 0.7533257055866951 4.592402903704082 86.7
    endloop
  endfacet
  facet normal 0.9869553911115853 -0.13981868044972198 -0.07981098015358763
    outer loop
      vertex -4.6025070797414305 5.867292297854587 18.235468131503524
      vertex -4.591177180423239 5.982681594222232 18.173428122299566
      vertex 0.7533257055866951 4.592402903704082 86.7
    endloop
  endfacet
  facet normal 0.7911802606255354 -0.6070939869302571 -0.07396408743190565
    outer loop
      vertex -4.522210368768446 6.135780827827989 17.5
      vertex 0.8870858372823864 4.754468401354902 86.7
      vertex -4.515181538617319 6.126661270448573 17.65003903251814
    endloop
  endfacet
  facet normal 0.791180260625567 -0.6070939869302157 -0.07396408743190729
    outer loop
      vertex -4.515181538617319 6.126661270448573 17.65003903251814
      vertex 0.8870858372823864 4.754468401354902 86.7
      vertex -4.520177128795103 6.101972522602466 17.799246281692007
    endloop
  endfacet
  facet normal 0.7354151954484548 -0.6738838871948528 -0.07102814148396445
    outer loop
      vertex -4.591177180423239 5.982681594222232 18.173428122299566
      vertex -4.567028558614277 6.0176720195922435 18.091485665212886
      vertex 0.8111507136985363 4.65550782496789 86.7
    endloop
  endfacet
  facet normal 0.7354151954484703 -0.6738838871948358 -0.07102814148396532
    outer loop
      vertex -4.567028558614277 6.0176720195922435 18.091485665212886
      vertex -4.537449583374566 6.0652114703614926 17.94670865419208
      vertex 0.8111507136985363 4.65550782496789 86.7
    endloop
  endfacet
  facet normal 0.7354151954484532 -0.6738838871948543 -0.07102814148396437
    outer loop
      vertex -4.537449583374566 6.0652114703614926 17.94670865419208
      vertex -4.526863486498501 6.086201480880863 17.85717156023134
      vertex 0.8111507136985363 4.65550782496789 86.7
    endloop
  endfacet
  facet normal 0.7911802606255655 -0.6070939869302179 -0.07396408743190722
    outer loop
      vertex -4.526863486498501 6.086201480880863 17.85717156023134
      vertex -4.520177128795103 6.101972522602466 17.799246281692007
      vertex 0.8870858372823864 4.754468401354902 86.7
    endloop
  endfacet
  facet normal -0.9860880765301193 -0.1396958108839773 0.09008543581843634
    outer loop
      vertex -1.3216590389200285 4.592402903704082 86.7
      vertex -7.1172665435113815 2 19.24040204073451
      vertex -0.9544019607843133 2 86.7
    endloop
  endfacet
  facet normal -0.7918100206925534 -0.6075772188419774 0.06234432031152964
    outer loop
      vertex -7.897734744794991 6.086201480880863 17.85717156023134
      vertex -1.3794840470318697 4.65550782496789 86.7
      vertex -1.4554191706157198 4.754468401354902 86.7
    endloop
  endfacet
  facet normal -0.7361335217482542 -0.674542111993792 0.05568103182832546
    outer loop
      vertex -7.778954642958503 5.982681594222232 18.173428122299566
      vertex -1.3216590389200285 4.592402903704082 86.7
      vertex -1.3794840470318697 4.65550782496789 86.7
    endloop
  endfacet
  facet normal 0.9869553911115851 -0.1398186804497221 -0.07981098015358762
    outer loop
      vertex 0.7533257055866951 4.592402903704082 86.7
      vertex 0.3860686274509799 2 86.7
      vertex -5.069108660584342 2 19.24040204073451
    endloop
  endfacet
  facet normal -0.9502988055915063 -0.2996280597882399 0.08458845003244533
    outer loop
      vertex -10.005262292921543 7.179151654243469 0
      vertex -1.6277723432966305 5.085555762010462 86.7
      vertex -1.6652815065009925 5.204519630137613 86.7
    endloop
  endfacet
  facet normal -0.9871938639522587 -0.12996654861198442 0.09250389838756988
    outer loop
      vertex -10.113538607954979 7.583244375884533 0
      vertex -1.6922795502765506 5.32629994346815 86.7
      vertex -1.7085610073360744 5.449969877593658 86.7
    endloop
  endfacet
  facet normal -0.9724355041249378 -0.21558374741583383 0.08884164658212905
    outer loop
      vertex -10.068221986293793 7.378834292292595 0
      vertex -1.6652815065009925 5.204519630137613 86.7
      vertex -1.6922795502765506 5.32629994346815 86.7
    endloop
  endfacet
  facet normal -0.9944773054688067 -0.04341979738279164 0.09554899320630846
    outer loop
      vertex -10.14086727797985 7.790826216340065 0
      vertex -1.7085610073360744 5.449969877593658 86.7
      vertex -1.7140019598965548 5.574588235294118 86.7
    endloop
  endfacet
  facet normal -0.9942436165090015 0.04340959430703563 0.0979552864995059
    outer loop
      vertex -10.149999998509884 8 0
      vertex -1.7140019598965548 5.574588235294118 86.7
      vertex -1.7085610073360744 5.699206592994578 86.7
    endloop
  endfacet
  facet normal -0.8414039403850598 -0.5360334313549302 0.06861173058853683
    outer loop
      vertex -9.715964905917645 6.623416550457478 0
      vertex -1.4554191706157198 4.754468401354902 86.7
      vertex -1.5224403545692855 4.859670586459777 86.7
    endloop
  endfacet
  facet normal -0.9209350268897517 -0.3814637923583058 0.07977500465178133
    outer loop
      vertex -9.92513868957758 6.985716171562672 0
      vertex -1.58003752831618 4.9703137285639265 86.7
      vertex -1.6277723432966305 5.085555762010462 86.7
    endloop
  endfacet
  facet normal -0.8845500590356233 -0.46046761208338344 0.0744363572611001
    outer loop
      vertex -9.828460969030857 6.799999997019768 0
      vertex -1.5224403545692855 4.859670586459777 86.7
      vertex -1.58003752831618 4.9703137285639265 86.7
    endloop
  endfacet
  facet normal -0.9865044533340592 0.12987578597469002 0.09970578603835216
    outer loop
      vertex -10.14086727797985 8.209173783659935 0
      vertex -1.7085610073360744 5.699206592994578 86.7
      vertex -1.6922795502765506 5.822876527120085 86.7
    endloop
  endfacet
  facet normal -0.9713246191555285 0.21533747016285743 0.10078818465588084
    outer loop
      vertex -10.113538607954979 8.416755624115467 0
      vertex -1.6922795502765506 5.822876527120085 86.7
      vertex -1.6652815065009925 5.944656840450623 86.7
    endloop
  endfacet
  facet normal -0.9488211602076628 0.2991621599925106 0.10119490091303954
    outer loop
      vertex -10.068221986293793 8.621165707707405 0
      vertex -1.6652815065009925 5.944656840450623 86.7
      vertex -1.6277723432966305 6.063620708577774 86.7
    endloop
  endfacet
  facet normal -0.9191624115849956 0.3807295510309663 0.1009230900290604
    outer loop
      vertex -10.005262292921543 8.82084834575653 0
      vertex -1.6277723432966305 6.063620708577774 86.7
      vertex -1.58003752831618 6.17886274202431 86.7
    endloop
  endfacet
  facet normal -0.8825668962559142 0.45943524289159654 0.09997465289933331
    outer loop
      vertex -9.92513868957758 9.014283828437328 0
      vertex -1.58003752831618 6.17886274202431 86.7
      vertex -1.5224403545692855 6.289505884128459 86.7
    endloop
  endfacet
  facet normal -0.8393020675423147 0.534694390665802 0.09835623015204743
    outer loop
      vertex -9.828460969030857 9.200000002980232 0
      vertex -1.5224403545692855 6.289505884128459 86.7
      vertex -1.4554191706157198 6.394708069233333 86.7
    endloop
  endfacet
  facet normal -0.7896830345517223 0.6059451249176812 0.09607918884794613
    outer loop
      vertex -9.715964905917645 9.376583449542522 0
      vertex -1.4554191706157198 6.394708069233333 86.7
      vertex -1.3794840470318697 6.493668645620346 86.7
    endloop
  endfacet
  facet normal -0.7340710473406494 0.6726522037467718 0.09315959559172353
    outer loop
      vertex -9.588506661355495 9.542690262198448 0
      vertex -1.3794840470318697 6.493668645620346 86.7
      vertex -1.295212896905694 6.585634465533144 86.7
    endloop
  endfacet
  facet normal -0.672871775494021 0.7343106678481923 0.08961817241980302
    outer loop
      vertex -9.447056271135807 9.697056271135807 0
      vertex -1.295212896905694 6.585634465533144 86.7
      vertex -1.203247076992895 6.669905615659322 86.7
    endloop
  endfacet
  facet normal -0.6065332941005158 0.7904495515283113 0.08548022950524051
    outer loop
      vertex -9.292690262198448 9.838506661355495 0
      vertex -1.203247076992895 6.669905615659322 86.7
      vertex -1.1042865006058822 6.745840739243171 86.7
    endloop
  endfacet
  facet normal -0.5355438844820402 0.8406355057245304 0.08077557990599858
    outer loop
      vertex -9.126583449542522 9.965964905917645 0
      vertex -1.1042865006058822 6.745840739243171 86.7
      vertex -0.9990843155010074 6.812861923196737 86.7
    endloop
  endfacet
  facet normal -0.4604293451937396 0.8844765490240265 0.0755384161272458
    outer loop
      vertex -8.950000002980232 10.078460969030857 0
      vertex -0.9990843155010074 6.812861923196737 86.7
      vertex -0.8884411733968589 6.870459096943631 86.7
    endloop
  endfacet
  facet normal -0.381749890296945 0.9216257283877419 0.06980714886051959
    outer loop
      vertex -8.764283828437328 10.17513868957758 0
      vertex -0.8884411733968589 6.870459096943631 86.7
      vertex -0.7731991399503224 6.918193911924082 86.7
    endloop
  endfacet
  facet normal -0.30009654550402576 0.9517846524660006 0.06362419906548542
    outer loop
      vertex -8.57084834575653 10.255262292921543 0
      vertex -0.7731991399503224 6.918193911924082 86.7
      vertex -0.6542352718231728 6.955703075128444 86.7
    endloop
  endfacet
  facet normal -0.21608726671521358 0.9747067330538314 0.057035758109058685
    outer loop
      vertex -8.371165707707405 10.318221986293793 0
      vertex -0.6542352718231728 6.955703075128444 86.7
      vertex -0.5324549584926341 6.982701118904002 86.7
    endloop
  endfacet
  facet normal 0.8409358288602796 -0.5357352114217434 -0.07625427845028945
    outer loop
      vertex -5.7840350940823555 6.623416550457478 0
      vertex 0.9541070212359521 4.859670586459777 86.7
      vertex 0.8870858372823864 4.754468401354902 86.7
    endloop
  endfacet
  facet normal 0.6086510347132368 0.7932094447342747 -0.019044545855702255
    outer loop
      vertex -6.207309737801552 9.838506661355495 0
      vertex 0.5359531672725488 6.745840739243171 86.7
      vertex 0.6349137436595615 6.669905615659322 86.7
    endloop
  endfacet
  facet normal 0.6753554204206264 0.7370210905931712 -0.026362248184318243
    outer loop
      vertex -6.052943728864193 9.697056271135807 0
      vertex 0.6349137436595615 6.669905615659322 86.7
      vertex 0.7268795635723606 6.585634465533144 86.7
    endloop
  endfacet
  facet normal 0.7927160059495773 0.6082724058039778 -0.04007510759549856
    outer loop
      vertex -5.7840350940823555 9.376583449542522 0
      vertex 0.8111507136985363 6.493668645620346 86.7
      vertex 0.8870858372823864 6.394708069233333 86.7
    endloop
  endfacet
  facet normal 0.8424844169150109 0.5367217708242974 -0.046365374781238936
    outer loop
      vertex -5.671539030969143 9.200000002980232 0
      vertex 0.8870858372823864 6.394708069233333 86.7
      vertex 0.9541070212359521 6.289505884128459 86.7
    endloop
  endfacet
  facet normal 0.7368662101515826 0.675213498639707 -0.03339041167116825
    outer loop
      vertex -5.9114933386445045 9.542690262198448 0
      vertex 0.7268795635723606 6.585634465533144 86.7
      vertex 0.8111507136985363 6.493668645620346 86.7
    endloop
  endfacet
  facet normal -0.1303623447167631 0.9902002335926066 0.05009148104313992
    outer loop
      vertex -8.166755624115467 10.363538607954979 0
      vertex -0.5324549584926341 6.982701118904002 86.7
      vertex -0.40878502436712694 6.998982575963526 86.7
    endloop
  endfacet
  facet normal -0.04357931517909563 0.9981308653148869 0.04284412438451888
    outer loop
      vertex -7.959173783659935 10.39086727797985 0
      vertex -0.40878502436712694 6.998982575963526 86.7
      vertex -0.2841666666666667 7.004423528524006 86.7
    endloop
  endfacet
  facet normal 0.043592106726229964 0.9984238400428614 0.035349170644239716
    outer loop
      vertex -7.540826216340065 10.39086727797985 0
      vertex -0.2841666666666667 7.004423528524006 86.7
      vertex -0.15954830896620642 6.998982575963526 86.7
    endloop
  endfacet
  facet normal 0.13047624647019182 0.9910654032326339 0.02766433845922666
    outer loop
      vertex -7.333244375884533 10.363538607954979 0
      vertex -0.15954830896620642 6.998982575963526 86.7
      vertex -0.03587837484069922 6.982701118904002 86.7
    endloop
  endfacet
  facet normal 0.21639695938809872 0.9761036665151464 0.019849135580006047
    outer loop
      vertex -7.128834292292595 10.318221986293793 0
      vertex -0.03587837484069922 6.982701118904002 86.7
      vertex 0.0859019384898394 6.955703075128444 86.7
    endloop
  endfacet
  facet normal 0.30068427412623805 0.9536486895261312 0.011964290963951274
    outer loop
      vertex -6.929151654243469 10.255262292921543 0
      vertex 0.0859019384898394 6.955703075128444 86.7
      vertex 0.20486580661698905 6.918193911924082 86.7
    endloop
  endfacet
  facet normal 0.38268027299715524 0.9238718708374324 0.004071232511834036
    outer loop
      vertex -6.735716171562672 10.17513868957758 0
      vertex 0.20486580661698905 6.918193911924082 86.7
      vertex 0.32010784006352466 6.870459096943631 86.7
    endloop
  endfacet
  facet normal 0.46174533192358796 0.8870045360290527 -0.0037684891747845535
    outer loop
      vertex -6.549999997019768 10.078460969030857 0
      vertex 0.32010784006352466 6.870459096943631 86.7
      vertex 0.43075098216767316 6.812861923196737 86.7
    endloop
  endfacet
  facet normal 0.5372641192386133 0.8433357333930079 -0.0114937792407286
    outer loop
      vertex -6.373416550457478 9.965964905917645 0
      vertex 0.43075098216767316 6.812861923196737 86.7
      vertex 0.5359531672725488 6.745840739243171 86.7
    endloop
  endfacet
  facet normal 0.7354151954484697 -0.6738838871948363 -0.07102814148396536
    outer loop
      vertex -4.591177180423239 5.982681594222232 18.173428122299566
      vertex 0.8111507136985363 4.65550782496789 86.7
      vertex 0.7533257055866951 4.592402903704082 86.7
    endloop
  endfacet
  facet normal 0.7911802606255617 -0.6070939869302228 -0.07396408743190717
    outer loop
      vertex -4.526863486498501 6.086201480880863 17.85717156023134
      vertex 0.8870858372823864 4.754468401354902 86.7
      vertex 0.8111507136985363 4.65550782496789 86.7
    endloop
  endfacet
  facet normal 0 0 1
    outer loop
      vertex -1.3216590389200285 4.592402903704082 86.7
      vertex -0.9544019607843133 2 86.7
      vertex 0.3860686274509799 2 86.7
    endloop
  endfacet
  facet normal 0 0 1
    outer loop
      vertex -1.6277723432966305 5.085555762010462 86.7
      vertex -1.58003752831618 4.9703137285639265 86.7
      vertex 0.7533257055866951 4.592402903704082 86.7
    endloop
  endfacet
  facet normal 0 0 1
    outer loop
      vertex -1.6277723432966305 5.085555762010462 86.7
      vertex 0.7533257055866951 4.592402903704082 86.7
      vertex -1.6652815065009925 5.204519630137613 86.7
    endloop
  endfacet
  facet normal 0 0 1
    outer loop
      vertex -1.6922795502765506 5.32629994346815 86.7
      vertex -1.6652815065009925 5.204519630137613 86.7
      vertex 0.7533257055866951 4.592402903704082 86.7
    endloop
  endfacet
  facet normal 0 0 1
    outer loop
      vertex -1.6922795502765506 5.32629994346815 86.7
      vertex 0.7533257055866951 4.592402903704082 86.7
      vertex -1.7085610073360744 5.449969877593658 86.7
    endloop
  endfacet
  facet normal 0 0 1
    outer loop
      vertex -1.4554191706157198 4.754468401354902 86.7
      vertex -1.3794840470318697 4.65550782496789 86.7
      vertex 0.7533257055866951 4.592402903704082 86.7
    endloop
  endfacet
  facet normal 0 0 1
    outer loop
      vertex -1.5224403545692855 4.859670586459777 86.7
      vertex 0.7533257055866951 4.592402903704082 86.7
      vertex -1.58003752831618 4.9703137285639265 86.7
    endloop
  endfacet
  facet normal 0 0 1
    outer loop
      vertex -1.5224403545692855 4.859670586459777 86.7
      vertex -1.4554191706157198 4.754468401354902 86.7
      vertex 0.7533257055866951 4.592402903704082 86.7
    endloop
  endfacet
  facet normal 0 0 1
    outer loop
      vertex -1.3794840470318697 4.65550782496789 86.7
      vertex -1.3216590389200285 4.592402903704082 86.7
      vertex 0.7533257055866951 4.592402903704082 86.7
    endloop
  endfacet
  facet normal 0 0 1
    outer loop
      vertex -1.3216590389200285 4.592402903704082 86.7
      vertex 0.3860686274509799 2 86.7
      vertex 0.7533257055866951 4.592402903704082 86.7
    endloop
  endfacet
  facet normal 0.8843165957769491 -0.460346078804262 -0.07788225833274366
    outer loop
      vertex -5.671539030969143 6.799999997019768 0
      vertex 1.0117041949828476 4.9703137285639265 86.7
      vertex 0.9541070212359521 4.859670586459777 86.7
    endloop
  endfacet
  facet normal 0.9210040163675508 -0.38149236873673176 -0.0788363775834324
    outer loop
      vertex -5.5748613104224205 6.985716171562672 0
      vertex 1.059439009963297 5.085555762010462 86.7
      vertex 1.0117041949828476 4.9703137285639265 86.7
    endloop
  endfacet
  facet normal 0.9507279132200351 -0.2997633569026001 -0.07910982797833592
    outer loop
      vertex -5.494737707078457 7.179151654243469 0
      vertex 1.0969481731676591 5.204519630137613 86.7
      vertex 1.059439009963297 5.085555762010462 86.7
    endloop
  endfacet
  facet normal 0.9732678255843626 -0.2157682686293398 -0.07870066032114162
    outer loop
      vertex -5.431778013706207 7.378834292292595 0
      vertex 1.1239462169432173 5.32629994346815 86.7
      vertex 1.0969481731676591 5.204519630137613 86.7
    endloop
  endfacet
  facet normal 0.9884543209498601 -0.13013249093763485 -0.07761179161646403
    outer loop
      vertex -5.386461392045021 7.583244375884533 0
      vertex 1.140227674002741 5.449969877593658 86.7
      vertex 1.1239462169432173 5.32629994346815 86.7
    endloop
  endfacet
  facet normal 0.9961701280785785 -0.04349370758096017 -0.07585099422400732
    outer loop
      vertex -5.359132722020149 7.790826216340065 0
      vertex 1.1456686265632214 5.574588235294118 86.7
      vertex 1.140227674002741 5.449969877593658 86.7
    endloop
  endfacet
  facet normal 0.9963511007241551 0.04350160901376266 -0.07343087973719359
    outer loop
      vertex -5.350000001490116 8 0
      vertex 1.140227674002741 5.699206592994578 86.7
      vertex 1.1456686265632214 5.574588235294118 86.7
    endloop
  endfacet
  facet normal 0.9889871076669626 0.13020263364546253 -0.07036885007104433
    outer loop
      vertex -5.359132722020149 8.209173783659935 0
      vertex 1.1239462169432173 5.822876527120085 86.7
      vertex 1.140227674002741 5.699206592994578 86.7
    endloop
  endfacet
  facet normal 0.9741227172671325 0.21595779354058064 -0.06668705356500677
    outer loop
      vertex -5.386461392045021 8.416755624115467 0
      vertex 1.0969481731676591 5.944656840450623 86.7
      vertex 1.1239462169432173 5.822876527120085 86.7
    endloop
  endfacet
  facet normal 0.9223469337222489 0.38204862333882383 -0.05757589129205661
    outer loop
      vertex -5.494737707078457 8.82084834575653 0
      vertex 1.0117041949828476 6.17886274202431 86.7
      vertex 1.059439009963297 6.063620708577774 86.7
    endloop
  endfacet
  facet normal 0.9518576354025132 0.3001195569353089 -0.06241228621745874
    outer loop
      vertex -5.431778013706207 8.621165707707405 0
      vertex 1.059439009963297 6.063620708577774 86.7
      vertex 1.0969481731676591 5.944656840450623 86.7
    endloop
  endfacet
  facet normal 0.885800897837035 0.46111875754441944 -0.0522136077262793
    outer loop
      vertex -5.5748613104224205 9.014283828437328 0
      vertex 0.9541070212359521 6.289505884128459 86.7
      vertex 1.0117041949828476 6.17886274202431 86.7
    endloop
  endfacet
  facet normal 0 0 1
    outer loop
      vertex -1.7085610073360744 5.449969877593658 86.7
      vertex 0.7533257055866951 4.592402903704082 86.7
      vertex -1.7140019598965548 5.574588235294118 86.7
    endloop
  endfacet
  facet normal 0 0 1
    outer loop
      vertex -1.7140019598965548 5.574588235294118 86.7
      vertex 0.7533257055866951 4.592402903704082 86.7
      vertex -1.7085610073360744 5.699206592994578 86.7
    endloop
  endfacet
  facet normal 0 0 1
    outer loop
      vertex -1.7085610073360744 5.699206592994578 86.7
      vertex 0.7533257055866951 4.592402903704082 86.7
      vertex -1.6922795502765506 5.822876527120085 86.7
    endloop
  endfacet
  facet normal 0 0 1
    outer loop
      vertex -1.6922795502765506 5.822876527120085 86.7
      vertex 0.7533257055866951 4.592402903704082 86.7
      vertex -1.6652815065009925 5.944656840450623 86.7
    endloop
  endfacet
  facet normal 0 0 1
    outer loop
      vertex 0.7533257055866951 4.592402903704082 86.7
      vertex -1.6277723432966305 6.063620708577774 86.7
      vertex -1.6652815065009925 5.944656840450623 86.7
    endloop
  endfacet
  facet normal 0 0 1
    outer loop
      vertex 0.7533257055866951 4.592402903704082 86.7
      vertex -1.58003752831618 6.17886274202431 86.7
      vertex -1.6277723432966305 6.063620708577774 86.7
    endloop
  endfacet
  facet normal 0 0 1
    outer loop
      vertex 0.7533257055866951 4.592402903704082 86.7
      vertex -1.5224403545692855 6.289505884128459 86.7
      vertex -1.58003752831618 6.17886274202431 86.7
    endloop
  endfacet
  facet normal 0 0 1
    outer loop
      vertex 0.7533257055866951 4.592402903704082 86.7
      vertex -1.4554191706157198 6.394708069233333 86.7
      vertex -1.5224403545692855 6.289505884128459 86.7
    endloop
  endfacet
  facet normal 0 0 1
    outer loop
      vertex 0.7533257055866951 4.592402903704082 86.7
      vertex -1.3794840470318697 6.493668645620346 86.7
      vertex -1.4554191706157198 6.394708069233333 86.7
    endloop
  endfacet
  facet normal 0 0 1
    outer loop
      vertex 1.0117041949828476 4.9703137285639265 86.7
      vertex -1.295212896905694 6.585634465533144 86.7
      vertex -1.3794840470318697 6.493668645620346 86.7
    endloop
  endfacet
  facet normal 0 0 1
    outer loop
      vertex -1.295212896905694 6.585634465533144 86.7
      vertex 1.1239462169432173 5.822876527120085 86.7
      vertex -1.203247076992895 6.669905615659322 86.7
    endloop
  endfacet
  facet normal 0 0 1
    outer loop
      vertex -1.203247076992895 6.669905615659322 86.7
      vertex 1.0969481731676591 5.944656840450623 86.7
      vertex -1.1042865006058822 6.745840739243171 86.7
    endloop
  endfacet
  facet normal 0 0 1
    outer loop
      vertex -1.1042865006058822 6.745840739243171 86.7
      vertex 1.0117041949828476 6.17886274202431 86.7
      vertex -0.9990843155010074 6.812861923196737 86.7
    endloop
  endfacet
  facet normal 0 0 1
    outer loop
      vertex 0.7533257055866951 4.592402903704082 86.7
      vertex 0.8111507136985363 4.65550782496789 86.7
      vertex -1.3794840470318697 6.493668645620346 86.7
    endloop
  endfacet
  facet normal 0 0 1
    outer loop
      vertex 0.8111507136985363 4.65550782496789 86.7
      vertex 0.8870858372823864 4.754468401354902 86.7
      vertex -1.3794840470318697 6.493668645620346 86.7
    endloop
  endfacet
  facet normal 0 0 1
    outer loop
      vertex 0.8870858372823864 4.754468401354902 86.7
      vertex 0.9541070212359521 4.859670586459777 86.7
      vertex -1.3794840470318697 6.493668645620346 86.7
    endloop
  endfacet
  facet normal 0 0 1
    outer loop
      vertex 0.9541070212359521 4.859670586459777 86.7
      vertex 1.0117041949828476 4.9703137285639265 86.7
      vertex -1.3794840470318697 6.493668645620346 86.7
    endloop
  endfacet
  facet normal 0 0 1
    outer loop
      vertex 1.0117041949828476 4.9703137285639265 86.7
      vertex 1.059439009963297 5.085555762010462 86.7
      vertex -1.295212896905694 6.585634465533144 86.7
    endloop
  endfacet
  facet normal 0 0 1
    outer loop
      vertex 1.059439009963297 5.085555762010462 86.7
      vertex 1.0969481731676591 5.204519630137613 86.7
      vertex -1.295212896905694 6.585634465533144 86.7
    endloop
  endfacet
  facet normal 0 0 1
    outer loop
      vertex -1.295212896905694 6.585634465533144 86.7
      vertex 1.0969481731676591 5.204519630137613 86.7
      vertex 1.1239462169432173 5.32629994346815 86.7
    endloop
  endfacet
  facet normal 0 0 1
    outer loop
      vertex -1.295212896905694 6.585634465533144 86.7
      vertex 1.1239462169432173 5.32629994346815 86.7
      vertex 1.140227674002741 5.449969877593658 86.7
    endloop
  endfacet
  facet normal 0 0 1
    outer loop
      vertex -1.295212896905694 6.585634465533144 86.7
      vertex 1.140227674002741 5.449969877593658 86.7
      vertex 1.1456686265632214 5.574588235294118 86.7
    endloop
  endfacet
  facet normal 0 0 1
    outer loop
      vertex -1.295212896905694 6.585634465533144 86.7
      vertex 1.1456686265632214 5.574588235294118 86.7
      vertex 1.140227674002741 5.699206592994578 86.7
    endloop
  endfacet
  facet normal 0 0 1
    outer loop
      vertex -1.295212896905694 6.585634465533144 86.7
      vertex 1.140227674002741 5.699206592994578 86.7
      vertex 1.1239462169432173 5.822876527120085 86.7
    endloop
  endfacet
  facet normal 0 0 1
    outer loop
      vertex -1.203247076992895 6.669905615659322 86.7
      vertex 1.1239462169432173 5.822876527120085 86.7
      vertex 1.0969481731676591 5.944656840450623 86.7
    endloop
  endfacet
  facet normal 0 0 1
    outer loop
      vertex -1.1042865006058822 6.745840739243171 86.7
      vertex 1.0969481731676591 5.944656840450623 86.7
      vertex 1.059439009963297 6.063620708577774 86.7
    endloop
  endfacet
  facet normal 0 0 1
    outer loop
      vertex -1.1042865006058822 6.745840739243171 86.7
      vertex 1.059439009963297 6.063620708577774 86.7
      vertex 1.0117041949828476 6.17886274202431 86.7
    endloop
  endfacet
  facet normal 0 0 1
    outer loop
      vertex -0.8884411733968589 6.870459096943631 86.7
      vertex 1.0117041949828476 6.17886274202431 86.7
      vertex 0.9541070212359521 6.289505884128459 86.7
    endloop
  endfacet
  facet normal 0 0 1
    outer loop
      vertex -0.9990843155010074 6.812861923196737 86.7
      vertex 1.0117041949828476 6.17886274202431 86.7
      vertex -0.8884411733968589 6.870459096943631 86.7
    endloop
  endfacet
  facet normal 0 0 1
    outer loop
      vertex -0.8884411733968589 6.870459096943631 86.7
      vertex 0.7268795635723606 6.585634465533144 86.7
      vertex -0.7731991399503224 6.918193911924082 86.7
    endloop
  endfacet
  facet normal 0 0 1
    outer loop
      vertex -0.7731991399503224 6.918193911924082 86.7
      vertex 0.7268795635723606 6.585634465533144 86.7
      vertex -0.6542352718231728 6.955703075128444 86.7
    endloop
  endfacet
  facet normal 0 0 1
    outer loop
      vertex -0.6542352718231728 6.955703075128444 86.7
      vertex 0.7268795635723606 6.585634465533144 86.7
      vertex -0.5324549584926341 6.982701118904002 86.7
    endloop
  endfacet
  facet normal 0 0 1
    outer loop
      vertex -0.5324549584926341 6.982701118904002 86.7
      vertex 0.7268795635723606 6.585634465533144 86.7
      vertex -0.40878502436712694 6.998982575963526 86.7
    endloop
  endfacet
  facet normal 0 0 1
    outer loop
      vertex -0.2841666666666667 7.004423528524006 86.7
      vertex 0.32010784006352466 6.870459096943631 86.7
      vertex -0.15954830896620642 6.998982575963526 86.7
    endloop
  endfacet
  facet normal 0 0 1
    outer loop
      vertex -0.40878502436712694 6.998982575963526 86.7
      vertex 0.7268795635723606 6.585634465533144 86.7
      vertex -0.2841666666666667 7.004423528524006 86.7
    endloop
  endfacet
  facet normal 0 0 1
    outer loop
      vertex -0.15954830896620642 6.998982575963526 86.7
      vertex 0.32010784006352466 6.870459096943631 86.7
      vertex -0.03587837484069922 6.982701118904002 86.7
    endloop
  endfacet
  facet normal 0 0 1
    outer loop
      vertex -0.8884411733968589 6.870459096943631 86.7
      vertex 0.8111507136985363 6.493668645620346 86.7
      vertex 0.7268795635723606 6.585634465533144 86.7
    endloop
  endfacet
  facet normal 0 0 1
    outer loop
      vertex -0.8884411733968589 6.870459096943631 86.7
      vertex 0.9541070212359521 6.289505884128459 86.7
      vertex 0.8870858372823864 6.394708069233333 86.7
    endloop
  endfacet
  facet normal 0 0 1
    outer loop
      vertex -0.8884411733968589 6.870459096943631 86.7
      vertex 0.8870858372823864 6.394708069233333 86.7
      vertex 0.8111507136985363 6.493668645620346 86.7
    endloop
  endfacet
  facet normal 0 0 1
    outer loop
      vertex -0.2841666666666667 7.004423528524006 86.7
      vertex 0.6349137436595615 6.669905615659322 86.7
      vertex 0.5359531672725488 6.745840739243171 86.7
    endloop
  endfacet
  facet normal 0 0 1
    outer loop
      vertex -0.03587837484069922 6.982701118904002 86.7
      vertex 0.32010784006352466 6.870459096943631 86.7
      vertex 0.0859019384898394 6.955703075128444 86.7
    endloop
  endfacet
  facet normal 0 0 1
    outer loop
      vertex -0.2841666666666667 7.004423528524006 86.7
      vertex 0.43075098216767316 6.812861923196737 86.7
      vertex 0.32010784006352466 6.870459096943631 86.7
    endloop
  endfacet
  facet normal 0 0 1
    outer loop
      vertex 0.0859019384898394 6.955703075128444 86.7
      vertex 0.32010784006352466 6.870459096943631 86.7
      vertex 0.20486580661698905 6.918193911924082 86.7
    endloop
  endfacet
  facet normal 0 0 1
    outer loop
      vertex -0.2841666666666667 7.004423528524006 86.7
      vertex 0.5359531672725488 6.745840739243171 86.7
      vertex 0.43075098216767316 6.812861923196737 86.7
    endloop
  endfacet
  facet normal 0 0 1
    outer loop
      vertex -0.2841666666666667 7.004423528524006 86.7
      vertex 0.7268795635723606 6.585634465533144 86.7
      vertex 0.6349137436595615 6.669905615659322 86.7
    endloop
  endfacet
  facet normal -0.9475505059720402 -0.07411599649619054 -0.31089364370393185
    outer loop
      vertex -7.918200575567602 -6.030253457402889 16.908825592727258
      vertex -8.200727153362683 -2 16.80911931048215
      vertex -7.902963703901502 -6.0093811857280635 16.85741034190217
    endloop
  endfacet
  facet normal -0.9475505059720297 -0.07411599649619015 -0.3108936437039635
    outer loop
      vertex -7.902963703901502 -6.0093811857280635 16.85741034190217
      vertex -8.200727153362683 -2 16.80911931048215
      vertex -7.886144839228557 -5.830030837059528 16.763392808458917
    endloop
  endfacet
  facet normal -0.9146297490363728 -0.07451459224262576 -0.3973663268579469
    outer loop
      vertex -7.886144839228557 -5.830030837059528 16.763392808458917
      vertex -8.14730938412015 -2 16.646311111283786
      vertex -7.8503944845110345 -5.482596684763839 16.615953913432293
    endloop
  endfacet
  facet normal -0.8734048842373379 -0.07483613583431399 -0.4812104123600719
    outer loop
      vertex -7.8503944845110345 -5.482596684763839 16.615953913432293
      vertex -8.079399093422344 -2 16.49
      vertex -7.804876317594611 -5.066262148997862 16.468590815386168
    endloop
  endfacet
  facet normal -0.9882785006314976 -0.0731514206307702 -0.1339943090181788
    outer loop
      vertex -7.962420977811458 -6.100399490054295 17.173984697919373
      vertex -7.965553397211282 -6.107235326741675 17.20081982203051
      vertex -8.26257235243328 -2 17.1492306811128
    endloop
  endfacet
  facet normal -0.9882785006314982 -0.07315142063077021 -0.13399430901817383
    outer loop
      vertex -7.962420977811458 -6.100399490054295 17.173984697919373
      vertex -8.26257235243328 -2 17.1492306811128
      vertex -7.947983588127891 -6.074695697728334 17.053468902345095
    endloop
  endfacet
  facet normal -0.996501382564732 -0.07208026667218215 0.04230165130399407
    outer loop
      vertex -7.9707381766258525 -6.129297542656143 17.3499775872415
      vertex -7.963900742342664 -6.13578082782799 17.5
      vertex -8.270529102953265 -2 17.32394539964973
    endloop
  endfacet
  facet normal -0.9891429591942922 -0.07154800738172028 0.1283631135336947
    outer loop
      vertex -7.963900742342664 -6.13578082782799 17.5
      vertex -7.945089516893446 -6.126661270448572 17.65003903251814
      vertex -8.263055555555555 -2 17.5
    endloop
  endfacet
  facet normal -0.9963269927805687 -0.07262033709242609 -0.04537411263496938
    outer loop
      vertex -7.965553397211282 -6.107235326741675 17.20081982203051
      vertex -7.9707381766258525 -6.129297542656143 17.3499775872415
      vertex -8.270529102953265 -2 17.32394539964973
    endloop
  endfacet
  facet normal -0.9746321781463017 -0.07103904424046704 0.21223942026682213
    outer loop
      vertex -7.945089516893446 -6.126661270448572 17.65003903251814
      vertex -7.914397122691274 -6.101972522602466 17.799246281692007
      vertex -8.240208588448498 -2 17.67605460035027
    endloop
  endfacet
  facet normal -0.953365865714599 -0.07056722109541388 0.2934515179669789
    outer loop
      vertex -7.914397122691274 -6.101972522602466 17.799246281692007
      vertex -7.897734744794991 -6.086201480880863 17.85717156023134
      vertex -8.20216208084715 -2 17.8507693188872
    endloop
  endfacet
  facet normal -0.9533658657145991 -0.0705672210954139 0.29345151796697877
    outer loop
      vertex -7.897734744794991 -6.086201480880863 17.85717156023134
      vertex -7.8717283706256875 -6.065211470361493 17.94670865419208
      vertex -8.20216208084715 -2 17.8507693188872
    endloop
  endfacet
  facet normal -0.9720802206577341 -0.07365589907217934 -0.22278880837663195
    outer loop
      vertex -7.947983588127891 -6.074695697728334 17.053468902345095
      vertex -8.239245859671474 -2 16.977185528892907
      vertex -7.918200575567602 -6.030253457402889 16.908825592727258
    endloop
  endfacet
  facet normal -0.9257389493655637 -0.07014455512274341 0.371600779081765
    outer loop
      vertex -7.8717283706256875 -6.065211470361493 17.94670865419208
      vertex -7.817215576821281 -6.0176720195922435 18.091485665212886
      vertex -8.149205589647474 -2 18.022814471107093
    endloop
  endfacet
  facet normal -0.8921309762673127 -0.06978116300338129 0.44635513940608645
    outer loop
      vertex -7.817215576821281 -6.0176720195922435 18.091485665212886
      vertex -7.778954642958503 -5.982681594222232 18.173428122299566
      vertex -8.081742145723497 -2 18.19088068951785
    endloop
  endfacet
  facet normal -0.8921309762673044 -0.06978116300338072 0.44635513940610333
    outer loop
      vertex -7.778954642958503 -5.982681594222232 18.173428122299566
      vertex -7.756940075388519 -5.867292297854587 18.235468131503524
      vertex -8.081742145723497 -2 18.19088068951785
    endloop
  endfacet
  facet normal -0.8528972474567453 -0.06948526514259479 0.517434134174361
    outer loop
      vertex -7.756940075388519 -5.867292297854587 18.235468131503524
      vertex -7.695442474235982 -5.5279471381660175 18.38240591183633
      vertex -8.000285186619026 -2 18.353688888716214
    endloop
  endfacet
  facet normal -0.8083641431051909 -0.06926323622501084 0.5845938900206271
    outer loop
      vertex -7.695442474235982 -5.5279471381660175 18.38240591183633
      vertex -7.6242494900630975 -5.120056692008485 18.529177319195927
      vertex -7.9054546489779 -2 18.51
    endloop
  endfacet
  facet normal -0.7588281121804972 -0.06911967498323103 0.6476128215954308
    outer loop
      vertex -7.6242494900630975 -5.120056692008485 18.529177319195927
      vertex -7.542919890710708 -4.640430216046266 18.675664246738716
      vertex -7.797972250451812 -2 18.658624401429112
    endloop
  endfacet
  facet normal -0.9475505059720316 -0.07411599649619037 -0.31089364370395794
    outer loop
      vertex -7.886144839228557 -5.830030837059528 16.763392808458917
      vertex -8.200727153362683 -2 16.80911931048215
      vertex -8.14730938412015 -2 16.646311111283786
    endloop
  endfacet
  facet normal -0.9146297490363744 -0.07451459224262591 -0.3973663268579437
    outer loop
      vertex -7.8503944845110345 -5.482596684763839 16.615953913432293
      vertex -8.14730938412015 -2 16.646311111283786
      vertex -8.079399093422344 -2 16.49
    endloop
  endfacet
  facet normal -0.8241270651304029 -0.07506758641691921 -0.5614084413233265
    outer loop
      vertex -7.804876317594611 -5.066262148997862 16.468590815386168
      vertex -7.997513119586825 -2 16.341375598570888
      vertex -7.749118229468267 -4.57777138224982 16.32142243263649
    endloop
  endfacet
  facet normal -0.7672194862800811 -0.07519927795532619 -0.6369610101624165
    outer loop
      vertex -7.682565242594984 -4.013317472805178 16.174620236996947
      vertex -7.749118229468267 -4.57777138224982 16.32142243263649
      vertex -7.902274664318589 -2 16.20156902843319
    endloop
  endfacet
  facet normal -0.8734048842373329 -0.07483613583431348 -0.4812104123600815
    outer loop
      vertex -7.804876317594611 -5.066262148997862 16.468590815386168
      vertex -8.079399093422344 -2 16.49
      vertex -7.997513119586825 -2 16.341375598570888
    endloop
  endfacet
  facet normal -0.8241270651304027 -0.07506758641691919 -0.561408441323327
    outer loop
      vertex -7.749118229468267 -4.57777138224982 16.32142243263649
      vertex -7.997513119586825 -2 16.341375598570888
      vertex -7.902274664318589 -2 16.20156902843319
    endloop
  endfacet
  facet normal -0.7672194862800885 -0.07519927795532712 -0.6369610101624075
    outer loop
      vertex -7.682565242594984 -4.013317472805178 16.174620236996947
      vertex -7.902274664318589 -2 16.20156902843319
      vertex -7.794408549768775 -2 16.071644302003175
    endloop
  endfacet
  facet normal -0.7032732611392649 -0.07522560508862454 -0.706928446524536
    outer loop
      vertex -7.682565242594984 -4.013317472805178 16.174620236996947
      vertex -7.674735702200449 -2 15.952590224899664
      vertex -7.604576189213184 -3.368527262591564 16.02842107054434
    endloop
  endfacet
  facet normal -0.7032732611392593 -0.07522560508862515 -0.7069284465245413
    outer loop
      vertex -7.682565242594984 -4.013317472805178 16.174620236996947
      vertex -7.794408549768775 -2 16.071644302003175
      vertex -7.674735702200449 -2 15.952590224899664
    endloop
  endfacet
  facet normal -0.6330307659255403 -0.07514543797545463 -0.7704707733218703
    outer loop
      vertex -7.604576189213184 -3.368527262591564 16.02842107054434
      vertex -7.544166904244048 -2 15.845312870536237
      vertex -7.514420862432619 -2.638451055721151 15.883142371130075
    endloop
  endfacet
  facet normal -0.9963269927805685 -0.0726203370924259 -0.04537411263497535
    outer loop
      vertex -7.965553397211282 -6.107235326741675 17.20081982203051
      vertex -8.270529102953265 -2 17.32394539964973
      vertex -8.26257235243328 -2 17.1492306811128
    endloop
  endfacet
  facet normal -0.9882785006315002 -0.07315142063077072 -0.13399430901815898
    outer loop
      vertex -7.947983588127891 -6.074695697728334 17.053468902345095
      vertex -8.26257235243328 -2 17.1492306811128
      vertex -8.239245859671474 -2 16.977185528892907
    endloop
  endfacet
  facet normal -0.9965013825647319 -0.07208026667218209 0.04230165130399573
    outer loop
      vertex -7.963900742342664 -6.13578082782799 17.5
      vertex -8.263055555555555 -2 17.5
      vertex -8.270529102953265 -2 17.32394539964973
    endloop
  endfacet
  facet normal -0.9720802206577337 -0.07365589907217927 -0.22278880837663437
    outer loop
      vertex -7.918200575567602 -6.030253457402889 16.908825592727258
      vertex -8.239245859671474 -2 16.977185528892907
      vertex -8.200727153362683 -2 16.80911931048215
    endloop
  endfacet
  facet normal -0.9891429591942934 -0.07154800738172076 0.1283631135336844
    outer loop
      vertex -7.945089516893446 -6.126661270448572 17.65003903251814
      vertex -8.240208588448498 -2 17.67605460035027
      vertex -8.263055555555555 -2 17.5
    endloop
  endfacet
  facet normal -0.9746321781462993 -0.07103904424046655 0.21223942026683273
    outer loop
      vertex -7.914397122691274 -6.101972522602466 17.799246281692007
      vertex -8.20216208084715 -2 17.8507693188872
      vertex -8.240208588448498 -2 17.67605460035027
    endloop
  endfacet
  facet normal -0.9533658657146002 -0.07056722109541408 0.2934515179669747
    outer loop
      vertex -7.8717283706256875 -6.065211470361493 17.94670865419208
      vertex -8.149205589647474 -2 18.022814471107093
      vertex -8.20216208084715 -2 17.8507693188872
    endloop
  endfacet
  facet normal -0.925738949365561 -0.07014455512274308 0.37160077908177164
    outer loop
      vertex -7.817215576821281 -6.0176720195922435 18.091485665212886
      vertex -8.081742145723497 -2 18.19088068951785
      vertex -8.149205589647474 -2 18.022814471107093
    endloop
  endfacet
  facet normal -0.8921309762673136 -0.0697811630033817 0.44635513940608496
    outer loop
      vertex -7.756940075388519 -5.867292297854587 18.235468131503524
      vertex -8.000285186619026 -2 18.353688888716214
      vertex -8.081742145723497 -2 18.19088068951785
    endloop
  endfacet
  facet normal -0.704557803057726 -0.06905747183849587 0.706278534102337
    outer loop
      vertex -7.542919890710708 -4.640430216046266 18.675664246738716
      vertex -7.450939408466095 -4.085327907747859 18.821696617166545
      vertex -7.678655996993194 -2 18.79843097156681
    endloop
  endfacet
  facet normal -0.852897247456743 -0.06948526514259455 0.5174341341743649
    outer loop
      vertex -7.695442474235982 -5.5279471381660175 18.38240591183633
      vertex -7.9054546489779 -2 18.51
      vertex -8.000285186619026 -2 18.353688888716214
    endloop
  endfacet
  facet normal -0.8083641431051883 -0.0692632362250106 0.5845938900206304
    outer loop
      vertex -7.6242494900630975 -5.120056692008485 18.529177319195927
      vertex -7.797972250451812 -2 18.658624401429112
      vertex -7.9054546489779 -2 18.51
    endloop
  endfacet
  facet normal -0.7588281121804997 -0.06911967498323128 0.647612821595428
    outer loop
      vertex -7.542919890710708 -4.640430216046266 18.675664246738716
      vertex -7.678655996993194 -2 18.79843097156681
      vertex -7.797972250451812 -2 18.658624401429112
    endloop
  endfacet
  facet normal -0.7045578030577286 -0.06905747183849617 0.7062785341023345
    outer loop
      vertex -7.450939408466095 -4.085327907747859 18.821696617166545
      vertex -7.548413957335988 -2 18.928355697996825
      vertex -7.678655996993194 -2 18.79843097156681
    endloop
  endfacet
  facet normal -0.6457988763679892 -0.06907785909795365 0.7603762625597185
    outer loop
      vertex -7.450939408466095 -4.085327907747859 18.821696617166545
      vertex -7.34771968586924 -3.4504453518977316 18.96703980323181
      vertex -7.548413957335988 -2 18.928355697996825
    endloop
  endfacet
  facet normal -0.5827811298898575 -0.069180434201135 0.8096790859149341
    outer loop
      vertex -7.34771968586924 -3.4504453518977316 18.96703980323181
      vertex -7.232598071396753 -2.7309024512772027 19.111379698977334
      vertex -7.408237352044281 -2 19.047409775100334
    endloop
  endfacet
  facet normal -0.6330307659255251 -0.07514543797545692 -0.7704707733218826
    outer loop
      vertex -7.604576189213184 -3.368527262591564 16.02842107054434
      vertex -7.674735702200449 -2 15.952590224899664
      vertex -7.544166904244048 -2 15.845312870536237
    endloop
  endfacet
  facet normal -0.5573576425602271 -0.07496220742072675 -0.8268815669358691
    outer loop
      vertex -7.514420862432619 -2.638451055721151 15.883142371130075
      vertex -7.544166904244048 -2 15.845312870536237
      vertex -7.434201129704609 -2 15.77119068991159
    endloop
  endfacet
  facet normal -0.6457988763679858 -0.0690778590979531 0.7603762625597213
    outer loop
      vertex -7.34771968586924 -3.4504453518977316 18.96703980323181
      vertex -7.408237352044281 -2 19.047409775100334
      vertex -7.548413957335988 -2 18.928355697996825
    endloop
  endfacet
  facet normal -0.582781129889862 -0.06918043420113633 0.8096790859149309
    outer loop
      vertex -7.232598071396753 -2.7309024512772027 19.111379698977334
      vertex -7.259193009725289 -2 19.154687129463763
      vertex -7.408237352044281 -2 19.047409775100334
    endloop
  endfacet
  facet normal -0.5157276474555783 -0.06936315200341485 0.853940130684866
    outer loop
      vertex -7.232598071396753 -2.7309024512772027 19.111379698977334
      vertex -7.1172665435113815 -2 19.24040204073451
      vertex -7.259193009725289 -2 19.154687129463763
    endloop
  endfacet
  facet normal 0.7045578030577238 -0.06905747183849542 -0.7062785341023392
    outer loop
      vertex -5.031805716588875 -4.013317472805178 16.174620236996947
      vertex -4.807455114117918 -2 16.20156902843319
      vertex -4.93997012935545 -4.57777138224982 16.32142243263649
    endloop
  endfacet
  facet normal 0.5827811298898632 -0.06918043420113529 -0.8096790859149302
    outer loop
      vertex -5.250149062539424 -2.638451055721151 15.883142371130075
      vertex -5.077873759066831 -2 15.952590224899664
      vertex -5.13497351530418 -3.368527262591564 16.02842107054434
    endloop
  endfacet
  facet normal 0.6457988763679919 -0.0690778590979538 -0.7603762625597161
    outer loop
      vertex -5.031805716588875 -4.013317472805178 16.174620236996947
      vertex -5.13497351530418 -3.368527262591564 16.02842107054434
      vertex -4.937697153775122 -2 16.071644302003175
    endloop
  endfacet
  facet normal 0.704557803057731 -0.06905747183849631 -0.7062785341023319
    outer loop
      vertex -5.031805716588875 -4.013317472805178 16.174620236996947
      vertex -4.937697153775122 -2 16.071644302003175
      vertex -4.807455114117918 -2 16.20156902843319
    endloop
  endfacet
  facet normal 0.7032732611392599 -0.07522560508862453 0.706928446524541
    outer loop
      vertex -4.807546174133 -4.085327907747859 18.821696617166545
      vertex -4.811375408910662 -2 19.047409775100334
      vertex -4.885734570240837 -3.4504453518977316 18.96703980323181
    endloop
  endfacet
  facet normal 0.633030765925522 -0.07514543797545775 0.7704707733218852
    outer loop
      vertex -4.885734570240837 -3.4504453518977316 18.96703980323181
      vertex -4.941944206867063 -2 19.154687129463763
      vertex -4.975997647112706 -2.7309024512772027 19.111379698977334
    endloop
  endfacet
  facet normal 0.5157276474555721 -0.06936315200341171 -0.85394013068487
    outer loop
      vertex -5.250149062539424 -2.638451055721151 15.883142371130075
      vertex -5.349649362588395 -2 15.77119068991159
      vertex -5.226918101385822 -2 15.845312870536237
    endloop
  endfacet
  facet normal 0.5827811298898581 -0.0691804342011335 -0.809679085914934
    outer loop
      vertex -5.250149062539424 -2.638451055721151 15.883142371130075
      vertex -5.226918101385822 -2 15.845312870536237
      vertex -5.077873759066831 -2 15.952590224899664
    endloop
  endfacet
  facet normal 0.645798876367989 -0.0690778590979533 -0.7603762625597187
    outer loop
      vertex -5.13497351530418 -3.368527262591564 16.02842107054434
      vertex -5.077873759066831 -2 15.952590224899664
      vertex -4.937697153775122 -2 16.071644302003175
    endloop
  endfacet
  facet normal 0.6330307659255286 -0.07514543797545678 0.7704707733218796
    outer loop
      vertex -4.885734570240837 -3.4504453518977316 18.96703980323181
      vertex -4.811375408910662 -2 19.047409775100334
      vertex -4.941944206867063 -2 19.154687129463763
    endloop
  endfacet
  facet normal 0.557357642560235 -0.07496220742073015 0.8268815669358635
    outer loop
      vertex -4.975997647112706 -2.7309024512772027 19.111379698977334
      vertex -4.941944206867063 -2 19.154687129463763
      vertex -5.069108660584342 -2 19.24040204073451
    endloop
  endfacet
  facet normal 0.8921309762673099 -0.06978116300338126 -0.4463551394060923
    outer loop
      vertex -4.693815626104235 -6.0093811857280635 16.85741034190217
      vertex -4.726826399314629 -5.830030837059528 16.763392808458917
      vertex -4.404368965387613 -2 16.80911931048215
    endloop
  endfacet
  facet normal 0.8921309762673226 -0.06978116300338189 -0.44635513940606686
    outer loop
      vertex -4.693815626104235 -6.0093811857280635 16.85741034190217
      vertex -4.404368965387613 -2 16.80911931048215
      vertex -4.669723905684926 -6.030253457402889 16.908825592727258
    endloop
  endfacet
  facet normal 0.85289724745674 -0.06948526514259448 -0.5174341341743698
    outer loop
      vertex -4.726826399314629 -5.830030837059528 16.763392808458917
      vertex -4.787969008175627 -5.482596684763839 16.615953913432293
      vertex -4.485825924492086 -2 16.646311111283786
    endloop
  endfacet
  facet normal 0.8083641431051967 -0.06926323622501113 -0.5845938900206187
    outer loop
      vertex -4.787969008175627 -5.482596684763839 16.615953913432293
      vertex -4.858866375311104 -5.066262148997862 16.468590815386168
      vertex -4.580656462133212 -2 16.49
    endloop
  endfacet
  facet normal 0.9257389493655631 -0.07014455512274352 -0.3716007790817664
    outer loop
      vertex -4.669723905684926 -6.030253457402889 16.908825592727258
      vertex -4.336905521463637 -2 16.977185528892907
      vertex -4.615030100912676 -6.074695697728334 17.053468902345095
    endloop
  endfacet
  facet normal 0.9533658657145959 -0.07056722109541373 -0.2934515179669894
    outer loop
      vertex -4.615030100912676 -6.074695697728334 17.053468902345095
      vertex -4.28394903026396 -2 17.1492306811128
      vertex -4.579837213102428 -6.100399490054295 17.173984697919373
    endloop
  endfacet
  facet normal 0.9533658657146001 -0.07056722109541397 -0.293451517966975
    outer loop
      vertex -4.579837213102428 -6.100399490054295 17.173984697919373
      vertex -4.28394903026396 -2 17.1492306811128
      vertex -4.572083188994575 -6.107235326741675 17.20081982203051
    endloop
  endfacet
  facet normal 0.9746321781463011 -0.07103904424046678 -0.2122394202668246
    outer loop
      vertex -4.572083188994575 -6.107235326741675 17.20081982203051
      vertex -4.245902522662614 -2 17.32394539964973
      vertex -4.541210127793667 -6.129297542656143 17.3499775872415
    endloop
  endfacet
  facet normal 0.9891429591942922 -0.07154800738172029 -0.12836311353369484
    outer loop
      vertex -4.541210127793667 -6.129297542656143 17.3499775872415
      vertex -4.223055555555556 -2 17.5
      vertex -4.522210368768446 -6.13578082782799 17.5
    endloop
  endfacet
  facet normal 0.9965013825647321 -0.07208026667218233 -0.04230165130399055
    outer loop
      vertex -4.522210368768446 -6.13578082782799 17.5
      vertex -4.2155820081578455 -2 17.67605460035027
      vertex -4.515181538617319 -6.126661270448572 17.65003903251814
    endloop
  endfacet
  facet normal 0.9963269927805685 -0.07262033709242625 0.045374112634975684
    outer loop
      vertex -4.515181538617319 -6.126661270448572 17.65003903251814
      vertex -4.2155820081578455 -2 17.67605460035027
      vertex -4.520177128795103 -6.101972522602466 17.799246281692007
    endloop
  endfacet
  facet normal 0.9882785006314986 -0.07315142063077039 0.13399430901817133
    outer loop
      vertex -4.537449583374566 -6.065211470361493 17.94670865419208
      vertex -4.526863486498501 -6.086201480880863 17.85717156023134
      vertex -4.223538758677831 -2 17.8507693188872
    endloop
  endfacet
  facet normal 0.9882785006315005 -0.07315142063077053 0.13399430901815773
    outer loop
      vertex -4.520177128795103 -6.101972522602466 17.799246281692007
      vertex -4.223538758677831 -2 17.8507693188872
      vertex -4.526863486498501 -6.086201480880863 17.85717156023134
    endloop
  endfacet
  facet normal 0.947550505972031 -0.07411599649619031 0.3108936437039598
    outer loop
      vertex -4.591177180423239 -5.982681594222232 18.173428122299566
      vertex -4.567028558614277 -6.0176720195922435 18.091485665212886
      vertex -4.285383957748428 -2 18.19088068951785
    endloop
  endfacet
  facet normal 0.9720802206577364 -0.07365589907217922 0.22278880837662304
    outer loop
      vertex -4.567028558614277 -6.0176720195922435 18.091485665212886
      vertex -4.537449583374566 -6.065211470361493 17.94670865419208
      vertex -4.246865251439638 -2 18.022814471107093
    endloop
  endfacet
  facet normal 0.9475505059720268 -0.07411599649619004 0.31089364370397293
    outer loop
      vertex -4.591177180423239 -5.982681594222232 18.173428122299566
      vertex -4.285383957748428 -2 18.19088068951785
      vertex -4.6025070797414305 -5.867292297854587 18.235468131503524
    endloop
  endfacet
  facet normal 0.8241270651303995 -0.0750675864169195 0.5614084413233315
    outer loop
      vertex -4.684614416075382 -5.120056692008485 18.529177319195927
      vertex -4.488597991524285 -2 18.658624401429112
      vertex -4.740715711239846 -4.640430216046266 18.675664246738716
    endloop
  endfacet
  facet normal 0.9146297490363736 -0.07451459224262601 0.39736632685794526
    outer loop
      vertex -4.6025070797414305 -5.867292297854587 18.235468131503524
      vertex -4.33880172699096 -2 18.353688888716214
      vertex -4.638698729836651 -5.5279471381660175 18.38240591183633
    endloop
  endfacet
  facet normal 0.8734048842373366 -0.07483613583431413 0.4812104123600743
    outer loop
      vertex -4.638698729836651 -5.5279471381660175 18.38240591183633
      vertex -4.406712017688767 -2 18.51
      vertex -4.684614416075382 -5.120056692008485 18.529177319195927
    endloop
  endfacet
  facet normal 0.7588281121804978 -0.06911967498323092 -0.64761282159543
    outer loop
      vertex -4.858866375311104 -5.066262148997862 16.468590815386168
      vertex -4.93997012935545 -4.57777138224982 16.32142243263649
      vertex -4.688138860659299 -2 16.341375598570888
    endloop
  endfacet
  facet normal 0.8921309762673115 -0.06978116300338146 -0.44635513940608895
    outer loop
      vertex -4.726826399314629 -5.830030837059528 16.763392808458917
      vertex -4.485825924492086 -2 16.646311111283786
      vertex -4.404368965387613 -2 16.80911931048215
    endloop
  endfacet
  facet normal 0.8528972474567432 -0.06948526514259477 -0.5174341341743648
    outer loop
      vertex -4.787969008175627 -5.482596684763839 16.615953913432293
      vertex -4.580656462133212 -2 16.49
      vertex -4.485825924492086 -2 16.646311111283786
    endloop
  endfacet
  facet normal 0.8083641431051907 -0.0692632362250105 -0.5845938900206272
    outer loop
      vertex -4.858866375311104 -5.066262148997862 16.468590815386168
      vertex -4.688138860659299 -2 16.341375598570888
      vertex -4.580656462133212 -2 16.49
    endloop
  endfacet
  facet normal 0.7588281121804973 -0.06911967498323085 -0.6476128215954308
    outer loop
      vertex -4.93997012935545 -4.57777138224982 16.32142243263649
      vertex -4.807455114117918 -2 16.20156902843319
      vertex -4.688138860659299 -2 16.341375598570888
    endloop
  endfacet
  facet normal 0.7672194862800871 -0.0751992779553266 0.6369610101624094
    outer loop
      vertex -4.740715711239846 -4.640430216046266 18.675664246738716
      vertex -4.583836446792523 -2 18.79843097156681
      vertex -4.807546174133 -4.085327907747859 18.821696617166545
    endloop
  endfacet
  facet normal 0.9257389493655629 -0.0701445551227435 -0.37160077908176725
    outer loop
      vertex -4.669723905684926 -6.030253457402889 16.908825592727258
      vertex -4.404368965387613 -2 16.80911931048215
      vertex -4.336905521463637 -2 16.977185528892907
    endloop
  endfacet
  facet normal 0.9533658657145989 -0.07056722109541422 -0.29345151796697927
    outer loop
      vertex -4.615030100912676 -6.074695697728334 17.053468902345095
      vertex -4.336905521463637 -2 16.977185528892907
      vertex -4.28394903026396 -2 17.1492306811128
    endloop
  endfacet
  facet normal 0.9475505059720316 -0.0741159964961906 0.3108936437039578
    outer loop
      vertex -4.6025070797414305 -5.867292297854587 18.235468131503524
      vertex -4.285383957748428 -2 18.19088068951785
      vertex -4.33880172699096 -2 18.353688888716214
    endloop
  endfacet
  facet normal 0.7032732611392567 -0.07522560508862484 0.706928446524544
    outer loop
      vertex -4.807546174133 -4.085327907747859 18.821696617166545
      vertex -4.691702561342336 -2 18.928355697996825
      vertex -4.811375408910662 -2 19.047409775100334
    endloop
  endfacet
  facet normal 0.7672194862800885 -0.07519927795532678 0.6369610101624077
    outer loop
      vertex -4.807546174133 -4.085327907747859 18.821696617166545
      vertex -4.583836446792523 -2 18.79843097156681
      vertex -4.691702561342336 -2 18.928355697996825
    endloop
  endfacet
  facet normal 0.8734048842373328 -0.07483613583431373 0.48121041236008144
    outer loop
      vertex -4.684614416075382 -5.120056692008485 18.529177319195927
      vertex -4.406712017688767 -2 18.51
      vertex -4.488597991524285 -2 18.658624401429112
    endloop
  endfacet
  facet normal 0.9146297490363743 -0.07451459224262608 0.3973663268579435
    outer loop
      vertex -4.638698729836651 -5.5279471381660175 18.38240591183633
      vertex -4.33880172699096 -2 18.353688888716214
      vertex -4.406712017688767 -2 18.51
    endloop
  endfacet
  facet normal 0.8241270651304002 -0.07506758641691957 0.5614084413233307
    outer loop
      vertex -4.740715711239846 -4.640430216046266 18.675664246738716
      vertex -4.488597991524285 -2 18.658624401429112
      vertex -4.583836446792523 -2 18.79843097156681
    endloop
  endfacet
  facet normal 0.9746321781463003 -0.07103904424046663 -0.21223942026682838
    outer loop
      vertex -4.572083188994575 -6.107235326741675 17.20081982203051
      vertex -4.28394903026396 -2 17.1492306811128
      vertex -4.245902522662614 -2 17.32394539964973
    endloop
  endfacet
  facet normal 0.989142959194293 -0.07154800738172055 -0.12836311353368904
    outer loop
      vertex -4.541210127793667 -6.129297542656143 17.3499775872415
      vertex -4.245902522662614 -2 17.32394539964973
      vertex -4.223055555555556 -2 17.5
    endloop
  endfacet
  facet normal 0.9965013825647319 -0.07208026667218209 -0.04230165130399573
    outer loop
      vertex -4.522210368768446 -6.13578082782799 17.5
      vertex -4.223055555555556 -2 17.5
      vertex -4.2155820081578455 -2 17.67605460035027
    endloop
  endfacet
  facet normal 0.9720802206577348 -0.073655899072179 0.2227888083766296
    outer loop
      vertex -4.567028558614277 -6.0176720195922435 18.091485665212886
      vertex -4.246865251439638 -2 18.022814471107093
      vertex -4.285383957748428 -2 18.19088068951785
    endloop
  endfacet
  facet normal 0.9882785006314995 -0.07315142063077064 0.13399430901816425
    outer loop
      vertex -4.537449583374566 -6.065211470361493 17.94670865419208
      vertex -4.223538758677831 -2 17.8507693188872
      vertex -4.246865251439638 -2 18.022814471107093
    endloop
  endfacet
  facet normal 0.9963269927805685 -0.07262033709242627 0.04537411263497572
    outer loop
      vertex -4.520177128795103 -6.101972522602466 17.799246281692007
      vertex -4.2155820081578455 -2 17.67605460035027
      vertex -4.223538758677831 -2 17.8507693188872
    endloop
  endfacet
  facet normal -0.6330307659255251 0.07514543797545692 -0.7704707733218826
    outer loop
      vertex -7.604576189213184 3.368527262591564 16.02842107054434
      vertex -7.544166904244048 2 15.845312870536237
      vertex -7.674735702200449 2 15.952590224899664
    endloop
  endfacet
  facet normal -0.557357642560227 0.0749622074207268 -0.8268815669358692
    outer loop
      vertex -7.514420862432619 2.6384510557211507 15.883142371130075
      vertex -7.434201129704609 2 15.77119068991159
      vertex -7.544166904244048 2 15.845312870536237
    endloop
  endfacet
  facet normal -0.5827811298898621 0.06918043420113637 0.8096790859149309
    outer loop
      vertex -7.232598071396753 2.730902451277202 19.111379698977334
      vertex -7.408237352044281 2 19.047409775100334
      vertex -7.259193009725289 2 19.154687129463763
    endloop
  endfacet
  facet normal -0.6457988763679858 0.0690778590979531 0.7603762625597213
    outer loop
      vertex -7.34771968586924 3.4504453518977316 18.96703980323181
      vertex -7.548413957335988 2 18.928355697996825
      vertex -7.408237352044281 2 19.047409775100334
    endloop
  endfacet
  facet normal -0.5157276474555783 0.06936315200341489 0.853940130684866
    outer loop
      vertex -7.232598071396753 2.730902451277202 19.111379698977334
      vertex -7.259193009725289 2 19.154687129463763
      vertex -7.1172665435113815 2 19.24040204073451
    endloop
  endfacet
  facet normal -0.9146297490363744 0.07451459224262591 -0.3973663268579437
    outer loop
      vertex -7.8503944845110345 5.482596684763839 16.615953913432293
      vertex -8.079399093422344 2 16.49
      vertex -8.14730938412015 2 16.646311111283786
    endloop
  endfacet
  facet normal -0.9475505059720316 0.07411599649619037 -0.31089364370395794
    outer loop
      vertex -7.886144839228557 5.830030837059528 16.763392808458917
      vertex -8.14730938412015 2 16.646311111283786
      vertex -8.200727153362683 2 16.80911931048215
    endloop
  endfacet
  facet normal -0.8241270651304027 0.07506758641691919 -0.561408441323327
    outer loop
      vertex -7.749118229468267 4.57777138224982 16.32142243263649
      vertex -7.902274664318589 2 16.20156902843319
      vertex -7.997513119586825 2 16.341375598570888
    endloop
  endfacet
  facet normal -0.7672194862800885 0.07519927795532712 -0.6369610101624075
    outer loop
      vertex -7.682565242594984 4.013317472805178 16.174620236996947
      vertex -7.794408549768775 2 16.071644302003175
      vertex -7.902274664318589 2 16.20156902843319
    endloop
  endfacet
  facet normal -0.8734048842373329 0.07483613583431348 -0.4812104123600815
    outer loop
      vertex -7.804876317594611 5.066262148997862 16.468590815386168
      vertex -7.997513119586825 2 16.341375598570888
      vertex -8.079399093422344 2 16.49
    endloop
  endfacet
  facet normal -0.7032732611392593 0.07522560508862515 -0.7069284465245413
    outer loop
      vertex -7.682565242594984 4.013317472805178 16.174620236996947
      vertex -7.674735702200449 2 15.952590224899664
      vertex -7.794408549768775 2 16.071644302003175
    endloop
  endfacet
  facet normal -0.63303076592554 0.07514543797545466 -0.7704707733218706
    outer loop
      vertex -7.514420862432619 2.6384510557211507 15.883142371130075
      vertex -7.544166904244048 2 15.845312870536237
      vertex -7.604576189213184 3.368527262591564 16.02842107054434
    endloop
  endfacet
  facet normal -0.7032732611392649 0.07522560508862454 -0.7069284465245359
    outer loop
      vertex -7.604576189213184 3.368527262591564 16.02842107054434
      vertex -7.674735702200449 2 15.952590224899664
      vertex -7.682565242594984 4.013317472805178 16.174620236996947
    endloop
  endfacet
  facet normal -0.7672194862800811 0.07519927795532619 -0.6369610101624165
    outer loop
      vertex -7.682565242594984 4.013317472805178 16.174620236996947
      vertex -7.902274664318589 2 16.20156902843319
      vertex -7.749118229468267 4.57777138224982 16.32142243263649
    endloop
  endfacet
  facet normal -0.8241270651304029 0.07506758641691921 -0.5614084413233265
    outer loop
      vertex -7.749118229468267 4.57777138224982 16.32142243263649
      vertex -7.997513119586825 2 16.341375598570888
      vertex -7.804876317594611 5.066262148997862 16.468590815386168
    endloop
  endfacet
  facet normal -0.9963269927805685 0.0726203370924259 -0.04537411263497535
    outer loop
      vertex -7.965553397211282 6.107235326741675 17.20081982203051
      vertex -8.26257235243328 2 17.1492306811128
      vertex -8.270529102953265 2 17.32394539964973
    endloop
  endfacet
  facet normal -0.9882785006315001 0.0731514206307707 -0.13399430901815895
    outer loop
      vertex -7.947983588127891 6.074695697728335 17.053468902345095
      vertex -8.239245859671474 2 16.977185528892907
      vertex -8.26257235243328 2 17.1492306811128
    endloop
  endfacet
  facet normal -0.9965013825647321 0.07208026667218212 0.04230165130399544
    outer loop
      vertex -7.963900742342664 6.135780827827989 17.5
      vertex -8.270529102953265 2 17.32394539964973
      vertex -8.263055555555555 2 17.5
    endloop
  endfacet
  facet normal -0.9720802206577337 0.07365589907217929 -0.2227888083766344
    outer loop
      vertex -7.918200575567602 6.030253457402888 16.908825592727258
      vertex -8.200727153362683 2 16.80911931048215
      vertex -8.239245859671474 2 16.977185528892907
    endloop
  endfacet
  facet normal -0.9891429591942936 0.07154800738172076 0.1283631135336841
    outer loop
      vertex -7.945089516893446 6.126661270448573 17.65003903251814
      vertex -8.263055555555555 2 17.5
      vertex -8.240208588448498 2 17.67605460035027
    endloop
  endfacet
  facet normal -0.9746321781462993 0.07103904424046655 0.21223942026683273
    outer loop
      vertex -7.914397122691274 6.101972522602466 17.799246281692007
      vertex -8.240208588448498 2 17.67605460035027
      vertex -8.20216208084715 2 17.8507693188872
    endloop
  endfacet
  facet normal -0.9533658657146004 0.07056722109541412 0.29345151796697455
    outer loop
      vertex -7.8717283706256875 6.0652114703614926 17.94670865419208
      vertex -8.20216208084715 2 17.8507693188872
      vertex -8.149205589647474 2 18.022814471107093
    endloop
  endfacet
  facet normal -0.925738949365561 0.07014455512274308 0.37160077908177164
    outer loop
      vertex -7.817215576821281 6.0176720195922435 18.091485665212886
      vertex -8.149205589647474 2 18.022814471107093
      vertex -8.081742145723497 2 18.19088068951785
    endloop
  endfacet
  facet normal -0.852897247456743 0.06948526514259455 0.5174341341743649
    outer loop
      vertex -7.695442474235982 5.5279471381660175 18.38240591183633
      vertex -8.000285186619026 2 18.353688888716214
      vertex -7.9054546489779 2 18.51
    endloop
  endfacet
  facet normal -0.8083641431051883 0.0692632362250106 0.5845938900206304
    outer loop
      vertex -7.6242494900630975 5.120056692008485 18.529177319195927
      vertex -7.9054546489779 2 18.51
      vertex -7.797972250451812 2 18.658624401429112
    endloop
  endfacet
  facet normal -0.7588281121804997 0.06911967498323128 0.647612821595428
    outer loop
      vertex -7.542919890710708 4.640430216046266 18.675664246738716
      vertex -7.797972250451812 2 18.658624401429112
      vertex -7.678655996993194 2 18.79843097156681
    endloop
  endfacet
  facet normal -0.7045578030577286 0.06905747183849617 0.7062785341023345
    outer loop
      vertex -7.450939408466095 4.085327907747859 18.821696617166545
      vertex -7.678655996993194 2 18.79843097156681
      vertex -7.548413957335988 2 18.928355697996825
    endloop
  endfacet
  facet normal -0.8921309762673136 0.0697811630033817 0.44635513940608496
    outer loop
      vertex -7.756940075388519 5.867292297854587 18.235468131503524
      vertex -8.081742145723497 2 18.19088068951785
      vertex -8.000285186619026 2 18.353688888716214
    endloop
  endfacet
  facet normal -0.704557803057726 0.06905747183849587 0.706278534102337
    outer loop
      vertex -7.450939408466095 4.085327907747859 18.821696617166545
      vertex -7.542919890710708 4.640430216046266 18.675664246738716
      vertex -7.678655996993194 2 18.79843097156681
    endloop
  endfacet
  facet normal -0.94755050597203 0.07411599649619018 -0.3108936437039629
    outer loop
      vertex -7.886144839228557 5.830030837059528 16.763392808458917
      vertex -8.200727153362683 2 16.80911931048215
      vertex -7.902963703901502 6.009381185728063 16.85741034190217
    endloop
  endfacet
  facet normal -0.9475505059720402 0.07411599649619056 -0.3108936437039319
    outer loop
      vertex -7.902963703901502 6.009381185728063 16.85741034190217
      vertex -8.200727153362683 2 16.80911931048215
      vertex -7.918200575567602 6.030253457402888 16.908825592727258
    endloop
  endfacet
  facet normal -0.873404884237338 0.074836135834314 -0.4812104123600719
    outer loop
      vertex -7.804876317594611 5.066262148997862 16.468590815386168
      vertex -8.079399093422344 2 16.49
      vertex -7.8503944845110345 5.482596684763839 16.615953913432293
    endloop
  endfacet
  facet normal -0.9146297490363728 0.07451459224262576 -0.3973663268579469
    outer loop
      vertex -7.886144839228557 5.830030837059528 16.763392808458917
      vertex -7.8503944845110345 5.482596684763839 16.615953913432293
      vertex -8.14730938412015 2 16.646311111283786
    endloop
  endfacet
  facet normal -0.9720802206577339 0.07365589907217933 -0.2227888083766328
    outer loop
      vertex -7.947983588127891 6.074695697728335 17.053468902345095
      vertex -7.918200575567602 6.030253457402888 16.908825592727258
      vertex -8.239245859671474 2 16.977185528892907
    endloop
  endfacet
  facet normal -0.9882785006314984 0.0731514206307702 -0.1339943090181733
    outer loop
      vertex -7.947983588127891 6.074695697728335 17.053468902345095
      vertex -8.26257235243328 2 17.1492306811128
      vertex -7.962420977811458 6.100399490054295 17.173984697919373
    endloop
  endfacet
  facet normal -0.9882785006314976 0.0731514206307702 -0.1339943090181788
    outer loop
      vertex -7.962420977811458 6.100399490054295 17.173984697919373
      vertex -8.26257235243328 2 17.1492306811128
      vertex -7.965553397211282 6.107235326741675 17.20081982203051
    endloop
  endfacet
  facet normal -0.9963269927805687 0.07262033709242609 -0.04537411263496938
    outer loop
      vertex -7.965553397211282 6.107235326741675 17.20081982203051
      vertex -8.270529102953265 2 17.32394539964973
      vertex -7.9707381766258525 6.129297542656143 17.3499775872415
    endloop
  endfacet
  facet normal -0.996501382564732 0.07208026667218215 0.0423016513039945
    outer loop
      vertex -7.9707381766258525 6.129297542656143 17.3499775872415
      vertex -8.270529102953265 2 17.32394539964973
      vertex -7.963900742342664 6.135780827827989 17.5
    endloop
  endfacet
  facet normal -0.9891429591942922 0.07154800738172029 0.12836311353369384
    outer loop
      vertex -7.963900742342664 6.135780827827989 17.5
      vertex -8.263055555555555 2 17.5
      vertex -7.945089516893446 6.126661270448573 17.65003903251814
    endloop
  endfacet
  facet normal -0.9746321781463015 0.07103904424046703 0.21223942026682255
    outer loop
      vertex -7.945089516893446 6.126661270448573 17.65003903251814
      vertex -8.240208588448498 2 17.67605460035027
      vertex -7.914397122691274 6.101972522602466 17.799246281692007
    endloop
  endfacet
  facet normal -0.953365865714599 0.07056722109541388 0.2934515179669789
    outer loop
      vertex -7.914397122691274 6.101972522602466 17.799246281692007
      vertex -8.20216208084715 2 17.8507693188872
      vertex -7.897734744794991 6.086201480880863 17.85717156023134
    endloop
  endfacet
  facet normal -0.9533658657145989 0.07056722109541388 0.2934515179669794
    outer loop
      vertex -7.897734744794991 6.086201480880863 17.85717156023134
      vertex -8.20216208084715 2 17.8507693188872
      vertex -7.8717283706256875 6.0652114703614926 17.94670865419208
    endloop
  endfacet
  facet normal -0.8528972474567453 0.06948526514259479 0.5174341341743609
    outer loop
      vertex -7.695442474235982 5.5279471381660175 18.38240591183633
      vertex -7.756940075388519 5.867292297854587 18.235468131503524
      vertex -8.000285186619026 2 18.353688888716214
    endloop
  endfacet
  facet normal -0.7588281121804972 0.06911967498323102 0.6476128215954308
    outer loop
      vertex -7.542919890710708 4.640430216046266 18.675664246738716
      vertex -7.6242494900630975 5.120056692008485 18.529177319195927
      vertex -7.797972250451812 2 18.658624401429112
    endloop
  endfacet
  facet normal -0.8083641431051908 0.06926323622501084 0.5845938900206271
    outer loop
      vertex -7.6242494900630975 5.120056692008485 18.529177319195927
      vertex -7.695442474235982 5.5279471381660175 18.38240591183633
      vertex -7.9054546489779 2 18.51
    endloop
  endfacet
  facet normal -0.9257389493655639 0.07014455512274342 0.3716007790817646
    outer loop
      vertex -7.8717283706256875 6.0652114703614926 17.94670865419208
      vertex -8.149205589647474 2 18.022814471107093
      vertex -7.817215576821281 6.0176720195922435 18.091485665212886
    endloop
  endfacet
  facet normal -0.8921309762673044 0.06978116300338072 0.44635513940610333
    outer loop
      vertex -7.778954642958503 5.982681594222232 18.173428122299566
      vertex -8.081742145723497 2 18.19088068951785
      vertex -7.756940075388519 5.867292297854587 18.235468131503524
    endloop
  endfacet
  facet normal -0.8921309762673127 0.06978116300338127 0.4463551394060865
    outer loop
      vertex -7.778954642958503 5.982681594222232 18.173428122299566
      vertex -7.817215576821281 6.0176720195922435 18.091485665212886
      vertex -8.081742145723497 2 18.19088068951785
    endloop
  endfacet
  facet normal -0.5827811298898574 0.069180434201135 0.8096790859149342
    outer loop
      vertex -7.34771968586924 3.4504453518977316 18.96703980323181
      vertex -7.408237352044281 2 19.047409775100334
      vertex -7.232598071396753 2.730902451277202 19.111379698977334
    endloop
  endfacet
  facet normal -0.6457988763679892 0.06907785909795365 0.7603762625597185
    outer loop
      vertex -7.34771968586924 3.4504453518977316 18.96703980323181
      vertex -7.450939408466095 4.085327907747859 18.821696617166545
      vertex -7.548413957335988 2 18.928355697996825
    endloop
  endfacet
  facet normal 0.5157276474555719 0.06936315200341175 -0.8539401306848698
    outer loop
      vertex -5.250149062539424 2.6384510557211507 15.883142371130075
      vertex -5.226918101385822 2 15.845312870536237
      vertex -5.349649362588395 2 15.77119068991159
    endloop
  endfacet
  facet normal 0.582781129889858 0.06918043420113353 -0.8096790859149339
    outer loop
      vertex -5.250149062539424 2.6384510557211507 15.883142371130075
      vertex -5.077873759066831 2 15.952590224899664
      vertex -5.226918101385822 2 15.845312870536237
    endloop
  endfacet
  facet normal 0.645798876367989 0.0690778590979533 -0.7603762625597187
    outer loop
      vertex -5.13497351530418 3.368527262591564 16.02842107054434
      vertex -4.937697153775122 2 16.071644302003175
      vertex -5.077873759066831 2 15.952590224899664
    endloop
  endfacet
  facet normal 0.557357642560235 0.07496220742073019 0.8268815669358633
    outer loop
      vertex -4.975997647112706 2.730902451277202 19.111379698977334
      vertex -5.069108660584342 2 19.24040204073451
      vertex -4.941944206867063 2 19.154687129463763
    endloop
  endfacet
  facet normal 0.6330307659255286 0.07514543797545678 0.7704707733218796
    outer loop
      vertex -4.885734570240837 3.4504453518977316 18.96703980323181
      vertex -4.941944206867063 2 19.154687129463763
      vertex -4.811375408910662 2 19.047409775100334
    endloop
  endfacet
  facet normal 0.5827811298898632 0.06918043420113529 -0.8096790859149302
    outer loop
      vertex -5.250149062539424 2.6384510557211507 15.883142371130075
      vertex -5.13497351530418 3.368527262591564 16.02842107054434
      vertex -5.077873759066831 2 15.952590224899664
    endloop
  endfacet
  facet normal 0.704557803057731 0.06905747183849631 -0.7062785341023319
    outer loop
      vertex -5.031805716588875 4.013317472805178 16.174620236996947
      vertex -4.807455114117918 2 16.20156902843319
      vertex -4.937697153775122 2 16.071644302003175
    endloop
  endfacet
  facet normal 0.6457988763679919 0.0690778590979538 -0.7603762625597161
    outer loop
      vertex -5.13497351530418 3.368527262591564 16.02842107054434
      vertex -5.031805716588875 4.013317472805178 16.174620236996947
      vertex -4.937697153775122 2 16.071644302003175
    endloop
  endfacet
  facet normal 0.7045578030577238 0.06905747183849542 -0.7062785341023392
    outer loop
      vertex -5.031805716588875 4.013317472805178 16.174620236996947
      vertex -4.93997012935545 4.57777138224982 16.32142243263649
      vertex -4.807455114117918 2 16.20156902843319
    endloop
  endfacet
  facet normal 0.6330307659255217 0.07514543797545781 0.7704707733218854
    outer loop
      vertex -4.975997647112706 2.730902451277202 19.111379698977334
      vertex -4.941944206867063 2 19.154687129463763
      vertex -4.885734570240837 3.4504453518977316 18.96703980323181
    endloop
  endfacet
  facet normal 0.7032732611392599 0.07522560508862453 0.706928446524541
    outer loop
      vertex -4.885734570240837 3.4504453518977316 18.96703980323181
      vertex -4.811375408910662 2 19.047409775100334
      vertex -4.807546174133 4.085327907747859 18.821696617166545
    endloop
  endfacet
  facet normal 0.7588281121804973 0.06911967498323085 -0.6476128215954308
    outer loop
      vertex -4.93997012935545 4.57777138224982 16.32142243263649
      vertex -4.688138860659299 2 16.341375598570888
      vertex -4.807455114117918 2 16.20156902843319
    endloop
  endfacet
  facet normal 0.8083641431051907 0.0692632362250105 -0.5845938900206272
    outer loop
      vertex -4.858866375311104 5.066262148997862 16.468590815386168
      vertex -4.580656462133212 2 16.49
      vertex -4.688138860659299 2 16.341375598570888
    endloop
  endfacet
  facet normal 0.8528972474567432 0.06948526514259477 -0.5174341341743648
    outer loop
      vertex -4.787969008175627 5.482596684763839 16.615953913432293
      vertex -4.485825924492086 2 16.646311111283786
      vertex -4.580656462133212 2 16.49
    endloop
  endfacet
  facet normal 0.7588281121804978 0.06911967498323092 -0.64761282159543
    outer loop
      vertex -4.93997012935545 4.57777138224982 16.32142243263649
      vertex -4.858866375311104 5.066262148997862 16.468590815386168
      vertex -4.688138860659299 2 16.341375598570888
    endloop
  endfacet
  facet normal 0.8921309762673115 0.06978116300338146 -0.44635513940608895
    outer loop
      vertex -4.726826399314629 5.830030837059528 16.763392808458917
      vertex -4.404368965387613 2 16.80911931048215
      vertex -4.485825924492086 2 16.646311111283786
    endloop
  endfacet
  facet normal 0.7032732611392567 0.07522560508862484 0.706928446524544
    outer loop
      vertex -4.807546174133 4.085327907747859 18.821696617166545
      vertex -4.811375408910662 2 19.047409775100334
      vertex -4.691702561342336 2 18.928355697996825
    endloop
  endfacet
  facet normal 0.7672194862800885 0.07519927795532678 0.6369610101624077
    outer loop
      vertex -4.807546174133 4.085327907747859 18.821696617166545
      vertex -4.691702561342336 2 18.928355697996825
      vertex -4.583836446792523 2 18.79843097156681
    endloop
  endfacet
  facet normal 0.8241270651304002 0.07506758641691957 0.5614084413233307
    outer loop
      vertex -4.740715711239846 4.640430216046266 18.675664246738716
      vertex -4.583836446792523 2 18.79843097156681
      vertex -4.488597991524285 2 18.658624401429112
    endloop
  endfacet
  facet normal 0.8734048842373328 0.07483613583431373 0.48121041236008144
    outer loop
      vertex -4.684614416075382 5.120056692008485 18.529177319195927
      vertex -4.488597991524285 2 18.658624401429112
      vertex -4.406712017688767 2 18.51
    endloop
  endfacet
  facet normal 0.9146297490363743 0.07451459224262608 0.3973663268579435
    outer loop
      vertex -4.638698729836651 5.5279471381660175 18.38240591183633
      vertex -4.406712017688767 2 18.51
      vertex -4.33880172699096 2 18.353688888716214
    endloop
  endfacet
  facet normal 0.7672194862800871 0.0751992779553266 0.6369610101624094
    outer loop
      vertex -4.807546174133 4.085327907747859 18.821696617166545
      vertex -4.583836446792523 2 18.79843097156681
      vertex -4.740715711239846 4.640430216046266 18.675664246738716
    endloop
  endfacet
  facet normal 0.9257389493655626 0.07014455512274348 -0.3716007790817675
    outer loop
      vertex -4.669723905684926 6.030253457402888 16.908825592727258
      vertex -4.336905521463637 2 16.977185528892907
      vertex -4.404368965387613 2 16.80911931048215
    endloop
  endfacet
  facet normal 0.9533658657145988 0.0705672210954142 -0.2934515179669792
    outer loop
      vertex -4.615030100912676 6.074695697728335 17.053468902345095
      vertex -4.28394903026396 2 17.1492306811128
      vertex -4.336905521463637 2 16.977185528892907
    endloop
  endfacet
  facet normal 0.9475505059720316 0.0741159964961906 0.3108936437039578
    outer loop
      vertex -4.6025070797414305 5.867292297854587 18.235468131503524
      vertex -4.33880172699096 2 18.353688888716214
      vertex -4.285383957748428 2 18.19088068951785
    endloop
  endfacet
  facet normal 0.9746321781463003 0.07103904424046663 -0.21223942026682838
    outer loop
      vertex -4.572083188994575 6.107235326741675 17.20081982203051
      vertex -4.245902522662614 2 17.32394539964973
      vertex -4.28394903026396 2 17.1492306811128
    endloop
  endfacet
  facet normal 0.989142959194293 0.07154800738172055 -0.12836311353368904
    outer loop
      vertex -4.541210127793667 6.129297542656143 17.3499775872415
      vertex -4.223055555555556 2 17.5
      vertex -4.245902522662614 2 17.32394539964973
    endloop
  endfacet
  facet normal 0.9965013825647321 0.07208026667218212 -0.04230165130399544
    outer loop
      vertex -4.522210368768446 6.135780827827989 17.5
      vertex -4.2155820081578455 2 17.67605460035027
      vertex -4.223055555555556 2 17.5
    endloop
  endfacet
  facet normal 0.9720802206577348 0.073655899072179 0.2227888083766296
    outer loop
      vertex -4.567028558614277 6.0176720195922435 18.091485665212886
      vertex -4.285383957748428 2 18.19088068951785
      vertex -4.246865251439638 2 18.022814471107093
    endloop
  endfacet
  facet normal 0.9882785006314995 0.07315142063077065 0.13399430901816398
    outer loop
      vertex -4.537449583374566 6.0652114703614926 17.94670865419208
      vertex -4.246865251439638 2 18.022814471107093
      vertex -4.223538758677831 2 17.8507693188872
    endloop
  endfacet
  facet normal 0.9963269927805685 0.07262033709242627 0.04537411263497572
    outer loop
      vertex -4.520177128795103 6.101972522602466 17.799246281692007
      vertex -4.223538758677831 2 17.8507693188872
      vertex -4.2155820081578455 2 17.67605460035027
    endloop
  endfacet
  facet normal 0.8083641431051968 0.06926323622501113 -0.5845938900206187
    outer loop
      vertex -4.858866375311104 5.066262148997862 16.468590815386168
      vertex -4.787969008175627 5.482596684763839 16.615953913432293
      vertex -4.580656462133212 2 16.49
    endloop
  endfacet
  facet normal 0.85289724745674 0.06948526514259448 -0.5174341341743698
    outer loop
      vertex -4.787969008175627 5.482596684763839 16.615953913432293
      vertex -4.726826399314629 5.830030837059528 16.763392808458917
      vertex -4.485825924492086 2 16.646311111283786
    endloop
  endfacet
  facet normal 0.8921309762673101 0.06978116300338129 -0.4463551394060918
    outer loop
      vertex -4.726826399314629 5.830030837059528 16.763392808458917
      vertex -4.693815626104235 6.009381185728063 16.85741034190217
      vertex -4.404368965387613 2 16.80911931048215
    endloop
  endfacet
  facet normal 0.8921309762673225 0.0697811630033819 -0.44635513940606675
    outer loop
      vertex -4.693815626104235 6.009381185728063 16.85741034190217
      vertex -4.669723905684926 6.030253457402888 16.908825592727258
      vertex -4.404368965387613 2 16.80911931048215
    endloop
  endfacet
  facet normal 0.8241270651303995 0.0750675864169195 0.5614084413233315
    outer loop
      vertex -4.740715711239846 4.640430216046266 18.675664246738716
      vertex -4.488597991524285 2 18.658624401429112
      vertex -4.684614416075382 5.120056692008485 18.529177319195927
    endloop
  endfacet
  facet normal 0.8734048842373365 0.07483613583431414 0.4812104123600743
    outer loop
      vertex -4.684614416075382 5.120056692008485 18.529177319195927
      vertex -4.406712017688767 2 18.51
      vertex -4.638698729836651 5.5279471381660175 18.38240591183633
    endloop
  endfacet
  facet normal 0.9146297490363736 0.07451459224262601 0.39736632685794526
    outer loop
      vertex -4.638698729836651 5.5279471381660175 18.38240591183633
      vertex -4.33880172699096 2 18.353688888716214
      vertex -4.6025070797414305 5.867292297854587 18.235468131503524
    endloop
  endfacet
  facet normal 0.9257389493655628 0.07014455512274351 -0.3716007790817672
    outer loop
      vertex -4.669723905684926 6.030253457402888 16.908825592727258
      vertex -4.615030100912676 6.074695697728335 17.053468902345095
      vertex -4.336905521463637 2 16.977185528892907
    endloop
  endfacet
  facet normal 0.9475505059720267 0.07411599649619002 0.3108936437039729
    outer loop
      vertex -4.6025070797414305 5.867292297854587 18.235468131503524
      vertex -4.285383957748428 2 18.19088068951785
      vertex -4.591177180423239 5.982681594222232 18.173428122299566
    endloop
  endfacet
  facet normal 0.947550505972031 0.07411599649619031 0.3108936437039598
    outer loop
      vertex -4.591177180423239 5.982681594222232 18.173428122299566
      vertex -4.285383957748428 2 18.19088068951785
      vertex -4.567028558614277 6.0176720195922435 18.091485665212886
    endloop
  endfacet
  facet normal 0.9720802206577364 0.07365589907217922 0.22278880837662254
    outer loop
      vertex -4.567028558614277 6.0176720195922435 18.091485665212886
      vertex -4.246865251439638 2 18.022814471107093
      vertex -4.537449583374566 6.0652114703614926 17.94670865419208
    endloop
  endfacet
  facet normal 0.953365865714596 0.07056722109541373 -0.2934515179669888
    outer loop
      vertex -4.615030100912676 6.074695697728335 17.053468902345095
      vertex -4.579837213102428 6.100399490054295 17.173984697919373
      vertex -4.28394903026396 2 17.1492306811128
    endloop
  endfacet
  facet normal 0.9533658657146001 0.07056722109541397 -0.293451517966975
    outer loop
      vertex -4.579837213102428 6.100399490054295 17.173984697919373
      vertex -4.572083188994575 6.107235326741675 17.20081982203051
      vertex -4.28394903026396 2 17.1492306811128
    endloop
  endfacet
  facet normal 0.9746321781463011 0.07103904424046678 -0.2122394202668246
    outer loop
      vertex -4.572083188994575 6.107235326741675 17.20081982203051
      vertex -4.541210127793667 6.129297542656143 17.3499775872415
      vertex -4.245902522662614 2 17.32394539964973
    endloop
  endfacet
  facet normal 0.9891429591942922 0.0715480073817203 -0.12836311353369442
    outer loop
      vertex -4.541210127793667 6.129297542656143 17.3499775872415
      vertex -4.522210368768446 6.135780827827989 17.5
      vertex -4.223055555555556 2 17.5
    endloop
  endfacet
  facet normal 0.9963269927805685 0.07262033709242625 0.04537411263497612
    outer loop
      vertex -4.515181538617319 6.126661270448573 17.65003903251814
      vertex -4.520177128795103 6.101972522602466 17.799246281692007
      vertex -4.2155820081578455 2 17.67605460035027
    endloop
  endfacet
  facet normal 0.9882785006314985 0.07315142063077039 0.13399430901817205
    outer loop
      vertex -4.537449583374566 6.0652114703614926 17.94670865419208
      vertex -4.223538758677831 2 17.8507693188872
      vertex -4.526863486498501 6.086201480880863 17.85717156023134
    endloop
  endfacet
  facet normal 0.9882785006315005 0.07315142063077053 0.1339943090181577
    outer loop
      vertex -4.526863486498501 6.086201480880863 17.85717156023134
      vertex -4.223538758677831 2 17.8507693188872
      vertex -4.520177128795103 6.101972522602466 17.799246281692007
    endloop
  endfacet
  facet normal 0.9965013825647321 0.0720802666721823 -0.042301651303991404
    outer loop
      vertex -4.522210368768446 6.135780827827989 17.5
      vertex -4.515181538617319 6.126661270448573 17.65003903251814
      vertex -4.2155820081578455 2 17.67605460035027
    endloop
  endfacet
  facet normal 0 -1 0
    outer loop
      vertex -12 -2 0
      vertex -8.875 -2 0
      vertex -7.434201129704609 -2 15.77119068991159
    endloop
  endfacet
  facet normal 0 -1 0
    outer loop
      vertex -12 -2 0
      vertex -8.14730938412015 -2 16.646311111283786
      vertex -8.200727153362683 -2 16.80911931048215
    endloop
  endfacet
  facet normal 0 -1 0
    outer loop
      vertex -12 -2 0
      vertex -8.079399093422344 -2 16.49
      vertex -8.14730938412015 -2 16.646311111283786
    endloop
  endfacet
  facet normal 0 -1 0
    outer loop
      vertex -12 -2 0
      vertex -7.997513119586825 -2 16.341375598570888
      vertex -8.079399093422344 -2 16.49
    endloop
  endfacet
  facet normal 0 -1 0
    outer loop
      vertex -12 -2 0
      vertex -7.902274664318589 -2 16.20156902843319
      vertex -7.997513119586825 -2 16.341375598570888
    endloop
  endfacet
  facet normal 0 -1 0
    outer loop
      vertex -12 -2 0
      vertex -7.794408549768775 -2 16.071644302003175
      vertex -7.902274664318589 -2 16.20156902843319
    endloop
  endfacet
  facet normal 0 -1 0
    outer loop
      vertex -12 -2 0
      vertex -7.674735702200449 -2 15.952590224899664
      vertex -7.794408549768775 -2 16.071644302003175
    endloop
  endfacet
  facet normal 0 -1 0
    outer loop
      vertex -12 -2 0
      vertex -7.434201129704609 -2 15.77119068991159
      vertex -7.544166904244048 -2 15.845312870536237
    endloop
  endfacet
  facet normal 0 -1 0
    outer loop
      vertex -12 -2 0
      vertex -7.544166904244048 -2 15.845312870536237
      vertex -7.674735702200449 -2 15.952590224899664
    endloop
  endfacet
  facet normal 0 -1 0
    outer loop
      vertex -12 -2 0
      vertex -8.26257235243328 -2 17.1492306811128
      vertex -8.270529102953265 -2 17.32394539964973
    endloop
  endfacet
  facet normal 0 -1 0
    outer loop
      vertex -12 -2 0
      vertex -8.239245859671474 -2 16.977185528892907
      vertex -8.26257235243328 -2 17.1492306811128
    endloop
  endfacet
  facet normal 0 -1 0
    outer loop
      vertex -12 -2 0
      vertex -8.200727153362683 -2 16.80911931048215
      vertex -8.239245859671474 -2 16.977185528892907
    endloop
  endfacet
  facet normal 0 -1 0
    outer loop
      vertex -12 -2 0
      vertex -8.270529102953265 -2 17.32394539964973
      vertex -8.263055555555555 -2 17.5
    endloop
  endfacet
  facet normal -0.9943592005519288 0 0.10606498139220573
    outer loop
      vertex -12 -2 0
      vertex -2.666666666666667 -2 87.5
      vertex -12 2 0
    endloop
  endfacet
  facet normal 0 0 -1
    outer loop
      vertex -12 -2 0
      vertex -3.5 2 0
      vertex -8.875 -2 0
    endloop
  endfacet
  facet normal 0 0 -1
    outer loop
      vertex -3.5 2 0
      vertex -6.625 -2 0
      vertex -8.875 -2 0
    endloop
  endfacet
  facet normal 0 -1 0
    outer loop
      vertex -3.5 -2 0
      vertex -5.349649362588395 -2 15.77119068991159
      vertex -6.625 -2 0
    endloop
  endfacet
  facet normal 0 -1 0
    outer loop
      vertex -12 -2 0
      vertex -8.263055555555555 -2 17.5
      vertex -0.9544019607843133 -2 86.7
    endloop
  endfacet
  facet normal 0 -1 0
    outer loop
      vertex -8.263055555555555 -2 17.5
      vertex -8.240208588448498 -2 17.67605460035027
      vertex -0.9544019607843133 -2 86.7
    endloop
  endfacet
  facet normal 0 -1 0
    outer loop
      vertex -8.240208588448498 -2 17.67605460035027
      vertex -8.20216208084715 -2 17.8507693188872
      vertex -0.9544019607843133 -2 86.7
    endloop
  endfacet
  facet normal 0 -1 0
    outer loop
      vertex -8.20216208084715 -2 17.8507693188872
      vertex -8.149205589647474 -2 18.022814471107093
      vertex -0.9544019607843133 -2 86.7
    endloop
  endfacet
  facet normal 0 -1 0
    outer loop
      vertex -8.149205589647474 -2 18.022814471107093
      vertex -8.081742145723497 -2 18.19088068951785
      vertex -0.9544019607843133 -2 86.7
    endloop
  endfacet
  facet normal 0 -1 0
    outer loop
      vertex -8.081742145723497 -2 18.19088068951785
      vertex -8.000285186619026 -2 18.353688888716214
      vertex -0.9544019607843133 -2 86.7
    endloop
  endfacet
  facet normal 0 -1 0
    outer loop
      vertex -8.000285186619026 -2 18.353688888716214
      vertex -7.9054546489779 -2 18.51
      vertex -0.9544019607843133 -2 86.7
    endloop
  endfacet
  facet normal 0 -1 0
    outer loop
      vertex -7.9054546489779 -2 18.51
      vertex -7.797972250451812 -2 18.658624401429112
      vertex -0.9544019607843133 -2 86.7
    endloop
  endfacet
  facet normal 0 -1 0
    outer loop
      vertex -7.797972250451812 -2 18.658624401429112
      vertex -7.678655996993194 -2 18.79843097156681
      vertex -0.9544019607843133 -2 86.7
    endloop
  endfacet
  facet normal 0 -1 0
    outer loop
      vertex -7.678655996993194 -2 18.79843097156681
      vertex -7.548413957335988 -2 18.928355697996825
      vertex -0.9544019607843133 -2 86.7
    endloop
  endfacet
  facet normal 0 -1 0
    outer loop
      vertex -7.548413957335988 -2 18.928355697996825
      vertex -7.408237352044281 -2 19.047409775100334
      vertex -0.9544019607843133 -2 86.7
    endloop
  endfacet
  facet normal 0 -1 0
    outer loop
      vertex -7.408237352044281 -2 19.047409775100334
      vertex -7.259193009725289 -2 19.154687129463763
      vertex -0.9544019607843133 -2 86.7
    endloop
  endfacet
  facet normal 0 -1 0
    outer loop
      vertex -7.259193009725289 -2 19.154687129463763
      vertex -7.1172665435113815 -2 19.24040204073451
      vertex -0.9544019607843133 -2 86.7
    endloop
  endfacet
  facet normal 0 -1 0
    outer loop
      vertex -12 -2 0
      vertex -0.9544019607843133 -2 86.7
      vertex -2.666666666666667 -2 87.5
    endloop
  endfacet
  facet normal 0 0 -1
    outer loop
      vertex -12 -2 0
      vertex -12 2 0
      vertex -8.875 2 0
    endloop
  endfacet
  facet normal 0 1 0
    outer loop
      vertex -12 2 0
      vertex -7.434201129704609 2 15.77119068991159
      vertex -8.875 2 0
    endloop
  endfacet
  facet normal 0 1 0
    outer loop
      vertex -12 2 0
      vertex -8.200727153362683 2 16.80911931048215
      vertex -8.14730938412015 2 16.646311111283786
    endloop
  endfacet
  facet normal 0 1 0
    outer loop
      vertex -12 2 0
      vertex -8.14730938412015 2 16.646311111283786
      vertex -8.079399093422344 2 16.49
    endloop
  endfacet
  facet normal 0 1 0
    outer loop
      vertex -12 2 0
      vertex -8.079399093422344 2 16.49
      vertex -7.997513119586825 2 16.341375598570888
    endloop
  endfacet
  facet normal 0 0 -1
    outer loop
      vertex -12 -2 0
      vertex -8.875 2 0
      vertex -6.625 2 0
    endloop
  endfacet
  facet normal 0 1 0
    outer loop
      vertex -12 2 0
      vertex -7.997513119586825 2 16.341375598570888
      vertex -7.902274664318589 2 16.20156902843319
    endloop
  endfacet
  facet normal 0 1 0
    outer loop
      vertex -12 2 0
      vertex -7.902274664318589 2 16.20156902843319
      vertex -7.794408549768775 2 16.071644302003175
    endloop
  endfacet
  facet normal 0 1 0
    outer loop
      vertex -12 2 0
      vertex -7.794408549768775 2 16.071644302003175
      vertex -7.674735702200449 2 15.952590224899664
    endloop
  endfacet
  facet normal 0 1 0
    outer loop
      vertex -12 2 0
      vertex -7.544166904244048 2 15.845312870536237
      vertex -7.434201129704609 2 15.77119068991159
    endloop
  endfacet
  facet normal 0 1 0
    outer loop
      vertex -12 2 0
      vertex -7.674735702200449 2 15.952590224899664
      vertex -7.544166904244048 2 15.845312870536237
    endloop
  endfacet
  facet normal 0 1 0
    outer loop
      vertex -12 2 0
      vertex -8.270529102953265 2 17.32394539964973
      vertex -8.26257235243328 2 17.1492306811128
    endloop
  endfacet
  facet normal 0 1 0
    outer loop
      vertex -12 2 0
      vertex -8.26257235243328 2 17.1492306811128
      vertex -8.239245859671474 2 16.977185528892907
    endloop
  endfacet
  facet normal 0 1 0
    outer loop
      vertex -12 2 0
      vertex -8.239245859671474 2 16.977185528892907
      vertex -8.200727153362683 2 16.80911931048215
    endloop
  endfacet
  facet normal 0 1 0
    outer loop
      vertex -12 2 0
      vertex -8.263055555555555 2 17.5
      vertex -8.270529102953265 2 17.32394539964973
    endloop
  endfacet
  facet normal 0 0 -1
    outer loop
      vertex -12 -2 0
      vertex -6.625 2 0
      vertex -3.5 2 0
    endloop
  endfacet
  facet normal 0 1 0
    outer loop
      vertex -3.5 2 0
      vertex -6.625 2 0
      vertex -5.349649362588395 2 15.77119068991159
    endloop
  endfacet
  facet normal 0 1 0
    outer loop
      vertex -12 2 0
      vertex -0.9544019607843133 2 86.7
      vertex -8.263055555555555 2 17.5
    endloop
  endfacet
  facet normal 0 1 0
    outer loop
      vertex -8.263055555555555 2 17.5
      vertex -0.9544019607843133 2 86.7
      vertex -8.240208588448498 2 17.67605460035027
    endloop
  endfacet
  facet normal 0 1 0
    outer loop
      vertex -8.240208588448498 2 17.67605460035027
      vertex -0.9544019607843133 2 86.7
      vertex -8.20216208084715 2 17.8507693188872
    endloop
  endfacet
  facet normal 0 1 0
    outer loop
      vertex -8.20216208084715 2 17.8507693188872
      vertex -0.9544019607843133 2 86.7
      vertex -8.149205589647474 2 18.022814471107093
    endloop
  endfacet
  facet normal 0 1 0
    outer loop
      vertex -8.149205589647474 2 18.022814471107093
      vertex -0.9544019607843133 2 86.7
      vertex -8.081742145723497 2 18.19088068951785
    endloop
  endfacet
  facet normal 0 1 0
    outer loop
      vertex -8.081742145723497 2 18.19088068951785
      vertex -0.9544019607843133 2 86.7
      vertex -8.000285186619026 2 18.353688888716214
    endloop
  endfacet
  facet normal 0 1 0
    outer loop
      vertex -7.9054546489779 2 18.51
      vertex -8.000285186619026 2 18.353688888716214
      vertex -0.9544019607843133 2 86.7
    endloop
  endfacet
  facet normal 0 1 0
    outer loop
      vertex -7.9054546489779 2 18.51
      vertex -0.9544019607843133 2 86.7
      vertex -7.797972250451812 2 18.658624401429112
    endloop
  endfacet
  facet normal 0 1 0
    outer loop
      vertex -7.797972250451812 2 18.658624401429112
      vertex -0.9544019607843133 2 86.7
      vertex -7.678655996993194 2 18.79843097156681
    endloop
  endfacet
  facet normal 0 1 0
    outer loop
      vertex -7.678655996993194 2 18.79843097156681
      vertex -0.9544019607843133 2 86.7
      vertex -7.548413957335988 2 18.928355697996825
    endloop
  endfacet
  facet normal 0 1 0
    outer loop
      vertex -7.408237352044281 2 19.047409775100334
      vertex -7.548413957335988 2 18.928355697996825
      vertex -0.9544019607843133 2 86.7
    endloop
  endfacet
  facet normal 0 1 0
    outer loop
      vertex -7.408237352044281 2 19.047409775100334
      vertex -0.9544019607843133 2 86.7
      vertex -7.259193009725289 2 19.154687129463763
    endloop
  endfacet
  facet normal 0 1 0
    outer loop
      vertex -7.259193009725289 2 19.154687129463763
      vertex -0.9544019607843133 2 86.7
      vertex -7.1172665435113815 2 19.24040204073451
    endloop
  endfacet
  facet normal -0.9943592005519288 0 0.10606498139220573
    outer loop
      vertex -12 2 0
      vertex -2.666666666666667 -2 87.5
      vertex -2.666666666666667 2 87.5
    endloop
  endfacet
  facet normal 0 1 0
    outer loop
      vertex -12 2 0
      vertex -2.666666666666667 2 87.5
      vertex -0.9544019607843133 2 86.7
    endloop
  endfacet
  facet normal 0 -1 0
    outer loop
      vertex -3.5 -2 0
      vertex -5.226918101385822 -2 15.845312870536237
      vertex -5.349649362588395 -2 15.77119068991159
    endloop
  endfacet
  facet normal 0 -1 0
    outer loop
      vertex -3.5 -2 0
      vertex -5.077873759066831 -2 15.952590224899664
      vertex -5.226918101385822 -2 15.845312870536237
    endloop
  endfacet
  facet normal 0 -1 0
    outer loop
      vertex -3.5 -2 0
      vertex -4.937697153775122 -2 16.071644302003175
      vertex -5.077873759066831 -2 15.952590224899664
    endloop
  endfacet
  facet normal 0 -1 0
    outer loop
      vertex -3.5 -2 0
      vertex -4.807455114117918 -2 16.20156902843319
      vertex -4.937697153775122 -2 16.071644302003175
    endloop
  endfacet
  facet normal 0 -1 0
    outer loop
      vertex -3.5 -2 0
      vertex -4.688138860659299 -2 16.341375598570888
      vertex -4.807455114117918 -2 16.20156902843319
    endloop
  endfacet
  facet normal 0 -1 0
    outer loop
      vertex -3.5 -2 0
      vertex -4.580656462133212 -2 16.49
      vertex -4.688138860659299 -2 16.341375598570888
    endloop
  endfacet
  facet normal 0 -1 0
    outer loop
      vertex -3.5 -2 0
      vertex -4.485825924492086 -2 16.646311111283786
      vertex -4.580656462133212 -2 16.49
    endloop
  endfacet
  facet normal 0 -1 0
    outer loop
      vertex -3.5 -2 0
      vertex -4.404368965387613 -2 16.80911931048215
      vertex -4.485825924492086 -2 16.646311111283786
    endloop
  endfacet
  facet normal 0 0 -1
    outer loop
      vertex -3.5 -2 0
      vertex -6.625 -2 0
      vertex -3.5 2 0
    endloop
  endfacet
  facet normal 0 -1 0
    outer loop
      vertex -3.5 -2 0
      vertex -4.336905521463637 -2 16.977185528892907
      vertex -4.404368965387613 -2 16.80911931048215
    endloop
  endfacet
  facet normal 0 -1 0
    outer loop
      vertex -3.5 -2 0
      vertex -4.28394903026396 -2 17.1492306811128
      vertex -4.336905521463637 -2 16.977185528892907
    endloop
  endfacet
  facet normal 0 -1 0
    outer loop
      vertex -3.5 -2 0
      vertex -4.245902522662614 -2 17.32394539964973
      vertex -4.28394903026396 -2 17.1492306811128
    endloop
  endfacet
  facet normal 0 -1 0
    outer loop
      vertex -3.5 -2 0
      vertex -4.223055555555556 -2 17.5
      vertex -4.245902522662614 -2 17.32394539964973
    endloop
  endfacet
  facet normal 0 -1 0
    outer loop
      vertex -4.941944206867063 -2 19.154687129463763
      vertex 0.3860686274509799 -2 86.7
      vertex -5.069108660584342 -2 19.24040204073451
    endloop
  endfacet
  facet normal 0 -1 0
    outer loop
      vertex -4.941944206867063 -2 19.154687129463763
      vertex -4.811375408910662 -2 19.047409775100334
      vertex 0.3860686274509799 -2 86.7
    endloop
  endfacet
  facet normal 0 -1 0
    outer loop
      vertex -4.811375408910662 -2 19.047409775100334
      vertex -4.691702561342336 -2 18.928355697996825
      vertex 0.3860686274509799 -2 86.7
    endloop
  endfacet
  facet normal 0 -1 0
    outer loop
      vertex -3.5 -2 0
      vertex 0.3860686274509799 -2 86.7
      vertex -4.223055555555556 -2 17.5
    endloop
  endfacet
  facet normal 0 -1 0
    outer loop
      vertex -4.583836446792523 -2 18.79843097156681
      vertex 0.3860686274509799 -2 86.7
      vertex -4.691702561342336 -2 18.928355697996825
    endloop
  endfacet
  facet normal 0 -1 0
    outer loop
      vertex -4.488597991524285 -2 18.658624401429112
      vertex 0.3860686274509799 -2 86.7
      vertex -4.583836446792523 -2 18.79843097156681
    endloop
  endfacet
  facet normal 0 -1 0
    outer loop
      vertex -4.488597991524285 -2 18.658624401429112
      vertex -4.406712017688767 -2 18.51
      vertex 0.3860686274509799 -2 86.7
    endloop
  endfacet
  facet normal 0 -1 0
    outer loop
      vertex -4.223055555555556 -2 17.5
      vertex 0.3860686274509799 -2 86.7
      vertex -4.2155820081578455 -2 17.67605460035027
    endloop
  endfacet
  facet normal 0 -1 0
    outer loop
      vertex -4.2155820081578455 -2 17.67605460035027
      vertex 0.3860686274509799 -2 86.7
      vertex -4.223538758677831 -2 17.8507693188872
    endloop
  endfacet
  facet normal 0 -1 0
    outer loop
      vertex -4.33880172699096 -2 18.353688888716214
      vertex 0.3860686274509799 -2 86.7
      vertex -4.406712017688767 -2 18.51
    endloop
  endfacet
  facet normal 0 -1 0
    outer loop
      vertex -4.33880172699096 -2 18.353688888716214
      vertex -4.285383957748428 -2 18.19088068951785
      vertex 0.3860686274509799 -2 86.7
    endloop
  endfacet
  facet normal 0 -1 0
    outer loop
      vertex -4.285383957748428 -2 18.19088068951785
      vertex -4.246865251439638 -2 18.022814471107093
      vertex 0.3860686274509799 -2 86.7
    endloop
  endfacet
  facet normal 0 -1 0
    outer loop
      vertex -4.223538758677831 -2 17.8507693188872
      vertex 0.3860686274509799 -2 86.7
      vertex -4.246865251439638 -2 18.022814471107093
    endloop
  endfacet
  facet normal -0.9939689139551618 0 0.1096621999177295
    outer loop
      vertex -2.666666666666667 -2 87.5
      vertex -2.6426274582743643 -2 87.71788935363293
      vertex -2.666666666666667 2 87.5
    endloop
  endfacet
  facet normal -0.9808964558289294 0 0.19453057071382163
    outer loop
      vertex -2.6426274582743643 -2 87.71788935363293
      vertex -2.599744687477748 -2 87.93412044644356
      vertex -2.6426274582743643 2 87.71788935363293
    endloop
  endfacet
  facet normal -0.9608492290086906 0 0.27707175805809753
    outer loop
      vertex -2.599744687477748 -2 87.93412044644356
      vertex -2.5383447284499807 -2 88.1470476090908
      vertex -2.599744687477748 2 87.93412044644356
    endloop
  endfacet
  facet normal -0.9341725222457917 0 0.3568216622921538
    outer loop
      vertex -2.5383447284499807 -2 88.1470476090908
      vertex -2.4588948582609493 -2 88.355050355196
      vertex -2.5383447284499807 2 88.1470476090908
    endloop
  endfacet
  facet normal -0.9012133624491708 0 0.43337567460929255
    outer loop
      vertex -2.4588948582609493 -2 88.355050355196
      vertex -2.361999756594499 -2 88.55654565244913
      vertex -2.4588948582609493 2 88.355050355196
    endloop
  endfacet
  facet normal -0.8623114166056957 0 0.5063783376009271
    outer loop
      vertex -2.361999756594499 -2 88.55654565244913
      vertex -2.2483968411882715 -2 88.75
      vertex -2.361999756594499 2 88.55654565244913
    endloop
  endfacet
  facet normal -0.8177936370358707 0 0.5755115700171827
    outer loop
      vertex -2.2483968411882715 -2 88.75
      vertex -2.1189507072170572 -2 88.93394108861685
      vertex -2.2483968411882715 2 88.75
    endloop
  endfacet
  facet normal -0.7679718214034512 0 0.6404836309619986
    outer loop
      vertex -2.1189507072170572 -2 88.93394108861685
      vertex -1.9746465081969902 -2 89.10696902126074
      vertex -2.1189507072170572 2 88.93394108861685
    endloop
  endfacet
  facet normal -0.7131432797623365 0 0.701018303990572
    outer loop
      vertex -1.9746465081969902 -2 89.10696902126074
      vertex -1.8165824890136717 -2 89.26776695251465
      vertex -1.9746465081969902 2 89.10696902126074
    endloop
  endfacet
  facet normal -0.6535938652832016 0 0.7568454659071189
    outer loop
      vertex -1.8165824890136717 -2 89.26776695251465
      vertex -1.645961613953114 -2 89.41511110961437
      vertex -1.8165824890136717 2 89.26776695251465
    endloop
  endfacet
  facet normal -0.5896033564433077 0 0.8076929379849659
    outer loop
      vertex -1.645961613953114 -2 89.41511110961437
      vertex -1.4640824144085247 -2 89.54788011312485
      vertex -1.645961613953114 2 89.41511110961437
    endloop
  endfacet
  facet normal -0.5214526447432198 0 0.8532802231918313
    outer loop
      vertex -1.4640824144085247 -2 89.54788011312485
      vertex -1.2723290994763374 -2 89.66506350785494
      vertex -1.4640824144085247 2 89.54788011312485
    endloop
  endfacet
  facet normal 0 -1 0
    outer loop
      vertex -3.5 -2 0
      vertex 2.338346038758754 -2 87.71788935363293
      vertex 0.3860686274509799 -2 86.7
    endloop
  endfacet
  facet normal 0 -1 0
    outer loop
      vertex -3.5 -2 0
      vertex 2.333333333333332 -2 87.5
      vertex 2.338346038758754 -2 87.71788935363293
    endloop
  endfacet
  facet normal 0.9977851578566089 0 -0.06651901052377392
    outer loop
      vertex -3.5 -2 0
      vertex 2.333333333333332 2 87.5
      vertex 2.333333333333332 -2 87.5
    endloop
  endfacet
  facet normal 0 -1 0
    outer loop
      vertex -2.666666666666667 -2 87.5
      vertex 2.2912844096620866 -2 88.1470476090908
      vertex -2.6426274582743643 -2 87.71788935363293
    endloop
  endfacet
  facet normal 0 -1 0
    outer loop
      vertex -2.6426274582743643 -2 87.71788935363293
      vertex 2.2395682389537495 -2 88.355050355196
      vertex -2.599744687477748 -2 87.93412044644356
    endloop
  endfacet
  facet normal 0 -1 0
    outer loop
      vertex -2.599744687477748 -2 87.93412044644356
      vertex 2.169539176921049 -2 88.55654565244913
      vertex -2.5383447284499807 -2 88.1470476090908
    endloop
  endfacet
  facet normal 0 -1 0
    outer loop
      vertex -2.5383447284499807 -2 88.1470476090908
      vertex 2.0817301745216064 -2 88.75
      vertex -2.4588948582609493 -2 88.355050355196
    endloop
  endfacet
  facet normal 0 -1 0
    outer loop
      vertex -2.4588948582609493 -2 88.355050355196
      vertex 1.9768095190326376 -2 88.93394108861685
      vertex -2.361999756594499 -2 88.55654565244913
    endloop
  endfacet
  facet normal 0 -1 0
    outer loop
      vertex -2.361999756594499 -2 88.55654565244913
      vertex 1.8555757110317543 -2 89.10696902126074
      vertex -2.2483968411882715 -2 88.75
    endloop
  endfacet
  facet normal 0 -1 0
    outer loop
      vertex -2.2483968411882715 -2 88.75
      vertex 1.7189514160156252 -2 89.26776695251465
      vertex -2.1189507072170572 -2 88.93394108861685
    endloop
  endfacet
  facet normal 0 -1 0
    outer loop
      vertex -2.1189507072170572 -2 88.93394108861685
      vertex 1.5679764285683628 -2 89.41511110961437
      vertex -1.9746465081969902 -2 89.10696902126074
    endloop
  endfacet
  facet normal 0 -1 0
    outer loop
      vertex -1.9746465081969902 -2 89.10696902126074
      vertex 1.4037997628251713 -2 89.54788011312485
      vertex -1.8165824890136717 -2 89.26776695251465
    endloop
  endfacet
  facet normal 0 -1 0
    outer loop
      vertex -1.8165824890136717 -2 89.26776695251465
      vertex 1.2276709005236626 -2 89.66506350785494
      vertex -1.645961613953114 -2 89.41511110961437
    endloop
  endfacet
  facet normal 0 -1 0
    outer loop
      vertex -1.645961613953114 -2 89.41511110961437
      vertex 1.0409302835663157 -2 89.76576946675777
      vertex -1.4640824144085247 -2 89.54788011312485
    endloop
  endfacet
  facet normal 0 -1 0
    outer loop
      vertex -1.4640824144085247 -2 89.54788011312485
      vertex 0.8449991251031559 -2 89.84923154860735
      vertex -1.2723290994763374 -2 89.66506350785494
    endloop
  endfacet
  facet normal 0 -1 0
    outer loop
      vertex -2.666666666666667 -2 87.5
      vertex -0.9544019607843133 -2 86.7
      vertex 2.3242940803368874 -2 87.93412044644356
    endloop
  endfacet
  facet normal 0 -1 0
    outer loop
      vertex -1.2723290994763374 -2 89.66506350785494
      vertex 0.641368580361207 -2 89.91481456905603
      vertex -1.0721610213319464 -2 89.76576946675777
    endloop
  endfacet
  facet normal 0 -1 0
    outer loop
      vertex -1.0721610213319464 -2 89.76576946675777
      vertex 0.43158840537071264 -2 89.96201938390732
      vertex -0.8651015852888424 -2 89.84923154860735
    endloop
  endfacet
  facet normal 0 -1 0
    outer loop
      vertex -0.8651015852888424 -2 89.84923154860735
      vertex 0.2172551368673643 -2 89.99048674851656
      vertex -0.6527266378204031 -2 89.91481456905603
    endloop
  endfacet
  facet normal 0 -1 0
    outer loop
      vertex -0.6527266378204031 -2 89.91481456905603
      vertex 0 -2 90
      vertex -0.43665248751640284 -2 89.96201938390732
    endloop
  endfacet
  facet normal -0.44943263077458906 0 0.8933142282506374
    outer loop
      vertex -1.2723290994763374 -2 89.66506350785494
      vertex -1.0721610213319464 -2 89.76576946675777
      vertex -1.2723290994763374 2 89.66506350785494
    endloop
  endfacet
  facet normal -0.37385418619514177 0 0.927487491810196
    outer loop
      vertex -1.0721610213319464 -2 89.76576946675777
      vertex -0.8651015852888424 -2 89.84923154860735
      vertex -1.0721610213319464 2 89.76576946675777
    endloop
  endfacet
  facet normal -0.2950592642520068 0 0.9554789534987489
    outer loop
      vertex -0.8651015852888424 -2 89.84923154860735
      vertex -0.6527266378204031 -2 89.91481456905603
      vertex -0.8651015852888424 2 89.84923154860735
    endloop
  endfacet
  facet normal -0.2134319106760746 0 0.9769579415231548
    outer loop
      vertex -0.6527266378204031 -2 89.91481456905603
      vertex -0.43665248751640284 -2 89.96201938390732
      vertex -0.6527266378204031 2 89.91481456905603
    endloop
  endfacet
  facet normal -0.12940965861339146 0 0.9915912163071864
    outer loop
      vertex -0.43665248751640284 -2 89.96201938390732
      vertex -0.21852357039848957 -2 89.99048674851656
      vertex -0.43665248751640284 2 89.96201938390732
    endloop
  endfacet
  facet normal 0 -1 0
    outer loop
      vertex -0.43665248751640284 -2 89.96201938390732
      vertex 0 -2 90
      vertex -0.21852357039848957 -2 89.99048674851656
    endloop
  endfacet
  facet normal 0 -1 0
    outer loop
      vertex -0.6527266378204031 -2 89.91481456905603
      vertex 0.2172551368673643 -2 89.99048674851656
      vertex 0 -2 90
    endloop
  endfacet
  facet normal 0 -1 0
    outer loop
      vertex -0.8651015852888424 -2 89.84923154860735
      vertex 0.43158840537071264 -2 89.96201938390732
      vertex 0.2172551368673643 -2 89.99048674851656
    endloop
  endfacet
  facet normal 0 -1 0
    outer loop
      vertex -1.0721610213319464 -2 89.76576946675777
      vertex 0.641368580361207 -2 89.91481456905603
      vertex 0.43158840537071264 -2 89.96201938390732
    endloop
  endfacet
  facet normal 0 -1 0
    outer loop
      vertex -1.2723290994763374 -2 89.66506350785494
      vertex 0.8449991251031559 -2 89.84923154860735
      vertex 0.641368580361207 -2 89.91481456905603
    endloop
  endfacet
  facet normal 0 -1 0
    outer loop
      vertex -1.4640824144085247 -2 89.54788011312485
      vertex 1.0409302835663157 -2 89.76576946675777
      vertex 0.8449991251031559 -2 89.84923154860735
    endloop
  endfacet
  facet normal 0 -1 0
    outer loop
      vertex -1.645961613953114 -2 89.41511110961437
      vertex 1.2276709005236626 -2 89.66506350785494
      vertex 1.0409302835663157 -2 89.76576946675777
    endloop
  endfacet
  facet normal 0 -1 0
    outer loop
      vertex -1.8165824890136717 -2 89.26776695251465
      vertex 1.4037997628251713 -2 89.54788011312485
      vertex 1.2276709005236626 -2 89.66506350785494
    endloop
  endfacet
  facet normal 0 -1 0
    outer loop
      vertex -2.1189507072170572 -2 88.93394108861685
      vertex 1.7189514160156252 -2 89.26776695251465
      vertex 1.5679764285683628 -2 89.41511110961437
    endloop
  endfacet
  facet normal 0 -1 0
    outer loop
      vertex -1.9746465081969902 -2 89.10696902126074
      vertex 1.5679764285683628 -2 89.41511110961437
      vertex 1.4037997628251713 -2 89.54788011312485
    endloop
  endfacet
  facet normal 0 -1 0
    outer loop
      vertex -2.2483968411882715 -2 88.75
      vertex 1.8555757110317543 -2 89.10696902126074
      vertex 1.7189514160156252 -2 89.26776695251465
    endloop
  endfacet
  facet normal 0 -1 0
    outer loop
      vertex -2.361999756594499 -2 88.55654565244913
      vertex 1.9768095190326376 -2 88.93394108861685
      vertex 1.8555757110317543 -2 89.10696902126074
    endloop
  endfacet
  facet normal 0 -1 0
    outer loop
      vertex -2.4588948582609493 -2 88.355050355196
      vertex 2.0817301745216064 -2 88.75
      vertex 1.9768095190326376 -2 88.93394108861685
    endloop
  endfacet
  facet normal -0.04349301712083354 0 0.9990537310183706
    outer loop
      vertex -0.21852357039848957 -2 89.99048674851656
      vertex 0 -2 90
      vertex -0.21852357039848957 2 89.99048674851656
    endloop
  endfacet
  facet normal 0.04374646442697047 0 0.9990426651800912
    outer loop
      vertex 0 -2 90
      vertex 0.2172551368673643 -2 89.99048674851656
      vertex 0 2 90
    endloop
  endfacet
  facet normal 0.13166199970840778 0 0.9912946675095066
    outer loop
      vertex 0.2172551368673643 -2 89.99048674851656
      vertex 0.43158840537071264 -2 89.96201938390732
      vertex 0.2172551368673643 2 89.99048674851656
    endloop
  endfacet
  facet normal 0.2195311205554494 0 0.9756054976821669
    outer loop
      vertex 0.43158840537071264 -2 89.96201938390732
      vertex 0.641368580361207 -2 89.91481456905603
      vertex 0.43158840537071264 2 89.96201938390732
    endloop
  endfacet
  facet normal 0 -1 0
    outer loop
      vertex 2.3242940803368874 -2 87.93412044644356
      vertex -0.9544019607843133 -2 86.7
      vertex 0.3860686274509799 -2 86.7
    endloop
  endfacet
  facet normal 0 -1 0
    outer loop
      vertex -2.666666666666667 -2 87.5
      vertex 2.3242940803368874 -2 87.93412044644356
      vertex 2.2912844096620866 -2 88.1470476090908
    endloop
  endfacet
  facet normal 0 -1 0
    outer loop
      vertex -2.5383447284499807 -2 88.1470476090908
      vertex 2.169539176921049 -2 88.55654565244913
      vertex 2.0817301745216064 -2 88.75
    endloop
  endfacet
  facet normal 0 -1 0
    outer loop
      vertex -2.6426274582743643 -2 87.71788935363293
      vertex 2.2912844096620866 -2 88.1470476090908
      vertex 2.2395682389537495 -2 88.355050355196
    endloop
  endfacet
  facet normal 0 -1 0
    outer loop
      vertex -2.599744687477748 -2 87.93412044644356
      vertex 2.2395682389537495 -2 88.355050355196
      vertex 2.169539176921049 -2 88.55654565244913
    endloop
  endfacet
  facet normal 0.30656136085566027 0 0.9518508980036346
    outer loop
      vertex 0.641368580361207 -2 89.91481456905603
      vertex 0.8449991251031559 -2 89.84923154860735
      vertex 0.641368580361207 2 89.91481456905603
    endloop
  endfacet
  facet normal 0.3919014991320379 0 0.9200071820252608
    outer loop
      vertex 0.8449991251031559 -2 89.84923154860735
      vertex 1.0409302835663157 -2 89.76576946675777
      vertex 0.8449991251031559 2 89.84923154860735
    endloop
  endfacet
  facet normal 0.47465994061810396 0 0.880169268250385
    outer loop
      vertex 1.0409302835663157 -2 89.76576946675777
      vertex 1.2276709005236626 -2 89.66506350785494
      vertex 1.0409302835663157 2 89.76576946675777
    endloop
  endfacet
  facet normal 0.5539281367298722 0 0.8325644835920952
    outer loop
      vertex 1.2276709005236626 -2 89.66506350785494
      vertex 1.4037997628251713 -2 89.54788011312485
      vertex 1.2276709005236626 2 89.66506350785494
    endloop
  endfacet
  facet normal 0 -1 0
    outer loop
      vertex 2.338346038758754 -2 87.71788935363293
      vertex 2.3242940803368874 -2 87.93412044644356
      vertex 0.3860686274509799 -2 86.7
    endloop
  endfacet
  facet normal 0.6288092751509639 0 0.7775595768068961
    outer loop
      vertex 1.4037997628251713 -2 89.54788011312485
      vertex 1.5679764285683628 -2 89.41511110961437
      vertex 1.4037997628251713 2 89.54788011312485
    endloop
  endfacet
  facet normal 0.6984488834113853 0 0.7156599452682739
    outer loop
      vertex 1.5679764285683628 -2 89.41511110961437
      vertex 1.7189514160156252 -2 89.26776695251465
      vertex 1.5679764285683628 2 89.41511110961437
    endloop
  endfacet
  facet normal 0.76206546722792 0 0.6474999796592215
    outer loop
      vertex 1.7189514160156252 -2 89.26776695251465
      vertex 1.8555757110317543 -2 89.10696902126074
      vertex 1.7189514160156252 2 89.26776695251465
    endloop
  endfacet
  facet normal 0.8189777759301186 0 0.5738252369254567
    outer loop
      vertex 1.8555757110317543 -2 89.10696902126074
      vertex 1.9768095190326376 -2 88.93394108861685
      vertex 1.8555757110317543 2 89.10696902126074
    endloop
  endfacet
  facet normal 0.8686264114015454 0 0.4954676149009873
    outer loop
      vertex 1.9768095190326376 -2 88.93394108861685
      vertex 2.0817301745216064 -2 88.75
      vertex 1.9768095190326376 2 88.93394108861685
    endloop
  endfacet
  facet normal 0.9105876260101562 0 0.4133160719802559
    outer loop
      vertex 2.0817301745216064 -2 88.75
      vertex 2.169539176921049 -2 88.55654565244913
      vertex 2.0817301745216064 2 88.75
    endloop
  endfacet
  facet normal 0.9445786000142031 0 0.3282853459952303
    outer loop
      vertex 2.169539176921049 -2 88.55654565244913
      vertex 2.2395682389537495 -2 88.355050355196
      vertex 2.169539176921049 2 88.55654565244913
    endloop
  endfacet
  facet normal 0.9997354730038537 0 -0.022999652557396954
    outer loop
      vertex 2.333333333333332 -2 87.5
      vertex 2.338346038758754 2 87.71788935363293
      vertex 2.338346038758754 -2 87.71788935363293
    endloop
  endfacet
  facet normal 0.9978950852345372 0 0.06484904675286976
    outer loop
      vertex 2.338346038758754 -2 87.71788935363293
      vertex 2.3242940803368874 2 87.93412044644356
      vertex 2.3242940803368874 -2 87.93412044644356
    endloop
  endfacet
  facet normal 0.970454032656613 0 0.24128607606017707
    outer loop
      vertex 2.2395682389537495 -2 88.355050355196
      vertex 2.2912844096620866 -2 88.1470476090908
      vertex 2.2395682389537495 2 88.355050355196
    endloop
  endfacet
  facet normal 0.9881955184250049 0 0.15319796788709633
    outer loop
      vertex 2.2912844096620866 -2 88.1470476090908
      vertex 2.3242940803368874 -2 87.93412044644356
      vertex 2.2912844096620866 2 88.1470476090908
    endloop
  endfacet
  facet normal 0 1 0
    outer loop
      vertex -3.5 2 0
      vertex -5.349649362588395 2 15.77119068991159
      vertex -5.226918101385822 2 15.845312870536237
    endloop
  endfacet
  facet normal 0 1 0
    outer loop
      vertex -3.5 2 0
      vertex -5.226918101385822 2 15.845312870536237
      vertex -5.077873759066831 2 15.952590224899664
    endloop
  endfacet
  facet normal 0 1 0
    outer loop
      vertex -3.5 2 0
      vertex -5.077873759066831 2 15.952590224899664
      vertex -4.937697153775122 2 16.071644302003175
    endloop
  endfacet
  facet normal 0 1 0
    outer loop
      vertex -3.5 2 0
      vertex -4.937697153775122 2 16.071644302003175
      vertex -4.807455114117918 2 16.20156902843319
    endloop
  endfacet
  facet normal 0 1 0
    outer loop
      vertex -3.5 2 0
      vertex -4.807455114117918 2 16.20156902843319
      vertex -4.688138860659299 2 16.341375598570888
    endloop
  endfacet
  facet normal 0 1 0
    outer loop
      vertex -3.5 2 0
      vertex -4.688138860659299 2 16.341375598570888
      vertex -4.580656462133212 2 16.49
    endloop
  endfacet
  facet normal 0 1 0
    outer loop
      vertex -3.5 2 0
      vertex -4.580656462133212 2 16.49
      vertex -4.485825924492086 2 16.646311111283786
    endloop
  endfacet
  facet normal 0 1 0
    outer loop
      vertex -3.5 2 0
      vertex -4.485825924492086 2 16.646311111283786
      vertex -4.404368965387613 2 16.80911931048215
    endloop
  endfacet
  facet normal 0 1 0
    outer loop
      vertex -3.5 2 0
      vertex -4.404368965387613 2 16.80911931048215
      vertex -4.336905521463637 2 16.977185528892907
    endloop
  endfacet
  facet normal 0 1 0
    outer loop
      vertex -3.5 2 0
      vertex -4.336905521463637 2 16.977185528892907
      vertex -4.28394903026396 2 17.1492306811128
    endloop
  endfacet
  facet normal 0 1 0
    outer loop
      vertex -3.5 2 0
      vertex -4.28394903026396 2 17.1492306811128
      vertex -4.245902522662614 2 17.32394539964973
    endloop
  endfacet
  facet normal 0 1 0
    outer loop
      vertex -3.5 2 0
      vertex -4.245902522662614 2 17.32394539964973
      vertex -4.223055555555556 2 17.5
    endloop
  endfacet
  facet normal 0 1 0
    outer loop
      vertex -4.941944206867063 2 19.154687129463763
      vertex -5.069108660584342 2 19.24040204073451
      vertex 0.3860686274509799 2 86.7
    endloop
  endfacet
  facet normal 0 1 0
    outer loop
      vertex -4.941944206867063 2 19.154687129463763
      vertex 0.3860686274509799 2 86.7
      vertex -4.811375408910662 2 19.047409775100334
    endloop
  endfacet
  facet normal 0 1 0
    outer loop
      vertex -4.811375408910662 2 19.047409775100334
      vertex 0.3860686274509799 2 86.7
      vertex -4.691702561342336 2 18.928355697996825
    endloop
  endfacet
  facet normal 0.9977851578566089 0 -0.06651901052377392
    outer loop
      vertex -3.5 -2 0
      vertex -3.5 2 0
      vertex 2.333333333333332 2 87.5
    endloop
  endfacet
  facet normal 0 1 0
    outer loop
      vertex -3.5 2 0
      vertex -4.223055555555556 2 17.5
      vertex 0.3860686274509799 2 86.7
    endloop
  endfacet
  facet normal 0 1 0
    outer loop
      vertex -4.691702561342336 2 18.928355697996825
      vertex 0.3860686274509799 2 86.7
      vertex -4.583836446792523 2 18.79843097156681
    endloop
  endfacet
  facet normal 0 1 0
    outer loop
      vertex -4.583836446792523 2 18.79843097156681
      vertex 0.3860686274509799 2 86.7
      vertex -4.488597991524285 2 18.658624401429112
    endloop
  endfacet
  facet normal 0 1 0
    outer loop
      vertex -4.488597991524285 2 18.658624401429112
      vertex 0.3860686274509799 2 86.7
      vertex -4.406712017688767 2 18.51
    endloop
  endfacet
  facet normal 0 1 0
    outer loop
      vertex -4.223055555555556 2 17.5
      vertex -4.2155820081578455 2 17.67605460035027
      vertex 0.3860686274509799 2 86.7
    endloop
  endfacet
  facet normal 0 1 0
    outer loop
      vertex -4.2155820081578455 2 17.67605460035027
      vertex -4.223538758677831 2 17.8507693188872
      vertex 0.3860686274509799 2 86.7
    endloop
  endfacet
  facet normal 0 1 0
    outer loop
      vertex -4.406712017688767 2 18.51
      vertex 0.3860686274509799 2 86.7
      vertex -4.33880172699096 2 18.353688888716214
    endloop
  endfacet
  facet normal 0 1 0
    outer loop
      vertex -4.33880172699096 2 18.353688888716214
      vertex 0.3860686274509799 2 86.7
      vertex -4.285383957748428 2 18.19088068951785
    endloop
  endfacet
  facet normal 0 1 0
    outer loop
      vertex -4.285383957748428 2 18.19088068951785
      vertex 0.3860686274509799 2 86.7
      vertex -4.246865251439638 2 18.022814471107093
    endloop
  endfacet
  facet normal 0 1 0
    outer loop
      vertex -4.246865251439638 2 18.022814471107093
      vertex 0.3860686274509799 2 86.7
      vertex -4.223538758677831 2 17.8507693188872
    endloop
  endfacet
  facet normal -0.9939689139551618 0 0.1096621999177295
    outer loop
      vertex -2.6426274582743643 -2 87.71788935363293
      vertex -2.6426274582743643 2 87.71788935363293
      vertex -2.666666666666667 2 87.5
    endloop
  endfacet
  facet normal -0.9808964558289294 0 0.19453057071382163
    outer loop
      vertex -2.599744687477748 -2 87.93412044644356
      vertex -2.599744687477748 2 87.93412044644356
      vertex -2.6426274582743643 2 87.71788935363293
    endloop
  endfacet
  facet normal -0.9608492290086906 0 0.27707175805809753
    outer loop
      vertex -2.5383447284499807 -2 88.1470476090908
      vertex -2.5383447284499807 2 88.1470476090908
      vertex -2.599744687477748 2 87.93412044644356
    endloop
  endfacet
  facet normal -0.9341725222457917 0 0.3568216622921538
    outer loop
      vertex -2.4588948582609493 -2 88.355050355196
      vertex -2.4588948582609493 2 88.355050355196
      vertex -2.5383447284499807 2 88.1470476090908
    endloop
  endfacet
  facet normal -0.9012133624491708 0 0.43337567460929255
    outer loop
      vertex -2.361999756594499 -2 88.55654565244913
      vertex -2.361999756594499 2 88.55654565244913
      vertex -2.4588948582609493 2 88.355050355196
    endloop
  endfacet
  facet normal -0.8623114166056957 0 0.5063783376009271
    outer loop
      vertex -2.2483968411882715 -2 88.75
      vertex -2.2483968411882715 2 88.75
      vertex -2.361999756594499 2 88.55654565244913
    endloop
  endfacet
  facet normal -0.8177936370358707 0 0.5755115700171827
    outer loop
      vertex -2.1189507072170572 -2 88.93394108861685
      vertex -2.1189507072170572 2 88.93394108861685
      vertex -2.2483968411882715 2 88.75
    endloop
  endfacet
  facet normal -0.7679718214034512 0 0.6404836309619986
    outer loop
      vertex -1.9746465081969902 -2 89.10696902126074
      vertex -1.9746465081969902 2 89.10696902126074
      vertex -2.1189507072170572 2 88.93394108861685
    endloop
  endfacet
  facet normal -0.7131432797623365 0 0.701018303990572
    outer loop
      vertex -1.8165824890136717 -2 89.26776695251465
      vertex -1.8165824890136717 2 89.26776695251465
      vertex -1.9746465081969902 2 89.10696902126074
    endloop
  endfacet
  facet normal -0.6535938652832016 0 0.7568454659071189
    outer loop
      vertex -1.645961613953114 -2 89.41511110961437
      vertex -1.645961613953114 2 89.41511110961437
      vertex -1.8165824890136717 2 89.26776695251465
    endloop
  endfacet
  facet normal -0.5896033564433077 0 0.8076929379849659
    outer loop
      vertex -1.4640824144085247 -2 89.54788011312485
      vertex -1.4640824144085247 2 89.54788011312485
      vertex -1.645961613953114 2 89.41511110961437
    endloop
  endfacet
  facet normal -0.5214526447432198 0 0.8532802231918313
    outer loop
      vertex -1.2723290994763374 -2 89.66506350785494
      vertex -1.2723290994763374 2 89.66506350785494
      vertex -1.4640824144085247 2 89.54788011312485
    endloop
  endfacet
  facet normal 0 1 0
    outer loop
      vertex -3.5 2 0
      vertex 0.3860686274509799 2 86.7
      vertex 2.338346038758754 2 87.71788935363293
    endloop
  endfacet
  facet normal 0 1 0
    outer loop
      vertex -3.5 2 0
      vertex 2.338346038758754 2 87.71788935363293
      vertex 2.333333333333332 2 87.5
    endloop
  endfacet
  facet normal -0.44943263077458906 0 0.8933142282506374
    outer loop
      vertex -1.0721610213319464 -2 89.76576946675777
      vertex -1.0721610213319464 2 89.76576946675777
      vertex -1.2723290994763374 2 89.66506350785494
    endloop
  endfacet
  facet normal -0.37385418619514177 0 0.927487491810196
    outer loop
      vertex -0.8651015852888424 -2 89.84923154860735
      vertex -0.8651015852888424 2 89.84923154860735
      vertex -1.0721610213319464 2 89.76576946675777
    endloop
  endfacet
  facet normal -0.2950592642520068 0 0.9554789534987489
    outer loop
      vertex -0.6527266378204031 -2 89.91481456905603
      vertex -0.6527266378204031 2 89.91481456905603
      vertex -0.8651015852888424 2 89.84923154860735
    endloop
  endfacet
  facet normal -0.2134319106760746 0 0.9769579415231548
    outer loop
      vertex -0.43665248751640284 -2 89.96201938390732
      vertex -0.43665248751640284 2 89.96201938390732
      vertex -0.6527266378204031 2 89.91481456905603
    endloop
  endfacet
  facet normal 0 1 0
    outer loop
      vertex -2.666666666666667 2 87.5
      vertex -2.6426274582743643 2 87.71788935363293
      vertex 2.2912844096620866 2 88.1470476090908
    endloop
  endfacet
  facet normal 0 1 0
    outer loop
      vertex -2.6426274582743643 2 87.71788935363293
      vertex -2.599744687477748 2 87.93412044644356
      vertex 2.2395682389537495 2 88.355050355196
    endloop
  endfacet
  facet normal 0 1 0
    outer loop
      vertex -2.599744687477748 2 87.93412044644356
      vertex -2.5383447284499807 2 88.1470476090908
      vertex 2.169539176921049 2 88.55654565244913
    endloop
  endfacet
  facet normal 0 1 0
    outer loop
      vertex -2.5383447284499807 2 88.1470476090908
      vertex -2.4588948582609493 2 88.355050355196
      vertex 2.0817301745216064 2 88.75
    endloop
  endfacet
  facet normal 0 1 0
    outer loop
      vertex -2.4588948582609493 2 88.355050355196
      vertex -2.361999756594499 2 88.55654565244913
      vertex 1.9768095190326376 2 88.93394108861685
    endloop
  endfacet
  facet normal 0 1 0
    outer loop
      vertex -2.361999756594499 2 88.55654565244913
      vertex -2.2483968411882715 2 88.75
      vertex 1.8555757110317543 2 89.10696902126074
    endloop
  endfacet
  facet normal 0 1 0
    outer loop
      vertex -2.2483968411882715 2 88.75
      vertex -2.1189507072170572 2 88.93394108861685
      vertex 1.7189514160156252 2 89.26776695251465
    endloop
  endfacet
  facet normal 0 1 0
    outer loop
      vertex -2.1189507072170572 2 88.93394108861685
      vertex -1.9746465081969902 2 89.10696902126074
      vertex 1.5679764285683628 2 89.41511110961437
    endloop
  endfacet
  facet normal 0 1 0
    outer loop
      vertex -1.9746465081969902 2 89.10696902126074
      vertex -1.8165824890136717 2 89.26776695251465
      vertex 1.4037997628251713 2 89.54788011312485
    endloop
  endfacet
  facet normal 0 1 0
    outer loop
      vertex -1.8165824890136717 2 89.26776695251465
      vertex -1.645961613953114 2 89.41511110961437
      vertex 1.2276709005236626 2 89.66506350785494
    endloop
  endfacet
  facet normal 0 1 0
    outer loop
      vertex -1.645961613953114 2 89.41511110961437
      vertex -1.4640824144085247 2 89.54788011312485
      vertex 1.0409302835663157 2 89.76576946675777
    endloop
  endfacet
  facet normal 0 1 0
    outer loop
      vertex -1.4640824144085247 2 89.54788011312485
      vertex -1.2723290994763374 2 89.66506350785494
      vertex 0.8449991251031559 2 89.84923154860735
    endloop
  endfacet
  facet normal 0 1 0
    outer loop
      vertex -2.666666666666667 2 87.5
      vertex 2.3242940803368874 2 87.93412044644356
      vertex -0.9544019607843133 2 86.7
    endloop
  endfacet
  facet normal 0 1 0
    outer loop
      vertex -1.2723290994763374 2 89.66506350785494
      vertex -1.0721610213319464 2 89.76576946675777
      vertex 0.641368580361207 2 89.91481456905603
    endloop
  endfacet
  facet normal 0 1 0
    outer loop
      vertex -1.0721610213319464 2 89.76576946675777
      vertex -0.8651015852888424 2 89.84923154860735
      vertex 0.43158840537071264 2 89.96201938390732
    endloop
  endfacet
  facet normal 0 1 0
    outer loop
      vertex -0.8651015852888424 2 89.84923154860735
      vertex -0.6527266378204031 2 89.91481456905603
      vertex 0.2172551368673643 2 89.99048674851656
    endloop
  endfacet
  facet normal 0 1 0
    outer loop
      vertex -0.6527266378204031 2 89.91481456905603
      vertex -0.43665248751640284 2 89.96201938390732
      vertex 0 2 90
    endloop
  endfacet
  facet normal -0.12940965861339146 0 0.9915912163071864
    outer loop
      vertex -0.21852357039848957 -2 89.99048674851656
      vertex -0.21852357039848957 2 89.99048674851656
      vertex -0.43665248751640284 2 89.96201938390732
    endloop
  endfacet
  facet normal -0.04349301712083354 0 0.9990537310183706
    outer loop
      vertex 0 -2 90
      vertex 0 2 90
      vertex -0.21852357039848957 2 89.99048674851656
    endloop
  endfacet
  facet normal 0.04374646442697047 0 0.9990426651800912
    outer loop
      vertex 0.2172551368673643 -2 89.99048674851656
      vertex 0.2172551368673643 2 89.99048674851656
      vertex 0 2 90
    endloop
  endfacet
  facet normal 0.13166199970840778 0 0.9912946675095066
    outer loop
      vertex 0.43158840537071264 -2 89.96201938390732
      vertex 0.43158840537071264 2 89.96201938390732
      vertex 0.2172551368673643 2 89.99048674851656
    endloop
  endfacet
  facet normal 0 1 0
    outer loop
      vertex -0.43665248751640284 2 89.96201938390732
      vertex -0.21852357039848957 2 89.99048674851656
      vertex 0 2 90
    endloop
  endfacet
  facet normal 0 1 0
    outer loop
      vertex -0.6527266378204031 2 89.91481456905603
      vertex 0 2 90
      vertex 0.2172551368673643 2 89.99048674851656
    endloop
  endfacet
  facet normal 0 1 0
    outer loop
      vertex -0.8651015852888424 2 89.84923154860735
      vertex 0.2172551368673643 2 89.99048674851656
      vertex 0.43158840537071264 2 89.96201938390732
    endloop
  endfacet
  facet normal 0 1 0
    outer loop
      vertex -1.0721610213319464 2 89.76576946675777
      vertex 0.43158840537071264 2 89.96201938390732
      vertex 0.641368580361207 2 89.91481456905603
    endloop
  endfacet
  facet normal 0 1 0
    outer loop
      vertex -1.2723290994763374 2 89.66506350785494
      vertex 0.641368580361207 2 89.91481456905603
      vertex 0.8449991251031559 2 89.84923154860735
    endloop
  endfacet
  facet normal 0 1 0
    outer loop
      vertex -1.4640824144085247 2 89.54788011312485
      vertex 0.8449991251031559 2 89.84923154860735
      vertex 1.0409302835663157 2 89.76576946675777
    endloop
  endfacet
  facet normal 0 1 0
    outer loop
      vertex -1.645961613953114 2 89.41511110961437
      vertex 1.0409302835663157 2 89.76576946675777
      vertex 1.2276709005236626 2 89.66506350785494
    endloop
  endfacet
  facet normal 0 1 0
    outer loop
      vertex -1.8165824890136717 2 89.26776695251465
      vertex 1.2276709005236626 2 89.66506350785494
      vertex 1.4037997628251713 2 89.54788011312485
    endloop
  endfacet
  facet normal 0 1 0
    outer loop
      vertex -2.1189507072170572 2 88.93394108861685
      vertex 1.5679764285683628 2 89.41511110961437
      vertex 1.7189514160156252 2 89.26776695251465
    endloop
  endfacet
  facet normal 0 1 0
    outer loop
      vertex -1.9746465081969902 2 89.10696902126074
      vertex 1.4037997628251713 2 89.54788011312485
      vertex 1.5679764285683628 2 89.41511110961437
    endloop
  endfacet
  facet normal 0 1 0
    outer loop
      vertex -2.2483968411882715 2 88.75
      vertex 1.7189514160156252 2 89.26776695251465
      vertex 1.8555757110317543 2 89.10696902126074
    endloop
  endfacet
  facet normal 0 1 0
    outer loop
      vertex -2.361999756594499 2 88.55654565244913
      vertex 1.8555757110317543 2 89.10696902126074
      vertex 1.9768095190326376 2 88.93394108861685
    endloop
  endfacet
  facet normal 0 1 0
    outer loop
      vertex -2.4588948582609493 2 88.355050355196
      vertex 1.9768095190326376 2 88.93394108861685
      vertex 2.0817301745216064 2 88.75
    endloop
  endfacet
  facet normal 0.2195311205554494 0 0.9756054976821669
    outer loop
      vertex 0.641368580361207 -2 89.91481456905603
      vertex 0.641368580361207 2 89.91481456905603
      vertex 0.43158840537071264 2 89.96201938390732
    endloop
  endfacet
  facet normal 0.30656136085566027 0 0.9518508980036346
    outer loop
      vertex 0.8449991251031559 -2 89.84923154860735
      vertex 0.8449991251031559 2 89.84923154860735
      vertex 0.641368580361207 2 89.91481456905603
    endloop
  endfacet
  facet normal 0.3919014991320379 0 0.9200071820252608
    outer loop
      vertex 1.0409302835663157 -2 89.76576946675777
      vertex 1.0409302835663157 2 89.76576946675777
      vertex 0.8449991251031559 2 89.84923154860735
    endloop
  endfacet
  facet normal 0.47465994061810396 0 0.880169268250385
    outer loop
      vertex 1.2276709005236626 -2 89.66506350785494
      vertex 1.2276709005236626 2 89.66506350785494
      vertex 1.0409302835663157 2 89.76576946675777
    endloop
  endfacet
  facet normal 0.5539281367298722 0 0.8325644835920952
    outer loop
      vertex 1.4037997628251713 -2 89.54788011312485
      vertex 1.4037997628251713 2 89.54788011312485
      vertex 1.2276709005236626 2 89.66506350785494
    endloop
  endfacet
  facet normal 0 1 0
    outer loop
      vertex 2.3242940803368874 2 87.93412044644356
      vertex 0.3860686274509799 2 86.7
      vertex -0.9544019607843133 2 86.7
    endloop
  endfacet
  facet normal 0 1 0
    outer loop
      vertex -2.666666666666667 2 87.5
      vertex 2.2912844096620866 2 88.1470476090908
      vertex 2.3242940803368874 2 87.93412044644356
    endloop
  endfacet
  facet normal 0 1 0
    outer loop
      vertex -2.5383447284499807 2 88.1470476090908
      vertex 2.0817301745216064 2 88.75
      vertex 2.169539176921049 2 88.55654565244913
    endloop
  endfacet
  facet normal 0 1 0
    outer loop
      vertex -2.6426274582743643 2 87.71788935363293
      vertex 2.2395682389537495 2 88.355050355196
      vertex 2.2912844096620866 2 88.1470476090908
    endloop
  endfacet
  facet normal 0 1 0
    outer loop
      vertex -2.599744687477748 2 87.93412044644356
      vertex 2.169539176921049 2 88.55654565244913
      vertex 2.2395682389537495 2 88.355050355196
    endloop
  endfacet
  facet normal 0.6288092751509639 0 0.7775595768068961
    outer loop
      vertex 1.5679764285683628 -2 89.41511110961437
      vertex 1.5679764285683628 2 89.41511110961437
      vertex 1.4037997628251713 2 89.54788011312485
    endloop
  endfacet
  facet normal 0.6984488834113853 0 0.7156599452682739
    outer loop
      vertex 1.7189514160156252 -2 89.26776695251465
      vertex 1.7189514160156252 2 89.26776695251465
      vertex 1.5679764285683628 2 89.41511110961437
    endloop
  endfacet
  facet normal 0.76206546722792 0 0.6474999796592215
    outer loop
      vertex 1.8555757110317543 -2 89.10696902126074
      vertex 1.8555757110317543 2 89.10696902126074
      vertex 1.7189514160156252 2 89.26776695251465
    endloop
  endfacet
  facet normal 0.8189777759301186 0 0.5738252369254567
    outer loop
      vertex 1.9768095190326376 -2 88.93394108861685
      vertex 1.9768095190326376 2 88.93394108861685
      vertex 1.8555757110317543 2 89.10696902126074
    endloop
  endfacet
  facet normal 0.8686264114015454 0 0.4954676149009873
    outer loop
      vertex 2.0817301745216064 -2 88.75
      vertex 2.0817301745216064 2 88.75
      vertex 1.9768095190326376 2 88.93394108861685
    endloop
  endfacet
  facet normal 0.9445786000142031 0 0.3282853459952303
    outer loop
      vertex 2.2395682389537495 -2 88.355050355196
      vertex 2.2395682389537495 2 88.355050355196
      vertex 2.169539176921049 2 88.55654565244913
    endloop
  endfacet
  facet normal 0.9997354730038537 0 -0.022999652557396954
    outer loop
      vertex 2.333333333333332 -2 87.5
      vertex 2.333333333333332 2 87.5
      vertex 2.338346038758754 2 87.71788935363293
    endloop
  endfacet
  facet normal 0.9978950852345372 0 0.06484904675286976
    outer loop
      vertex 2.338346038758754 -2 87.71788935363293
      vertex 2.338346038758754 2 87.71788935363293
      vertex 2.3242940803368874 2 87.93412044644356
    endloop
  endfacet
  facet normal 0.970454032656613 0 0.24128607606017707
    outer loop
      vertex 2.2912844096620866 -2 88.1470476090908
      vertex 2.2912844096620866 2 88.1470476090908
      vertex 2.2395682389537495 2 88.355050355196
    endloop
  endfacet
  facet normal 0.9881955184250049 0 0.15319796788709633
    outer loop
      vertex 2.3242940803368874 -2 87.93412044644356
      vertex 2.3242940803368874 2 87.93412044644356
      vertex 2.2912844096620866 2 88.1470476090908
    endloop
  endfacet
  facet normal 0.9105876260101562 0 0.4133160719802559
    outer loop
      vertex 2.169539176921049 -2 88.55654565244913
      vertex 2.169539176921049 2 88.55654565244913
      vertex 2.0817301745216064 2 88.75
    endloop
  endfacet
  facet normal 0 1 0
    outer loop
      vertex 2.338346038758754 2 87.71788935363293
      vertex 0.3860686274509799 2 86.7
      vertex 2.3242940803368874 2 87.93412044644356
    endloop
  endfacet
endsolid OpenSCAD_Model
