solid OpenSCAD_Model
  facet normal 0.9805127963855975 0.1961025592771195 -0.011766153537146294
    outer loop
      vertex 28.220052376177772 -229.15705872497867 15.72005237617777
      vertex 28.200000002980232 -230 0
      vertex 27.52139126509428 -226.60695631057024 0
    endloop
  endfacet
  facet normal 0.7372739113945941 0.6755870771397751 0.0030464370421479287
    outer loop
      vertex 27.712543278107887 -226.90437562485926 17.09665966272748
      vertex 27.454415589571 -226.545584410429 0
      vertex 27.242240004241467 -226.31403539329767 0
    endloop
  endfacet
  facet normal 0.6755799422376271 0.7372661250053114 0.005513852179482389
    outer loop
      vertex 27.752968913500457 -226.9455339053355 16.89790983500482
      vertex 27.52139126509428 -226.60695631057024 0
      vertex 27.454415589571 -226.545584410429 0
    endloop
  endfacet
  facet normal 0.9805127963856036 0.1961025592770887 -0.011766153537146825
    outer loop
      vertex 27.806934569127193 -227.03256546471215 16.701789461364115
      vertex 27.52139126509428 -226.60695631057024 0
      vertex 27.798059849169956 -226.9856964400797 16.743379875537343
    endloop
  endfacet
  facet normal 0.6755799422376229 0.737266125005315 0.00551385217948252
    outer loop
      vertex 27.752968913500457 -226.9455339053355 16.89790983500482
      vertex 27.798059849169956 -226.9856964400797 16.743379875537343
      vertex 27.52139126509428 -226.60695631057024 0
    endloop
  endfacet
  facet normal 0.9805127963855961 0.19610255927712647 -0.01176615353714573
    outer loop
      vertex 27.862268194380505 -227.32115140136332 16.503159287958116
      vertex 27.52139126509428 -226.60695631057024 0
      vertex 27.806934569127193 -227.03256546471215 16.701789461364115
    endloop
  endfacet
  facet normal 0.9805127963855973 0.19610255927712003 -0.011766153537146036
    outer loop
      vertex 27.93078276996739 -227.67559362404185 16.305336875228857
      vertex 27.52139126509428 -226.60695631057024 0
      vertex 27.862268194380505 -227.32115140136332 16.503159287958116
    endloop
  endfacet
  facet normal 0.9805127963855975 0.19610255927711984 -0.011766153537146246
    outer loop
      vertex 28.220052376177772 -229.15705872497867 15.72005237617777
      vertex 27.52139126509428 -226.60695631057024 0
      vertex 28.1091370972699 -228.59088281488644 15.913377635712372
    endloop
  endfacet
  facet normal 0.980512796385597 0.19610255927712214 -0.011766153537145892
    outer loop
      vertex 27.93078276996739 -227.67559362404185 16.305336875228857
      vertex 28.012905251642 -228.09800896822532 16.108621278062802
      vertex 27.52139126509428 -226.60695631057024 0
    endloop
  endfacet
  facet normal 0.9805127963855969 0.19610255927712353 -0.011766153537145753
    outer loop
      vertex 28.012905251642 -228.09800896822532 16.108621278062802
      vertex 28.1091370972699 -228.59088281488644 15.913377635712372
      vertex 27.52139126509428 -226.60695631057024 0
    endloop
  endfacet
  facet normal 0 1 0
    outer loop
      vertex 28.385725919242102 -230 15.477159714114306
      vertex 31.799999997019768 -230 0
      vertex 28.200000002980232 -230 0
    endloop
  endfacet
  facet normal 0.9805127963855981 0.1961025592771171 -0.011766153537146166
    outer loop
      vertex 28.220052376177772 -229.15705872497867 15.72005237617777
      vertex 28.346294397986153 -229.79972055210987 15.529190407706826
      vertex 28.200000002980232 -230 0
    endloop
  endfacet
  facet normal 0.980512796385597 0.19610255927712203 -0.01176615353714622
    outer loop
      vertex 28.346294397986153 -229.79972055210987 15.529190407706826
      vertex 28.385725919242102 -230 15.477159714114306
      vertex 28.200000002980232 -230 0
    endloop
  endfacet
  facet normal 0.7372739113944738 0.6755870771399063 0.0030464370421557697
    outer loop
      vertex 27.712543278107887 -226.90437562485926 17.09665966272748
      vertex 27.242240004241467 -226.31403539329767 0
      vertex 27.688292455063344 -226.8788172842399 17.2977517964307
    endloop
  endfacet
  facet normal 0.7372739113946649 0.6755870771396979 0.003046437042144035
    outer loop
      vertex 27.688292455063344 -226.8788172842399 17.2977517964307
      vertex 27.242240004241467 -226.31403539329767 0
      vertex 27.6801504785616 -226.87084387766487 17.5
    endloop
  endfacet
  facet normal 0.6755799422377287 0.7372661250052182 0.00551385217947839
    outer loop
      vertex 27.752968913500457 -226.9455339053355 16.89790983500482
      vertex 27.454415589571 -226.545584410429 0
      vertex 27.742080893669517 -226.9359527309551 16.95084061561564
    endloop
  endfacet
  facet normal 0.7372739113947281 0.6755870771396288 0.0030464370421428404
    outer loop
      vertex 27.742080893669517 -226.9359527309551 16.95084061561564
      vertex 27.454415589571 -226.545584410429 0
      vertex 27.712543278107887 -226.90437562485926 17.09665966272748
    endloop
  endfacet
  facet normal 0 1 0
    outer loop
      vertex 28.385725919242102 -230 15.477159714114306
      vertex 28.43472526829731 -230 19.56043880880916
      vertex 31.799999997019768 -230 0
    endloop
  endfacet
  facet normal -0.9805127963855975 0.19610255927711953 -0.011766153537146192
    outer loop
      vertex 31.653705602013847 -229.79972055210987 15.529190407706826
      vertex 32.47860873490572 -226.60695631057024 0
      vertex 31.799999997019768 -230 0
    endloop
  endfacet
  facet normal -0.6755799422376272 0.7372661250053114 0.0055138521794822195
    outer loop
      vertex 32.20194015083004 -226.9856964400797 16.743379875537343
      vertex 32.545584410429 -226.545584410429 0
      vertex 32.47860873490572 -226.60695631057024 0
    endloop
  endfacet
  facet normal -0.980512796385597 0.19610255927712203 -0.011766153537146218
    outer loop
      vertex 31.614274080757898 -230 15.477159714114306
      vertex 31.653705602013847 -229.79972055210987 15.529190407706826
      vertex 31.799999997019768 -230 0
    endloop
  endfacet
  facet normal -0.9805127963855979 0.19610255927711717 -0.01176615353714669
    outer loop
      vertex 31.653705602013847 -229.79972055210987 15.529190407706826
      vertex 31.779947623822228 -229.15705872497867 15.72005237617777
      vertex 32.47860873490572 -226.60695631057024 0
    endloop
  endfacet
  facet normal -0.9805127963855975 0.19610255927711984 -0.011766153537146246
    outer loop
      vertex 31.779947623822228 -229.15705872497867 15.72005237617777
      vertex 31.8908629027301 -228.59088281488644 15.913377635712372
      vertex 32.47860873490572 -226.60695631057024 0
    endloop
  endfacet
  facet normal -0.7372739113945942 0.6755870771397751 0.0030464370421484812
    outer loop
      vertex 32.25791910633048 -226.9359527309551 16.95084061561564
      vertex 32.75775999575853 -226.31403539329767 0
      vertex 32.545584410429 -226.545584410429 0
    endloop
  endfacet
  facet normal -0.9805127963855969 0.19610255927712356 -0.011766153537145758
    outer loop
      vertex 31.8908629027301 -228.59088281488644 15.913377635712372
      vertex 31.987094748358 -228.09800896822532 16.108621278062802
      vertex 32.47860873490572 -226.60695631057024 0
    endloop
  endfacet
  facet normal -0.9805127963855954 0.19610255927712972 -0.01176615353714514
    outer loop
      vertex 31.987094748358 -228.09800896822532 16.108621278062802
      vertex 32.06921723003261 -227.67559362404185 16.305336875228857
      vertex 32.47860873490572 -226.60695631057024 0
    endloop
  endfacet
  facet normal -0.9805127963855992 0.19610255927711082 -0.011766153537146475
    outer loop
      vertex 32.06921723003261 -227.67559362404185 16.305336875228857
      vertex 32.137731805619495 -227.32115140136332 16.503159287958116
      vertex 32.47860873490572 -226.60695631057024 0
    endloop
  endfacet
  facet normal -0.9805127963855961 0.19610255927712647 -0.01176615353714573
    outer loop
      vertex 32.137731805619495 -227.32115140136332 16.503159287958116
      vertex 32.19306543087281 -227.03256546471215 16.701789461364115
      vertex 32.47860873490572 -226.60695631057024 0
    endloop
  endfacet
  facet normal -0.9805127963856176 0.1961025592770188 -0.011766153537148842
    outer loop
      vertex 32.19306543087281 -227.03256546471215 16.701789461364115
      vertex 32.20194015083004 -226.9856964400797 16.743379875537343
      vertex 32.47860873490572 -226.60695631057024 0
    endloop
  endfacet
  facet normal -0.6755799422376227 0.7372661250053153 0.00551385217948242
    outer loop
      vertex 32.20194015083004 -226.9856964400797 16.743379875537343
      vertex 32.24703108649954 -226.9455339053355 16.89790983500482
      vertex 32.545584410429 -226.545584410429 0
    endloop
  endfacet
  facet normal -0.675579942237618 0.7372661250053195 0.005513852179482603
    outer loop
      vertex 32.24703108649954 -226.9455339053355 16.89790983500482
      vertex 32.25791910633048 -226.9359527309551 16.95084061561564
      vertex 32.545584410429 -226.545584410429 0
    endloop
  endfacet
  facet normal -0.7372739113947209 0.6755870771396367 0.003046437042139671
    outer loop
      vertex 32.25791910633048 -226.9359527309551 16.95084061561564
      vertex 32.28745672189211 -226.90437562485926 17.09665966272748
      vertex 32.75775999575853 -226.31403539329767 0
    endloop
  endfacet
  facet normal -0.737273911394514 0.6755870771398625 0.0030464370421531533
    outer loop
      vertex 32.28745672189211 -226.90437562485926 17.09665966272748
      vertex 32.31170754493665 -226.8788172842399 17.2977517964307
      vertex 32.75775999575853 -226.31403539329767 0
    endloop
  endfacet
  facet normal -0.7372739113945743 0.6755870771397966 0.003046437042149445
    outer loop
      vertex 32.31170754493665 -226.8788172842399 17.2977517964307
      vertex 32.3198495214384 -226.87084387766487 17.5
      vertex 32.75775999575853 -226.31403539329767 0
    endloop
  endfacet
  facet normal 0.8869973907385628 0.46174159477244753 -0.005507129922049418
    outer loop
      vertex 28.64053832056622 -228.13392739122114 87.5
      vertex 26.882308542728424 -225.79999999701977 0
      vertex 26.73729196935892 -225.5214257389307 0
    endloop
  endfacet
  facet normal 0.9912705182164527 0.13050322509170617 -0.0187528119371158
    outer loop
      vertex 28.505707954367 -227.63073361478746 87.5
      vertex 26.45469208806753 -224.6251334398985 0
      vertex 26.413699090480804 -224.3137606754899 0
    endloop
  endfacet
  facet normal 0.9988014082113542 0.043608627277488925 -0.022226888715895128
    outer loop
      vertex 28.499999999379117 -227.5 87.5
      vertex 26.413699090480804 -224.3137606754899 0
      vertex 26.399999998509884 -224 0
    endloop
  endfacet
  facet normal 0.9987178907158818 -0.04360498082354797 -0.02571342862004444
    outer loop
      vertex 28.505707954367 -227.36926638521254 87.5
      vertex 26.399999998509884 -224 0
      vertex 26.413699090480804 -223.6862393245101 0
    endloop
  endfacet
  facet normal 0.9910225124785402 -0.1304705745205008 -0.029185766137146022
    outer loop
      vertex 28.522788370028138 -227.23952773337564 87.5
      vertex 26.413699090480804 -223.6862393245101 0
      vertex 26.45469208806753 -223.3748665601015 0
    endloop
  endfacet
  facet normal 0.9761814614900965 0.21641423246779393 -0.015317774917876443
    outer loop
      vertex 28.522788370028138 -227.76047226662436 87.5
      vertex 26.52266702800989 -224.9317485615611 0
      vertex 26.45469208806753 -224.6251334398985 0
    endloop
  endfacet
  facet normal 0.9536488778720139 0.30068432165057823 -0.0119480729400277
    outer loop
      vertex 28.551111261670787 -227.88822856731713 87.5
      vertex 26.617106564342976 -225.2312725186348 0
      vertex 26.52266702800989 -224.9317485615611 0
    endloop
  endfacet
  facet normal 0.9238448056535746 0.38266906714362214 -0.008669493545700931
    outer loop
      vertex 28.59046106847624 -228.01303021609783 87.5
      vertex 26.73729196935892 -225.5214257389307 0
      vertex 26.617106564342976 -225.2312725186348 0
    endloop
  endfacet
  facet normal 0.9757765288302851 -0.21632446105312222 -0.03261737779154047
    outer loop
      vertex 28.551111261670787 -227.11177143268287 87.5
      vertex 26.45469208806753 -223.3748665601015 0
      vertex 26.52266702800989 -223.0682514384389 0
    endloop
  endfacet
  facet normal 0.9530993617217011 -0.300511059882304 -0.03598207295446644
    outer loop
      vertex 28.59046106847624 -226.98696978390217 87.5
      vertex 26.52266702800989 -223.0682514384389 0
      vertex 26.617106564342976 -222.7687274813652 0
    endloop
  endfacet
  facet normal 0.9231674513384086 -0.38238849778573425 -0.03925421697749964
    outer loop
      vertex 28.64053832056622 -226.86607260877886 87.5
      vertex 26.617106564342976 -222.7687274813652 0
      vertex 26.73729196935892 -222.4785742610693 0
    endloop
  endfacet
  facet normal 0.8862128311594237 -0.4613331789247256 -0.04240891311512121
    outer loop
      vertex 28.70096189280351 -226.75000000124177 87.5
      vertex 26.73729196935892 -222.4785742610693 0
      vertex 26.882308542728424 -222.20000000298023 0
    endloop
  endfacet
  facet normal 0.8433888431810664 0.5372979463486365 -0.002485165435188175
    outer loop
      vertex 28.70096189280351 -228.24999999875823 87.5
      vertex 27.051052637398243 -226.0648751705885 0
      vertex 26.882308542728424 -225.79999999701977 0
    endloop
  endfacet
  facet normal 0.7933532794345817 0.6087613938625126 0.00037330010116985236
    outer loop
      vertex 28.771271932249267 -228.36036465441188 87.5
      vertex 27.242240004241467 -226.31403539329767 0
      vertex 27.051052637398243 -226.0648751705885 0
    endloop
  endfacet
  facet normal 0.8425209653176411 -0.5367450471758882 -0.045422211883435364
    outer loop
      vertex 28.771271932249267 -226.63963534558812 87.5
      vertex 26.882308542728424 -222.20000000298023 0
      vertex 27.051052637398243 -221.9351248294115 0
    endloop
  endfacet
  facet normal 0.7924284929115746 -0.6080517801918257 -0.04827127745815504
    outer loop
      vertex 28.85093333510061 -226.53581858612597 87.5
      vertex 27.051052637398243 -221.9351248294115 0
      vertex 27.242240004241467 -221.68596460670233 0
    endloop
  endfacet
  facet normal 0.7363203411933901 -0.674713291027012 -0.05093456641955562
    outer loop
      vertex 28.939339828987915 -226.43933982898793 87.5
      vertex 27.242240004241467 -221.68596460670233 0
      vertex 27.454415589571 -221.454415589571 0
    endloop
  endfacet
  facet normal 0.6746265710083769 -0.7362257029010087 -0.053391985141920714
    outer loop
      vertex 29.03581858612597 -226.35093333510062 87.5
      vertex 27.454415589571 -221.454415589571 0
      vertex 27.685964606702328 -221.24224000424147 0
    endloop
  endfacet
  facet normal 0.6078189087195949 -0.7921250089061108 -0.05562503454753686
    outer loop
      vertex 29.13963534558813 -226.27127193224928 87.5
      vertex 27.685964606702328 -221.24224000424147 0
      vertex 27.935124829411507 -221.05105263739824 0
    endloop
  endfacet
  facet normal 0.5364070242175814 -0.8419903755513625 -0.05761694064175054
    outer loop
      vertex 29.250000001241762 -226.20096189280352 87.5
      vertex 27.935124829411507 -221.05105263739824 0
      vertex 28.200000002980232 -220.88230854272842 0
    endloop
  endfacet
  facet normal 0.460934566577371 -0.8854471039301193 -0.05935277142556714
    outer loop
      vertex 29.366072608778875 -226.1405383205662 87.5
      vertex 28.200000002980232 -220.88230854272842 0
      vertex 28.478574261069298 -220.73729196935892 0
    endloop
  endfacet
  facet normal 0.38197501678466367 -0.9221692199477012 -0.060819539075894984
    outer loop
      vertex 29.48696978390217 -226.09046106847623 87.5
      vertex 28.478574261069298 -220.73729196935892 0
      vertex 28.768727481365204 -220.61710656434298 0
    endloop
  endfacet
  facet normal 0.30012715574509713 -0.9518817732965779 -0.062006290407673366
    outer loop
      vertex 29.611771432682872 -226.0511112616708 87.5
      vertex 28.768727481365204 -220.61710656434298 0
      vertex 29.068251438438892 -220.5226670280099 0
    endloop
  endfacet
  facet normal 0.21601098281651923 -0.9743625199656047 -0.06290417306441393
    outer loop
      vertex 29.739527733375628 -226.02278837002814 87.5
      vertex 29.068251438438892 -220.5226670280099 0
      vertex 29.37486656010151 -220.45469208806753 0
    endloop
  endfacet
  facet normal 0.13026261505190218 -0.9894435686500627 -0.06350650027255825
    outer loop
      vertex 29.749999999379117 -226.02140967113277 87.5
      vertex 29.37486656010151 -220.45469208806753 0
      vertex 29.399999998509884 -220.45138321071863 0
    endloop
  endfacet
  facet normal 0.999992000095959 0 -0.003999968010317851
    outer loop
      vertex 29.749999999379117 -225 87.5
      vertex 29.399999998509884 -220.45138321071863 0
      vertex 29.399999998509884 -218 0
    endloop
  endfacet
  facet normal 0 -0.996815278536125 -0.07974522228289
    outer loop
      vertex 30.250000000620883 -225 87.5
      vertex 29.399999998509884 -218 0
      vertex 30.600000001490116 -218 0
    endloop
  endfacet
  facet normal -0.13026261505190218 -0.9894435686500627 -0.06350650027255825
    outer loop
      vertex 30.250000000620883 -226.02140967113277 87.5
      vertex 30.600000001490116 -220.45138321071863 0
      vertex 30.62513343989849 -220.45469208806753 0
    endloop
  endfacet
  facet normal -0.999992000095959 0 -0.003999968010317851
    outer loop
      vertex 30.250000000620883 -225 87.5
      vertex 30.600000001490116 -218 0
      vertex 30.600000001490116 -220.45138321071863 0
    endloop
  endfacet
  facet normal -0.21601098281651923 -0.9743625199656047 -0.06290417306441393
    outer loop
      vertex 30.260472266624372 -226.02278837002814 87.5
      vertex 30.62513343989849 -220.45469208806753 0
      vertex 30.931748561561108 -220.5226670280099 0
    endloop
  endfacet
  facet normal 0.7372739113945875 0.6755870771397823 0.003046437042148664
    outer loop
      vertex 27.6801504785616 -226.87084387766487 17.5
      vertex 27.242240004241467 -226.31403539329767 0
      vertex 28.85093333510061 -228.46418141387403 87.5
    endloop
  endfacet
  facet normal 0.7372739113950685 0.6755870771392574 0.003046437042128671
    outer loop
      vertex 27.6801504785616 -226.87084387766487 17.5
      vertex 28.85093333510061 -228.46418141387403 87.5
      vertex 27.688149037978764 -226.88048483151263 17.702260750938358
    endloop
  endfacet
  facet normal 0.737273911394747 0.6755870771396085 0.0030464370421419925
    outer loop
      vertex 27.688149037978764 -226.88048483151263 17.702260750938358
      vertex 28.85093333510061 -228.46418141387403 87.5
      vertex 27.712260246681552 -226.90770455507894 17.90339024334937
    endloop
  endfacet
  facet normal 0.737273911394543 0.6755870771398308 0.003046437042150298
    outer loop
      vertex 27.712260246681552 -226.90770455507894 17.90339024334937
      vertex 28.85093333510061 -228.46418141387403 87.5
      vertex 27.75239617790542 -226.95240193065462 18.102243629035346
    endloop
  endfacet
  facet normal 0.7372739113944118 0.6755870771399741 0.0030464370421555012
    outer loop
      vertex 27.75239617790542 -226.95240193065462 18.102243629035346
      vertex 28.85093333510061 -228.46418141387403 87.5
      vertex 27.76220144453059 -226.96325677331194 18.13645544606307
    endloop
  endfacet
  facet normal 0 1 0
    outer loop
      vertex 28.43472526829731 -230 19.56043880880916
      vertex 29.250000001241762 -230 87.5
      vertex 31.799999997019768 -230 0
    endloop
  endfacet
  facet normal 0.9805127963855971 0.19610255927712145 -0.01176615353714613
    outer loop
      vertex 28.021609411530928 -227.97493000441543 18.885284003569186
      vertex 28.96724636045595 -228.58623179607093 87.5
      vertex 28.118576177458486 -228.4481587521516 19.07870203558273
    endloop
  endfacet
  facet normal 0.9805127963855974 0.19610255927712059 -0.011766153537146135
    outer loop
      vertex 28.118576177458486 -228.4481587521516 19.07870203558273
      vertex 28.96724636045595 -228.58623179607093 87.5
      vertex 28.23001437366605 -228.99387271776337 19.26998562633395
    endloop
  endfacet
  facet normal 0.675579942238198 0.7372661250047884 0.005513852179461106
    outer loop
      vertex 27.80898204786557 -227.00732745664652 18.297465317319826
      vertex 28.939339828987915 -228.56066017101207 87.5
      vertex 27.824408836869 -227.0217663793065 18.337963199317542
    endloop
  endfacet
  facet normal 0.6755799422374853 0.7372661250054411 0.005513852179487399
    outer loop
      vertex 27.76220144453059 -226.96325677331194 18.13645544606307
      vertex 28.939339828987915 -228.56066017101207 87.5
      vertex 27.80898204786557 -227.00732745664652 18.297465317319826
    endloop
  endfacet
  facet normal 0.9805127963855981 0.1961025592771161 -0.01176615353714623
    outer loop
      vertex 27.824408836869 -227.0217663793065 18.337963199317542
      vertex 28.96724636045595 -228.58623179607093 87.5
      vertex 27.868985292296138 -227.23530393974613 18.493708477843246
    endloop
  endfacet
  facet normal 0.9805127963855944 0.1961025592771347 -0.011766153537145803
    outer loop
      vertex 27.868985292296138 -227.23530393974613 18.493708477843246
      vertex 28.96724636045595 -228.58623179607093 87.5
      vertex 27.938570009148872 -227.57144000309188 18.69016716013347
    endloop
  endfacet
  facet normal 0.9805127963856001 0.19610255927710676 -0.011766153537146301
    outer loop
      vertex 27.938570009148872 -227.57144000309188 18.69016716013347
      vertex 28.96724636045595 -228.58623179607093 87.5
      vertex 28.021609411530928 -227.97493000441543 18.885284003569186
    endloop
  endfacet
  facet normal 0.9805127963855975 0.19610255927711928 -0.011766153537146128
    outer loop
      vertex 28.35653615075906 -229.61516450402928 19.4586039466316
      vertex 28.96724636045595 -228.58623179607093 87.5
      vertex 28.43472526829731 -230 19.56043880880916
    endloop
  endfacet
  facet normal 0.9805127963855975 0.1961025592771196 -0.011766153537146131
    outer loop
      vertex 28.35653615075906 -229.61516450402928 19.4586039466316
      vertex 28.23001437366605 -228.99387271776337 19.26998562633395
      vertex 28.96724636045595 -228.58623179607093 87.5
    endloop
  endfacet
  facet normal -0.6078189087195949 -0.7921250089061108 -0.05562503454753686
    outer loop
      vertex 30.86036465441187 -226.27127193224928 87.5
      vertex 32.06487517058849 -221.05105263739824 0
      vertex 32.31403539329767 -221.24224000424147 0
    endloop
  endfacet
  facet normal -0.6746265710083769 -0.7362257029010087 -0.053391985141920714
    outer loop
      vertex 30.96418141387403 -226.35093333510062 87.5
      vertex 32.31403539329767 -221.24224000424147 0
      vertex 32.545584410429 -221.454415589571 0
    endloop
  endfacet
  facet normal -0.30012715574509713 -0.9518817732965779 -0.062006290407673366
    outer loop
      vertex 30.388228567317128 -226.0511112616708 87.5
      vertex 30.931748561561108 -220.5226670280099 0
      vertex 31.231272518634796 -220.61710656434298 0
    endloop
  endfacet
  facet normal -0.38197501678466367 -0.9221692199477012 -0.060819539075894984
    outer loop
      vertex 30.51303021609783 -226.09046106847623 87.5
      vertex 31.231272518634796 -220.61710656434298 0
      vertex 31.521425738930702 -220.73729196935892 0
    endloop
  endfacet
  facet normal -0.460934566577371 -0.8854471039301193 -0.05935277142556714
    outer loop
      vertex 30.633927391221125 -226.1405383205662 87.5
      vertex 31.521425738930702 -220.73729196935892 0
      vertex 31.799999997019768 -220.88230854272842 0
    endloop
  endfacet
  facet normal -0.5364070242175814 -0.8419903755513625 -0.05761694064175054
    outer loop
      vertex 30.749999998758238 -226.20096189280352 87.5
      vertex 31.799999997019768 -220.88230854272842 0
      vertex 32.06487517058849 -221.05105263739824 0
    endloop
  endfacet
  facet normal -0.7933532794345817 0.6087613938625126 0.00037330010116985236
    outer loop
      vertex 31.228728067750733 -228.36036465441188 87.5
      vertex 32.94894736260176 -226.0648751705885 0
      vertex 32.75775999575853 -226.31403539329767 0
    endloop
  endfacet
  facet normal -0.8433888431810664 0.5372979463486365 -0.002485165435188175
    outer loop
      vertex 31.29903810719649 -228.24999999875823 87.5
      vertex 33.117691457271576 -225.79999999701977 0
      vertex 32.94894736260176 -226.0648751705885 0
    endloop
  endfacet
  facet normal -0.8869973907385628 0.46174159477244753 -0.005507129922049418
    outer loop
      vertex 31.35946167943378 -228.13392739122114 87.5
      vertex 33.26270803064108 -225.5214257389307 0
      vertex 33.117691457271576 -225.79999999701977 0
    endloop
  endfacet
  facet normal -0.7363203411933901 -0.674713291027012 -0.05093456641955562
    outer loop
      vertex 31.060660171012085 -226.43933982898793 87.5
      vertex 32.545584410429 -221.454415589571 0
      vertex 32.75775999575853 -221.68596460670233 0
    endloop
  endfacet
  facet normal -0.7924284929115746 -0.6080517801918257 -0.04827127745815504
    outer loop
      vertex 31.14906666489939 -226.53581858612597 87.5
      vertex 32.75775999575853 -221.68596460670233 0
      vertex 32.94894736260176 -221.9351248294115 0
    endloop
  endfacet
  facet normal -0.9238448056535746 0.38266906714362214 -0.008669493545700931
    outer loop
      vertex 31.40953893152376 -228.01303021609783 87.5
      vertex 33.382893435657024 -225.2312725186348 0
      vertex 33.26270803064108 -225.5214257389307 0
    endloop
  endfacet
  facet normal -0.8425209653176411 -0.5367450471758882 -0.045422211883435364
    outer loop
      vertex 31.228728067750733 -226.63963534558812 87.5
      vertex 32.94894736260176 -221.9351248294115 0
      vertex 33.117691457271576 -222.20000000298023 0
    endloop
  endfacet
  facet normal -0.8862128311594237 -0.4613331789247256 -0.04240891311512121
    outer loop
      vertex 31.29903810719649 -226.75000000124177 87.5
      vertex 33.117691457271576 -222.20000000298023 0
      vertex 33.26270803064108 -222.4785742610693 0
    endloop
  endfacet
  facet normal -0.9231674513384086 -0.38238849778573425 -0.03925421697749964
    outer loop
      vertex 31.35946167943378 -226.86607260877886 87.5
      vertex 33.26270803064108 -222.4785742610693 0
      vertex 33.382893435657024 -222.7687274813652 0
    endloop
  endfacet
  facet normal -0.9536488778720139 0.30068432165057823 -0.0119480729400277
    outer loop
      vertex 31.448888738329213 -227.88822856731713 87.5
      vertex 33.47733297199011 -224.9317485615611 0
      vertex 33.382893435657024 -225.2312725186348 0
    endloop
  endfacet
  facet normal -0.9761814614900965 0.21641423246779393 -0.015317774917876443
    outer loop
      vertex 31.477211629971862 -227.76047226662436 87.5
      vertex 33.54530791193247 -224.6251334398985 0
      vertex 33.47733297199011 -224.9317485615611 0
    endloop
  endfacet
  facet normal -0.9912705182164527 0.13050322509170617 -0.0187528119371158
    outer loop
      vertex 31.494292045633 -227.63073361478746 87.5
      vertex 33.586300909519196 -224.3137606754899 0
      vertex 33.54530791193247 -224.6251334398985 0
    endloop
  endfacet
  facet normal -0.9910225124785402 -0.1304705745205008 -0.029185766137146022
    outer loop
      vertex 31.477211629971862 -227.23952773337564 87.5
      vertex 33.54530791193247 -223.3748665601015 0
      vertex 33.586300909519196 -223.6862393245101 0
    endloop
  endfacet
  facet normal -0.9988014082113542 0.043608627277488925 -0.022226888715895128
    outer loop
      vertex 31.500000000620883 -227.5 87.5
      vertex 33.600000001490116 -224 0
      vertex 33.586300909519196 -224.3137606754899 0
    endloop
  endfacet
  facet normal -0.9987178907158818 -0.04360498082354797 -0.02571342862004444
    outer loop
      vertex 31.494292045633 -227.36926638521254 87.5
      vertex 33.586300909519196 -223.6862393245101 0
      vertex 33.600000001490116 -224 0
    endloop
  endfacet
  facet normal -0.9530993617217011 -0.300511059882304 -0.03598207295446644
    outer loop
      vertex 31.40953893152376 -226.98696978390217 87.5
      vertex 33.382893435657024 -222.7687274813652 0
      vertex 33.47733297199011 -223.0682514384389 0
    endloop
  endfacet
  facet normal -0.9757765288302851 -0.21632446105312222 -0.03261737779154047
    outer loop
      vertex 31.448888738329213 -227.11177143268287 87.5
      vertex 33.47733297199011 -223.0682514384389 0
      vertex 33.54530791193247 -223.3748665601015 0
    endloop
  endfacet
  facet normal 0 1 0
    outer loop
      vertex 31.614274080757898 -230 15.477159714114306
      vertex 31.799999997019768 -230 0
      vertex 29.250000001241762 -230 87.5
    endloop
  endfacet
  facet normal -0.7372739113945875 0.6755870771397823 0.003046437042148664
    outer loop
      vertex 32.3198495214384 -226.87084387766487 17.5
      vertex 31.14906666489939 -228.46418141387403 87.5
      vertex 32.75775999575853 -226.31403539329767 0
    endloop
  endfacet
  facet normal 0 1 0
    outer loop
      vertex 31.614274080757898 -230 15.477159714114306
      vertex 29.250000001241762 -230 87.5
      vertex 31.56527473170269 -230 19.56043880880916
    endloop
  endfacet
  facet normal -0.9805127963855975 0.19610255927711923 -0.011766153537146126
    outer loop
      vertex 31.56527473170269 -230 19.56043880880916
      vertex 31.03275363954405 -228.58623179607093 87.5
      vertex 31.64346384924094 -229.61516450402928 19.4586039466316
    endloop
  endfacet
  facet normal -0.9805127963855975 0.1961025592771196 -0.011766153537146131
    outer loop
      vertex 31.64346384924094 -229.61516450402928 19.4586039466316
      vertex 31.03275363954405 -228.58623179607093 87.5
      vertex 31.76998562633395 -228.99387271776337 19.26998562633395
    endloop
  endfacet
  facet normal -0.9805127963855974 0.19610255927712059 -0.011766153537146135
    outer loop
      vertex 31.881423822541514 -228.4481587521516 19.07870203558273
      vertex 31.76998562633395 -228.99387271776337 19.26998562633395
      vertex 31.03275363954405 -228.58623179607093 87.5
    endloop
  endfacet
  facet normal -0.9805127963855971 0.19610255927712147 -0.011766153537146131
    outer loop
      vertex 31.881423822541514 -228.4481587521516 19.07870203558273
      vertex 31.03275363954405 -228.58623179607093 87.5
      vertex 31.978390588469072 -227.97493000441543 18.885284003569186
    endloop
  endfacet
  facet normal -0.9805127963855984 0.1961025592771151 -0.011766153537146204
    outer loop
      vertex 31.978390588469072 -227.97493000441543 18.885284003569186
      vertex 31.03275363954405 -228.58623179607093 87.5
      vertex 32.06142999085113 -227.57144000309188 18.69016716013347
    endloop
  endfacet
  facet normal -0.6755799422382862 0.7372661250047073 0.0055138521794578475
    outer loop
      vertex 32.175591163131 -227.0217663793065 18.337963199317542
      vertex 31.060660171012085 -228.56066017101207 87.5
      vertex 32.19101795213443 -227.00732745664652 18.297465317319826
    endloop
  endfacet
  facet normal -0.980512796385595 0.19610255927713197 -0.011766153537145866
    outer loop
      vertex 32.13101470770386 -227.23530393974613 18.493708477843246
      vertex 31.03275363954405 -228.58623179607093 87.5
      vertex 32.175591163131 -227.0217663793065 18.337963199317542
    endloop
  endfacet
  facet normal -0.7372739113945754 0.6755870771397954 0.003046437042148976
    outer loop
      vertex 32.28773975331845 -226.90770455507894 17.90339024334937
      vertex 32.24760382209458 -226.95240193065462 18.102243629035346
      vertex 31.14906666489939 -228.46418141387403 87.5
    endloop
  endfacet
  facet normal -0.7372739113942828 0.6755870771401149 0.00304643704216057
    outer loop
      vertex 32.24760382209458 -226.95240193065462 18.102243629035346
      vertex 32.23779855546941 -226.96325677331194 18.13645544606307
      vertex 31.14906666489939 -228.46418141387403 87.5
    endloop
  endfacet
  facet normal -0.6755799422374853 0.737266125005441 0.005513852179487398
    outer loop
      vertex 32.19101795213443 -227.00732745664652 18.297465317319826
      vertex 31.060660171012085 -228.56066017101207 87.5
      vertex 32.23779855546941 -226.96325677331194 18.13645544606307
    endloop
  endfacet
  facet normal -0.7372739113953276 0.6755870771389748 0.0030464370421179054
    outer loop
      vertex 32.3198495214384 -226.87084387766487 17.5
      vertex 32.31185096202124 -226.88048483151263 17.702260750938358
      vertex 31.14906666489939 -228.46418141387403 87.5
    endloop
  endfacet
  facet normal -0.7372739113946895 0.6755870771396711 0.003046437042144333
    outer loop
      vertex 32.31185096202124 -226.88048483151263 17.702260750938358
      vertex 32.28773975331845 -226.90770455507894 17.90339024334937
      vertex 31.14906666489939 -228.46418141387403 87.5
    endloop
  endfacet
  facet normal -0.9805127963855965 0.1961025592771247 -0.011766153537146036
    outer loop
      vertex 32.06142999085113 -227.57144000309188 18.69016716013347
      vertex 31.03275363954405 -228.58623179607093 87.5
      vertex 32.13101470770386 -227.23530393974613 18.493708477843246
    endloop
  endfacet
  facet normal 0.9761814614901019 0.21641423246777 -0.015317774917877315
    outer loop
      vertex 28.522788370028138 -227.76047226662436 87.5
      vertex 28.551111261670787 -227.88822856731713 87.5
      vertex 26.52266702800989 -224.9317485615611 0
    endloop
  endfacet
  facet normal 0.9912705182164502 0.1305032250917244 -0.01875281193711514
    outer loop
      vertex 28.505707954367 -227.63073361478746 87.5
      vertex 28.522788370028138 -227.76047226662436 87.5
      vertex 26.45469208806753 -224.6251334398985 0
    endloop
  endfacet
  facet normal 0.9988014082113543 0.04360862727748893 -0.02222688871589513
    outer loop
      vertex 28.505707954367 -227.63073361478746 87.5
      vertex 26.413699090480804 -224.3137606754899 0
      vertex 28.499999999379117 -227.5 87.5
    endloop
  endfacet
  facet normal 0.9536488778720087 0.30068432165059467 -0.011948072940027081
    outer loop
      vertex 28.551111261670787 -227.88822856731713 87.5
      vertex 28.59046106847624 -228.01303021609783 87.5
      vertex 26.617106564342976 -225.2312725186348 0
    endloop
  endfacet
  facet normal 0.8869973907385393 0.46174159477249266 -0.005507129922047746
    outer loop
      vertex 28.64053832056622 -228.13392739122114 87.5
      vertex 28.70096189280351 -228.24999999875823 87.5
      vertex 26.882308542728424 -225.79999999701977 0
    endloop
  endfacet
  facet normal 0.9238448056535852 0.3826690671435965 -0.008669493545701897
    outer loop
      vertex 28.59046106847624 -228.01303021609783 87.5
      vertex 28.64053832056622 -228.13392739122114 87.5
      vertex 26.73729196935892 -225.5214257389307 0
    endloop
  endfacet
  facet normal 0.9987178907158817 -0.04360498082354797 -0.025713428620044432
    outer loop
      vertex 28.499999999379117 -227.5 87.5
      vertex 26.399999998509884 -224 0
      vertex 28.505707954367 -227.36926638521254 87.5
    endloop
  endfacet
  facet normal 0.9910225124785378 -0.13047057452051902 -0.029185766137146695
    outer loop
      vertex 28.505707954367 -227.36926638521254 87.5
      vertex 26.413699090480804 -223.6862393245101 0
      vertex 28.522788370028138 -227.23952773337564 87.5
    endloop
  endfacet
  facet normal 0.9757765288302905 -0.21632446105309833 -0.03261737779153956
    outer loop
      vertex 28.522788370028138 -227.23952773337564 87.5
      vertex 26.45469208806753 -223.3748665601015 0
      vertex 28.551111261670787 -227.11177143268287 87.5
    endloop
  endfacet
  facet normal 0.9530993617216957 -0.3005110598823204 -0.035982072954467044
    outer loop
      vertex 28.551111261670787 -227.11177143268287 87.5
      vertex 26.52266702800989 -223.0682514384389 0
      vertex 28.59046106847624 -226.98696978390217 87.5
    endloop
  endfacet
  facet normal 0.9231674513384192 -0.38238849778570866 -0.03925421697749868
    outer loop
      vertex 28.59046106847624 -226.98696978390217 87.5
      vertex 26.617106564342976 -222.7687274813652 0
      vertex 28.64053832056622 -226.86607260877886 87.5
    endloop
  endfacet
  facet normal 0.8862128311594002 -0.46133317892477055 -0.04240891311512285
    outer loop
      vertex 28.64053832056622 -226.86607260877886 87.5
      vertex 26.73729196935892 -222.4785742610693 0
      vertex 28.70096189280351 -226.75000000124177 87.5
    endloop
  endfacet
  facet normal 0.842520965317683 -0.5367450471758228 -0.045422211883432935
    outer loop
      vertex 28.70096189280351 -226.75000000124177 87.5
      vertex 26.882308542728424 -222.20000000298023 0
      vertex 28.771271932249267 -226.63963534558812 87.5
    endloop
  endfacet
  facet normal 0.8433888431811082 0.5372979463485709 -0.0024851654351906185
    outer loop
      vertex 28.70096189280351 -228.24999999875823 87.5
      vertex 28.771271932249267 -228.36036465441188 87.5
      vertex 27.051052637398243 -226.0648751705885 0
    endloop
  endfacet
  facet normal 0.7933532794345548 0.6087613938625475 0.00037330010117113914
    outer loop
      vertex 28.771271932249267 -228.36036465441188 87.5
      vertex 28.85093333510061 -228.46418141387403 87.5
      vertex 27.242240004241467 -226.31403539329767 0
    endloop
  endfacet
  facet normal 0.7924284929115477 -0.6080517801918606 -0.04827127745815634
    outer loop
      vertex 28.771271932249267 -226.63963534558812 87.5
      vertex 27.051052637398243 -221.9351248294115 0
      vertex 28.85093333510061 -226.53581858612597 87.5
    endloop
  endfacet
  facet normal 0.736320341193357 -0.674713291027048 -0.05093456641955695
    outer loop
      vertex 28.85093333510061 -226.53581858612597 87.5
      vertex 27.242240004241467 -221.68596460670233 0
      vertex 28.939339828987915 -226.43933982898793 87.5
    endloop
  endfacet
  facet normal 0.6746265710083723 -0.7362257029010129 -0.05339198514192083
    outer loop
      vertex 28.939339828987915 -226.43933982898793 87.5
      vertex 27.454415589571 -221.454415589571 0
      vertex 29.03581858612597 -226.35093333510062 87.5
    endloop
  endfacet
  facet normal 0.6078189087195904 -0.7921250089061141 -0.055625034547537006
    outer loop
      vertex 29.03581858612597 -226.35093333510062 87.5
      vertex 27.685964606702328 -221.24224000424147 0
      vertex 29.13963534558813 -226.27127193224928 87.5
    endloop
  endfacet
  facet normal 0.5364070242175895 -0.841990375551357 -0.057616940641750373
    outer loop
      vertex 29.13963534558813 -226.27127193224928 87.5
      vertex 27.935124829411507 -221.05105263739824 0
      vertex 29.250000001241762 -226.20096189280352 87.5
    endloop
  endfacet
  facet normal 0.46093456657747733 -0.885447103930064 -0.05935277142556522
    outer loop
      vertex 29.250000001241762 -226.20096189280352 87.5
      vertex 28.200000002980232 -220.88230854272842 0
      vertex 29.366072608778875 -226.1405383205662 87.5
    endloop
  endfacet
  facet normal 0.38197501678466683 -0.9221692199476998 -0.06081953907589495
    outer loop
      vertex 29.366072608778875 -226.1405383205662 87.5
      vertex 28.478574261069298 -220.73729196935892 0
      vertex 29.48696978390217 -226.09046106847623 87.5
    endloop
  endfacet
  facet normal 0.3001271557449656 -0.9518817732966192 -0.06200629040767468
    outer loop
      vertex 29.48696978390217 -226.09046106847623 87.5
      vertex 28.768727481365204 -220.61710656434298 0
      vertex 29.611771432682872 -226.0511112616708 87.5
    endloop
  endfacet
  facet normal 0.21601098281659004 -0.9743625199655891 -0.06290417306441348
    outer loop
      vertex 29.611771432682872 -226.0511112616708 87.5
      vertex 29.068251438438892 -220.5226670280099 0
      vertex 29.739527733375628 -226.02278837002814 87.5
    endloop
  endfacet
  facet normal 0.1302626150510223 -0.9894435686501784 -0.06350650027256176
    outer loop
      vertex 29.739527733375628 -226.02278837002814 87.5
      vertex 29.37486656010151 -220.45469208806753 0
      vertex 29.749999999379117 -226.02140967113277 87.5
    endloop
  endfacet
  facet normal 0.9999920000959589 0 -0.00399996801031785
    outer loop
      vertex 29.749999999379117 -226.02140967113277 87.5
      vertex 29.399999998509884 -220.45138321071863 0
      vertex 29.749999999379117 -225 87.5
    endloop
  endfacet
  facet normal -0.1302626150510223 -0.9894435686501784 -0.06350650027256176
    outer loop
      vertex 30.250000000620883 -226.02140967113277 87.5
      vertex 30.62513343989849 -220.45469208806753 0
      vertex 30.260472266624372 -226.02278837002814 87.5
    endloop
  endfacet
  facet normal -0.9999920000959589 0 -0.00399996801031785
    outer loop
      vertex 30.250000000620883 -226.02140967113277 87.5
      vertex 30.250000000620883 -225 87.5
      vertex 30.600000001490116 -220.45138321071863 0
    endloop
  endfacet
  facet normal -0.21601098281659004 -0.9743625199655891 -0.06290417306441348
    outer loop
      vertex 30.260472266624372 -226.02278837002814 87.5
      vertex 30.931748561561108 -220.5226670280099 0
      vertex 30.388228567317128 -226.0511112616708 87.5
    endloop
  endfacet
  facet normal -0.3001271557449656 -0.9518817732966192 -0.06200629040767468
    outer loop
      vertex 30.388228567317128 -226.0511112616708 87.5
      vertex 31.231272518634796 -220.61710656434298 0
      vertex 30.51303021609783 -226.09046106847623 87.5
    endloop
  endfacet
  facet normal 0 -0.9968152785361251 -0.07974522228289001
    outer loop
      vertex 29.749999999379117 -225 87.5
      vertex 29.399999998509884 -218 0
      vertex 30.250000000620883 -225 87.5
    endloop
  endfacet
  facet normal 0.7372739113945613 0.675587077139811 0.0030464370421496223
    outer loop
      vertex 27.76220144453059 -226.96325677331194 18.13645544606307
      vertex 28.85093333510061 -228.46418141387403 87.5
      vertex 28.939339828987915 -228.56066017101207 87.5
    endloop
  endfacet
  facet normal 0.675579942237762 0.7372661250051877 0.0055138521794769494
    outer loop
      vertex 27.824408836869 -227.0217663793065 18.337963199317542
      vertex 28.939339828987915 -228.56066017101207 87.5
      vertex 28.96724636045595 -228.58623179607093 87.5
    endloop
  endfacet
  facet normal 0.9805127963855975 0.19610255927711945 -0.011766153537146131
    outer loop
      vertex 28.43472526829731 -230 19.56043880880916
      vertex 28.96724636045595 -228.58623179607093 87.5
      vertex 29.250000001241762 -230 87.5
    endloop
  endfacet
  facet normal 0 1 0
    outer loop
      vertex 31.56527473170269 -230 19.56043880880916
      vertex 29.250000001241762 -230 87.5
      vertex 30.749999998758238 -230 87.5
    endloop
  endfacet
  facet normal -0.38197501678466683 -0.9221692199476998 -0.06081953907589495
    outer loop
      vertex 30.51303021609783 -226.09046106847623 87.5
      vertex 31.521425738930702 -220.73729196935892 0
      vertex 30.633927391221125 -226.1405383205662 87.5
    endloop
  endfacet
  facet normal -0.46093456657747733 -0.885447103930064 -0.059352771425565214
    outer loop
      vertex 30.633927391221125 -226.1405383205662 87.5
      vertex 31.799999997019768 -220.88230854272842 0
      vertex 30.749999998758238 -226.20096189280352 87.5
    endloop
  endfacet
  facet normal -0.6078189087195904 -0.7921250089061141 -0.055625034547537006
    outer loop
      vertex 30.86036465441187 -226.27127193224928 87.5
      vertex 32.31403539329767 -221.24224000424147 0
      vertex 30.96418141387403 -226.35093333510062 87.5
    endloop
  endfacet
  facet normal -0.5364070242175895 -0.841990375551357 -0.057616940641750373
    outer loop
      vertex 30.749999998758238 -226.20096189280352 87.5
      vertex 32.06487517058849 -221.05105263739824 0
      vertex 30.86036465441187 -226.27127193224928 87.5
    endloop
  endfacet
  facet normal -0.7933532794345548 0.6087613938625475 0.00037330010117113914
    outer loop
      vertex 31.14906666489939 -228.46418141387403 87.5
      vertex 31.228728067750733 -228.36036465441188 87.5
      vertex 32.75775999575853 -226.31403539329767 0
    endloop
  endfacet
  facet normal -0.8433888431811082 0.5372979463485709 -0.0024851654351906185
    outer loop
      vertex 31.228728067750733 -228.36036465441188 87.5
      vertex 31.29903810719649 -228.24999999875823 87.5
      vertex 32.94894736260176 -226.0648751705885 0
    endloop
  endfacet
  facet normal -0.8869973907385393 0.46174159477249266 -0.005507129922047743
    outer loop
      vertex 31.29903810719649 -228.24999999875823 87.5
      vertex 31.35946167943378 -228.13392739122114 87.5
      vertex 33.117691457271576 -225.79999999701977 0
    endloop
  endfacet
  facet normal -0.9238448056535852 0.3826690671435965 -0.008669493545701897
    outer loop
      vertex 31.35946167943378 -228.13392739122114 87.5
      vertex 31.40953893152376 -228.01303021609783 87.5
      vertex 33.26270803064108 -225.5214257389307 0
    endloop
  endfacet
  facet normal -0.6746265710083723 -0.7362257029010129 -0.05339198514192083
    outer loop
      vertex 31.060660171012085 -226.43933982898793 87.5
      vertex 30.96418141387403 -226.35093333510062 87.5
      vertex 32.545584410429 -221.454415589571 0
    endloop
  endfacet
  facet normal -0.736320341193357 -0.674713291027048 -0.05093456641955695
    outer loop
      vertex 31.060660171012085 -226.43933982898793 87.5
      vertex 32.75775999575853 -221.68596460670233 0
      vertex 31.14906666489939 -226.53581858612597 87.5
    endloop
  endfacet
  facet normal -0.7924284929115477 -0.6080517801918606 -0.04827127745815634
    outer loop
      vertex 31.14906666489939 -226.53581858612597 87.5
      vertex 32.94894736260176 -221.9351248294115 0
      vertex 31.228728067750733 -226.63963534558812 87.5
    endloop
  endfacet
  facet normal -0.842520965317683 -0.5367450471758228 -0.04542221188343295
    outer loop
      vertex 31.228728067750733 -226.63963534558812 87.5
      vertex 33.117691457271576 -222.20000000298023 0
      vertex 31.29903810719649 -226.75000000124177 87.5
    endloop
  endfacet
  facet normal -0.9231674513384192 -0.38238849778570866 -0.03925421697749868
    outer loop
      vertex 31.35946167943378 -226.86607260877886 87.5
      vertex 33.382893435657024 -222.7687274813652 0
      vertex 31.40953893152376 -226.98696978390217 87.5
    endloop
  endfacet
  facet normal -0.8862128311594002 -0.46133317892477055 -0.04240891311512286
    outer loop
      vertex 31.29903810719649 -226.75000000124177 87.5
      vertex 33.26270803064108 -222.4785742610693 0
      vertex 31.35946167943378 -226.86607260877886 87.5
    endloop
  endfacet
  facet normal -0.9536488778720087 0.30068432165059467 -0.011948072940027081
    outer loop
      vertex 31.40953893152376 -228.01303021609783 87.5
      vertex 31.448888738329213 -227.88822856731713 87.5
      vertex 33.382893435657024 -225.2312725186348 0
    endloop
  endfacet
  facet normal -0.9761814614901019 0.21641423246777 -0.015317774917877315
    outer loop
      vertex 31.448888738329213 -227.88822856731713 87.5
      vertex 31.477211629971862 -227.76047226662436 87.5
      vertex 33.47733297199011 -224.9317485615611 0
    endloop
  endfacet
  facet normal -0.9912705182164502 0.1305032250917244 -0.01875281193711514
    outer loop
      vertex 31.477211629971862 -227.76047226662436 87.5
      vertex 31.494292045633 -227.63073361478746 87.5
      vertex 33.54530791193247 -224.6251334398985 0
    endloop
  endfacet
  facet normal -0.9988014082113543 0.04360862727748893 -0.02222688871589513
    outer loop
      vertex 31.494292045633 -227.63073361478746 87.5
      vertex 31.500000000620883 -227.5 87.5
      vertex 33.586300909519196 -224.3137606754899 0
    endloop
  endfacet
  facet normal -0.9530993617216957 -0.3005110598823204 -0.035982072954467044
    outer loop
      vertex 31.40953893152376 -226.98696978390217 87.5
      vertex 33.47733297199011 -223.0682514384389 0
      vertex 31.448888738329213 -227.11177143268287 87.5
    endloop
  endfacet
  facet normal -0.9987178907158817 -0.04360498082354797 -0.025713428620044432
    outer loop
      vertex 31.500000000620883 -227.5 87.5
      vertex 31.494292045633 -227.36926638521254 87.5
      vertex 33.600000001490116 -224 0
    endloop
  endfacet
  facet normal -0.9910225124785378 -0.13047057452051902 -0.029185766137146695
    outer loop
      vertex 31.494292045633 -227.36926638521254 87.5
      vertex 31.477211629971862 -227.23952773337564 87.5
      vertex 33.586300909519196 -223.6862393245101 0
    endloop
  endfacet
  facet normal -0.9757765288302905 -0.21632446105309833 -0.03261737779153956
    outer loop
      vertex 31.448888738329213 -227.11177143268287 87.5
      vertex 33.54530791193247 -223.3748665601015 0
      vertex 31.477211629971862 -227.23952773337564 87.5
    endloop
  endfacet
  facet normal -0.6755799422377593 0.7372661250051902 0.005513852179476928
    outer loop
      vertex 32.175591163131 -227.0217663793065 18.337963199317542
      vertex 31.03275363954405 -228.58623179607093 87.5
      vertex 31.060660171012085 -228.56066017101207 87.5
    endloop
  endfacet
  facet normal -0.7372739113945613 0.675587077139811 0.0030464370421496223
    outer loop
      vertex 32.23779855546941 -226.96325677331194 18.13645544606307
      vertex 31.060660171012085 -228.56066017101207 87.5
      vertex 31.14906666489939 -228.46418141387403 87.5
    endloop
  endfacet
  facet normal -0.9805127963855975 0.19610255927711945 -0.011766153537146131
    outer loop
      vertex 31.56527473170269 -230 19.56043880880916
      vertex 30.749999998758238 -230 87.5
      vertex 31.03275363954405 -228.58623179607093 87.5
    endloop
  endfacet
  facet normal 0 0 -1
    outer loop
      vertex 28.59046106847624 -228.01303021609783 87.5
      vertex 31.03275363954405 -228.58623179607093 87.5
      vertex 28.64053832056622 -228.13392739122114 87.5
    endloop
  endfacet
  facet normal 0 0 -1
    outer loop
      vertex 28.505707954367 -227.63073361478746 87.5
      vertex 31.03275363954405 -228.58623179607093 87.5
      vertex 28.522788370028138 -227.76047226662436 87.5
    endloop
  endfacet
  facet normal 0 0 -1
    outer loop
      vertex 28.505707954367 -227.63073361478746 87.5
      vertex 28.499999999379117 -227.5 87.5
      vertex 31.03275363954405 -228.58623179607093 87.5
    endloop
  endfacet
  facet normal 0 0 -1
    outer loop
      vertex 28.499999999379117 -227.5 87.5
      vertex 28.505707954367 -227.36926638521254 87.5
      vertex 31.03275363954405 -228.58623179607093 87.5
    endloop
  endfacet
  facet normal 0 0 -1
    outer loop
      vertex 28.505707954367 -227.36926638521254 87.5
      vertex 28.522788370028138 -227.23952773337564 87.5
      vertex 31.03275363954405 -228.58623179607093 87.5
    endloop
  endfacet
  facet normal 0 0 -1
    outer loop
      vertex 28.522788370028138 -227.76047226662436 87.5
      vertex 31.03275363954405 -228.58623179607093 87.5
      vertex 28.551111261670787 -227.88822856731713 87.5
    endloop
  endfacet
  facet normal 0 0 -1
    outer loop
      vertex 28.551111261670787 -227.88822856731713 87.5
      vertex 31.03275363954405 -228.58623179607093 87.5
      vertex 28.59046106847624 -228.01303021609783 87.5
    endloop
  endfacet
  facet normal 0 0 -1
    outer loop
      vertex 28.522788370028138 -227.23952773337564 87.5
      vertex 28.551111261670787 -227.11177143268287 87.5
      vertex 31.03275363954405 -228.58623179607093 87.5
    endloop
  endfacet
  facet normal 0 0 -1
    outer loop
      vertex 28.551111261670787 -227.11177143268287 87.5
      vertex 28.59046106847624 -226.98696978390217 87.5
      vertex 31.03275363954405 -228.58623179607093 87.5
    endloop
  endfacet
  facet normal 0 0 -1
    outer loop
      vertex 28.59046106847624 -226.98696978390217 87.5
      vertex 28.64053832056622 -226.86607260877886 87.5
      vertex 31.03275363954405 -228.58623179607093 87.5
    endloop
  endfacet
  facet normal 0 0 -1
    outer loop
      vertex 28.64053832056622 -228.13392739122114 87.5
      vertex 31.03275363954405 -228.58623179607093 87.5
      vertex 28.70096189280351 -228.24999999875823 87.5
    endloop
  endfacet
  facet normal 0 0 -1
    outer loop
      vertex 28.70096189280351 -228.24999999875823 87.5
      vertex 31.03275363954405 -228.58623179607093 87.5
      vertex 28.771271932249267 -228.36036465441188 87.5
    endloop
  endfacet
  facet normal 0 0 -1
    outer loop
      vertex 28.771271932249267 -228.36036465441188 87.5
      vertex 31.03275363954405 -228.58623179607093 87.5
      vertex 28.85093333510061 -228.46418141387403 87.5
    endloop
  endfacet
  facet normal 0 0 -1
    outer loop
      vertex 28.96724636045595 -228.58623179607093 87.5
      vertex 30.749999998758238 -230 87.5
      vertex 29.250000001241762 -230 87.5
    endloop
  endfacet
  facet normal 0 0 -1
    outer loop
      vertex 28.85093333510061 -228.46418141387403 87.5
      vertex 31.03275363954405 -228.58623179607093 87.5
      vertex 28.939339828987915 -228.56066017101207 87.5
    endloop
  endfacet
  facet normal 0 0 -1
    outer loop
      vertex 28.939339828987915 -228.56066017101207 87.5
      vertex 31.03275363954405 -228.58623179607093 87.5
      vertex 28.96724636045595 -228.58623179607093 87.5
    endloop
  endfacet
  facet normal 0 0 -1
    outer loop
      vertex 28.64053832056622 -226.86607260877886 87.5
      vertex 28.70096189280351 -226.75000000124177 87.5
      vertex 31.03275363954405 -228.58623179607093 87.5
    endloop
  endfacet
  facet normal 0 0 -1
    outer loop
      vertex 28.70096189280351 -226.75000000124177 87.5
      vertex 28.771271932249267 -226.63963534558812 87.5
      vertex 31.03275363954405 -228.58623179607093 87.5
    endloop
  endfacet
  facet normal 0 0 -1
    outer loop
      vertex 28.771271932249267 -226.63963534558812 87.5
      vertex 28.85093333510061 -226.53581858612597 87.5
      vertex 31.03275363954405 -228.58623179607093 87.5
    endloop
  endfacet
  facet normal 0 0 -1
    outer loop
      vertex 28.85093333510061 -226.53581858612597 87.5
      vertex 28.939339828987915 -226.43933982898793 87.5
      vertex 31.03275363954405 -228.58623179607093 87.5
    endloop
  endfacet
  facet normal 0 0 -1
    outer loop
      vertex 28.939339828987915 -226.43933982898793 87.5
      vertex 29.03581858612597 -226.35093333510062 87.5
      vertex 31.060660171012085 -228.56066017101207 87.5
    endloop
  endfacet
  facet normal 0 0 -1
    outer loop
      vertex 29.03581858612597 -226.35093333510062 87.5
      vertex 29.13963534558813 -226.27127193224928 87.5
      vertex 31.060660171012085 -228.56066017101207 87.5
    endloop
  endfacet
  facet normal 0 0 -1
    outer loop
      vertex 29.13963534558813 -226.27127193224928 87.5
      vertex 29.250000001241762 -226.20096189280352 87.5
      vertex 31.060660171012085 -228.56066017101207 87.5
    endloop
  endfacet
  facet normal 0 0 -1
    outer loop
      vertex 29.250000001241762 -226.20096189280352 87.5
      vertex 29.366072608778875 -226.1405383205662 87.5
      vertex 31.060660171012085 -228.56066017101207 87.5
    endloop
  endfacet
  facet normal 0 0 -1
    outer loop
      vertex 29.366072608778875 -226.1405383205662 87.5
      vertex 29.48696978390217 -226.09046106847623 87.5
      vertex 31.060660171012085 -228.56066017101207 87.5
    endloop
  endfacet
  facet normal 0 0 -1
    outer loop
      vertex 29.48696978390217 -226.09046106847623 87.5
      vertex 29.611771432682872 -226.0511112616708 87.5
      vertex 31.060660171012085 -228.56066017101207 87.5
    endloop
  endfacet
  facet normal 0 0 -1
    outer loop
      vertex 29.749999999379117 -226.02140967113277 87.5
      vertex 29.749999999379117 -225 87.5
      vertex 30.250000000620883 -226.02140967113277 87.5
    endloop
  endfacet
  facet normal 0 0 -1
    outer loop
      vertex 29.749999999379117 -225 87.5
      vertex 30.250000000620883 -225 87.5
      vertex 30.250000000620883 -226.02140967113277 87.5
    endloop
  endfacet
  facet normal 0 0 -1
    outer loop
      vertex 28.96724636045595 -228.58623179607093 87.5
      vertex 31.03275363954405 -228.58623179607093 87.5
      vertex 30.749999998758238 -230 87.5
    endloop
  endfacet
  facet normal 0 0 -1
    outer loop
      vertex 29.611771432682872 -226.0511112616708 87.5
      vertex 29.739527733375628 -226.02278837002814 87.5
      vertex 31.228728067750733 -228.36036465441188 87.5
    endloop
  endfacet
  facet normal 0 0 -1
    outer loop
      vertex 29.739527733375628 -226.02278837002814 87.5
      vertex 29.749999999379117 -226.02140967113277 87.5
      vertex 31.228728067750733 -228.36036465441188 87.5
    endloop
  endfacet
  facet normal 0 0 -1
    outer loop
      vertex 28.939339828987915 -226.43933982898793 87.5
      vertex 31.060660171012085 -228.56066017101207 87.5
      vertex 31.03275363954405 -228.58623179607093 87.5
    endloop
  endfacet
  facet normal 0 0 -1
    outer loop
      vertex 29.611771432682872 -226.0511112616708 87.5
      vertex 31.14906666489939 -228.46418141387403 87.5
      vertex 31.060660171012085 -228.56066017101207 87.5
    endloop
  endfacet
  facet normal 0 0 -1
    outer loop
      vertex 29.611771432682872 -226.0511112616708 87.5
      vertex 31.228728067750733 -228.36036465441188 87.5
      vertex 31.14906666489939 -228.46418141387403 87.5
    endloop
  endfacet
  facet normal 0 0 -1
    outer loop
      vertex 29.749999999379117 -226.02140967113277 87.5
      vertex 30.250000000620883 -226.02140967113277 87.5
      vertex 30.86036465441187 -226.27127193224928 87.5
    endloop
  endfacet
  facet normal 0 0 -1
    outer loop
      vertex 30.260472266624372 -226.02278837002814 87.5
      vertex 30.388228567317128 -226.0511112616708 87.5
      vertex 30.633927391221125 -226.1405383205662 87.5
    endloop
  endfacet
  facet normal 0 0 -1
    outer loop
      vertex 30.250000000620883 -226.02140967113277 87.5
      vertex 30.260472266624372 -226.02278837002814 87.5
      vertex 30.86036465441187 -226.27127193224928 87.5
    endloop
  endfacet
  facet normal 0 0 -1
    outer loop
      vertex 29.749999999379117 -226.02140967113277 87.5
      vertex 30.86036465441187 -226.27127193224928 87.5
      vertex 30.96418141387403 -226.35093333510062 87.5
    endloop
  endfacet
  facet normal 0 0 -1
    outer loop
      vertex 30.388228567317128 -226.0511112616708 87.5
      vertex 30.51303021609783 -226.09046106847623 87.5
      vertex 30.633927391221125 -226.1405383205662 87.5
    endloop
  endfacet
  facet normal 0 0 -1
    outer loop
      vertex 30.260472266624372 -226.02278837002814 87.5
      vertex 30.633927391221125 -226.1405383205662 87.5
      vertex 30.749999998758238 -226.20096189280352 87.5
    endloop
  endfacet
  facet normal 0 0 -1
    outer loop
      vertex 29.749999999379117 -226.02140967113277 87.5
      vertex 30.96418141387403 -226.35093333510062 87.5
      vertex 31.060660171012085 -226.43933982898793 87.5
    endloop
  endfacet
  facet normal 0 0 -1
    outer loop
      vertex 30.260472266624372 -226.02278837002814 87.5
      vertex 30.749999998758238 -226.20096189280352 87.5
      vertex 30.86036465441187 -226.27127193224928 87.5
    endloop
  endfacet
  facet normal 0 0 -1
    outer loop
      vertex 29.749999999379117 -226.02140967113277 87.5
      vertex 31.060660171012085 -226.43933982898793 87.5
      vertex 31.14906666489939 -226.53581858612597 87.5
    endloop
  endfacet
  facet normal 0 0 -1
    outer loop
      vertex 29.749999999379117 -226.02140967113277 87.5
      vertex 31.14906666489939 -226.53581858612597 87.5
      vertex 31.228728067750733 -226.63963534558812 87.5
    endloop
  endfacet
  facet normal 0 0 -1
    outer loop
      vertex 29.749999999379117 -226.02140967113277 87.5
      vertex 31.29903810719649 -228.24999999875823 87.5
      vertex 31.228728067750733 -228.36036465441188 87.5
    endloop
  endfacet
  facet normal 0 0 -1
    outer loop
      vertex 29.749999999379117 -226.02140967113277 87.5
      vertex 31.35946167943378 -228.13392739122114 87.5
      vertex 31.29903810719649 -228.24999999875823 87.5
    endloop
  endfacet
  facet normal 0 0 -1
    outer loop
      vertex 29.749999999379117 -226.02140967113277 87.5
      vertex 31.40953893152376 -228.01303021609783 87.5
      vertex 31.35946167943378 -228.13392739122114 87.5
    endloop
  endfacet
  facet normal 0 0 -1
    outer loop
      vertex 29.749999999379117 -226.02140967113277 87.5
      vertex 31.448888738329213 -227.88822856731713 87.5
      vertex 31.40953893152376 -228.01303021609783 87.5
    endloop
  endfacet
  facet normal 0 0 -1
    outer loop
      vertex 29.749999999379117 -226.02140967113277 87.5
      vertex 31.228728067750733 -226.63963534558812 87.5
      vertex 31.29903810719649 -226.75000000124177 87.5
    endloop
  endfacet
  facet normal 0 0 -1
    outer loop
      vertex 29.749999999379117 -226.02140967113277 87.5
      vertex 31.29903810719649 -226.75000000124177 87.5
      vertex 31.35946167943378 -226.86607260877886 87.5
    endloop
  endfacet
  facet normal 0 0 -1
    outer loop
      vertex 29.749999999379117 -226.02140967113277 87.5
      vertex 31.477211629971862 -227.76047226662436 87.5
      vertex 31.448888738329213 -227.88822856731713 87.5
    endloop
  endfacet
  facet normal 0 0 -1
    outer loop
      vertex 29.749999999379117 -226.02140967113277 87.5
      vertex 31.494292045633 -227.63073361478746 87.5
      vertex 31.477211629971862 -227.76047226662436 87.5
    endloop
  endfacet
  facet normal 0 0 -1
    outer loop
      vertex 29.749999999379117 -226.02140967113277 87.5
      vertex 31.477211629971862 -227.23952773337564 87.5
      vertex 31.494292045633 -227.36926638521254 87.5
    endloop
  endfacet
  facet normal 0 0 -1
    outer loop
      vertex 29.749999999379117 -226.02140967113277 87.5
      vertex 31.40953893152376 -226.98696978390217 87.5
      vertex 31.448888738329213 -227.11177143268287 87.5
    endloop
  endfacet
  facet normal 0 0 -1
    outer loop
      vertex 29.749999999379117 -226.02140967113277 87.5
      vertex 31.35946167943378 -226.86607260877886 87.5
      vertex 31.40953893152376 -226.98696978390217 87.5
    endloop
  endfacet
  facet normal 0 0 -1
    outer loop
      vertex 29.749999999379117 -226.02140967113277 87.5
      vertex 31.448888738329213 -227.11177143268287 87.5
      vertex 31.477211629971862 -227.23952773337564 87.5
    endloop
  endfacet
  facet normal 0 0 -1
    outer loop
      vertex 29.749999999379117 -226.02140967113277 87.5
      vertex 31.500000000620883 -227.5 87.5
      vertex 31.494292045633 -227.63073361478746 87.5
    endloop
  endfacet
  facet normal 0 0 -1
    outer loop
      vertex 29.749999999379117 -226.02140967113277 87.5
      vertex 31.494292045633 -227.36926638521254 87.5
      vertex 31.500000000620883 -227.5 87.5
    endloop
  endfacet
  facet normal 0.6755799422376273 -0.7372661250053111 0.005513852179482125
    outer loop
      vertex -2.201940150830043 -3.014303559920312 16.743379875537343
      vertex -2.545584410429001 -3.454415589570999 0
      vertex -2.4786087349057198 -3.39304368942976 0
    endloop
  endfacet
  facet normal 0.9805127963855975 -0.1961025592771195 -0.011766153537146138
    outer loop
      vertex -1.6537056020138479 -0.20027944789012408 15.529190407706826
      vertex -2.4786087349057198 -3.39304368942976 0
      vertex -1.7999999970197678 0 0
    endloop
  endfacet
  facet normal 0.7372739113945941 -0.6755870771397752 0.003046437042148351
    outer loop
      vertex -2.2579191063304815 -3.064047269044893 16.95084061561564
      vertex -2.7577599957585335 -3.6859646067023277 0
      vertex -2.545584410429001 -3.454415589570999 0
    endloop
  endfacet
  facet normal 0.6755799422376263 -0.7372661250053121 0.005513852179482172
    outer loop
      vertex -2.201940150830043 -3.014303559920312 16.743379875537343
      vertex -2.2470310864995424 -3.054466094664496 16.89790983500482
      vertex -2.545584410429001 -3.454415589570999 0
    endloop
  endfacet
  facet normal 0.9805127963855974 -0.19610255927712003 -0.011766153537146103
    outer loop
      vertex -2.1930654308728053 -2.9674345352878597 16.701789461364115
      vertex -2.4786087349057198 -3.39304368942976 0
      vertex -2.137731805619494 -2.6788485986366757 16.503159287958116
    endloop
  endfacet
  facet normal 0.9805127963855975 -0.19610255927711895 -0.01176615353714616
    outer loop
      vertex -2.069217230032611 -2.324406375958156 16.305336875228857
      vertex -2.137731805619494 -2.6788485986366757 16.503159287958116
      vertex -2.4786087349057198 -3.39304368942976 0
    endloop
  endfacet
  facet normal 0.980512796385598 -0.19610255927711676 -0.011766153537146197
    outer loop
      vertex -2.1930654308728053 -2.9674345352878597 16.701789461364115
      vertex -2.201940150830043 -3.014303559920312 16.743379875537343
      vertex -2.4786087349057198 -3.39304368942976 0
    endloop
  endfacet
  facet normal 0.9805127963855974 -0.19610255927711975 -0.011766153537146103
    outer loop
      vertex -2.069217230032611 -2.324406375958156 16.305336875228857
      vertex -2.4786087349057198 -3.39304368942976 0
      vertex -1.9870947483579997 -1.9019910317746795 16.108621278062802
    endloop
  endfacet
  facet normal 0.9805127963855975 -0.19610255927711936 -0.011766153537146133
    outer loop
      vertex -1.9870947483579997 -1.9019910317746795 16.108621278062802
      vertex -2.4786087349057198 -3.39304368942976 0
      vertex -1.8908629027300998 -1.4091171851135498 15.913377635712372
    endloop
  endfacet
  facet normal 0.9805127963855975 -0.1961025592771196 -0.011766153537146114
    outer loop
      vertex -1.8908629027300998 -1.4091171851135498 15.913377635712372
      vertex -2.4786087349057198 -3.39304368942976 0
      vertex -1.7799476238222285 -0.8429412750213223 15.72005237617777
    endloop
  endfacet
  facet normal 0.9805127963855975 -0.1961025592771198 -0.011766153537146072
    outer loop
      vertex -1.7799476238222285 -0.8429412750213223 15.72005237617777
      vertex -2.4786087349057198 -3.39304368942976 0
      vertex -1.6537056020138479 -0.20027944789012408 15.529190407706826
    endloop
  endfacet
  facet normal 0.9805127963855976 -0.1961025592771188 -0.01176615353714613
    outer loop
      vertex -1.6537056020138479 -0.20027944789012408 15.529190407706826
      vertex -1.7999999970197678 0 0
      vertex -1.6142740807578997 0 15.477159714114306
    endloop
  endfacet
  facet normal 0.7372739113945922 -0.6755870771397772 0.003046437042148483
    outer loop
      vertex -2.2579191063304815 -3.064047269044893 16.95084061561564
      vertex -2.2874567218921147 -3.0956243751407353 17.09665966272748
      vertex -2.7577599957585335 -3.6859646067023277 0
    endloop
  endfacet
  facet normal 0.7372739113945926 -0.6755870771397766 0.003046437042148456
    outer loop
      vertex -2.311707544936655 -3.121182715760113 17.2977517964307
      vertex -2.7577599957585335 -3.6859646067023277 0
      vertex -2.2874567218921147 -3.0956243751407353 17.09665966272748
    endloop
  endfacet
  facet normal 0.7372739113946107 -0.675587077139757 0.0030464370421473437
    outer loop
      vertex -2.311707544936655 -3.121182715760113 17.2977517964307
      vertex -2.3198495214384 -3.129156122335131 17.5
      vertex -2.7577599957585335 -3.6859646067023277 0
    endloop
  endfacet
  facet normal 0.6755799422376353 -0.7372661250053039 0.005513852179481819
    outer loop
      vertex -2.2470310864995424 -3.054466094664496 16.89790983500482
      vertex -2.2579191063304815 -3.064047269044893 16.95084061561564
      vertex -2.545584410429001 -3.454415589570999 0
    endloop
  endfacet
  facet normal -0.9805127963855976 -0.1961025592771188 -0.01176615353714613
    outer loop
      vertex 1.6537056020138479 -0.20027944789012408 15.529190407706826
      vertex 1.6142740807578997 0 15.477159714114306
      vertex 1.7999999970197678 0 0
    endloop
  endfacet
  facet normal -0.9805127963855974 -0.1961025592771198 -0.01176615353714614
    outer loop
      vertex 1.6537056020138479 -0.20027944789012408 15.529190407706826
      vertex 1.7999999970197678 0 0
      vertex 1.7799476238222285 -0.8429412750213223 15.72005237617777
    endloop
  endfacet
  facet normal -0.9805127963855976 -0.1961025592771195 -0.011766153537146124
    outer loop
      vertex 1.7799476238222285 -0.8429412750213223 15.72005237617777
      vertex 1.7999999970197678 0 0
      vertex 2.4786087349057198 -3.39304368942976 0
    endloop
  endfacet
  facet normal -0.6755799422376269 -0.7372661250053115 0.005513852179482134
    outer loop
      vertex 2.2470310864995424 -3.054466094664496 16.89790983500482
      vertex 2.4786087349057198 -3.39304368942976 0
      vertex 2.545584410429001 -3.454415589570999 0
    endloop
  endfacet
  facet normal -0.7372739113945942 -0.675587077139775 0.003046437042148357
    outer loop
      vertex 2.2874567218921147 -3.0956243751407353 17.09665966272748
      vertex 2.545584410429001 -3.454415589570999 0
      vertex 2.7577599957585335 -3.6859646067023277 0
    endloop
  endfacet
  facet normal -0.9805127963855975 -0.1961025592771196 -0.011766153537146114
    outer loop
      vertex 1.7799476238222285 -0.8429412750213223 15.72005237617777
      vertex 2.4786087349057198 -3.39304368942976 0
      vertex 1.8908629027300998 -1.4091171851135498 15.913377635712372
    endloop
  endfacet
  facet normal -0.9805127963855975 -0.19610255927711942 -0.011766153537146135
    outer loop
      vertex 1.8908629027300998 -1.4091171851135498 15.913377635712372
      vertex 2.4786087349057198 -3.39304368942976 0
      vertex 1.9870947483579997 -1.9019910317746795 16.108621278062802
    endloop
  endfacet
  facet normal -0.9805127963855974 -0.1961025592771197 -0.0117661535371461
    outer loop
      vertex 1.9870947483579997 -1.9019910317746795 16.108621278062802
      vertex 2.4786087349057198 -3.39304368942976 0
      vertex 2.069217230032611 -2.324406375958156 16.305336875228857
    endloop
  endfacet
  facet normal -0.9805127963855975 -0.19610255927711895 -0.01176615353714616
    outer loop
      vertex 2.069217230032611 -2.324406375958156 16.305336875228857
      vertex 2.4786087349057198 -3.39304368942976 0
      vertex 2.137731805619494 -2.6788485986366757 16.503159287958116
    endloop
  endfacet
  facet normal -0.9805127963855974 -0.19610255927712003 -0.011766153537146103
    outer loop
      vertex 2.1930654308728053 -2.9674345352878597 16.701789461364115
      vertex 2.137731805619494 -2.6788485986366757 16.503159287958116
      vertex 2.4786087349057198 -3.39304368942976 0
    endloop
  endfacet
  facet normal -0.6755799422376262 -0.7372661250053121 0.005513852179482164
    outer loop
      vertex 2.201940150830043 -3.014303559920312 16.743379875537343
      vertex 2.4786087349057198 -3.39304368942976 0
      vertex 2.2470310864995424 -3.054466094664496 16.89790983500482
    endloop
  endfacet
  facet normal -0.980512796385598 -0.19610255927711676 -0.011766153537146197
    outer loop
      vertex 2.1930654308728053 -2.9674345352878597 16.701789461364115
      vertex 2.4786087349057198 -3.39304368942976 0
      vertex 2.201940150830043 -3.014303559920312 16.743379875537343
    endloop
  endfacet
  facet normal -0.6755799422376353 -0.7372661250053039 0.005513852179481819
    outer loop
      vertex 2.2470310864995424 -3.054466094664496 16.89790983500482
      vertex 2.545584410429001 -3.454415589570999 0
      vertex 2.2579191063304815 -3.064047269044893 16.95084061561564
    endloop
  endfacet
  facet normal -0.7372739113945921 -0.6755870771397773 0.003046437042148436
    outer loop
      vertex 2.2579191063304815 -3.064047269044893 16.95084061561564
      vertex 2.545584410429001 -3.454415589570999 0
      vertex 2.2874567218921147 -3.0956243751407353 17.09665966272748
    endloop
  endfacet
  facet normal -0.7372739113945926 -0.6755870771397766 0.0030464370421484565
    outer loop
      vertex 2.2874567218921147 -3.0956243751407353 17.09665966272748
      vertex 2.7577599957585335 -3.6859646067023277 0
      vertex 2.311707544936655 -3.121182715760113 17.2977517964307
    endloop
  endfacet
  facet normal -0.7372739113946107 -0.675587077139757 0.0030464370421473437
    outer loop
      vertex 2.311707544936655 -3.121182715760113 17.2977517964307
      vertex 2.7577599957585335 -3.6859646067023277 0
      vertex 2.3198495214384 -3.129156122335131 17.5
    endloop
  endfacet
  facet normal 0.9757765288302851 0.21632446105312178 -0.03261737779154043
    outer loop
      vertex -1.4488887383292122 -2.8882285673171286 87.5
      vertex -3.4773329719901085 -6.931748561561108 0
      vertex -3.5453079119324684 -6.625133439898491 0
    endloop
  endfacet
  facet normal 0.9530993617217013 0.3005110598823034 -0.035982072954466406
    outer loop
      vertex -1.4095389315237603 -3.013030216097832 87.5
      vertex -3.3828934356570244 -7.231272518634796 0
      vertex -3.4773329719901085 -6.931748561561108 0
    endloop
  endfacet
  facet normal 0.9987178907158818 0.04360498082354797 -0.02571342862004447
    outer loop
      vertex -1.4942920456329984 -2.63073361478746 87.5
      vertex -3.5863009095191956 -6.3137606754899025 0
      vertex -3.600000001490116 -6 0
    endloop
  endfacet
  facet normal 0.9988014082113542 -0.043608627277488925 -0.022226888715895128
    outer loop
      vertex -1.500000000620882 -2.5000000000000004 87.5
      vertex -3.600000001490116 -6 0
      vertex -3.5863009095191956 -5.6862393245100975 0
    endloop
  endfacet
  facet normal 0.9910225124785402 0.1304705745205008 -0.02918576613714599
    outer loop
      vertex -1.477211629971862 -2.7604722666243715 87.5
      vertex -3.5453079119324684 -6.625133439898491 0
      vertex -3.5863009095191956 -6.3137606754899025 0
    endloop
  endfacet
  facet normal 0.9912705182164527 -0.13050322509170617 -0.018752811937115834
    outer loop
      vertex -1.4942920456329984 -2.369266385212541 87.5
      vertex -3.5863009095191956 -5.6862393245100975 0
      vertex -3.5453079119324684 -5.374866560101509 0
    endloop
  endfacet
  facet normal 0.9761814614900965 -0.21641423246779415 -0.015317774917876427
    outer loop
      vertex -1.477211629971862 -2.2395277333756294 87.5
      vertex -3.5453079119324684 -5.374866560101509 0
      vertex -3.4773329719901085 -5.068251438438892 0
    endloop
  endfacet
  facet normal 0.9536488778720139 -0.30068432165057857 -0.011948072940027744
    outer loop
      vertex -1.4488887383292122 -2.1117714326828723 87.5
      vertex -3.4773329719901085 -5.068251438438892 0
      vertex -3.3828934356570244 -4.768727481365204 0
    endloop
  endfacet
  facet normal 0.9231674513384086 0.38238849778573425 -0.039254216977499666
    outer loop
      vertex -1.359461679433783 -3.1339273912211265 87.5
      vertex -3.262708030641079 -7.521425738930702 0
      vertex -3.3828934356570244 -7.231272518634796 0
    endloop
  endfacet
  facet normal 0.8862128311594237 0.4613331789247256 -0.042408913115121114
    outer loop
      vertex -1.2990381071964903 -3.2499999987582373 87.5
      vertex -3.117691457271576 -7.799999997019768 0
      vertex -3.262708030641079 -7.521425738930702 0
    endloop
  endfacet
  facet normal 0.8425209653176411 0.5367450471758882 -0.04542221188343543
    outer loop
      vertex -1.2287280677507324 -3.360364654411873 87.5
      vertex -2.948947362601757 -8.064875170588493 0
      vertex -3.117691457271576 -7.799999997019768 0
    endloop
  endfacet
  facet normal 0.9238448056535746 -0.38266906714362214 -0.008669493545700931
    outer loop
      vertex -1.4095389315237603 -1.9869697839021687 87.5
      vertex -3.3828934356570244 -4.768727481365204 0
      vertex -3.262708030641079 -4.478574261069298 0
    endloop
  endfacet
  facet normal 0.7924284929115746 0.6080517801918257 -0.04827127745815504
    outer loop
      vertex -1.1490666648993892 -3.4641814138740306 87.5
      vertex -2.7577599957585335 -8.314035393297672 0
      vertex -2.948947362601757 -8.064875170588493 0
    endloop
  endfacet
  facet normal 0.7363203411933901 0.674713291027012 -0.05093456641955556
    outer loop
      vertex -1.060660171012084 -3.5606601710120844 87.5
      vertex -2.545584410429001 -8.545584410429 0
      vertex -2.7577599957585335 -8.314035393297672 0
    endloop
  endfacet
  facet normal 0.8869973907385628 -0.46174159477244753 -0.00550712992204945
    outer loop
      vertex -1.359461679433783 -1.8660726087788744 87.5
      vertex -3.262708030641079 -4.478574261069298 0
      vertex -3.117691457271576 -4.200000002980232 0
    endloop
  endfacet
  facet normal 0.8433888431810664 -0.5372979463486365 -0.0024851654351881426
    outer loop
      vertex -1.2990381071964903 -1.7500000012417638 87.5
      vertex -3.117691457271576 -4.200000002980232 0
      vertex -2.948947362601757 -3.9351248294115067 0
    endloop
  endfacet
  facet normal 0.7933532794345817 -0.6087613938625126 0.00037330010116978774
    outer loop
      vertex -1.2287280677507324 -1.639635345588128 87.5
      vertex -2.948947362601757 -3.9351248294115067 0
      vertex -2.7577599957585335 -3.6859646067023277 0
    endloop
  endfacet
  facet normal 0.5364070242175814 0.8419903755513625 -0.05761694064175048
    outer loop
      vertex -0.7499999987582368 -3.7990381071964907 87.5
      vertex -1.7999999970197678 -9.117691457271576 0
      vertex -2.0648751705884933 -8.948947362601757 0
    endloop
  endfacet
  facet normal 0.460934566577371 0.8854471039301193 -0.059352771425567205
    outer loop
      vertex -0.6339273912211261 -3.8594616794337835 87.5
      vertex -1.5214257389307022 -9.262708030641079 0
      vertex -1.7999999970197678 -9.117691457271576 0
    endloop
  endfacet
  facet normal 0.38197501678466356 0.9221692199477012 -0.06081953907589509
    outer loop
      vertex -0.5130302160978318 -3.9095389315237608 87.5
      vertex -1.2312725186347961 -9.382893435657024 0
      vertex -1.5214257389307022 -9.262708030641079 0
    endloop
  endfacet
  facet normal 0.30012715574509713 0.9518817732965779 -0.06200629040767325
    outer loop
      vertex -0.38822856731712824 -3.9488887383292126 87.5
      vertex -0.9317485615611076 -9.477332971990108 0
      vertex -1.2312725186347961 -9.382893435657024 0
    endloop
  endfacet
  facet normal 0.6746265710083771 0.7362257029010085 -0.053391985141920575
    outer loop
      vertex -0.9641814138740303 -3.6490666648993897 87.5
      vertex -2.3140353932976723 -8.757759995758533 0
      vertex -2.545584410429001 -8.545584410429 0
    endloop
  endfacet
  facet normal 0.6078189087195949 0.7921250089061108 -0.05562503454753676
    outer loop
      vertex -0.8603646544118724 -3.728728067750733 87.5
      vertex -2.0648751705884933 -8.948947362601757 0
      vertex -2.3140353932976723 -8.757759995758533 0
    endloop
  endfacet
  facet normal 0.7372739113945929 -0.6755870771397763 0.0030464370421484097
    outer loop
      vertex -2.3198495214384 -3.129156122335131 17.5
      vertex -1.1490666648993892 -1.53581858612597 87.5
      vertex -2.7577599957585335 -3.6859646067023277 0
    endloop
  endfacet
  facet normal 0.7372739113945999 -0.675587077139769 0.0030464370421481243
    outer loop
      vertex -2.3198495214384 -3.129156122335131 17.5
      vertex -2.311850962021237 -3.1195151684873745 17.702260750938358
      vertex -1.1490666648993892 -1.53581858612597 87.5
    endloop
  endfacet
  facet normal 0.7372739113946045 -0.6755870771397636 0.003046437042147928
    outer loop
      vertex -2.311850962021237 -3.1195151684873745 17.702260750938358
      vertex -2.2877397533184465 -3.092295444921077 17.90339024334937
      vertex -1.1490666648993892 -1.53581858612597 87.5
    endloop
  endfacet
  facet normal 0.7372739113945893 -0.6755870771397802 0.003046437042148544
    outer loop
      vertex -2.2877397533184465 -3.092295444921077 17.90339024334937
      vertex -2.24760382209458 -3.047598069345394 18.102243629035346
      vertex -1.1490666648993892 -1.53581858612597 87.5
    endloop
  endfacet
  facet normal 0.737273911394589 -0.6755870771397806 0.0030464370421485584
    outer loop
      vertex -2.24760382209458 -3.047598069345394 18.102243629035346
      vertex -2.237798555469412 -3.036743226688065 18.13645544606307
      vertex -1.1490666648993892 -1.53581858612597 87.5
    endloop
  endfacet
  facet normal 0.675579942237633 -0.737266125005306 0.005513852179481916
    outer loop
      vertex -2.237798555469412 -3.036743226688065 18.13645544606307
      vertex -2.1910179521344286 -2.9926725433534647 18.297465317319826
      vertex -1.060660171012084 -1.4393398289879165 87.5
    endloop
  endfacet
  facet normal 0.6755799422376153 -0.7372661250053222 0.005513852179482564
    outer loop
      vertex -2.1910179521344286 -2.9926725433534647 18.297465317319826
      vertex -2.175591163130999 -2.9782336206934965 18.337963199317542
      vertex -1.060660171012084 -1.4393398289879165 87.5
    endloop
  endfacet
  facet normal 0.9805127963855974 -0.1961025592771201 -0.011766153537146117
    outer loop
      vertex -2.175591163130999 -2.9782336206934965 18.337963199317542
      vertex -2.131014707703861 -2.7646960602538755 18.493708477843246
      vertex -1.03275363954405 -1.4137682039290669 87.5
    endloop
  endfacet
  facet normal 0.9805127963855976 -0.19610255927711862 -0.01176615353714615
    outer loop
      vertex -2.131014707703861 -2.7646960602538755 18.493708477843246
      vertex -2.061429990851128 -2.428559996908108 18.69016716013347
      vertex -1.03275363954405 -1.4137682039290669 87.5
    endloop
  endfacet
  facet normal 0.9805127963855973 -0.1961025592771201 -0.01176615353714612
    outer loop
      vertex -2.061429990851128 -2.428559996908108 18.69016716013347
      vertex -1.9783905884690705 -2.0250699955845803 18.885284003569186
      vertex -1.03275363954405 -1.4137682039290669 87.5
    endloop
  endfacet
  facet normal 0.9805127963855976 -0.19610255927711936 -0.011766153537146135
    outer loop
      vertex -1.9783905884690705 -2.0250699955845803 18.885284003569186
      vertex -1.881423822541512 -1.5518412478483863 19.07870203558273
      vertex -1.03275363954405 -1.4137682039290669 87.5
    endloop
  endfacet
  facet normal 0.9805127963855975 -0.19610255927711942 -0.011766153537146131
    outer loop
      vertex -1.881423822541512 -1.5518412478483863 19.07870203558273
      vertex -1.7699856263339466 -1.0061272822366296 19.26998562633395
      vertex -1.03275363954405 -1.4137682039290669 87.5
    endloop
  endfacet
  facet normal 0.9805127963855974 -0.1961025592771196 -0.011766153537146131
    outer loop
      vertex -1.7699856263339466 -1.0061272822366296 19.26998562633395
      vertex -1.643463849240941 -0.38483549597072353 19.4586039466316
      vertex -1.03275363954405 -1.4137682039290669 87.5
    endloop
  endfacet
  facet normal 0.9805127963855975 -0.19610255927711942 -0.01176615353714613
    outer loop
      vertex -1.643463849240941 -0.38483549597072353 19.4586039466316
      vertex -1.565274731702689 0 19.56043880880916
      vertex -1.03275363954405 -1.4137682039290669 87.5
    endloop
  endfacet
  facet normal 0.21601098281651926 0.9743625199656047 -0.06290417306441393
    outer loop
      vertex -0.2604722666243713 -3.9772116299718627 87.5
      vertex -0.6251334398984909 -9.545307911932468 0
      vertex -0.9317485615611076 -9.477332971990108 0
    endloop
  endfacet
  facet normal 0.999992000095959 0 -0.003999968010317865
    outer loop
      vertex -0.25000000062088173 -5.000000000000001 87.5
      vertex -0.6000000014901161 -12 0
      vertex -0.6000000014901161 -9.548616789281368 0
    endloop
  endfacet
  facet normal 0.13026261505190218 0.9894435686500627 -0.06350650027255804
    outer loop
      vertex -0.25000000062088173 -3.9785903288672375 87.5
      vertex -0.6000000014901161 -9.548616789281368 0
      vertex -0.6251334398984909 -9.545307911932468 0
    endloop
  endfacet
  facet normal 0 0.996815278536125 -0.07974522228289
    outer loop
      vertex -0.25000000062088173 -5.000000000000001 87.5
      vertex 0.6000000014901161 -12 0
      vertex -0.6000000014901161 -12 0
    endloop
  endfacet
  facet normal -0.999992000095959 0 -0.003999968010317865
    outer loop
      vertex 0.25000000062088173 -5.000000000000001 87.5
      vertex 0.6000000014901161 -9.548616789281368 0
      vertex 0.6000000014901161 -12 0
    endloop
  endfacet
  facet normal -0.13026261505190218 0.9894435686500627 -0.06350650027255804
    outer loop
      vertex 0.25000000062088173 -3.9785903288672375 87.5
      vertex 0.6251334398984909 -9.545307911932468 0
      vertex 0.6000000014901161 -9.548616789281368 0
    endloop
  endfacet
  facet normal -0.21601098281651926 0.9743625199656047 -0.06290417306441393
    outer loop
      vertex 0.2604722666243713 -3.9772116299718627 87.5
      vertex 0.9317485615611076 -9.477332971990108 0
      vertex 0.6251334398984909 -9.545307911932468 0
    endloop
  endfacet
  facet normal -0.30012715574509713 0.9518817732965779 -0.06200629040767325
    outer loop
      vertex 0.38822856731712824 -3.9488887383292126 87.5
      vertex 1.2312725186347961 -9.382893435657024 0
      vertex 0.9317485615611076 -9.477332971990108 0
    endloop
  endfacet
  facet normal -0.38197501678466356 0.9221692199477012 -0.06081953907589509
    outer loop
      vertex 0.5130302160978318 -3.9095389315237608 87.5
      vertex 1.5214257389307022 -9.262708030641079 0
      vertex 1.2312725186347961 -9.382893435657024 0
    endloop
  endfacet
  facet normal -0.460934566577371 0.8854471039301193 -0.059352771425567205
    outer loop
      vertex 0.6339273912211261 -3.8594616794337835 87.5
      vertex 1.7999999970197678 -9.117691457271576 0
      vertex 1.5214257389307022 -9.262708030641079 0
    endloop
  endfacet
  facet normal -0.5364070242175814 0.8419903755513625 -0.05761694064175048
    outer loop
      vertex 0.7499999987582368 -3.7990381071964907 87.5
      vertex 2.0648751705884933 -8.948947362601757 0
      vertex 1.7999999970197678 -9.117691457271576 0
    endloop
  endfacet
  facet normal -0.6078189087195949 0.7921250089061108 -0.05562503454753676
    outer loop
      vertex 0.8603646544118724 -3.728728067750733 87.5
      vertex 2.3140353932976723 -8.757759995758533 0
      vertex 2.0648751705884933 -8.948947362601757 0
    endloop
  endfacet
  facet normal -0.6746265710083771 0.7362257029010085 -0.053391985141920575
    outer loop
      vertex 0.9641814138740303 -3.6490666648993897 87.5
      vertex 2.545584410429001 -8.545584410429 0
      vertex 2.3140353932976723 -8.757759995758533 0
    endloop
  endfacet
  facet normal -0.7363203411933901 0.674713291027012 -0.05093456641955556
    outer loop
      vertex 1.060660171012084 -3.5606601710120844 87.5
      vertex 2.7577599957585335 -8.314035393297672 0
      vertex 2.545584410429001 -8.545584410429 0
    endloop
  endfacet
  facet normal -0.7924284929115746 0.6080517801918257 -0.04827127745815504
    outer loop
      vertex 1.1490666648993892 -3.4641814138740306 87.5
      vertex 2.948947362601757 -8.064875170588493 0
      vertex 2.7577599957585335 -8.314035393297672 0
    endloop
  endfacet
  facet normal -0.8425209653176411 0.5367450471758882 -0.04542221188343543
    outer loop
      vertex 1.2287280677507324 -3.360364654411873 87.5
      vertex 3.117691457271576 -7.799999997019768 0
      vertex 2.948947362601757 -8.064875170588493 0
    endloop
  endfacet
  facet normal -0.7933532794345817 -0.6087613938625126 0.00037330010116978774
    outer loop
      vertex 1.2287280677507324 -1.639635345588128 87.5
      vertex 2.7577599957585335 -3.6859646067023277 0
      vertex 2.948947362601757 -3.9351248294115067 0
    endloop
  endfacet
  facet normal -0.8433888431810664 -0.5372979463486365 -0.0024851654351881426
    outer loop
      vertex 1.2990381071964903 -1.7500000012417638 87.5
      vertex 2.948947362601757 -3.9351248294115067 0
      vertex 3.117691457271576 -4.200000002980232 0
    endloop
  endfacet
  facet normal -0.8862128311594237 0.4613331789247256 -0.042408913115121114
    outer loop
      vertex 1.2990381071964903 -3.2499999987582373 87.5
      vertex 3.262708030641079 -7.521425738930702 0
      vertex 3.117691457271576 -7.799999997019768 0
    endloop
  endfacet
  facet normal -0.9231674513384086 0.38238849778573425 -0.039254216977499666
    outer loop
      vertex 1.359461679433783 -3.1339273912211265 87.5
      vertex 3.3828934356570244 -7.231272518634796 0
      vertex 3.262708030641079 -7.521425738930702 0
    endloop
  endfacet
  facet normal -0.9530993617217013 0.3005110598823034 -0.035982072954466406
    outer loop
      vertex 1.4095389315237603 -3.013030216097832 87.5
      vertex 3.4773329719901085 -6.931748561561108 0
      vertex 3.3828934356570244 -7.231272518634796 0
    endloop
  endfacet
  facet normal -0.9757765288302851 0.21632446105312178 -0.03261737779154043
    outer loop
      vertex 1.4488887383292122 -2.8882285673171286 87.5
      vertex 3.5453079119324684 -6.625133439898491 0
      vertex 3.4773329719901085 -6.931748561561108 0
    endloop
  endfacet
  facet normal -0.9238448056535746 -0.38266906714362214 -0.008669493545700931
    outer loop
      vertex 1.4095389315237603 -1.9869697839021687 87.5
      vertex 3.262708030641079 -4.478574261069298 0
      vertex 3.3828934356570244 -4.768727481365204 0
    endloop
  endfacet
  facet normal -0.9536488778720139 -0.30068432165057857 -0.011948072940027744
    outer loop
      vertex 1.4488887383292122 -2.1117714326828723 87.5
      vertex 3.3828934356570244 -4.768727481365204 0
      vertex 3.4773329719901085 -5.068251438438892 0
    endloop
  endfacet
  facet normal -0.9761814614900965 -0.21641423246779415 -0.015317774917876427
    outer loop
      vertex 1.477211629971862 -2.2395277333756294 87.5
      vertex 3.4773329719901085 -5.068251438438892 0
      vertex 3.5453079119324684 -5.374866560101509 0
    endloop
  endfacet
  facet normal -0.9910225124785402 0.1304705745205008 -0.02918576613714599
    outer loop
      vertex 1.477211629971862 -2.7604722666243715 87.5
      vertex 3.5863009095191956 -6.3137606754899025 0
      vertex 3.5453079119324684 -6.625133439898491 0
    endloop
  endfacet
  facet normal -0.9987178907158818 0.04360498082354797 -0.02571342862004447
    outer loop
      vertex 1.4942920456329984 -2.63073361478746 87.5
      vertex 3.600000001490116 -6 0
      vertex 3.5863009095191956 -6.3137606754899025 0
    endloop
  endfacet
  facet normal -0.9988014082113542 -0.043608627277488925 -0.022226888715895128
    outer loop
      vertex 1.500000000620882 -2.5000000000000004 87.5
      vertex 3.5863009095191956 -5.6862393245100975 0
      vertex 3.600000001490116 -6 0
    endloop
  endfacet
  facet normal -0.9912705182164527 -0.13050322509170617 -0.018752811937115834
    outer loop
      vertex 1.4942920456329984 -2.369266385212541 87.5
      vertex 3.5453079119324684 -5.374866560101509 0
      vertex 3.5863009095191956 -5.6862393245100975 0
    endloop
  endfacet
  facet normal -0.8869973907385628 -0.46174159477244753 -0.00550712992204945
    outer loop
      vertex 1.359461679433783 -1.8660726087788744 87.5
      vertex 3.117691457271576 -4.200000002980232 0
      vertex 3.262708030641079 -4.478574261069298 0
    endloop
  endfacet
  facet normal -0.9805127963855974 -0.1961025592771196 -0.011766153537146131
    outer loop
      vertex 1.7699856263339466 -1.0061272822366296 19.26998562633395
      vertex 1.03275363954405 -1.4137682039290669 87.5
      vertex 1.643463849240941 -0.38483549597072353 19.4586039466316
    endloop
  endfacet
  facet normal -0.9805127963855975 -0.19610255927711942 -0.01176615353714613
    outer loop
      vertex 1.643463849240941 -0.38483549597072353 19.4586039466316
      vertex 1.03275363954405 -1.4137682039290669 87.5
      vertex 1.565274731702689 0 19.56043880880916
    endloop
  endfacet
  facet normal -0.9805127963855974 -0.1961025592771201 -0.011766153537146117
    outer loop
      vertex 2.175591163130999 -2.9782336206934965 18.337963199317542
      vertex 1.03275363954405 -1.4137682039290669 87.5
      vertex 2.131014707703861 -2.7646960602538755 18.493708477843246
    endloop
  endfacet
  facet normal -0.675579942237633 -0.737266125005306 0.005513852179481916
    outer loop
      vertex 2.1910179521344286 -2.9926725433534647 18.297465317319826
      vertex 2.237798555469412 -3.036743226688065 18.13645544606307
      vertex 1.060660171012084 -1.4393398289879165 87.5
    endloop
  endfacet
  facet normal -0.6755799422376153 -0.7372661250053221 0.005513852179482565
    outer loop
      vertex 2.175591163130999 -2.9782336206934965 18.337963199317542
      vertex 2.1910179521344286 -2.9926725433534647 18.297465317319826
      vertex 1.060660171012084 -1.4393398289879165 87.5
    endloop
  endfacet
  facet normal -0.9805127963855973 -0.1961025592771201 -0.01176615353714612
    outer loop
      vertex 2.061429990851128 -2.428559996908108 18.69016716013347
      vertex 1.03275363954405 -1.4137682039290669 87.5
      vertex 1.9783905884690705 -2.0250699955845803 18.885284003569186
    endloop
  endfacet
  facet normal -0.9805127963855976 -0.19610255927711862 -0.01176615353714615
    outer loop
      vertex 2.061429990851128 -2.428559996908108 18.69016716013347
      vertex 2.131014707703861 -2.7646960602538755 18.493708477843246
      vertex 1.03275363954405 -1.4137682039290669 87.5
    endloop
  endfacet
  facet normal -0.9805127963855976 -0.19610255927711934 -0.011766153537146131
    outer loop
      vertex 1.881423822541512 -1.5518412478483863 19.07870203558273
      vertex 1.9783905884690705 -2.0250699955845803 18.885284003569186
      vertex 1.03275363954405 -1.4137682039290669 87.5
    endloop
  endfacet
  facet normal -0.9805127963855975 -0.19610255927711942 -0.011766153537146131
    outer loop
      vertex 1.881423822541512 -1.5518412478483863 19.07870203558273
      vertex 1.03275363954405 -1.4137682039290669 87.5
      vertex 1.7699856263339466 -1.0061272822366296 19.26998562633395
    endloop
  endfacet
  facet normal -0.7372739113945929 -0.6755870771397763 0.0030464370421484097
    outer loop
      vertex 2.3198495214384 -3.129156122335131 17.5
      vertex 2.7577599957585335 -3.6859646067023277 0
      vertex 1.1490666648993892 -1.53581858612597 87.5
    endloop
  endfacet
  facet normal -0.7372739113945999 -0.675587077139769 0.0030464370421481243
    outer loop
      vertex 2.3198495214384 -3.129156122335131 17.5
      vertex 1.1490666648993892 -1.53581858612597 87.5
      vertex 2.311850962021237 -3.1195151684873745 17.702260750938358
    endloop
  endfacet
  facet normal -0.7372739113946045 -0.6755870771397636 0.003046437042147928
    outer loop
      vertex 2.311850962021237 -3.1195151684873745 17.702260750938358
      vertex 1.1490666648993892 -1.53581858612597 87.5
      vertex 2.2877397533184465 -3.092295444921077 17.90339024334937
    endloop
  endfacet
  facet normal -0.7372739113945893 -0.6755870771397803 0.0030464370421485433
    outer loop
      vertex 2.24760382209458 -3.047598069345394 18.102243629035346
      vertex 2.2877397533184465 -3.092295444921077 17.90339024334937
      vertex 1.1490666648993892 -1.53581858612597 87.5
    endloop
  endfacet
  facet normal -0.737273911394589 -0.6755870771397806 0.0030464370421485584
    outer loop
      vertex 2.24760382209458 -3.047598069345394 18.102243629035346
      vertex 1.1490666648993892 -1.53581858612597 87.5
      vertex 2.237798555469412 -3.036743226688065 18.13645544606307
    endloop
  endfacet
  facet normal 0.9757765288302853 0.21632446105312145 -0.032617377791540426
    outer loop
      vertex -1.477211629971862 -2.7604722666243715 87.5
      vertex -1.4488887383292122 -2.8882285673171286 87.5
      vertex -3.5453079119324684 -6.625133439898491 0
    endloop
  endfacet
  facet normal 0.9910225124785401 0.13047057452050148 -0.029185766137146026
    outer loop
      vertex -1.477211629971862 -2.7604722666243715 87.5
      vertex -3.5863009095191956 -6.3137606754899025 0
      vertex -1.4942920456329984 -2.63073361478746 87.5
    endloop
  endfacet
  facet normal 0.9987178907158817 0.04360498082354797 -0.025713428620044443
    outer loop
      vertex -1.500000000620882 -2.5000000000000004 87.5
      vertex -1.4942920456329984 -2.63073361478746 87.5
      vertex -3.600000001490116 -6 0
    endloop
  endfacet
  facet normal 0.9530993617217005 0.3005110598823049 -0.03598207295446645
    outer loop
      vertex -1.4488887383292122 -2.8882285673171286 87.5
      vertex -1.4095389315237603 -3.013030216097832 87.5
      vertex -3.4773329719901085 -6.931748561561108 0
    endloop
  endfacet
  facet normal 0.9988014082113543 -0.04360862727748893 -0.022226888715895145
    outer loop
      vertex -1.500000000620882 -2.5000000000000004 87.5
      vertex -3.5863009095191956 -5.6862393245100975 0
      vertex -1.4942920456329984 -2.369266385212541 87.5
    endloop
  endfacet
  facet normal 0.9912705182164526 -0.13050322509170686 -0.018752811937115813
    outer loop
      vertex -1.4942920456329984 -2.369266385212541 87.5
      vertex -3.5453079119324684 -5.374866560101509 0
      vertex -1.477211629971862 -2.2395277333756294 87.5
    endloop
  endfacet
  facet normal 0.9761814614900968 -0.21641423246779312 -0.015317774917876427
    outer loop
      vertex -1.477211629971862 -2.2395277333756294 87.5
      vertex -3.4773329719901085 -5.068251438438892 0
      vertex -1.4488887383292122 -2.1117714326828723 87.5
    endloop
  endfacet
  facet normal 0.9536488778720136 -0.30068432165057923 -0.01194807294002767
    outer loop
      vertex -1.4488887383292122 -2.1117714326828723 87.5
      vertex -3.3828934356570244 -4.768727481365204 0
      vertex -1.4095389315237603 -1.9869697839021687 87.5
    endloop
  endfacet
  facet normal 0.8862128311594245 0.46133317892472425 -0.04240891311512109
    outer loop
      vertex -1.359461679433783 -3.1339273912211265 87.5
      vertex -1.2990381071964903 -3.2499999987582373 87.5
      vertex -3.262708030641079 -7.521425738930702 0
    endloop
  endfacet
  facet normal 0.9231674513384088 0.3823884977857338 -0.03925421697749965
    outer loop
      vertex -1.4095389315237603 -3.013030216097832 87.5
      vertex -1.359461679433783 -3.1339273912211265 87.5
      vertex -3.3828934356570244 -7.231272518634796 0
    endloop
  endfacet
  facet normal 0.8425209653176408 0.5367450471758888 -0.04542221188343545
    outer loop
      vertex -1.2990381071964903 -3.2499999987582373 87.5
      vertex -1.2287280677507324 -3.360364654411873 87.5
      vertex -3.117691457271576 -7.799999997019768 0
    endloop
  endfacet
  facet normal 0.7924284929115742 0.6080517801918263 -0.04827127745815509
    outer loop
      vertex -1.2287280677507324 -3.360364654411873 87.5
      vertex -1.1490666648993892 -3.4641814138740306 87.5
      vertex -2.948947362601757 -8.064875170588493 0
    endloop
  endfacet
  facet normal 0.7363203411933911 0.674713291027011 -0.05093456641955554
    outer loop
      vertex -1.1490666648993892 -3.4641814138740306 87.5
      vertex -1.060660171012084 -3.5606601710120844 87.5
      vertex -2.7577599957585335 -8.314035393297672 0
    endloop
  endfacet
  facet normal 0.6746265710083766 0.736225702901009 -0.0533919851419206
    outer loop
      vertex -0.9641814138740303 -3.6490666648993897 87.5
      vertex -2.545584410429001 -8.545584410429 0
      vertex -1.060660171012084 -3.5606601710120844 87.5
    endloop
  endfacet
  facet normal 0.9238448056535747 -0.3826690671436217 -0.008669493545700947
    outer loop
      vertex -1.4095389315237603 -1.9869697839021687 87.5
      vertex -3.262708030641079 -4.478574261069298 0
      vertex -1.359461679433783 -1.8660726087788744 87.5
    endloop
  endfacet
  facet normal 0.8869973907385631 -0.46174159477244686 -0.00550712992204948
    outer loop
      vertex -1.359461679433783 -1.8660726087788744 87.5
      vertex -3.117691457271576 -4.200000002980232 0
      vertex -1.2990381071964903 -1.7500000012417638 87.5
    endloop
  endfacet
  facet normal 0.8433888431810665 -0.5372979463486363 -0.002485165435188153
    outer loop
      vertex -1.2990381071964903 -1.7500000012417638 87.5
      vertex -2.948947362601757 -3.9351248294115067 0
      vertex -1.2287280677507324 -1.639635345588128 87.5
    endloop
  endfacet
  facet normal 0.7933532794345819 -0.6087613938625124 0.0003733001011697674
    outer loop
      vertex -1.2287280677507324 -1.639635345588128 87.5
      vertex -2.7577599957585335 -3.6859646067023277 0
      vertex -1.1490666648993892 -1.53581858612597 87.5
    endloop
  endfacet
  facet normal 0.5364070242175814 0.8419903755513622 -0.05761694064175046
    outer loop
      vertex -0.8603646544118724 -3.728728067750733 87.5
      vertex -0.7499999987582368 -3.7990381071964907 87.5
      vertex -2.0648751705884933 -8.948947362601757 0
    endloop
  endfacet
  facet normal 0.6078189087195945 0.792125008906111 -0.0556250345475368
    outer loop
      vertex -0.9641814138740303 -3.6490666648993897 87.5
      vertex -0.8603646544118724 -3.728728067750733 87.5
      vertex -2.3140353932976723 -8.757759995758533 0
    endloop
  endfacet
  facet normal 0.46093456657737 0.8854471039301197 -0.05935277142556722
    outer loop
      vertex -0.7499999987582368 -3.7990381071964907 87.5
      vertex -0.6339273912211261 -3.8594616794337835 87.5
      vertex -1.7999999970197678 -9.117691457271576 0
    endloop
  endfacet
  facet normal 0.3819750167846636 0.9221692199477013 -0.0608195390758951
    outer loop
      vertex -0.6339273912211261 -3.8594616794337835 87.5
      vertex -0.5130302160978318 -3.9095389315237608 87.5
      vertex -1.5214257389307022 -9.262708030641079 0
    endloop
  endfacet
  facet normal 0.7372739113945941 -0.6755870771397752 0.0030464370421483524
    outer loop
      vertex -2.237798555469412 -3.036743226688065 18.13645544606307
      vertex -1.060660171012084 -1.4393398289879165 87.5
      vertex -1.1490666648993892 -1.53581858612597 87.5
    endloop
  endfacet
  facet normal 0.6755799422376235 -0.7372661250053146 0.005513852179482269
    outer loop
      vertex -2.175591163130999 -2.9782336206934965 18.337963199317542
      vertex -1.03275363954405 -1.4137682039290669 87.5
      vertex -1.060660171012084 -1.4393398289879165 87.5
    endloop
  endfacet
  facet normal 0.9805127963855975 -0.1961025592771194 -0.01176615353714613
    outer loop
      vertex -1.03275363954405 -1.4137682039290669 87.5
      vertex -1.565274731702689 0 19.56043880880916
      vertex -0.7499999987582368 0 87.5
    endloop
  endfacet
  facet normal 0 0.9968152785361251 -0.07974522228288998
    outer loop
      vertex -0.25000000062088173 -5.000000000000001 87.5
      vertex 0.25000000062088173 -5.000000000000001 87.5
      vertex 0.6000000014901161 -12 0
    endloop
  endfacet
  facet normal 0.30012715574509796 0.9518817732965774 -0.062006290407673255
    outer loop
      vertex -0.5130302160978318 -3.9095389315237608 87.5
      vertex -0.38822856731712824 -3.9488887383292126 87.5
      vertex -1.2312725186347961 -9.382893435657024 0
    endloop
  endfacet
  facet normal 0.21601098281652034 0.9743625199656046 -0.06290417306441393
    outer loop
      vertex -0.38822856731712824 -3.9488887383292126 87.5
      vertex -0.2604722666243713 -3.9772116299718627 87.5
      vertex -0.9317485615611076 -9.477332971990108 0
    endloop
  endfacet
  facet normal 0.9999920000959589 0 -0.003999968010317863
    outer loop
      vertex -0.25000000062088173 -5.000000000000001 87.5
      vertex -0.6000000014901161 -9.548616789281368 0
      vertex -0.25000000062088173 -3.9785903288672375 87.5
    endloop
  endfacet
  facet normal 0.13026261505188777 0.9894435686500648 -0.06350650027255812
    outer loop
      vertex -0.2604722666243713 -3.9772116299718627 87.5
      vertex -0.25000000062088173 -3.9785903288672375 87.5
      vertex -0.6251334398984909 -9.545307911932468 0
    endloop
  endfacet
  facet normal -0.9999920000959589 0 -0.003999968010317863
    outer loop
      vertex 0.25000000062088173 -5.000000000000001 87.5
      vertex 0.25000000062088173 -3.9785903288672375 87.5
      vertex 0.6000000014901161 -9.548616789281368 0
    endloop
  endfacet
  facet normal -0.13026261505188777 0.9894435686500648 -0.06350650027255811
    outer loop
      vertex 0.25000000062088173 -3.9785903288672375 87.5
      vertex 0.2604722666243713 -3.9772116299718627 87.5
      vertex 0.6251334398984909 -9.545307911932468 0
    endloop
  endfacet
  facet normal -0.21601098281652034 0.9743625199656046 -0.06290417306441393
    outer loop
      vertex 0.2604722666243713 -3.9772116299718627 87.5
      vertex 0.38822856731712824 -3.9488887383292126 87.5
      vertex 0.9317485615611076 -9.477332971990108 0
    endloop
  endfacet
  facet normal -0.30012715574509796 0.9518817732965774 -0.06200629040767325
    outer loop
      vertex 0.38822856731712824 -3.9488887383292126 87.5
      vertex 0.5130302160978318 -3.9095389315237608 87.5
      vertex 1.2312725186347961 -9.382893435657024 0
    endloop
  endfacet
  facet normal -0.3819750167846636 0.9221692199477013 -0.0608195390758951
    outer loop
      vertex 0.5130302160978318 -3.9095389315237608 87.5
      vertex 0.6339273912211261 -3.8594616794337835 87.5
      vertex 1.5214257389307022 -9.262708030641079 0
    endloop
  endfacet
  facet normal -0.46093456657737 0.8854471039301197 -0.05935277142556722
    outer loop
      vertex 0.6339273912211261 -3.8594616794337835 87.5
      vertex 0.7499999987582368 -3.7990381071964907 87.5
      vertex 1.7999999970197678 -9.117691457271576 0
    endloop
  endfacet
  facet normal -0.5364070242175814 0.8419903755513622 -0.057616940641750464
    outer loop
      vertex 0.7499999987582368 -3.7990381071964907 87.5
      vertex 0.8603646544118724 -3.728728067750733 87.5
      vertex 2.0648751705884933 -8.948947362601757 0
    endloop
  endfacet
  facet normal -0.6078189087195945 0.792125008906111 -0.055625034547536784
    outer loop
      vertex 0.8603646544118724 -3.728728067750733 87.5
      vertex 0.9641814138740303 -3.6490666648993897 87.5
      vertex 2.3140353932976723 -8.757759995758533 0
    endloop
  endfacet
  facet normal -0.6746265710083766 0.736225702901009 -0.0533919851419206
    outer loop
      vertex 0.9641814138740303 -3.6490666648993897 87.5
      vertex 1.060660171012084 -3.5606601710120844 87.5
      vertex 2.545584410429001 -8.545584410429 0
    endloop
  endfacet
  facet normal -0.7363203411933911 0.674713291027011 -0.05093456641955554
    outer loop
      vertex 1.060660171012084 -3.5606601710120844 87.5
      vertex 1.1490666648993892 -3.4641814138740306 87.5
      vertex 2.7577599957585335 -8.314035393297672 0
    endloop
  endfacet
  facet normal -0.7924284929115742 0.6080517801918263 -0.04827127745815509
    outer loop
      vertex 1.1490666648993892 -3.4641814138740306 87.5
      vertex 1.2287280677507324 -3.360364654411873 87.5
      vertex 2.948947362601757 -8.064875170588493 0
    endloop
  endfacet
  facet normal -0.7933532794345819 -0.6087613938625124 0.00037330010116976985
    outer loop
      vertex 1.1490666648993892 -1.53581858612597 87.5
      vertex 2.7577599957585335 -3.6859646067023277 0
      vertex 1.2287280677507324 -1.639635345588128 87.5
    endloop
  endfacet
  facet normal -0.8433888431810665 -0.5372979463486363 -0.002485165435188153
    outer loop
      vertex 1.2287280677507324 -1.639635345588128 87.5
      vertex 2.948947362601757 -3.9351248294115067 0
      vertex 1.2990381071964903 -1.7500000012417638 87.5
    endloop
  endfacet
  facet normal -0.6755799422376235 -0.7372661250053146 0.005513852179482269
    outer loop
      vertex 2.175591163130999 -2.9782336206934965 18.337963199317542
      vertex 1.060660171012084 -1.4393398289879165 87.5
      vertex 1.03275363954405 -1.4137682039290669 87.5
    endloop
  endfacet
  facet normal -0.7372739113945941 -0.6755870771397752 0.0030464370421483524
    outer loop
      vertex 2.237798555469412 -3.036743226688065 18.13645544606307
      vertex 1.1490666648993892 -1.53581858612597 87.5
      vertex 1.060660171012084 -1.4393398289879165 87.5
    endloop
  endfacet
  facet normal -0.9805127963855975 -0.1961025592771194 -0.01176615353714613
    outer loop
      vertex 1.03275363954405 -1.4137682039290669 87.5
      vertex 0.7499999987582368 0 87.5
      vertex 1.565274731702689 0 19.56043880880916
    endloop
  endfacet
  facet normal -0.8425209653176408 0.5367450471758888 -0.04542221188343545
    outer loop
      vertex 1.2287280677507324 -3.360364654411873 87.5
      vertex 1.2990381071964903 -3.2499999987582373 87.5
      vertex 3.117691457271576 -7.799999997019768 0
    endloop
  endfacet
  facet normal -0.8862128311594245 0.46133317892472425 -0.04240891311512109
    outer loop
      vertex 1.2990381071964903 -3.2499999987582373 87.5
      vertex 1.359461679433783 -3.1339273912211265 87.5
      vertex 3.262708030641079 -7.521425738930702 0
    endloop
  endfacet
  facet normal -0.9231674513384088 0.3823884977857338 -0.03925421697749965
    outer loop
      vertex 1.359461679433783 -3.1339273912211265 87.5
      vertex 1.4095389315237603 -3.013030216097832 87.5
      vertex 3.3828934356570244 -7.231272518634796 0
    endloop
  endfacet
  facet normal -0.9530993617217005 0.3005110598823049 -0.03598207295446645
    outer loop
      vertex 1.4095389315237603 -3.013030216097832 87.5
      vertex 1.4488887383292122 -2.8882285673171286 87.5
      vertex 3.4773329719901085 -6.931748561561108 0
    endloop
  endfacet
  facet normal -0.9757765288302853 0.21632446105312145 -0.032617377791540426
    outer loop
      vertex 1.4488887383292122 -2.8882285673171286 87.5
      vertex 1.477211629971862 -2.7604722666243715 87.5
      vertex 3.5453079119324684 -6.625133439898491 0
    endloop
  endfacet
  facet normal -0.9910225124785401 0.13047057452050148 -0.029185766137146026
    outer loop
      vertex 1.477211629971862 -2.7604722666243715 87.5
      vertex 1.4942920456329984 -2.63073361478746 87.5
      vertex 3.5863009095191956 -6.3137606754899025 0
    endloop
  endfacet
  facet normal -0.9987178907158817 0.04360498082354797 -0.025713428620044443
    outer loop
      vertex 1.500000000620882 -2.5000000000000004 87.5
      vertex 3.600000001490116 -6 0
      vertex 1.4942920456329984 -2.63073361478746 87.5
    endloop
  endfacet
  facet normal -0.9238448056535747 -0.3826690671436217 -0.008669493545700947
    outer loop
      vertex 1.359461679433783 -1.8660726087788744 87.5
      vertex 3.262708030641079 -4.478574261069298 0
      vertex 1.4095389315237603 -1.9869697839021687 87.5
    endloop
  endfacet
  facet normal -0.8869973907385631 -0.46174159477244686 -0.00550712992204948
    outer loop
      vertex 1.2990381071964903 -1.7500000012417638 87.5
      vertex 3.117691457271576 -4.200000002980232 0
      vertex 1.359461679433783 -1.8660726087788744 87.5
    endloop
  endfacet
  facet normal -0.9536488778720136 -0.30068432165057923 -0.011948072940027669
    outer loop
      vertex 1.4095389315237603 -1.9869697839021687 87.5
      vertex 3.3828934356570244 -4.768727481365204 0
      vertex 1.4488887383292122 -2.1117714326828723 87.5
    endloop
  endfacet
  facet normal -0.9988014082113543 -0.04360862727748893 -0.022226888715895145
    outer loop
      vertex 1.500000000620882 -2.5000000000000004 87.5
      vertex 1.4942920456329984 -2.369266385212541 87.5
      vertex 3.5863009095191956 -5.6862393245100975 0
    endloop
  endfacet
  facet normal -0.9912705182164526 -0.13050322509170686 -0.018752811937115817
    outer loop
      vertex 1.477211629971862 -2.2395277333756294 87.5
      vertex 3.5453079119324684 -5.374866560101509 0
      vertex 1.4942920456329984 -2.369266385212541 87.5
    endloop
  endfacet
  facet normal -0.9761814614900968 -0.21641423246779312 -0.015317774917876425
    outer loop
      vertex 1.4488887383292122 -2.1117714326828723 87.5
      vertex 3.4773329719901085 -5.068251438438892 0
      vertex 1.477211629971862 -2.2395277333756294 87.5
    endloop
  endfacet
  facet normal 0 0 -1
    outer loop
      vertex -1.500000000620882 -2.5000000000000004 87.5
      vertex -1.4942920456329984 -2.369266385212541 87.5
      vertex 0.25000000062088173 -3.9785903288672375 87.5
    endloop
  endfacet
  facet normal 0 0 -1
    outer loop
      vertex -1.500000000620882 -2.5000000000000004 87.5
      vertex 0.25000000062088173 -3.9785903288672375 87.5
      vertex -1.4942920456329984 -2.63073361478746 87.5
    endloop
  endfacet
  facet normal 0 0 -1
    outer loop
      vertex -1.477211629971862 -2.7604722666243715 87.5
      vertex 0.25000000062088173 -3.9785903288672375 87.5
      vertex -1.4488887383292122 -2.8882285673171286 87.5
    endloop
  endfacet
  facet normal 0 0 -1
    outer loop
      vertex -1.4095389315237603 -3.013030216097832 87.5
      vertex 0.25000000062088173 -3.9785903288672375 87.5
      vertex -1.359461679433783 -3.1339273912211265 87.5
    endloop
  endfacet
  facet normal 0 0 -1
    outer loop
      vertex -1.4488887383292122 -2.8882285673171286 87.5
      vertex 0.25000000062088173 -3.9785903288672375 87.5
      vertex -1.4095389315237603 -3.013030216097832 87.5
    endloop
  endfacet
  facet normal 0 0 -1
    outer loop
      vertex -1.477211629971862 -2.7604722666243715 87.5
      vertex -1.4942920456329984 -2.63073361478746 87.5
      vertex 0.25000000062088173 -3.9785903288672375 87.5
    endloop
  endfacet
  facet normal 0 0 -1
    outer loop
      vertex -1.477211629971862 -2.2395277333756294 87.5
      vertex -1.4488887383292122 -2.1117714326828723 87.5
      vertex 0.25000000062088173 -3.9785903288672375 87.5
    endloop
  endfacet
  facet normal 0 0 -1
    outer loop
      vertex -1.4942920456329984 -2.369266385212541 87.5
      vertex -1.477211629971862 -2.2395277333756294 87.5
      vertex 0.25000000062088173 -3.9785903288672375 87.5
    endloop
  endfacet
  facet normal 0 0 -1
    outer loop
      vertex -1.359461679433783 -3.1339273912211265 87.5
      vertex 0.25000000062088173 -3.9785903288672375 87.5
      vertex -1.2990381071964903 -3.2499999987582373 87.5
    endloop
  endfacet
  facet normal 0 0 -1
    outer loop
      vertex -1.2990381071964903 -3.2499999987582373 87.5
      vertex 0.25000000062088173 -3.9785903288672375 87.5
      vertex -1.2287280677507324 -3.360364654411873 87.5
    endloop
  endfacet
  facet normal 0 0 -1
    outer loop
      vertex -1.4095389315237603 -1.9869697839021687 87.5
      vertex -1.359461679433783 -1.8660726087788744 87.5
      vertex 0.25000000062088173 -3.9785903288672375 87.5
    endloop
  endfacet
  facet normal 0 0 -1
    outer loop
      vertex -1.4488887383292122 -2.1117714326828723 87.5
      vertex -1.4095389315237603 -1.9869697839021687 87.5
      vertex 0.25000000062088173 -3.9785903288672375 87.5
    endloop
  endfacet
  facet normal 0 0 -1
    outer loop
      vertex -1.359461679433783 -1.8660726087788744 87.5
      vertex -1.2990381071964903 -1.7500000012417638 87.5
      vertex 0.25000000062088173 -3.9785903288672375 87.5
    endloop
  endfacet
  facet normal 0 0 -1
    outer loop
      vertex -1.2990381071964903 -1.7500000012417638 87.5
      vertex -1.2287280677507324 -1.639635345588128 87.5
      vertex 0.25000000062088173 -3.9785903288672375 87.5
    endloop
  endfacet
  facet normal 0 0 -1
    outer loop
      vertex -1.2287280677507324 -3.360364654411873 87.5
      vertex 0.25000000062088173 -3.9785903288672375 87.5
      vertex -1.1490666648993892 -3.4641814138740306 87.5
    endloop
  endfacet
  facet normal 0 0 -1
    outer loop
      vertex -1.1490666648993892 -3.4641814138740306 87.5
      vertex 0.25000000062088173 -3.9785903288672375 87.5
      vertex -1.060660171012084 -3.5606601710120844 87.5
    endloop
  endfacet
  facet normal 0 0 -1
    outer loop
      vertex -0.8603646544118724 -3.728728067750733 87.5
      vertex -0.2604722666243713 -3.9772116299718627 87.5
      vertex -0.7499999987582368 -3.7990381071964907 87.5
    endloop
  endfacet
  facet normal 0 0 -1
    outer loop
      vertex -0.9641814138740303 -3.6490666648993897 87.5
      vertex -1.060660171012084 -3.5606601710120844 87.5
      vertex 0.25000000062088173 -3.9785903288672375 87.5
    endloop
  endfacet
  facet normal 0 0 -1
    outer loop
      vertex -0.7499999987582368 -3.7990381071964907 87.5
      vertex -0.2604722666243713 -3.9772116299718627 87.5
      vertex -0.6339273912211261 -3.8594616794337835 87.5
    endloop
  endfacet
  facet normal 0 0 -1
    outer loop
      vertex -0.6339273912211261 -3.8594616794337835 87.5
      vertex -0.38822856731712824 -3.9488887383292126 87.5
      vertex -0.5130302160978318 -3.9095389315237608 87.5
    endloop
  endfacet
  facet normal 0 0 -1
    outer loop
      vertex -0.9641814138740303 -3.6490666648993897 87.5
      vertex 0.25000000062088173 -3.9785903288672375 87.5
      vertex -0.8603646544118724 -3.728728067750733 87.5
    endloop
  endfacet
  facet normal 0 0 -1
    outer loop
      vertex -0.8603646544118724 -3.728728067750733 87.5
      vertex -0.25000000062088173 -3.9785903288672375 87.5
      vertex -0.2604722666243713 -3.9772116299718627 87.5
    endloop
  endfacet
  facet normal 0 0 -1
    outer loop
      vertex -0.6339273912211261 -3.8594616794337835 87.5
      vertex -0.2604722666243713 -3.9772116299718627 87.5
      vertex -0.38822856731712824 -3.9488887383292126 87.5
    endloop
  endfacet
  facet normal 0 0 -1
    outer loop
      vertex -0.8603646544118724 -3.728728067750733 87.5
      vertex 0.25000000062088173 -3.9785903288672375 87.5
      vertex -0.25000000062088173 -3.9785903288672375 87.5
    endloop
  endfacet
  facet normal 0 0 -1
    outer loop
      vertex -1.2287280677507324 -1.639635345588128 87.5
      vertex -1.1490666648993892 -1.53581858612597 87.5
      vertex 0.38822856731712824 -3.9488887383292126 87.5
    endloop
  endfacet
  facet normal 0 0 -1
    outer loop
      vertex -1.1490666648993892 -1.53581858612597 87.5
      vertex -1.060660171012084 -1.4393398289879165 87.5
      vertex 0.38822856731712824 -3.9488887383292126 87.5
    endloop
  endfacet
  facet normal 0 0 -1
    outer loop
      vertex -1.060660171012084 -1.4393398289879165 87.5
      vertex -1.03275363954405 -1.4137682039290669 87.5
      vertex 1.060660171012084 -3.5606601710120844 87.5
    endloop
  endfacet
  facet normal 0 0 -1
    outer loop
      vertex -1.2287280677507324 -1.639635345588128 87.5
      vertex 0.2604722666243713 -3.9772116299718627 87.5
      vertex 0.25000000062088173 -3.9785903288672375 87.5
    endloop
  endfacet
  facet normal 0 0 -1
    outer loop
      vertex -1.2287280677507324 -1.639635345588128 87.5
      vertex 0.38822856731712824 -3.9488887383292126 87.5
      vertex 0.2604722666243713 -3.9772116299718627 87.5
    endloop
  endfacet
  facet normal 0 0 -1
    outer loop
      vertex -1.03275363954405 -1.4137682039290669 87.5
      vertex -0.7499999987582368 0 87.5
      vertex 1.03275363954405 -1.4137682039290669 87.5
    endloop
  endfacet
  facet normal 0 0 -1
    outer loop
      vertex -0.25000000062088173 -5.000000000000001 87.5
      vertex -0.25000000062088173 -3.9785903288672375 87.5
      vertex 0.25000000062088173 -5.000000000000001 87.5
    endloop
  endfacet
  facet normal 0 0 -1
    outer loop
      vertex -0.25000000062088173 -3.9785903288672375 87.5
      vertex 0.25000000062088173 -3.9785903288672375 87.5
      vertex 0.25000000062088173 -5.000000000000001 87.5
    endloop
  endfacet
  facet normal 0 0 -1
    outer loop
      vertex -1.060660171012084 -1.4393398289879165 87.5
      vertex 0.5130302160978318 -3.9095389315237608 87.5
      vertex 0.38822856731712824 -3.9488887383292126 87.5
    endloop
  endfacet
  facet normal 0 0 -1
    outer loop
      vertex -1.060660171012084 -1.4393398289879165 87.5
      vertex 0.6339273912211261 -3.8594616794337835 87.5
      vertex 0.5130302160978318 -3.9095389315237608 87.5
    endloop
  endfacet
  facet normal 0 0 -1
    outer loop
      vertex -1.060660171012084 -1.4393398289879165 87.5
      vertex 0.7499999987582368 -3.7990381071964907 87.5
      vertex 0.6339273912211261 -3.8594616794337835 87.5
    endloop
  endfacet
  facet normal 0 0 -1
    outer loop
      vertex -1.060660171012084 -1.4393398289879165 87.5
      vertex 0.8603646544118724 -3.728728067750733 87.5
      vertex 0.7499999987582368 -3.7990381071964907 87.5
    endloop
  endfacet
  facet normal 0 0 -1
    outer loop
      vertex -1.060660171012084 -1.4393398289879165 87.5
      vertex 0.9641814138740303 -3.6490666648993897 87.5
      vertex 0.8603646544118724 -3.728728067750733 87.5
    endloop
  endfacet
  facet normal 0 0 -1
    outer loop
      vertex -1.060660171012084 -1.4393398289879165 87.5
      vertex 1.060660171012084 -3.5606601710120844 87.5
      vertex 0.9641814138740303 -3.6490666648993897 87.5
    endloop
  endfacet
  facet normal 0 0 -1
    outer loop
      vertex -1.03275363954405 -1.4137682039290669 87.5
      vertex 1.1490666648993892 -3.4641814138740306 87.5
      vertex 1.060660171012084 -3.5606601710120844 87.5
    endloop
  endfacet
  facet normal 0 0 -1
    outer loop
      vertex -1.03275363954405 -1.4137682039290669 87.5
      vertex 1.2287280677507324 -3.360364654411873 87.5
      vertex 1.1490666648993892 -3.4641814138740306 87.5
    endloop
  endfacet
  facet normal 0 0 -1
    outer loop
      vertex -1.03275363954405 -1.4137682039290669 87.5
      vertex 1.2990381071964903 -3.2499999987582373 87.5
      vertex 1.2287280677507324 -3.360364654411873 87.5
    endloop
  endfacet
  facet normal 0 0 -1
    outer loop
      vertex -1.03275363954405 -1.4137682039290669 87.5
      vertex 1.359461679433783 -3.1339273912211265 87.5
      vertex 1.2990381071964903 -3.2499999987582373 87.5
    endloop
  endfacet
  facet normal 0 0 -1
    outer loop
      vertex -1.03275363954405 -1.4137682039290669 87.5
      vertex 1.03275363954405 -1.4137682039290669 87.5
      vertex 1.060660171012084 -1.4393398289879165 87.5
    endloop
  endfacet
  facet normal 0 0 -1
    outer loop
      vertex -1.03275363954405 -1.4137682039290669 87.5
      vertex 1.060660171012084 -1.4393398289879165 87.5
      vertex 1.1490666648993892 -1.53581858612597 87.5
    endloop
  endfacet
  facet normal 0 0 -1
    outer loop
      vertex 1.03275363954405 -1.4137682039290669 87.5
      vertex -0.7499999987582368 0 87.5
      vertex 0.7499999987582368 0 87.5
    endloop
  endfacet
  facet normal 0 0 -1
    outer loop
      vertex -1.03275363954405 -1.4137682039290669 87.5
      vertex 1.1490666648993892 -1.53581858612597 87.5
      vertex 1.2287280677507324 -1.639635345588128 87.5
    endloop
  endfacet
  facet normal 0 0 -1
    outer loop
      vertex -1.03275363954405 -1.4137682039290669 87.5
      vertex 1.2287280677507324 -1.639635345588128 87.5
      vertex 1.2990381071964903 -1.7500000012417638 87.5
    endloop
  endfacet
  facet normal 0 0 -1
    outer loop
      vertex -1.03275363954405 -1.4137682039290669 87.5
      vertex 1.2990381071964903 -1.7500000012417638 87.5
      vertex 1.359461679433783 -1.8660726087788744 87.5
    endloop
  endfacet
  facet normal 0 0 -1
    outer loop
      vertex -1.03275363954405 -1.4137682039290669 87.5
      vertex 1.4095389315237603 -3.013030216097832 87.5
      vertex 1.359461679433783 -3.1339273912211265 87.5
    endloop
  endfacet
  facet normal 0 0 -1
    outer loop
      vertex -1.03275363954405 -1.4137682039290669 87.5
      vertex 1.4488887383292122 -2.8882285673171286 87.5
      vertex 1.4095389315237603 -3.013030216097832 87.5
    endloop
  endfacet
  facet normal 0 0 -1
    outer loop
      vertex -1.03275363954405 -1.4137682039290669 87.5
      vertex 1.477211629971862 -2.7604722666243715 87.5
      vertex 1.4488887383292122 -2.8882285673171286 87.5
    endloop
  endfacet
  facet normal 0 0 -1
    outer loop
      vertex -1.03275363954405 -1.4137682039290669 87.5
      vertex 1.4095389315237603 -1.9869697839021687 87.5
      vertex 1.4488887383292122 -2.1117714326828723 87.5
    endloop
  endfacet
  facet normal 0 0 -1
    outer loop
      vertex -1.03275363954405 -1.4137682039290669 87.5
      vertex 1.4488887383292122 -2.1117714326828723 87.5
      vertex 1.477211629971862 -2.2395277333756294 87.5
    endloop
  endfacet
  facet normal 0 0 -1
    outer loop
      vertex -1.03275363954405 -1.4137682039290669 87.5
      vertex 1.4942920456329984 -2.63073361478746 87.5
      vertex 1.477211629971862 -2.7604722666243715 87.5
    endloop
  endfacet
  facet normal 0 0 -1
    outer loop
      vertex -1.03275363954405 -1.4137682039290669 87.5
      vertex 1.4942920456329984 -2.369266385212541 87.5
      vertex 1.500000000620882 -2.5000000000000004 87.5
    endloop
  endfacet
  facet normal 0 0 -1
    outer loop
      vertex -1.03275363954405 -1.4137682039290669 87.5
      vertex 1.500000000620882 -2.5000000000000004 87.5
      vertex 1.4942920456329984 -2.63073361478746 87.5
    endloop
  endfacet
  facet normal 0 0 -1
    outer loop
      vertex -1.03275363954405 -1.4137682039290669 87.5
      vertex 1.477211629971862 -2.2395277333756294 87.5
      vertex 1.4942920456329984 -2.369266385212541 87.5
    endloop
  endfacet
  facet normal 0 0 -1
    outer loop
      vertex -1.03275363954405 -1.4137682039290669 87.5
      vertex 1.359461679433783 -1.8660726087788744 87.5
      vertex 1.4095389315237603 -1.9869697839021687 87.5
    endloop
  endfacet
  facet normal 0.9501891461118319 -0.08593211956781867 0.29959348697501725
    outer loop
      vertex 27.566196112164498 -230 16.614167828786517
      vertex 27.806934569127193 -227.03256546471215 16.701789461364115
      vertex 27.498252109911313 -230 16.829658673184472
    endloop
  endfacet
  facet normal 0.9204620966612598 -0.0859321195678179 0.38126788408747464
    outer loop
      vertex 27.65266283157508 -230 16.405418702091588
      vertex 27.862268194380505 -227.32115140136332 16.503159287958116
      vertex 27.566196112164498 -230 16.614167828786517
    endloop
  endfacet
  facet normal 0 1 0
    outer loop
      vertex 28.385725919242102 -230 15.477159714114306
      vertex 27.498252109911313 -230 16.829658673184472
      vertex 27.449347919698383 -230 17.05025121984265
    endloop
  endfacet
  facet normal 0.8837297748648945 -0.08593211956781947 0.4600406023861643
    outer loop
      vertex 27.65266283157508 -230 16.405418702091588
      vertex 27.756994204198303 -230 16.205
      vertex 27.93078276996739 -227.67559362404185 16.305336875228857
    endloop
  endfacet
  facet normal 0 1 0
    outer loop
      vertex 28.385725919242102 -230 15.477159714114306
      vertex 27.449347919698383 -230 17.05025121984265
      vertex 27.41985573194238 -230 17.274266626283566
    endloop
  endfacet
  facet normal 0 1 0
    outer loop
      vertex 28.385725919242102 -230 15.477159714114306
      vertex 27.41985573194238 -230 17.274266626283566
      vertex 27.41 -230 17.5
    endloop
  endfacet
  facet normal 0.9501891461118338 -0.08593211956781915 0.2995934869750113
    outer loop
      vertex 27.498252109911313 -230 16.829658673184472
      vertex 27.806934569127193 -227.03256546471215 16.701789461364115
      vertex 27.798059849169956 -226.9856964400797 16.743379875537343
    endloop
  endfacet
  facet normal 0.9501891461118335 -0.08593211956781907 0.29959348697501204
    outer loop
      vertex 27.498252109911313 -230 16.829658673184472
      vertex 27.798059849169956 -226.9856964400797 16.743379875537343
      vertex 27.752968913500457 -226.9455339053355 16.89790983500482
    endloop
  endfacet
  facet normal 0.9204620966612638 -0.08593211956781874 0.381267884087465
    outer loop
      vertex 27.566196112164498 -230 16.614167828786517
      vertex 27.862268194380505 -227.32115140136332 16.503159287958116
      vertex 27.806934569127193 -227.03256546471215 16.701789461364115
    endloop
  endfacet
  facet normal 0 1 0
    outer loop
      vertex 27.65266283157508 -230 16.405418702091588
      vertex 27.566196112164498 -230 16.614167828786517
      vertex 28.385725919242102 -230 15.477159714114306
    endloop
  endfacet
  facet normal 0 1 0
    outer loop
      vertex 27.65266283157508 -230 16.405418702091588
      vertex 28.385725919242102 -230 15.477159714114306
      vertex 27.756994204198303 -230 16.205
    endloop
  endfacet
  facet normal 0.840271735871164 -0.08593211956781842 0.5353121339206156
    outer loop
      vertex 27.756994204198303 -230 16.205
      vertex 27.878396205291512 -230 16.01443702985079
      vertex 28.012905251642 -228.09800896822532 16.108621278062802
    endloop
  endfacet
  facet normal 0 1 0
    outer loop
      vertex 27.878396205291512 -230 16.01443702985079
      vertex 28.385725919242102 -230 15.477159714114306
      vertex 28.015944892321848 -230 15.835180090911864
    endloop
  endfacet
  facet normal 0 1 0
    outer loop
      vertex 27.756994204198303 -230 16.205
      vertex 28.385725919242102 -230 15.477159714114306
      vertex 27.878396205291512 -230 16.01443702985079
    endloop
  endfacet
  facet normal 0.7904187215975169 -0.08593211956781811 0.6065096168856097
    outer loop
      vertex 27.878396205291512 -230 16.01443702985079
      vertex 28.015944892321848 -230 15.835180090911864
      vertex 28.1091370972699 -228.59088281488644 15.913377635712372
    endloop
  endfacet
  facet normal 0.734550143584647 -0.08593211956781809 0.6730911954455776
    outer loop
      vertex 28.015944892321848 -230 15.835180090911864
      vertex 28.220052376177772 -229.15705872497867 15.72005237617777
      vertex 28.1091370972699 -228.59088281488644 15.913377635712372
    endloop
  endfacet
  facet normal 0.7904187215975182 -0.08593211956781846 0.606509616885608
    outer loop
      vertex 27.878396205291512 -230 16.01443702985079
      vertex 28.1091370972699 -228.59088281488644 15.913377635712372
      vertex 28.012905251642 -228.09800896822532 16.108621278062802
    endloop
  endfacet
  facet normal 0 1 0
    outer loop
      vertex 28.385725919242102 -230 15.477159714114306
      vertex 27.566196112164498 -230 16.614167828786517
      vertex 27.498252109911313 -230 16.829658673184472
    endloop
  endfacet
  facet normal 0.8837297748648867 -0.0859321195678179 0.46004060238617955
    outer loop
      vertex 27.65266283157508 -230 16.405418702091588
      vertex 27.93078276996739 -227.67559362404185 16.305336875228857
      vertex 27.862268194380505 -227.32115140136332 16.503159287958116
    endloop
  endfacet
  facet normal 0.8402717358711688 -0.08593211956781945 0.535312133920608
    outer loop
      vertex 27.756994204198303 -230 16.205
      vertex 28.012905251642 -228.09800896822532 16.108621278062802
      vertex 27.93078276996739 -227.67559362404185 16.305336875228857
    endloop
  endfacet
  facet normal 0.9877775009730749 -0.08593211956781886 0.1300433750637414
    outer loop
      vertex 27.449347919698383 -230 17.05025121984265
      vertex 27.712543278107887 -226.90437562485926 17.09665966272748
      vertex 27.41985573194238 -230 17.274266626283566
    endloop
  endfacet
  facet normal 0.9726846824206001 -0.085932119567819 0.2156390025271828
    outer loop
      vertex 27.449347919698383 -230 17.05025121984265
      vertex 27.498252109911313 -230 16.829658673184472
      vertex 27.752968913500457 -226.9455339053355 16.89790983500482
    endloop
  endfacet
  facet normal 0.9953527363067837 -0.08593211956781915 0.04345803899372792
    outer loop
      vertex 27.41985573194238 -230 17.274266626283566
      vertex 27.6801504785616 -226.87084387766487 17.5
      vertex 27.41 -230 17.5
    endloop
  endfacet
  facet normal 0 1 0
    outer loop
      vertex 28.385725919242102 -230 15.477159714114306
      vertex 27.41 -230 17.5
      vertex 27.41985573194238 -230 17.725733373716434
    endloop
  endfacet
  facet normal 0 1 0
    outer loop
      vertex 28.385725919242102 -230 15.477159714114306
      vertex 27.41985573194238 -230 17.725733373716434
      vertex 27.449347919698383 -230 17.94974878015735
    endloop
  endfacet
  facet normal 0 1 0
    outer loop
      vertex 28.385725919242102 -230 15.477159714114306
      vertex 27.449347919698383 -230 17.94974878015735
      vertex 27.498252109911313 -230 18.170341326815528
    endloop
  endfacet
  facet normal 0.9953527363067837 -0.08593211956781932 -0.04345803899372791
    outer loop
      vertex 27.41 -230 17.5
      vertex 27.688149037978764 -226.88048483151263 17.702260750938358
      vertex 27.41985573194238 -230 17.725733373716434
    endloop
  endfacet
  facet normal 0.987777500973075 -0.0859321195678185 -0.13004337506374142
    outer loop
      vertex 27.41985573194238 -230 17.725733373716434
      vertex 27.712260246681552 -226.90770455507894 17.90339024334937
      vertex 27.449347919698383 -230 17.94974878015735
    endloop
  endfacet
  facet normal 0.9726846824206 -0.08593211956781989 -0.21563900252718274
    outer loop
      vertex 27.449347919698383 -230 17.94974878015735
      vertex 27.75239617790542 -226.95240193065462 18.102243629035346
      vertex 27.498252109911313 -230 18.170341326815528
    endloop
  endfacet
  facet normal 0.9877775009730739 -0.08593211956781825 0.13004337506375013
    outer loop
      vertex 27.41985573194238 -230 17.274266626283566
      vertex 27.712543278107887 -226.90437562485926 17.09665966272748
      vertex 27.688292455063344 -226.8788172842399 17.2977517964307
    endloop
  endfacet
  facet normal 0.9953527363067844 -0.08593211956781825 0.04345803899371456
    outer loop
      vertex 27.41985573194238 -230 17.274266626283566
      vertex 27.688292455063344 -226.8788172842399 17.2977517964307
      vertex 27.6801504785616 -226.87084387766487 17.5
    endloop
  endfacet
  facet normal 0.9953527363067837 -0.08593211956781914 -0.04345803899373063
    outer loop
      vertex 27.41 -230 17.5
      vertex 27.6801504785616 -226.87084387766487 17.5
      vertex 27.688149037978764 -226.88048483151263 17.702260750938358
    endloop
  endfacet
  facet normal 0.972684682420602 -0.0859321195678189 0.215639002527174
    outer loop
      vertex 27.449347919698383 -230 17.05025121984265
      vertex 27.742080893669517 -226.9359527309551 16.95084061561564
      vertex 27.712543278107887 -226.90437562485926 17.09665966272748
    endloop
  endfacet
  facet normal 0.9726846824205934 -0.08593211956781681 0.2156390025272139
    outer loop
      vertex 27.449347919698383 -230 17.05025121984265
      vertex 27.752968913500457 -226.9455339053355 16.89790983500482
      vertex 27.742080893669517 -226.9359527309551 16.95084061561564
    endloop
  endfacet
  facet normal 0.9877775009730766 -0.08593211956781938 -0.13004337506372887
    outer loop
      vertex 27.41985573194238 -230 17.725733373716434
      vertex 27.688149037978764 -226.88048483151263 17.702260750938358
      vertex 27.712260246681552 -226.90770455507894 17.90339024334937
    endloop
  endfacet
  facet normal 0.9726846824205958 -0.08593211956781847 -0.2156390025272028
    outer loop
      vertex 27.449347919698383 -230 17.94974878015735
      vertex 27.712260246681552 -226.90770455507894 17.90339024334937
      vertex 27.75239617790542 -226.95240193065462 18.102243629035346
    endloop
  endfacet
  facet normal 0.9501891461118388 -0.08593211956782004 -0.2995934869749951
    outer loop
      vertex 27.498252109911313 -230 18.170341326815528
      vertex 27.75239617790542 -226.95240193065462 18.102243629035346
      vertex 27.76220144453059 -226.96325677331194 18.13645544606307
    endloop
  endfacet
  facet normal 0.9501891461118426 -0.08593211956782021 -0.2995934869749831
    outer loop
      vertex 27.498252109911313 -230 18.170341326815528
      vertex 27.76220144453059 -226.96325677331194 18.13645544606307
      vertex 27.80898204786557 -227.00732745664652 18.297465317319826
    endloop
  endfacet
  facet normal 0 1 0
    outer loop
      vertex 28.385725919242102 -230 15.477159714114306
      vertex 27.498252109911313 -230 18.170341326815528
      vertex 27.566196112164498 -230 18.385832171213483
    endloop
  endfacet
  facet normal 0 1 0
    outer loop
      vertex 28.385725919242102 -230 15.477159714114306
      vertex 27.566196112164498 -230 18.385832171213483
      vertex 27.65266283157508 -230 18.594581297908412
    endloop
  endfacet
  facet normal 0 1 0
    outer loop
      vertex 28.385725919242102 -230 15.477159714114306
      vertex 27.65266283157508 -230 18.594581297908412
      vertex 27.756994204198303 -230 18.795
    endloop
  endfacet
  facet normal 0 1 0
    outer loop
      vertex 28.385725919242102 -230 15.477159714114306
      vertex 27.756994204198303 -230 18.795
      vertex 27.878396205291512 -230 18.98556297014921
    endloop
  endfacet
  facet normal 0 1 0
    outer loop
      vertex 28.385725919242102 -230 15.477159714114306
      vertex 27.878396205291512 -230 18.98556297014921
      vertex 28.015944892321848 -230 19.164819909088138
    endloop
  endfacet
  facet normal 0.950189146111832 -0.08593211956781766 -0.29959348697501725
    outer loop
      vertex 27.498252109911313 -230 18.170341326815528
      vertex 27.80898204786557 -227.00732745664652 18.297465317319826
      vertex 27.566196112164498 -230 18.385832171213483
    endloop
  endfacet
  facet normal 0.8837297748648946 -0.08593211956781865 -0.4600406023861644
    outer loop
      vertex 27.65266283157508 -230 18.594581297908412
      vertex 27.938570009148872 -227.57144000309188 18.69016716013347
      vertex 27.756994204198303 -230 18.795
    endloop
  endfacet
  facet normal 0.9204620966612597 -0.08593211956781845 -0.3812678840874746
    outer loop
      vertex 27.566196112164498 -230 18.385832171213483
      vertex 27.868985292296138 -227.23530393974613 18.493708477843246
      vertex 27.65266283157508 -230 18.594581297908412
    endloop
  endfacet
  facet normal 0.9204620966612193 -0.08593211956781717 -0.3812678840875724
    outer loop
      vertex 27.566196112164498 -230 18.385832171213483
      vertex 27.80898204786557 -227.00732745664652 18.297465317319826
      vertex 27.824408836869 -227.0217663793065 18.337963199317542
    endloop
  endfacet
  facet normal 0.9204620966612639 -0.08593211956781932 -0.38126788408746426
    outer loop
      vertex 27.566196112164498 -230 18.385832171213483
      vertex 27.824408836869 -227.0217663793065 18.337963199317542
      vertex 27.868985292296138 -227.23530393974613 18.493708477843246
    endloop
  endfacet
  facet normal 0.8402717358711639 -0.0859321195678189 -0.5353121339206155
    outer loop
      vertex 27.756994204198303 -230 18.795
      vertex 28.021609411530928 -227.97493000441543 18.885284003569186
      vertex 27.878396205291512 -230 18.98556297014921
    endloop
  endfacet
  facet normal 0.8837297748648939 -0.08593211956781854 -0.4600406023861654
    outer loop
      vertex 27.65266283157508 -230 18.594581297908412
      vertex 27.868985292296138 -227.23530393974613 18.493708477843246
      vertex 27.938570009148872 -227.57144000309188 18.69016716013347
    endloop
  endfacet
  facet normal 0.8402717358711624 -0.08593211956781859 -0.5353121339206177
    outer loop
      vertex 27.756994204198303 -230 18.795
      vertex 27.938570009148872 -227.57144000309188 18.69016716013347
      vertex 28.021609411530928 -227.97493000441543 18.885284003569186
    endloop
  endfacet
  facet normal 0.790418721597521 -0.08593211956781899 -0.6065096168856043
    outer loop
      vertex 27.878396205291512 -230 18.98556297014921
      vertex 28.021609411530928 -227.97493000441543 18.885284003569186
      vertex 28.118576177458486 -228.4481587521516 19.07870203558273
    endloop
  endfacet
  facet normal 0.7904187215975198 -0.0859321195678187 -0.6065096168856059
    outer loop
      vertex 27.878396205291512 -230 18.98556297014921
      vertex 28.118576177458486 -228.4481587521516 19.07870203558273
      vertex 28.015944892321848 -230 19.164819909088138
    endloop
  endfacet
  facet normal 0.7345501435846516 -0.08593211956781893 -0.6730911954455724
    outer loop
      vertex 28.118576177458486 -228.4481587521516 19.07870203558273
      vertex 28.23001437366605 -228.99387271776337 19.26998562633395
      vertex 28.015944892321848 -230 19.164819909088138
    endloop
  endfacet
  facet normal 0.7345501435846503 -0.08593211956781942 0.6730911954455737
    outer loop
      vertex 28.015944892321848 -230 15.835180090911864
      vertex 28.16859343672684 -230 15.668593436726841
      vertex 28.220052376177772 -229.15705872497867 15.72005237617777
    endloop
  endfacet
  facet normal 0 1 0
    outer loop
      vertex 28.015944892321848 -230 15.835180090911864
      vertex 28.385725919242102 -230 15.477159714114306
      vertex 28.16859343672684 -230 15.668593436726841
    endloop
  endfacet
  facet normal 0.6730911954455777 -0.08593211956781933 0.7345501435846469
    outer loop
      vertex 28.16859343672684 -230 15.668593436726841
      vertex 28.335180090911862 -230 15.515944892321848
      vertex 28.220052376177772 -229.15705872497867 15.72005237617777
    endloop
  endfacet
  facet normal 0 1 0
    outer loop
      vertex 28.16859343672684 -230 15.668593436726841
      vertex 28.385725919242102 -230 15.477159714114306
      vertex 28.335180090911862 -230 15.515944892321848
    endloop
  endfacet
  facet normal 0.673091195445562 -0.0859321195678248 0.7345501435846605
    outer loop
      vertex 28.220052376177772 -229.15705872497867 15.72005237617777
      vertex 28.335180090911862 -230 15.515944892321848
      vertex 28.346294397986153 -229.79972055210987 15.529190407706826
    endloop
  endfacet
  facet normal 0.6065096168855814 -0.0859321195678239 0.7904187215975382
    outer loop
      vertex 28.335180090911862 -230 15.515944892321848
      vertex 28.385725919242102 -230 15.477159714114306
      vertex 28.346294397986153 -229.79972055210987 15.529190407706826
    endloop
  endfacet
  facet normal 0 1 0
    outer loop
      vertex 28.385725919242102 -230 15.477159714114306
      vertex 28.015944892321848 -230 19.164819909088138
      vertex 28.16859343672684 -230 19.33140656327316
    endloop
  endfacet
  facet normal 0 1 0
    outer loop
      vertex 28.385725919242102 -230 15.477159714114306
      vertex 28.16859343672684 -230 19.33140656327316
      vertex 28.335180090911862 -230 19.484055107678152
    endloop
  endfacet
  facet normal 0 1 0
    outer loop
      vertex 28.385725919242102 -230 15.477159714114306
      vertex 28.335180090911862 -230 19.484055107678152
      vertex 28.43472526829731 -230 19.56043880880916
    endloop
  endfacet
  facet normal 0.7345501435846469 -0.08593211956781739 -0.6730911954455778
    outer loop
      vertex 28.015944892321848 -230 19.164819909088138
      vertex 28.23001437366605 -228.99387271776337 19.26998562633395
      vertex 28.16859343672684 -230 19.33140656327316
    endloop
  endfacet
  facet normal 0.6730911954455777 -0.0859321195678183 -0.7345501435846469
    outer loop
      vertex 28.16859343672684 -230 19.33140656327316
      vertex 28.35653615075906 -229.61516450402928 19.4586039466316
      vertex 28.335180090911862 -230 19.484055107678152
    endloop
  endfacet
  facet normal 0.6730911954455766 -0.08593211956781739 -0.734550143584648
    outer loop
      vertex 28.16859343672684 -230 19.33140656327316
      vertex 28.23001437366605 -228.99387271776337 19.26998562633395
      vertex 28.35653615075906 -229.61516450402928 19.4586039466316
    endloop
  endfacet
  facet normal 0.606509616885608 -0.0859321195678179 -0.7904187215975185
    outer loop
      vertex 28.35653615075906 -229.61516450402928 19.4586039466316
      vertex 28.43472526829731 -230 19.56043880880916
      vertex 28.335180090911862 -230 19.484055107678152
    endloop
  endfacet
  facet normal -0.6065096168855814 -0.08593211956782391 0.7904187215975382
    outer loop
      vertex 31.614274080757898 -230 15.477159714114306
      vertex 31.664819909088138 -230 15.515944892321848
      vertex 31.653705602013847 -229.79972055210987 15.529190407706826
    endloop
  endfacet
  facet normal -0.6730911954455773 -0.08593211956782468 0.7345501435846463
    outer loop
      vertex 31.664819909088138 -230 15.515944892321848
      vertex 31.83140656327316 -230 15.668593436726841
      vertex 31.653705602013847 -229.79972055210987 15.529190407706826
    endloop
  endfacet
  facet normal 0 1 0
    outer loop
      vertex 31.614274080757898 -230 15.477159714114306
      vertex 31.56527473170269 -230 19.56043880880916
      vertex 31.664819909088138 -230 15.515944892321848
    endloop
  endfacet
  facet normal -0.6730911954455742 -0.08593211956781932 0.7345501435846501
    outer loop
      vertex 31.653705602013847 -229.79972055210987 15.529190407706826
      vertex 31.83140656327316 -230 15.668593436726841
      vertex 31.779947623822228 -229.15705872497867 15.72005237617777
    endloop
  endfacet
  facet normal -0.7345501435846504 -0.08593211956781945 0.6730911954455737
    outer loop
      vertex 31.779947623822228 -229.15705872497867 15.72005237617777
      vertex 31.83140656327316 -230 15.668593436726841
      vertex 31.984055107678152 -230 15.835180090911864
    endloop
  endfacet
  facet normal -0.734550143584647 -0.08593211956781811 0.6730911954455776
    outer loop
      vertex 31.779947623822228 -229.15705872497867 15.72005237617777
      vertex 31.984055107678152 -230 15.835180090911864
      vertex 31.8908629027301 -228.59088281488644 15.913377635712372
    endloop
  endfacet
  facet normal -0.7904187215975094 -0.08593211956781817 0.6065096168856196
    outer loop
      vertex 31.984055107678152 -230 15.835180090911864
      vertex 32.12160379470849 -230 16.01443702985079
      vertex 31.8908629027301 -228.59088281488644 15.913377635712372
    endloop
  endfacet
  facet normal -0.7904187215975161 -0.08593211956781992 0.6065096168856107
    outer loop
      vertex 31.8908629027301 -228.59088281488644 15.913377635712372
      vertex 32.12160379470849 -230 16.01443702985079
      vertex 31.987094748358 -228.09800896822532 16.108621278062802
    endloop
  endfacet
  facet normal -0.840271735871178 -0.08593211956781986 0.5353121339205932
    outer loop
      vertex 32.12160379470849 -230 16.01443702985079
      vertex 32.24300579580169 -230 16.205
      vertex 31.987094748358 -228.09800896822532 16.108621278062802
    endloop
  endfacet
  facet normal -0.8837297748648884 -0.08593211956781684 0.4600406023861767
    outer loop
      vertex 32.06921723003261 -227.67559362404185 16.305336875228857
      vertex 32.24300579580169 -230 16.205
      vertex 32.34733716842492 -230 16.405418702091588
    endloop
  endfacet
  facet normal -0.840271735871164 -0.08593211956781685 0.5353121339206156
    outer loop
      vertex 31.987094748358 -228.09800896822532 16.108621278062802
      vertex 32.24300579580169 -230 16.205
      vertex 32.06921723003261 -227.67559362404185 16.305336875228857
    endloop
  endfacet
  facet normal -0.8837297748648937 -0.08593211956781795 0.46004060238616606
    outer loop
      vertex 32.06921723003261 -227.67559362404185 16.305336875228857
      vertex 32.34733716842492 -230 16.405418702091588
      vertex 32.137731805619495 -227.32115140136332 16.503159287958116
    endloop
  endfacet
  facet normal -0.9204620966612598 -0.0859321195678179 0.38126788408747464
    outer loop
      vertex 32.34733716842492 -230 16.405418702091588
      vertex 32.4338038878355 -230 16.614167828786517
      vertex 32.137731805619495 -227.32115140136332 16.503159287958116
    endloop
  endfacet
  facet normal -0.9501891461118319 -0.08593211956781867 0.29959348697501725
    outer loop
      vertex 32.4338038878355 -230 16.614167828786517
      vertex 32.50174789008869 -230 16.829658673184472
      vertex 32.19306543087281 -227.03256546471215 16.701789461364115
    endloop
  endfacet
  facet normal -0.9204620966612638 -0.08593211956781874 0.381267884087465
    outer loop
      vertex 32.137731805619495 -227.32115140136332 16.503159287958116
      vertex 32.4338038878355 -230 16.614167828786517
      vertex 32.19306543087281 -227.03256546471215 16.701789461364115
    endloop
  endfacet
  facet normal -0.9501891461118556 -0.08593211956782441 0.29959348697494104
    outer loop
      vertex 32.19306543087281 -227.03256546471215 16.701789461364115
      vertex 32.50174789008869 -230 16.829658673184472
      vertex 32.20194015083004 -226.9856964400797 16.743379875537343
    endloop
  endfacet
  facet normal -0.9501891461118334 -0.08593211956782017 0.29959348697501226
    outer loop
      vertex 32.20194015083004 -226.9856964400797 16.743379875537343
      vertex 32.50174789008869 -230 16.829658673184472
      vertex 32.24703108649954 -226.9455339053355 16.89790983500482
    endloop
  endfacet
  facet normal 0 1 0
    outer loop
      vertex 31.664819909088138 -230 15.515944892321848
      vertex 31.56527473170269 -230 19.56043880880916
      vertex 31.83140656327316 -230 15.668593436726841
    endloop
  endfacet
  facet normal 0 1 0
    outer loop
      vertex 31.83140656327316 -230 15.668593436726841
      vertex 31.56527473170269 -230 19.56043880880916
      vertex 31.984055107678152 -230 15.835180090911864
    endloop
  endfacet
  facet normal 0 1 0
    outer loop
      vertex 31.984055107678152 -230 15.835180090911864
      vertex 31.56527473170269 -230 19.56043880880916
      vertex 32.12160379470849 -230 16.01443702985079
    endloop
  endfacet
  facet normal 0 1 0
    outer loop
      vertex 32.12160379470849 -230 16.01443702985079
      vertex 31.56527473170269 -230 19.56043880880916
      vertex 32.24300579580169 -230 16.205
    endloop
  endfacet
  facet normal 0 1 0
    outer loop
      vertex 32.24300579580169 -230 16.205
      vertex 31.56527473170269 -230 19.56043880880916
      vertex 32.34733716842492 -230 16.405418702091588
    endloop
  endfacet
  facet normal -0.606509616885608 -0.0859321195678179 -0.7904187215975185
    outer loop
      vertex 31.56527473170269 -230 19.56043880880916
      vertex 31.64346384924094 -229.61516450402928 19.4586039466316
      vertex 31.664819909088138 -230 19.484055107678152
    endloop
  endfacet
  facet normal 0 1 0
    outer loop
      vertex 31.56527473170269 -230 19.56043880880916
      vertex 31.664819909088138 -230 19.484055107678152
      vertex 31.83140656327316 -230 19.33140656327316
    endloop
  endfacet
  facet normal -0.6730911954455746 -0.08593211956781832 -0.7345501435846498
    outer loop
      vertex 31.64346384924094 -229.61516450402928 19.4586039466316
      vertex 31.76998562633395 -228.99387271776337 19.26998562633395
      vertex 31.664819909088138 -230 19.484055107678152
    endloop
  endfacet
  facet normal 0 1 0
    outer loop
      vertex 32.24300579580169 -230 18.795
      vertex 32.34733716842492 -230 18.594581297908412
      vertex 31.56527473170269 -230 19.56043880880916
    endloop
  endfacet
  facet normal -0.7904187215975191 -0.08593211956782035 -0.6065096168856066
    outer loop
      vertex 31.881423822541514 -228.4481587521516 19.07870203558273
      vertex 31.978390588469072 -227.97493000441543 18.885284003569186
      vertex 32.12160379470849 -230 18.98556297014921
    endloop
  endfacet
  facet normal 0 1 0
    outer loop
      vertex 32.12160379470849 -230 18.98556297014921
      vertex 31.56527473170269 -230 19.56043880880916
      vertex 31.984055107678152 -230 19.164819909088138
    endloop
  endfacet
  facet normal -0.7345501435846469 -0.08593211956781738 -0.6730911954455778
    outer loop
      vertex 31.83140656327316 -230 19.33140656327316
      vertex 31.76998562633395 -228.99387271776337 19.26998562633395
      vertex 31.984055107678152 -230 19.164819909088138
    endloop
  endfacet
  facet normal -0.7345501435846516 -0.08593211956781893 -0.6730911954455724
    outer loop
      vertex 31.881423822541514 -228.4481587521516 19.07870203558273
      vertex 31.984055107678152 -230 19.164819909088138
      vertex 31.76998562633395 -228.99387271776337 19.26998562633395
    endloop
  endfacet
  facet normal -0.6730911954455778 -0.08593211956781739 -0.7345501435846469
    outer loop
      vertex 31.664819909088138 -230 19.484055107678152
      vertex 31.76998562633395 -228.99387271776337 19.26998562633395
      vertex 31.83140656327316 -230 19.33140656327316
    endloop
  endfacet
  facet normal 0 1 0
    outer loop
      vertex 31.56527473170269 -230 19.56043880880916
      vertex 31.83140656327316 -230 19.33140656327316
      vertex 31.984055107678152 -230 19.164819909088138
    endloop
  endfacet
  facet normal 0 1 0
    outer loop
      vertex 32.12160379470849 -230 18.98556297014921
      vertex 32.24300579580169 -230 18.795
      vertex 31.56527473170269 -230 19.56043880880916
    endloop
  endfacet
  facet normal -0.7904187215975123 -0.08593211956781871 -0.6065096168856158
    outer loop
      vertex 31.881423822541514 -228.4481587521516 19.07870203558273
      vertex 32.12160379470849 -230 18.98556297014921
      vertex 31.984055107678152 -230 19.164819909088138
    endloop
  endfacet
  facet normal 0 1 0
    outer loop
      vertex 32.34733716842492 -230 16.405418702091588
      vertex 31.56527473170269 -230 19.56043880880916
      vertex 32.4338038878355 -230 16.614167828786517
    endloop
  endfacet
  facet normal 0 1 0
    outer loop
      vertex 32.4338038878355 -230 16.614167828786517
      vertex 31.56527473170269 -230 19.56043880880916
      vertex 32.50174789008869 -230 16.829658673184472
    endloop
  endfacet
  facet normal 0 1 0
    outer loop
      vertex 31.56527473170269 -230 19.56043880880916
      vertex 32.55065208030162 -230 17.05025121984265
      vertex 32.50174789008869 -230 16.829658673184472
    endloop
  endfacet
  facet normal 0 1 0
    outer loop
      vertex 31.56527473170269 -230 19.56043880880916
      vertex 32.58014426805762 -230 17.274266626283566
      vertex 32.55065208030162 -230 17.05025121984265
    endloop
  endfacet
  facet normal 0 1 0
    outer loop
      vertex 31.56527473170269 -230 19.56043880880916
      vertex 32.59 -230 17.5
      vertex 32.58014426805762 -230 17.274266626283566
    endloop
  endfacet
  facet normal 0 1 0
    outer loop
      vertex 31.56527473170269 -230 19.56043880880916
      vertex 32.58014426805762 -230 17.725733373716434
      vertex 32.59 -230 17.5
    endloop
  endfacet
  facet normal -0.97268468242058 -0.0859321195678135 0.21563900252727555
    outer loop
      vertex 32.24703108649954 -226.9455339053355 16.89790983500482
      vertex 32.55065208030162 -230 17.05025121984265
      vertex 32.25791910633048 -226.9359527309551 16.95084061561564
    endloop
  endfacet
  facet normal -0.972684682420602 -0.0859321195678189 0.21563900252717408
    outer loop
      vertex 32.25791910633048 -226.9359527309551 16.95084061561564
      vertex 32.55065208030162 -230 17.05025121984265
      vertex 32.28745672189211 -226.90437562485926 17.09665966272748
    endloop
  endfacet
  facet normal -0.9726846824205995 -0.08593211956781853 -0.21563900252718615
    outer loop
      vertex 32.28773975331845 -226.90770455507894 17.90339024334937
      vertex 32.55065208030162 -230 17.94974878015735
      vertex 32.24760382209458 -226.95240193065462 18.102243629035346
    endloop
  endfacet
  facet normal -0.9501891461118425 -0.0859321195678202 -0.2995934869749829
    outer loop
      vertex 32.19101795213443 -227.00732745664652 18.297465317319826
      vertex 32.23779855546941 -226.96325677331194 18.13645544606307
      vertex 32.50174789008869 -230 18.170341326815528
    endloop
  endfacet
  facet normal -0.9501891461118105 -0.08593211956781856 -0.2995934869750852
    outer loop
      vertex 32.24760382209458 -226.95240193065462 18.102243629035346
      vertex 32.50174789008869 -230 18.170341326815528
      vertex 32.23779855546941 -226.96325677331194 18.13645544606307
    endloop
  endfacet
  facet normal -0.9726846824206 -0.08593211956782013 0.2156390025271828
    outer loop
      vertex 32.24703108649954 -226.9455339053355 16.89790983500482
      vertex 32.50174789008869 -230 16.829658673184472
      vertex 32.55065208030162 -230 17.05025121984265
    endloop
  endfacet
  facet normal -0.9877775009730729 -0.08593211956781893 0.13004337506375688
    outer loop
      vertex 32.28745672189211 -226.90437562485926 17.09665966272748
      vertex 32.55065208030162 -230 17.05025121984265
      vertex 32.58014426805762 -230 17.274266626283566
    endloop
  endfacet
  facet normal -0.9953527363067836 -0.08593211956782054 0.04345803899372791
    outer loop
      vertex 32.31170754493665 -226.8788172842399 17.2977517964307
      vertex 32.58014426805762 -230 17.274266626283566
      vertex 32.59 -230 17.5
    endloop
  endfacet
  facet normal -0.9953527363067836 -0.08593211956782026 -0.043458038993727854
    outer loop
      vertex 32.3198495214384 -226.87084387766487 17.5
      vertex 32.59 -230 17.5
      vertex 32.58014426805762 -230 17.725733373716434
    endloop
  endfacet
  facet normal -0.9877775009730729 -0.08593211956781857 -0.1300433750637569
    outer loop
      vertex 32.28773975331845 -226.90770455507894 17.90339024334937
      vertex 32.58014426805762 -230 17.725733373716434
      vertex 32.55065208030162 -230 17.94974878015735
    endloop
  endfacet
  facet normal -0.9726846824206001 -0.08593211956781877 -0.21563900252718268
    outer loop
      vertex 32.24760382209458 -226.95240193065462 18.102243629035346
      vertex 32.55065208030162 -230 17.94974878015735
      vertex 32.50174789008869 -230 18.170341326815528
    endloop
  endfacet
  facet normal -0.9877775009730759 -0.08593211956782057 0.1300433750637333
    outer loop
      vertex 32.28745672189211 -226.90437562485926 17.09665966272748
      vertex 32.58014426805762 -230 17.274266626283566
      vertex 32.31170754493665 -226.8788172842399 17.2977517964307
    endloop
  endfacet
  facet normal -0.9953527363067833 -0.08593211956782024 0.04345803899373214
    outer loop
      vertex 32.31170754493665 -226.8788172842399 17.2977517964307
      vertex 32.59 -230 17.5
      vertex 32.3198495214384 -226.87084387766487 17.5
    endloop
  endfacet
  facet normal -0.9953527363067842 -0.08593211956781927 -0.04345803899371313
    outer loop
      vertex 32.3198495214384 -226.87084387766487 17.5
      vertex 32.58014426805762 -230 17.725733373716434
      vertex 32.31185096202124 -226.88048483151263 17.702260750938358
    endloop
  endfacet
  facet normal -0.9877775009730743 -0.0859321195678193 -0.1300433750637461
    outer loop
      vertex 32.31185096202124 -226.88048483151263 17.702260750938358
      vertex 32.58014426805762 -230 17.725733373716434
      vertex 32.28773975331845 -226.90770455507894 17.90339024334937
    endloop
  endfacet
  facet normal 0 1 0
    outer loop
      vertex 31.56527473170269 -230 19.56043880880916
      vertex 32.50174789008869 -230 18.170341326815528
      vertex 32.55065208030162 -230 17.94974878015735
    endloop
  endfacet
  facet normal 0 1 0
    outer loop
      vertex 32.4338038878355 -230 18.385832171213483
      vertex 31.56527473170269 -230 19.56043880880916
      vertex 32.34733716842492 -230 18.594581297908412
    endloop
  endfacet
  facet normal -0.8402717358711781 -0.08593211956782026 -0.5353121339205933
    outer loop
      vertex 32.12160379470849 -230 18.98556297014921
      vertex 31.978390588469072 -227.97493000441543 18.885284003569186
      vertex 32.24300579580169 -230 18.795
    endloop
  endfacet
  facet normal 0 1 0
    outer loop
      vertex 32.4338038878355 -230 18.385832171213483
      vertex 32.50174789008869 -230 18.170341326815528
      vertex 31.56527473170269 -230 19.56043880880916
    endloop
  endfacet
  facet normal -0.8837297748648882 -0.08593211956781614 -0.4600406023861768
    outer loop
      vertex 32.06142999085113 -227.57144000309188 18.69016716013347
      vertex 32.34733716842492 -230 18.594581297908412
      vertex 32.24300579580169 -230 18.795
    endloop
  endfacet
  facet normal -0.883729774864901 -0.08593211956781861 -0.4600406023861519
    outer loop
      vertex 32.06142999085113 -227.57144000309188 18.69016716013347
      vertex 32.13101470770386 -227.23530393974613 18.493708477843246
      vertex 32.34733716842492 -230 18.594581297908412
    endloop
  endfacet
  facet normal -0.8402717358711576 -0.08593211956781613 -0.5353121339206259
    outer loop
      vertex 31.978390588469072 -227.97493000441543 18.885284003569186
      vertex 32.06142999085113 -227.57144000309188 18.69016716013347
      vertex 32.24300579580169 -230 18.795
    endloop
  endfacet
  facet normal 0 1 0
    outer loop
      vertex 31.56527473170269 -230 19.56043880880916
      vertex 32.55065208030162 -230 17.94974878015735
      vertex 32.58014426805762 -230 17.725733373716434
    endloop
  endfacet
  facet normal -0.9204620966612597 -0.08593211956781845 -0.3812678840874746
    outer loop
      vertex 32.13101470770386 -227.23530393974613 18.493708477843246
      vertex 32.4338038878355 -230 18.385832171213483
      vertex 32.34733716842492 -230 18.594581297908412
    endloop
  endfacet
  facet normal -0.950189146111832 -0.08593211956781766 -0.29959348697501725
    outer loop
      vertex 32.4338038878355 -230 18.385832171213483
      vertex 32.19101795213443 -227.00732745664652 18.297465317319826
      vertex 32.50174789008869 -230 18.170341326815528
    endloop
  endfacet
  facet normal -0.9204620966612481 -0.08593211956781745 -0.38126788408750256
    outer loop
      vertex 32.4338038878355 -230 18.385832171213483
      vertex 32.175591163131 -227.0217663793065 18.337963199317542
      vertex 32.19101795213443 -227.00732745664652 18.297465317319826
    endloop
  endfacet
  facet normal -0.9204620966612569 -0.08593211956781789 -0.38126788408748125
    outer loop
      vertex 32.13101470770386 -227.23530393974613 18.493708477843246
      vertex 32.175591163131 -227.0217663793065 18.337963199317542
      vertex 32.4338038878355 -230 18.385832171213483
    endloop
  endfacet
  facet normal 0.9501891461118335 0.08593211956781907 0.29959348697501226
    outer loop
      vertex -2.201940150830043 -3.014303559920312 16.743379875537343
      vertex -2.5017478900886867 0 16.829658673184472
      vertex -2.2470310864995424 -3.054466094664496 16.89790983500482
    endloop
  endfacet
  facet normal 0.9204620966612619 0.085932119567819 0.3812678840874693
    outer loop
      vertex -2.1930654308728053 -2.9674345352878597 16.701789461364115
      vertex -2.137731805619494 -2.6788485986366757 16.503159287958116
      vertex -2.4338038878355026 0 16.614167828786517
    endloop
  endfacet
  facet normal 0.9501891461118336 0.0859321195678191 0.2995934869750116
    outer loop
      vertex -2.1930654308728053 -2.9674345352878597 16.701789461364115
      vertex -2.5017478900886867 0 16.829658673184472
      vertex -2.201940150830043 -3.014303559920312 16.743379875537343
    endloop
  endfacet
  facet normal 0.8402717358711673 0.0859321195678193 0.53531213392061
    outer loop
      vertex -1.9870947483579997 -1.9019910317746795 16.108621278062802
      vertex -2.1216037947084887 0 16.01443702985079
      vertex -2.243005795801696 0 16.205
    endloop
  endfacet
  facet normal 0.950189146111833 0.08593211956781896 0.29959348697501365
    outer loop
      vertex -2.1930654308728053 -2.9674345352878597 16.701789461364115
      vertex -2.4338038878355026 0 16.614167828786517
      vertex -2.5017478900886867 0 16.829658673184472
    endloop
  endfacet
  facet normal 0.9204620966612618 0.08593211956781896 0.38126788408746964
    outer loop
      vertex -2.137731805619494 -2.6788485986366757 16.503159287958116
      vertex -2.3473371684249233 0 16.405418702091588
      vertex -2.4338038878355026 0 16.614167828786517
    endloop
  endfacet
  facet normal 0.8837297748648918 0.08593211956781897 0.4600406023861694
    outer loop
      vertex -2.069217230032611 -2.324406375958156 16.305336875228857
      vertex -2.3473371684249233 0 16.405418702091588
      vertex -2.137731805619494 -2.6788485986366757 16.503159287958116
    endloop
  endfacet
  facet normal 0.8402717358711635 0.08593211956781846 0.535312133920616
    outer loop
      vertex -2.069217230032611 -2.324406375958156 16.305336875228857
      vertex -1.9870947483579997 -1.9019910317746795 16.108621278062802
      vertex -2.243005795801696 0 16.205
    endloop
  endfacet
  facet normal 0.8837297748648896 0.08593211956781854 0.46004060238617356
    outer loop
      vertex -2.069217230032611 -2.324406375958156 16.305336875228857
      vertex -2.243005795801696 0 16.205
      vertex -2.3473371684249233 0 16.405418702091588
    endloop
  endfacet
  facet normal 0.7904187215975197 0.08593211956781935 0.6065096168856062
    outer loop
      vertex -1.9870947483579997 -1.9019910317746795 16.108621278062802
      vertex -1.8908629027300998 -1.4091171851135498 15.913377635712372
      vertex -2.1216037947084887 0 16.01443702985079
    endloop
  endfacet
  facet normal 0.7904187215975165 0.08593211956781853 0.6065096168856102
    outer loop
      vertex -1.8908629027300998 -1.4091171851135498 15.913377635712372
      vertex -1.984055107678153 0 15.835180090911864
      vertex -2.1216037947084887 0 16.01443702985079
    endloop
  endfacet
  facet normal 0.7345501435846469 0.08593211956781885 0.6730911954455775
    outer loop
      vertex -1.7799476238222285 -0.8429412750213223 15.72005237617777
      vertex -1.8314065632731582 0 15.668593436726841
      vertex -1.984055107678153 0 15.835180090911864
    endloop
  endfacet
  facet normal 0.6730911954455769 0.08593211956781886 0.7345501435846474
    outer loop
      vertex -1.7799476238222285 -0.8429412750213223 15.72005237617777
      vertex -1.6537056020138479 -0.20027944789012408 15.529190407706826
      vertex -1.8314065632731582 0 15.668593436726841
    endloop
  endfacet
  facet normal 0.734550143584646 0.08593211956781849 0.6730911954455786
    outer loop
      vertex -1.8908629027300998 -1.4091171851135498 15.913377635712372
      vertex -1.7799476238222285 -0.8429412750213223 15.72005237617777
      vertex -1.984055107678153 0 15.835180090911864
    endloop
  endfacet
  facet normal 0.6730911954455773 0.0859321195678192 0.7345501435846473
    outer loop
      vertex -1.6537056020138479 -0.20027944789012408 15.529190407706826
      vertex -1.6648199090881366 0 15.515944892321848
      vertex -1.8314065632731582 0 15.668593436726841
    endloop
  endfacet
  facet normal 0.6065096168856017 0.0859321195678191 0.790418721597523
    outer loop
      vertex -1.6537056020138479 -0.20027944789012408 15.529190407706826
      vertex -1.6142740807578997 0 15.477159714114306
      vertex -1.6648199090881366 0 15.515944892321848
    endloop
  endfacet
  facet normal 0.987777500973075 0.08593211956781903 0.13004337506374097
    outer loop
      vertex -2.311707544936655 -3.121182715760113 17.2977517964307
      vertex -2.2874567218921147 -3.0956243751407353 17.09665966272748
      vertex -2.5801442680576208 0 17.274266626283566
    endloop
  endfacet
  facet normal 0.995352736306784 0.08593211956781907 0.04345803899372083
    outer loop
      vertex -2.311707544936655 -3.121182715760113 17.2977517964307
      vertex -2.59 0 17.5
      vertex -2.3198495214384 -3.129156122335131 17.5
    endloop
  endfacet
  facet normal 0.9953527363067839 0.08593211956781913 -0.04345803899372282
    outer loop
      vertex -2.3198495214384 -3.129156122335131 17.5
      vertex -2.5801442680576208 0 17.725733373716434
      vertex -2.311850962021237 -3.1195151684873745 17.702260750938358
    endloop
  endfacet
  facet normal 0.9877775009730754 0.08593211956781917 -0.13004337506373903
    outer loop
      vertex -2.311850962021237 -3.1195151684873745 17.702260750938358
      vertex -2.5801442680576208 0 17.725733373716434
      vertex -2.2877397533184465 -3.092295444921077 17.90339024334937
    endloop
  endfacet
  facet normal 0.9877775009730749 0.085932119567819 0.13004337506374142
    outer loop
      vertex -2.2874567218921147 -3.0956243751407353 17.09665966272748
      vertex -2.5506520803016186 0 17.05025121984265
      vertex -2.5801442680576208 0 17.274266626283566
    endloop
  endfacet
  facet normal 0.9726846824205985 0.08593211956781903 0.2156390025271903
    outer loop
      vertex -2.2470310864995424 -3.054466094664496 16.89790983500482
      vertex -2.5017478900886867 0 16.829658673184472
      vertex -2.5506520803016186 0 17.05025121984265
    endloop
  endfacet
  facet normal 0.9953527363067839 0.08593211956781897 0.04345803899372213
    outer loop
      vertex -2.311707544936655 -3.121182715760113 17.2977517964307
      vertex -2.5801442680576208 0 17.274266626283566
      vertex -2.59 0 17.5
    endloop
  endfacet
  facet normal 0.995352736306784 0.08593211956781906 -0.0434580389937221
    outer loop
      vertex -2.3198495214384 -3.129156122335131 17.5
      vertex -2.59 0 17.5
      vertex -2.5801442680576208 0 17.725733373716434
    endloop
  endfacet
  facet normal 0.987777500973075 0.08593211956781897 -0.13004337506374142
    outer loop
      vertex -2.2877397533184465 -3.092295444921077 17.90339024334937
      vertex -2.5801442680576208 0 17.725733373716434
      vertex -2.5506520803016186 0 17.94974878015735
    endloop
  endfacet
  facet normal 0.9726846824205985 0.08593211956781907 -0.21563900252719026
    outer loop
      vertex -2.24760382209458 -3.047598069345394 18.102243629035346
      vertex -2.5506520803016186 0 17.94974878015735
      vertex -2.5017478900886867 0 18.170341326815528
    endloop
  endfacet
  facet normal 0.9726846824205982 0.08593211956781893 0.21563900252719095
    outer loop
      vertex -2.2579191063304815 -3.064047269044893 16.95084061561564
      vertex -2.5506520803016186 0 17.05025121984265
      vertex -2.2874567218921147 -3.0956243751407353 17.09665966272748
    endloop
  endfacet
  facet normal 0.972684682420598 0.08593211956781885 0.21563900252719287
    outer loop
      vertex -2.2470310864995424 -3.054466094664496 16.89790983500482
      vertex -2.5506520803016186 0 17.05025121984265
      vertex -2.2579191063304815 -3.064047269044893 16.95084061561564
    endloop
  endfacet
  facet normal 0.9726846824205981 0.08593211956781896 -0.21563900252719145
    outer loop
      vertex -2.2877397533184465 -3.092295444921077 17.90339024334937
      vertex -2.5506520803016186 0 17.94974878015735
      vertex -2.24760382209458 -3.047598069345394 18.102243629035346
    endloop
  endfacet
  facet normal 0.9501891461118351 0.08593211956781911 -0.2995934869750071
    outer loop
      vertex -2.24760382209458 -3.047598069345394 18.102243629035346
      vertex -2.5017478900886867 0 18.170341326815528
      vertex -2.237798555469412 -3.036743226688065 18.13645544606307
    endloop
  endfacet
  facet normal 0.9501891461118346 0.08593211956781908 -0.2995934869750088
    outer loop
      vertex -2.237798555469412 -3.036743226688065 18.13645544606307
      vertex -2.5017478900886867 0 18.170341326815528
      vertex -2.1910179521344286 -2.9926725433534647 18.297465317319826
    endloop
  endfacet
  facet normal 0.9204620966612511 0.08593211956781857 -0.3812678840874954
    outer loop
      vertex -2.1910179521344286 -2.9926725433534647 18.297465317319826
      vertex -2.4338038878355026 0 18.385832171213483
      vertex -2.175591163130999 -2.9782336206934965 18.337963199317542
    endloop
  endfacet
  facet normal 0.9204620966612607 0.08593211956781903 -0.38126788408747203
    outer loop
      vertex -2.175591163130999 -2.9782336206934965 18.337963199317542
      vertex -2.4338038878355026 0 18.385832171213483
      vertex -2.131014707703861 -2.7646960602538755 18.493708477843246
    endloop
  endfacet
  facet normal 0.950189146111833 0.08593211956781872 -0.29959348697501365
    outer loop
      vertex -2.1910179521344286 -2.9926725433534647 18.297465317319826
      vertex -2.5017478900886867 0 18.170341326815528
      vertex -2.4338038878355026 0 18.385832171213483
    endloop
  endfacet
  facet normal 0.9204620966612618 0.08593211956781925 -0.38126788408746953
    outer loop
      vertex -2.131014707703861 -2.7646960602538755 18.493708477843246
      vertex -2.4338038878355026 0 18.385832171213483
      vertex -2.3473371684249233 0 18.594581297908412
    endloop
  endfacet
  facet normal 0.8837297748648931 0.08593211956781932 -0.46004060238616695
    outer loop
      vertex -2.131014707703861 -2.7646960602538755 18.493708477843246
      vertex -2.3473371684249233 0 18.594581297908412
      vertex -2.061429990851128 -2.428559996908108 18.69016716013347
    endloop
  endfacet
  facet normal 0.840271735871163 0.08593211956781859 -0.535312133920617
    outer loop
      vertex -2.061429990851128 -2.428559996908108 18.69016716013347
      vertex -2.243005795801696 0 18.795
      vertex -1.9783905884690705 -2.0250699955845803 18.885284003569186
    endloop
  endfacet
  facet normal 0.8837297748648897 0.08593211956781864 -0.46004060238617356
    outer loop
      vertex -2.061429990851128 -2.428559996908108 18.69016716013347
      vertex -2.3473371684249233 0 18.594581297908412
      vertex -2.243005795801696 0 18.795
    endloop
  endfacet
  facet normal 0.8402717358711675 0.08593211956781949 -0.53531213392061
    outer loop
      vertex -1.9783905884690705 -2.0250699955845803 18.885284003569186
      vertex -2.243005795801696 0 18.795
      vertex -2.1216037947084887 0 18.98556297014921
    endloop
  endfacet
  facet normal 0.7904187215975176 0.08593211956781953 -0.6065096168856089
    outer loop
      vertex -1.9783905884690705 -2.0250699955845803 18.885284003569186
      vertex -2.1216037947084887 0 18.98556297014921
      vertex -1.881423822541512 -1.5518412478483863 19.07870203558273
    endloop
  endfacet
  facet normal 0.7904187215975192 0.08593211956781995 -0.6065096168856066
    outer loop
      vertex -1.881423822541512 -1.5518412478483863 19.07870203558273
      vertex -2.1216037947084887 0 18.98556297014921
      vertex -1.984055107678153 0 19.164819909088138
    endloop
  endfacet
  facet normal 0.7345501435846487 0.08593211956782008 -0.6730911954455755
    outer loop
      vertex -1.881423822541512 -1.5518412478483863 19.07870203558273
      vertex -1.984055107678153 0 19.164819909088138
      vertex -1.7699856263339466 -1.0061272822366296 19.26998562633395
    endloop
  endfacet
  facet normal 0.7345501435846435 0.08593211956781838 -0.6730911954455814
    outer loop
      vertex -1.7699856263339466 -1.0061272822366296 19.26998562633395
      vertex -1.984055107678153 0 19.164819909088138
      vertex -1.8314065632731582 0 19.33140656327316
    endloop
  endfacet
  facet normal 0.6730911954455772 0.0859321195678183 -0.7345501435846473
    outer loop
      vertex -1.7699856263339466 -1.0061272822366296 19.26998562633395
      vertex -1.8314065632731582 0 19.33140656327316
      vertex -1.6648199090881366 0 19.484055107678152
    endloop
  endfacet
  facet normal 0.6730911954455858 0.08593211956781575 -0.7345501435846397
    outer loop
      vertex -1.7699856263339466 -1.0061272822366296 19.26998562633395
      vertex -1.6648199090881366 0 19.484055107678152
      vertex -1.643463849240941 -0.38483549597072353 19.4586039466316
    endloop
  endfacet
  facet normal 0.606509616885608 0.0859321195678156 -0.7904187215975186
    outer loop
      vertex -1.643463849240941 -0.38483549597072353 19.4586039466316
      vertex -1.6648199090881366 0 19.484055107678152
      vertex -1.565274731702689 0 19.56043880880916
    endloop
  endfacet
  facet normal -0.6065096168856017 0.0859321195678191 0.790418721597523
    outer loop
      vertex 1.6537056020138479 -0.20027944789012408 15.529190407706826
      vertex 1.6648199090881366 0 15.515944892321848
      vertex 1.6142740807578997 0 15.477159714114306
    endloop
  endfacet
  facet normal -0.6730911954455762 0.0859321195678192 0.7345501435846481
    outer loop
      vertex 1.6537056020138479 -0.20027944789012408 15.529190407706826
      vertex 1.7799476238222285 -0.8429412750213223 15.72005237617777
      vertex 1.6648199090881366 0 15.515944892321848
    endloop
  endfacet
  facet normal -0.6730911954455772 0.08593211956781885 0.7345501435846472
    outer loop
      vertex 1.7799476238222285 -0.8429412750213223 15.72005237617777
      vertex 1.8314065632731582 0 15.668593436726841
      vertex 1.6648199090881366 0 15.515944892321848
    endloop
  endfacet
  facet normal -0.7345501435846469 0.08593211956781885 0.6730911954455775
    outer loop
      vertex 1.7799476238222285 -0.8429412750213223 15.72005237617777
      vertex 1.984055107678153 0 15.835180090911864
      vertex 1.8314065632731582 0 15.668593436726841
    endloop
  endfacet
  facet normal -0.606509616885608 0.0859321195678156 -0.7904187215975186
    outer loop
      vertex 1.643463849240941 -0.38483549597072353 19.4586039466316
      vertex 1.565274731702689 0 19.56043880880916
      vertex 1.6648199090881366 0 19.484055107678152
    endloop
  endfacet
  facet normal -0.7345501435846435 0.08593211956781838 -0.6730911954455814
    outer loop
      vertex 1.7699856263339466 -1.0061272822366296 19.26998562633395
      vertex 1.8314065632731582 0 19.33140656327316
      vertex 1.984055107678153 0 19.164819909088138
    endloop
  endfacet
  facet normal -0.6730911954455804 0.08593211956781831 -0.7345501435846445
    outer loop
      vertex 1.7699856263339466 -1.0061272822366296 19.26998562633395
      vertex 1.643463849240941 -0.38483549597072353 19.4586039466316
      vertex 1.8314065632731582 0 19.33140656327316
    endloop
  endfacet
  facet normal -0.6730911954455774 0.08593211956781587 -0.7345501435846475
    outer loop
      vertex 1.643463849240941 -0.38483549597072353 19.4586039466316
      vertex 1.6648199090881366 0 19.484055107678152
      vertex 1.8314065632731582 0 19.33140656327316
    endloop
  endfacet
  facet normal -0.7904187215975197 0.08593211956781936 0.6065096168856061
    outer loop
      vertex 1.8908629027300998 -1.4091171851135498 15.913377635712372
      vertex 1.9870947483579997 -1.9019910317746795 16.108621278062802
      vertex 2.1216037947084887 0 16.01443702985079
    endloop
  endfacet
  facet normal -0.734550143584646 0.08593211956781849 0.6730911954455786
    outer loop
      vertex 1.7799476238222285 -0.8429412750213223 15.72005237617777
      vertex 1.8908629027300998 -1.4091171851135498 15.913377635712372
      vertex 1.984055107678153 0 15.835180090911864
    endloop
  endfacet
  facet normal -0.7904187215975165 0.08593211956781853 0.6065096168856102
    outer loop
      vertex 1.8908629027300998 -1.4091171851135498 15.913377635712372
      vertex 2.1216037947084887 0 16.01443702985079
      vertex 1.984055107678153 0 15.835180090911864
    endloop
  endfacet
  facet normal -0.8402717358711673 0.0859321195678193 0.53531213392061
    outer loop
      vertex 1.9870947483579997 -1.9019910317746795 16.108621278062802
      vertex 2.243005795801696 0 16.205
      vertex 2.1216037947084887 0 16.01443702985079
    endloop
  endfacet
  facet normal -0.8402717358711635 0.08593211956781846 0.535312133920616
    outer loop
      vertex 1.9870947483579997 -1.9019910317746795 16.108621278062802
      vertex 2.069217230032611 -2.324406375958156 16.305336875228857
      vertex 2.243005795801696 0 16.205
    endloop
  endfacet
  facet normal -0.8837297748648918 0.08593211956781897 0.4600406023861694
    outer loop
      vertex 2.069217230032611 -2.324406375958156 16.305336875228857
      vertex 2.137731805619494 -2.6788485986366757 16.503159287958116
      vertex 2.3473371684249233 0 16.405418702091588
    endloop
  endfacet
  facet normal -0.9204620966612619 0.085932119567819 0.3812678840874693
    outer loop
      vertex 2.1930654308728053 -2.9674345352878597 16.701789461364115
      vertex 2.4338038878355026 0 16.614167828786517
      vertex 2.137731805619494 -2.6788485986366757 16.503159287958116
    endloop
  endfacet
  facet normal -0.9501891461118335 0.08593211956781907 0.29959348697501226
    outer loop
      vertex 2.201940150830043 -3.014303559920312 16.743379875537343
      vertex 2.2470310864995424 -3.054466094664496 16.89790983500482
      vertex 2.5017478900886867 0 16.829658673184472
    endloop
  endfacet
  facet normal -0.9501891461118336 0.0859321195678191 0.2995934869750116
    outer loop
      vertex 2.1930654308728053 -2.9674345352878597 16.701789461364115
      vertex 2.201940150830043 -3.014303559920312 16.743379875537343
      vertex 2.5017478900886867 0 16.829658673184472
    endloop
  endfacet
  facet normal -0.8837297748648896 0.08593211956781854 0.46004060238617356
    outer loop
      vertex 2.069217230032611 -2.324406375958156 16.305336875228857
      vertex 2.3473371684249233 0 16.405418702091588
      vertex 2.243005795801696 0 16.205
    endloop
  endfacet
  facet normal -0.9204620966612618 0.08593211956781896 0.38126788408746964
    outer loop
      vertex 2.137731805619494 -2.6788485986366757 16.503159287958116
      vertex 2.4338038878355026 0 16.614167828786517
      vertex 2.3473371684249233 0 16.405418702091588
    endloop
  endfacet
  facet normal -0.950189146111833 0.08593211956781896 0.29959348697501365
    outer loop
      vertex 2.1930654308728053 -2.9674345352878597 16.701789461364115
      vertex 2.5017478900886867 0 16.829658673184472
      vertex 2.4338038878355026 0 16.614167828786517
    endloop
  endfacet
  facet normal -0.972684682420598 0.08593211956781885 0.21563900252719287
    outer loop
      vertex 2.2470310864995424 -3.054466094664496 16.89790983500482
      vertex 2.2579191063304815 -3.064047269044893 16.95084061561564
      vertex 2.5506520803016186 0 17.05025121984265
    endloop
  endfacet
  facet normal -0.9726846824205982 0.08593211956781893 0.21563900252719095
    outer loop
      vertex 2.2579191063304815 -3.064047269044893 16.95084061561564
      vertex 2.2874567218921147 -3.0956243751407353 17.09665966272748
      vertex 2.5506520803016186 0 17.05025121984265
    endloop
  endfacet
  facet normal -0.987777500973075 0.08593211956781902 0.13004337506374097
    outer loop
      vertex 2.2874567218921147 -3.0956243751407353 17.09665966272748
      vertex 2.311707544936655 -3.121182715760113 17.2977517964307
      vertex 2.5801442680576208 0 17.274266626283566
    endloop
  endfacet
  facet normal -0.9953527363067841 0.08593211956781899 0.043458038993720825
    outer loop
      vertex 2.311707544936655 -3.121182715760113 17.2977517964307
      vertex 2.3198495214384 -3.129156122335131 17.5
      vertex 2.5801442680576208 0 17.274266626283566
    endloop
  endfacet
  facet normal -0.995352736306784 0.08593211956781906 -0.04345803899372282
    outer loop
      vertex 2.3198495214384 -3.129156122335131 17.5
      vertex 2.311850962021237 -3.1195151684873745 17.702260750938358
      vertex 2.59 0 17.5
    endloop
  endfacet
  facet normal -0.9726846824205981 0.08593211956781897 -0.21563900252719148
    outer loop
      vertex 2.24760382209458 -3.047598069345394 18.102243629035346
      vertex 2.5506520803016186 0 17.94974878015735
      vertex 2.2877397533184465 -3.092295444921077 17.90339024334937
    endloop
  endfacet
  facet normal -0.9501891461118346 0.08593211956781908 -0.2995934869750088
    outer loop
      vertex 2.1910179521344286 -2.9926725433534647 18.297465317319826
      vertex 2.5017478900886867 0 18.170341326815528
      vertex 2.237798555469412 -3.036743226688065 18.13645544606307
    endloop
  endfacet
  facet normal -0.9501891461118351 0.08593211956781911 -0.2995934869750071
    outer loop
      vertex 2.24760382209458 -3.047598069345394 18.102243629035346
      vertex 2.237798555469412 -3.036743226688065 18.13645544606307
      vertex 2.5017478900886867 0 18.170341326815528
    endloop
  endfacet
  facet normal -0.9877775009730754 0.08593211956781917 -0.13004337506373903
    outer loop
      vertex 2.311850962021237 -3.1195151684873745 17.702260750938358
      vertex 2.2877397533184465 -3.092295444921077 17.90339024334937
      vertex 2.5801442680576208 0 17.725733373716434
    endloop
  endfacet
  facet normal -0.9726846824205985 0.08593211956781903 0.2156390025271903
    outer loop
      vertex 2.2470310864995424 -3.054466094664496 16.89790983500482
      vertex 2.5506520803016186 0 17.05025121984265
      vertex 2.5017478900886867 0 16.829658673184472
    endloop
  endfacet
  facet normal -0.9877775009730749 0.085932119567819 0.13004337506374142
    outer loop
      vertex 2.2874567218921147 -3.0956243751407353 17.09665966272748
      vertex 2.5801442680576208 0 17.274266626283566
      vertex 2.5506520803016186 0 17.05025121984265
    endloop
  endfacet
  facet normal -0.995352736306784 0.08593211956781906 0.0434580389937221
    outer loop
      vertex 2.3198495214384 -3.129156122335131 17.5
      vertex 2.59 0 17.5
      vertex 2.5801442680576208 0 17.274266626283566
    endloop
  endfacet
  facet normal -0.995352736306784 0.08593211956781911 -0.04345803899372201
    outer loop
      vertex 2.311850962021237 -3.1195151684873745 17.702260750938358
      vertex 2.5801442680576208 0 17.725733373716434
      vertex 2.59 0 17.5
    endloop
  endfacet
  facet normal -0.987777500973075 0.08593211956781897 -0.13004337506374142
    outer loop
      vertex 2.2877397533184465 -3.092295444921077 17.90339024334937
      vertex 2.5506520803016186 0 17.94974878015735
      vertex 2.5801442680576208 0 17.725733373716434
    endloop
  endfacet
  facet normal -0.9726846824205985 0.08593211956781907 -0.21563900252719026
    outer loop
      vertex 2.24760382209458 -3.047598069345394 18.102243629035346
      vertex 2.5017478900886867 0 18.170341326815528
      vertex 2.5506520803016186 0 17.94974878015735
    endloop
  endfacet
  facet normal -0.7904187215975176 0.08593211956781953 -0.6065096168856089
    outer loop
      vertex 1.881423822541512 -1.5518412478483863 19.07870203558273
      vertex 2.1216037947084887 0 18.98556297014921
      vertex 1.9783905884690705 -2.0250699955845803 18.885284003569186
    endloop
  endfacet
  facet normal -0.8837297748648931 0.0859321195678193 -0.46004060238616695
    outer loop
      vertex 2.061429990851128 -2.428559996908108 18.69016716013347
      vertex 2.3473371684249233 0 18.594581297908412
      vertex 2.131014707703861 -2.7646960602538755 18.493708477843246
    endloop
  endfacet
  facet normal -0.840271735871163 0.08593211956781859 -0.535312133920617
    outer loop
      vertex 2.061429990851128 -2.428559996908108 18.69016716013347
      vertex 1.9783905884690705 -2.0250699955845803 18.885284003569186
      vertex 2.243005795801696 0 18.795
    endloop
  endfacet
  facet normal -0.8402717358711675 0.08593211956781949 -0.53531213392061
    outer loop
      vertex 1.9783905884690705 -2.0250699955845803 18.885284003569186
      vertex 2.1216037947084887 0 18.98556297014921
      vertex 2.243005795801696 0 18.795
    endloop
  endfacet
  facet normal -0.7345501435846487 0.08593211956782008 -0.6730911954455755
    outer loop
      vertex 1.881423822541512 -1.5518412478483863 19.07870203558273
      vertex 1.7699856263339466 -1.0061272822366296 19.26998562633395
      vertex 1.984055107678153 0 19.164819909088138
    endloop
  endfacet
  facet normal -0.7904187215975192 0.08593211956781995 -0.6065096168856066
    outer loop
      vertex 1.881423822541512 -1.5518412478483863 19.07870203558273
      vertex 1.984055107678153 0 19.164819909088138
      vertex 2.1216037947084887 0 18.98556297014921
    endloop
  endfacet
  facet normal -0.9204620966612511 0.08593211956781857 -0.3812678840874954
    outer loop
      vertex 2.175591163130999 -2.9782336206934965 18.337963199317542
      vertex 2.4338038878355026 0 18.385832171213483
      vertex 2.1910179521344286 -2.9926725433534647 18.297465317319826
    endloop
  endfacet
  facet normal -0.9204620966612607 0.08593211956781903 -0.38126788408747203
    outer loop
      vertex 2.175591163130999 -2.9782336206934965 18.337963199317542
      vertex 2.131014707703861 -2.7646960602538755 18.493708477843246
      vertex 2.4338038878355026 0 18.385832171213483
    endloop
  endfacet
  facet normal -0.9204620966612618 0.08593211956781925 -0.38126788408746953
    outer loop
      vertex 2.131014707703861 -2.7646960602538755 18.493708477843246
      vertex 2.3473371684249233 0 18.594581297908412
      vertex 2.4338038878355026 0 18.385832171213483
    endloop
  endfacet
  facet normal -0.8837297748648897 0.08593211956781864 -0.46004060238617356
    outer loop
      vertex 2.061429990851128 -2.428559996908108 18.69016716013347
      vertex 2.243005795801696 0 18.795
      vertex 2.3473371684249233 0 18.594581297908412
    endloop
  endfacet
  facet normal -0.950189146111833 0.08593211956781872 -0.29959348697501365
    outer loop
      vertex 2.1910179521344286 -2.9926725433534647 18.297465317319826
      vertex 2.4338038878355026 0 18.385832171213483
      vertex 2.5017478900886867 0 18.170341326815528
    endloop
  endfacet
  facet normal 0 0 -1
    outer loop
      vertex -6 -58.21091654199731 0
      vertex -6 0 0
      vertex -3.5863009095191956 -5.6862393245100975 0
    endloop
  endfacet
  facet normal 0 0 -1
    outer loop
      vertex -6 -58.21091654199731 0
      vertex -3.5863009095191956 -6.3137606754899025 0
      vertex -3.5453079119324684 -6.625133439898491 0
    endloop
  endfacet
  facet normal 0 0 -1
    outer loop
      vertex -6 -58.21091654199731 0
      vertex -3.600000001490116 -6 0
      vertex -3.5863009095191956 -6.3137606754899025 0
    endloop
  endfacet
  facet normal 0 0 -1
    outer loop
      vertex -6 -58.21091654199731 0
      vertex -3.5863009095191956 -5.6862393245100975 0
      vertex -3.600000001490116 -6 0
    endloop
  endfacet
  facet normal 0 0 -1
    outer loop
      vertex -6 -58.21091654199731 0
      vertex -3.3828934356570244 -7.231272518634796 0
      vertex -3.262708030641079 -7.521425738930702 0
    endloop
  endfacet
  facet normal 0 0 -1
    outer loop
      vertex -6 -58.21091654199731 0
      vertex -3.5453079119324684 -6.625133439898491 0
      vertex -3.4773329719901085 -6.931748561561108 0
    endloop
  endfacet
  facet normal 0 0 -1
    outer loop
      vertex -6 -58.21091654199731 0
      vertex -3.4773329719901085 -6.931748561561108 0
      vertex -3.3828934356570244 -7.231272518634796 0
    endloop
  endfacet
  facet normal 0 0 -1
    outer loop
      vertex -6 -58.21091654199731 0
      vertex -3.262708030641079 -7.521425738930702 0
      vertex -3.117691457271576 -7.799999997019768 0
    endloop
  endfacet
  facet normal 0 0 -1
    outer loop
      vertex -6 -58.21091654199731 0
      vertex -2.545584410429001 -8.545584410429 0
      vertex -2.3140353932976723 -8.757759995758533 0
    endloop
  endfacet
  facet normal 0 0 -1
    outer loop
      vertex -6 -58.21091654199731 0
      vertex -2.3140353932976723 -8.757759995758533 0
      vertex -2.0648751705884933 -8.948947362601757 0
    endloop
  endfacet
  facet normal 0 0 -1
    outer loop
      vertex -6 -58.21091654199731 0
      vertex -3.117691457271576 -7.799999997019768 0
      vertex -2.948947362601757 -8.064875170588493 0
    endloop
  endfacet
  facet normal 0 0 -1
    outer loop
      vertex -6 -58.21091654199731 0
      vertex -2.948947362601757 -8.064875170588493 0
      vertex -2.7577599957585335 -8.314035393297672 0
    endloop
  endfacet
  facet normal 0 0 -1
    outer loop
      vertex -6 -58.21091654199731 0
      vertex -2.7577599957585335 -8.314035393297672 0
      vertex -2.545584410429001 -8.545584410429 0
    endloop
  endfacet
  facet normal 0 0 -1
    outer loop
      vertex -6 0 0
      vertex -3.5453079119324684 -5.374866560101509 0
      vertex -3.5863009095191956 -5.6862393245100975 0
    endloop
  endfacet
  facet normal 0 0 -1
    outer loop
      vertex -6 0 0
      vertex -3.4773329719901085 -5.068251438438892 0
      vertex -3.5453079119324684 -5.374866560101509 0
    endloop
  endfacet
  facet normal 0 0 -1
    outer loop
      vertex -6 0 0
      vertex -3.3828934356570244 -4.768727481365204 0
      vertex -3.4773329719901085 -5.068251438438892 0
    endloop
  endfacet
  facet normal 0 0 -1
    outer loop
      vertex -6 0 0
      vertex -3.262708030641079 -4.478574261069298 0
      vertex -3.3828934356570244 -4.768727481365204 0
    endloop
  endfacet
  facet normal 0 0 -1
    outer loop
      vertex -6 0 0
      vertex -3.117691457271576 -4.200000002980232 0
      vertex -3.262708030641079 -4.478574261069298 0
    endloop
  endfacet
  facet normal 0 0 -1
    outer loop
      vertex -6 0 0
      vertex -2.948947362601757 -3.9351248294115067 0
      vertex -3.117691457271576 -4.200000002980232 0
    endloop
  endfacet
  facet normal 0 0 -1
    outer loop
      vertex -6 0 0
      vertex -2.7577599957585335 -3.6859646067023277 0
      vertex -2.948947362601757 -3.9351248294115067 0
    endloop
  endfacet
  facet normal 0 0 -1
    outer loop
      vertex -6 0 0
      vertex -2.545584410429001 -3.454415589570999 0
      vertex -2.7577599957585335 -3.6859646067023277 0
    endloop
  endfacet
  facet normal 0 0 -1
    outer loop
      vertex -6 0 0
      vertex -2.4786087349057198 -3.39304368942976 0
      vertex -2.545584410429001 -3.454415589570999 0
    endloop
  endfacet
  facet normal 0 0 -1
    outer loop
      vertex -6 0 0
      vertex -1.7999999970197678 0 0
      vertex -2.4786087349057198 -3.39304368942976 0
    endloop
  endfacet
  facet normal 0 1 0
    outer loop
      vertex -6 0 0
      vertex -2.5017478900886867 0 16.829658673184472
      vertex -2.4338038878355026 0 16.614167828786517
    endloop
  endfacet
  facet normal 0 1 0
    outer loop
      vertex -6 0 0
      vertex -2.4338038878355026 0 16.614167828786517
      vertex -2.3473371684249233 0 16.405418702091588
    endloop
  endfacet
  facet normal 0 1 0
    outer loop
      vertex -6 0 0
      vertex -2.3473371684249233 0 16.405418702091588
      vertex -2.243005795801696 0 16.205
    endloop
  endfacet
  facet normal 0 1 0
    outer loop
      vertex -6 0 0
      vertex -2.243005795801696 0 16.205
      vertex -2.1216037947084887 0 16.01443702985079
    endloop
  endfacet
  facet normal 0 0 -1
    outer loop
      vertex -6 -58.21091654199731 0
      vertex -2.0648751705884933 -8.948947362601757 0
      vertex -0.6000000014901161 -12 0
    endloop
  endfacet
  facet normal 0 0 -1
    outer loop
      vertex -6 -58.21091654199731 0
      vertex -0.6000000014901161 -12 0
      vertex 0.6000000014901161 -12 0
    endloop
  endfacet
  facet normal 0 0 -1
    outer loop
      vertex -6 -58.21091654199731 0
      vertex 0.6000000014901161 -12 0
      vertex 2.3140353932976723 -8.757759995758533 0
    endloop
  endfacet
  facet normal 0 1 0
    outer loop
      vertex -6 0 0
      vertex -1.6142740807578997 0 15.477159714114306
      vertex -1.7999999970197678 0 0
    endloop
  endfacet
  facet normal 0 0 -1
    outer loop
      vertex -0.6000000014901161 -12 0
      vertex -2.0648751705884933 -8.948947362601757 0
      vertex -1.7999999970197678 -9.117691457271576 0
    endloop
  endfacet
  facet normal 0 0 -1
    outer loop
      vertex -0.6000000014901161 -12 0
      vertex -1.7999999970197678 -9.117691457271576 0
      vertex -1.5214257389307022 -9.262708030641079 0
    endloop
  endfacet
  facet normal 0 0 -1
    outer loop
      vertex -0.6000000014901161 -12 0
      vertex -1.5214257389307022 -9.262708030641079 0
      vertex -1.2312725186347961 -9.382893435657024 0
    endloop
  endfacet
  facet normal 0 0 -1
    outer loop
      vertex -0.6000000014901161 -12 0
      vertex -1.2312725186347961 -9.382893435657024 0
      vertex -0.9317485615611076 -9.477332971990108 0
    endloop
  endfacet
  facet normal 0 1 0
    outer loop
      vertex -6 0 0
      vertex -1.984055107678153 0 15.835180090911864
      vertex -1.8314065632731582 0 15.668593436726841
    endloop
  endfacet
  facet normal 0 1 0
    outer loop
      vertex -6 0 0
      vertex -1.8314065632731582 0 15.668593436726841
      vertex -1.6648199090881366 0 15.515944892321848
    endloop
  endfacet
  facet normal 0 1 0
    outer loop
      vertex -6 0 0
      vertex -1.6648199090881366 0 15.515944892321848
      vertex -1.6142740807578997 0 15.477159714114306
    endloop
  endfacet
  facet normal 0 1 0
    outer loop
      vertex -6 0 0
      vertex -2.1216037947084887 0 16.01443702985079
      vertex -1.984055107678153 0 15.835180090911864
    endloop
  endfacet
  facet normal 0 1 0
    outer loop
      vertex -6 0 0
      vertex -2.5801442680576208 0 17.274266626283566
      vertex -2.5506520803016186 0 17.05025121984265
    endloop
  endfacet
  facet normal 0 1 0
    outer loop
      vertex -6 0 0
      vertex -2.59 0 17.5
      vertex -2.5801442680576208 0 17.274266626283566
    endloop
  endfacet
  facet normal 0 1 0
    outer loop
      vertex -6 0 0
      vertex -2.5506520803016186 0 17.05025121984265
      vertex -2.5017478900886867 0 16.829658673184472
    endloop
  endfacet
  facet normal 6.2303237305880256e-15 -1.2843619239892326e-15 -1
    outer loop
      vertex -6 -58.21091654199731 0
      vertex 6 0 0
      vertex 5.999999999999997 -58.21091654199726 7.476388476705622e-14
    endloop
  endfacet
  facet normal 0 0 -1
    outer loop
      vertex -6 -58.21091654199731 0
      vertex 2.3140353932976723 -8.757759995758533 0
      vertex 2.545584410429001 -8.545584410429 0
    endloop
  endfacet
  facet normal 0 0 -1
    outer loop
      vertex -6 -58.21091654199731 0
      vertex 2.545584410429001 -8.545584410429 0
      vertex 2.7577599957585335 -8.314035393297672 0
    endloop
  endfacet
  facet normal 0 0 -1
    outer loop
      vertex -6 -58.21091654199731 0
      vertex 2.7577599957585335 -8.314035393297672 0
      vertex 2.948947362601757 -8.064875170588493 0
    endloop
  endfacet
  facet normal 0 0 -1
    outer loop
      vertex -6 -58.21091654199731 0
      vertex 2.948947362601757 -8.064875170588493 0
      vertex 3.117691457271576 -7.799999997019768 0
    endloop
  endfacet
  facet normal 0 0 -1
    outer loop
      vertex -6 -58.21091654199731 0
      vertex 3.117691457271576 -7.799999997019768 0
      vertex 3.262708030641079 -7.521425738930702 0
    endloop
  endfacet
  facet normal 0 0 -1
    outer loop
      vertex -6 -58.21091654199731 0
      vertex 3.262708030641079 -7.521425738930702 0
      vertex 3.3828934356570244 -7.231272518634796 0
    endloop
  endfacet
  facet normal 0 0 -1
    outer loop
      vertex -6 -58.21091654199731 0
      vertex 3.3828934356570244 -7.231272518634796 0
      vertex 3.4773329719901085 -6.931748561561108 0
    endloop
  endfacet
  facet normal 0 0 -1
    outer loop
      vertex -6 -58.21091654199731 0
      vertex 3.4773329719901085 -6.931748561561108 0
      vertex 3.5453079119324684 -6.625133439898491 0
    endloop
  endfacet
  facet normal 0 0 -1
    outer loop
      vertex -6 -58.21091654199731 0
      vertex 3.5453079119324684 -6.625133439898491 0
      vertex 6 0 0
    endloop
  endfacet
  facet normal 0 0 -1
    outer loop
      vertex -0.6000000014901161 -12 0
      vertex -0.9317485615611076 -9.477332971990108 0
      vertex -0.6251334398984909 -9.545307911932468 0
    endloop
  endfacet
  facet normal 0 0 -1
    outer loop
      vertex -0.6000000014901161 -12 0
      vertex -0.6251334398984909 -9.545307911932468 0
      vertex -0.6000000014901161 -9.548616789281368 0
    endloop
  endfacet
  facet normal 0 0 -1
    outer loop
      vertex 0.6000000014901161 -12 0
      vertex 0.6000000014901161 -9.548616789281368 0
      vertex 0.6251334398984909 -9.545307911932468 0
    endloop
  endfacet
  facet normal 0 0 -1
    outer loop
      vertex 0.6000000014901161 -12 0
      vertex 0.6251334398984909 -9.545307911932468 0
      vertex 0.9317485615611076 -9.477332971990108 0
    endloop
  endfacet
  facet normal 0 0 -1
    outer loop
      vertex 0.6000000014901161 -12 0
      vertex 0.9317485615611076 -9.477332971990108 0
      vertex 1.2312725186347961 -9.382893435657024 0
    endloop
  endfacet
  facet normal 0 0 -1
    outer loop
      vertex 0.6000000014901161 -12 0
      vertex 1.2312725186347961 -9.382893435657024 0
      vertex 1.5214257389307022 -9.262708030641079 0
    endloop
  endfacet
  facet normal 0 0 -1
    outer loop
      vertex 0.6000000014901161 -12 0
      vertex 1.5214257389307022 -9.262708030641079 0
      vertex 1.7999999970197678 -9.117691457271576 0
    endloop
  endfacet
  facet normal 0 0 -1
    outer loop
      vertex 0.6000000014901161 -12 0
      vertex 1.7999999970197678 -9.117691457271576 0
      vertex 2.0648751705884933 -8.948947362601757 0
    endloop
  endfacet
  facet normal 0 0 -1
    outer loop
      vertex 0.6000000014901161 -12 0
      vertex 2.0648751705884933 -8.948947362601757 0
      vertex 2.3140353932976723 -8.757759995758533 0
    endloop
  endfacet
  facet normal 0 1 0
    outer loop
      vertex 6 0 0
      vertex 1.7999999970197678 0 0
      vertex 1.6142740807578997 0 15.477159714114306
    endloop
  endfacet
  facet normal 0 0 -1
    outer loop
      vertex 6 0 0
      vertex 2.4786087349057198 -3.39304368942976 0
      vertex 1.7999999970197678 0 0
    endloop
  endfacet
  facet normal 0 0 -1
    outer loop
      vertex 6 0 0
      vertex 2.545584410429001 -3.454415589570999 0
      vertex 2.4786087349057198 -3.39304368942976 0
    endloop
  endfacet
  facet normal 0 0 -1
    outer loop
      vertex 6 0 0
      vertex 2.7577599957585335 -3.6859646067023277 0
      vertex 2.545584410429001 -3.454415589570999 0
    endloop
  endfacet
  facet normal 0 0 -1
    outer loop
      vertex 6 0 0
      vertex 3.5453079119324684 -6.625133439898491 0
      vertex 3.5863009095191956 -6.3137606754899025 0
    endloop
  endfacet
  facet normal 0 0 -1
    outer loop
      vertex 6 0 0
      vertex 3.5863009095191956 -6.3137606754899025 0
      vertex 3.600000001490116 -6 0
    endloop
  endfacet
  facet normal 0 0 -1
    outer loop
      vertex 6 0 0
      vertex 3.600000001490116 -6 0
      vertex 3.5863009095191956 -5.6862393245100975 0
    endloop
  endfacet
  facet normal 0 0 -1
    outer loop
      vertex 6 0 0
      vertex 3.5863009095191956 -5.6862393245100975 0
      vertex 3.5453079119324684 -5.374866560101509 0
    endloop
  endfacet
  facet normal 0 0 -1
    outer loop
      vertex 6 0 0
      vertex 2.948947362601757 -3.9351248294115067 0
      vertex 2.7577599957585335 -3.6859646067023277 0
    endloop
  endfacet
  facet normal 0 0 -1
    outer loop
      vertex 6 0 0
      vertex 3.117691457271576 -4.200000002980232 0
      vertex 2.948947362601757 -3.9351248294115067 0
    endloop
  endfacet
  facet normal 0 0 -1
    outer loop
      vertex 6 0 0
      vertex 3.262708030641079 -4.478574261069298 0
      vertex 3.117691457271576 -4.200000002980232 0
    endloop
  endfacet
  facet normal 0 0 -1
    outer loop
      vertex 6 0 0
      vertex 3.3828934356570244 -4.768727481365204 0
      vertex 3.262708030641079 -4.478574261069298 0
    endloop
  endfacet
  facet normal 0 0 -1
    outer loop
      vertex 6 0 0
      vertex 3.4773329719901085 -5.068251438438892 0
      vertex 3.3828934356570244 -4.768727481365204 0
    endloop
  endfacet
  facet normal 0 0 -1
    outer loop
      vertex 6 0 0
      vertex 3.5453079119324684 -5.374866560101509 0
      vertex 3.4773329719901085 -5.068251438438892 0
    endloop
  endfacet
  facet normal 0 1 0
    outer loop
      vertex 6 0 0
      vertex 1.6142740807578997 0 15.477159714114306
      vertex 1.6648199090881366 0 15.515944892321848
    endloop
  endfacet
  facet normal 0 1 0
    outer loop
      vertex 6 0 0
      vertex 1.6648199090881366 0 15.515944892321848
      vertex 1.8314065632731582 0 15.668593436726841
    endloop
  endfacet
  facet normal 0 1 0
    outer loop
      vertex 6 0 0
      vertex 1.8314065632731582 0 15.668593436726841
      vertex 1.984055107678153 0 15.835180090911864
    endloop
  endfacet
  facet normal 0 1 0
    outer loop
      vertex 6 0 0
      vertex 1.984055107678153 0 15.835180090911864
      vertex 2.1216037947084887 0 16.01443702985079
    endloop
  endfacet
  facet normal 0 1 0
    outer loop
      vertex 6 0 0
      vertex 2.1216037947084887 0 16.01443702985079
      vertex 2.243005795801696 0 16.205
    endloop
  endfacet
  facet normal 0 1 0
    outer loop
      vertex 6 0 0
      vertex 2.243005795801696 0 16.205
      vertex 2.3473371684249233 0 16.405418702091588
    endloop
  endfacet
  facet normal 0 1 0
    outer loop
      vertex 6 0 0
      vertex 2.3473371684249233 0 16.405418702091588
      vertex 2.4338038878355026 0 16.614167828786517
    endloop
  endfacet
  facet normal 0 1 0
    outer loop
      vertex 6 0 0
      vertex 2.4338038878355026 0 16.614167828786517
      vertex 2.5017478900886867 0 16.829658673184472
    endloop
  endfacet
  facet normal 0 1 0
    outer loop
      vertex 6 0 0
      vertex 2.5017478900886867 0 16.829658673184472
      vertex 2.5506520803016186 0 17.05025121984265
    endloop
  endfacet
  facet normal 0 1 0
    outer loop
      vertex 6 0 0
      vertex 2.5506520803016186 0 17.05025121984265
      vertex 2.5801442680576208 0 17.274266626283566
    endloop
  endfacet
  facet normal 0 1 0
    outer loop
      vertex 6 0 0
      vertex 2.5801442680576208 0 17.274266626283566
      vertex 2.59 0 17.5
    endloop
  endfacet
  facet normal -0.9992009587217894 0 0.03996803834887157
    outer loop
      vertex -6 -58.21091654199731 0
      vertex -2.500000000000003 -58.21091654199726 87.49999999999993
      vertex -6 0 0
    endloop
  endfacet
  facet normal 0 1 0
    outer loop
      vertex -6 0 0
      vertex -0.7499999987582368 0 87.5
      vertex -2.59 0 17.5
    endloop
  endfacet
  facet normal 0 1 0
    outer loop
      vertex -0.7499999987582368 0 87.5
      vertex -2.5801442680576208 0 17.725733373716434
      vertex -2.59 0 17.5
    endloop
  endfacet
  facet normal 0 1 0
    outer loop
      vertex -0.7499999987582368 0 87.5
      vertex -2.5506520803016186 0 17.94974878015735
      vertex -2.5801442680576208 0 17.725733373716434
    endloop
  endfacet
  facet normal 0 1 0
    outer loop
      vertex -0.7499999987582368 0 87.5
      vertex -2.5017478900886867 0 18.170341326815528
      vertex -2.5506520803016186 0 17.94974878015735
    endloop
  endfacet
  facet normal 0 1 0
    outer loop
      vertex -0.7499999987582368 0 87.5
      vertex -2.4338038878355026 0 18.385832171213483
      vertex -2.5017478900886867 0 18.170341326815528
    endloop
  endfacet
  facet normal 0 1 0
    outer loop
      vertex -0.7499999987582368 0 87.5
      vertex -2.3473371684249233 0 18.594581297908412
      vertex -2.4338038878355026 0 18.385832171213483
    endloop
  endfacet
  facet normal 0 1 0
    outer loop
      vertex -0.7499999987582368 0 87.5
      vertex -2.243005795801696 0 18.795
      vertex -2.3473371684249233 0 18.594581297908412
    endloop
  endfacet
  facet normal 0 1 0
    outer loop
      vertex -0.7499999987582368 0 87.5
      vertex -2.1216037947084887 0 18.98556297014921
      vertex -2.243005795801696 0 18.795
    endloop
  endfacet
  facet normal 0 1 0
    outer loop
      vertex -0.7499999987582368 0 87.5
      vertex -1.984055107678153 0 19.164819909088138
      vertex -2.1216037947084887 0 18.98556297014921
    endloop
  endfacet
  facet normal 0 1 0
    outer loop
      vertex -0.7499999987582368 0 87.5
      vertex -1.8314065632731582 0 19.33140656327316
      vertex -1.984055107678153 0 19.164819909088138
    endloop
  endfacet
  facet normal 0 1 0
    outer loop
      vertex -0.7499999987582368 0 87.5
      vertex -1.6648199090881366 0 19.484055107678152
      vertex -1.8314065632731582 0 19.33140656327316
    endloop
  endfacet
  facet normal 0 1 0
    outer loop
      vertex -0.7499999987582368 0 87.5
      vertex -1.565274731702689 0 19.56043880880916
      vertex -1.6648199090881366 0 19.484055107678152
    endloop
  endfacet
  facet normal 0 1 0
    outer loop
      vertex 0.7499999987582368 0 87.5
      vertex 1.6648199090881366 0 19.484055107678152
      vertex 1.565274731702689 0 19.56043880880916
    endloop
  endfacet
  facet normal 0 1 0
    outer loop
      vertex 0.7499999987582368 0 87.5
      vertex 1.8314065632731582 0 19.33140656327316
      vertex 1.6648199090881366 0 19.484055107678152
    endloop
  endfacet
  facet normal 0 1 0
    outer loop
      vertex 0.7499999987582368 0 87.5
      vertex 1.984055107678153 0 19.164819909088138
      vertex 1.8314065632731582 0 19.33140656327316
    endloop
  endfacet
  facet normal 0 1 0
    outer loop
      vertex 0.7499999987582368 0 87.5
      vertex 2.243005795801696 0 18.795
      vertex 2.1216037947084887 0 18.98556297014921
    endloop
  endfacet
  facet normal 0 1 0
    outer loop
      vertex 0.7499999987582368 0 87.5
      vertex 2.1216037947084887 0 18.98556297014921
      vertex 1.984055107678153 0 19.164819909088138
    endloop
  endfacet
  facet normal 0 1 0
    outer loop
      vertex 0.7499999987582368 0 87.5
      vertex 2.3473371684249233 0 18.594581297908412
      vertex 2.243005795801696 0 18.795
    endloop
  endfacet
  facet normal 0 1 0
    outer loop
      vertex 0.7499999987582368 0 87.5
      vertex 2.4338038878355026 0 18.385832171213483
      vertex 2.3473371684249233 0 18.594581297908412
    endloop
  endfacet
  facet normal 0 1 0
    outer loop
      vertex 6 0 0
      vertex 2.59 0 17.5
      vertex 0.7499999987582368 0 87.5
    endloop
  endfacet
  facet normal 0 1 0
    outer loop
      vertex 0.7499999987582368 0 87.5
      vertex 2.59 0 17.5
      vertex 2.5801442680576208 0 17.725733373716434
    endloop
  endfacet
  facet normal 0 1 0
    outer loop
      vertex 0.7499999987582368 0 87.5
      vertex 2.5801442680576208 0 17.725733373716434
      vertex 2.5506520803016186 0 17.94974878015735
    endloop
  endfacet
  facet normal 0 1 0
    outer loop
      vertex 0.7499999987582368 0 87.5
      vertex 2.5506520803016186 0 17.94974878015735
      vertex 2.5017478900886867 0 18.170341326815528
    endloop
  endfacet
  facet normal 0 1 0
    outer loop
      vertex 0.7499999987582368 0 87.5
      vertex 2.5017478900886867 0 18.170341326815528
      vertex 2.4338038878355026 0 18.385832171213483
    endloop
  endfacet
  facet normal 0.9992009587217894 5.5961947928476004e-18 0.03996803834887157
    outer loop
      vertex 5.999999999999997 -58.21091654199726 7.476388476705622e-14
      vertex 6 0 0
      vertex 2.5 0 87.5
    endloop
  endfacet
  facet normal -0.9992009587217894 1.1151172715028605e-17 0.039968038348871575
    outer loop
      vertex -6 0 0
      vertex -2.500000000000003 -58.21091654199726 87.49999999999993
      vertex -2.5 0 87.5
    endloop
  endfacet
  facet normal 0 1 0
    outer loop
      vertex -6 0 0
      vertex -2.5 0 87.5
      vertex -0.7499999987582368 0 87.5
    endloop
  endfacet
  facet normal 0.9992009587217894 0 0.039968038348871575
    outer loop
      vertex 5.999999999999997 -58.21091654199726 7.476388476705622e-14
      vertex 2.5 0 87.5
      vertex 2.5 -58.21091654199726 87.5
    endloop
  endfacet
  facet normal 0 1 0
    outer loop
      vertex 6 0 0
      vertex 0.7499999987582368 0 87.5
      vertex 2.4904867485165596 0 87.71788935363293
    endloop
  endfacet
  facet normal 0 1 0
    outer loop
      vertex 6 0 0
      vertex 2.4904867485165596 0 87.71788935363293
      vertex 2.5 0 87.5
    endloop
  endfacet
  facet normal -0.9990482222104388 1.0862033249486344e-19 0.04361937296846294
    outer loop
      vertex -2.500000000000003 -58.21091654199726 87.49999999999993
      vertex -2.4904867485165596 -58.21091654199726 87.71788935363293
      vertex -2.5 0 87.5
    endloop
  endfacet
  facet normal -0.9914448606708772 0 0.130526197559359
    outer loop
      vertex -2.4904867485165596 -58.21091654199726 87.71788935363293
      vertex -2.462019383907318 -58.21091654199726 87.93412044644356
      vertex -2.4904867485165596 0 87.71788935363293
    endloop
  endfacet
  facet normal -0.9762960077393519 0 0.2164396111440865
    outer loop
      vertex -2.462019383907318 -58.21091654199726 87.93412044644356
      vertex -2.414814569056034 -58.21091654199726 88.1470476090908
      vertex -2.462019383907318 0 87.93412044644356
    endloop
  endfacet
  facet normal -0.9537169421770514 0 0.30070582668856743
    outer loop
      vertex -2.414814569056034 -58.21091654199726 88.1470476090908
      vertex -2.3492315486073494 -58.21091654199726 88.355050355196
      vertex -2.414814569056034 0 88.1470476090908
    endloop
  endfacet
  facet normal -0.9238795374184212 0 0.38268342051821896
    outer loop
      vertex -2.3492315486073494 -58.21091654199726 88.355050355196
      vertex -2.2657694667577744 -58.21091654199726 88.55654565244913
      vertex -2.3492315486073494 0 88.355050355196
    endloop
  endfacet
  facet normal -0.8870108335878645 0 0.46174861244811755
    outer loop
      vertex -2.2657694667577744 -58.21091654199726 88.55654565244913
      vertex -2.1650635078549385 -58.21091654199726 88.75
      vertex -2.2657694667577744 0 88.55654565244913
    endloop
  endfacet
  facet normal -0.84339145114912 0 0.5372995999706138
    outer loop
      vertex -2.1650635078549385 -58.21091654199726 88.75
      vertex -2.0478801131248474 -58.21091654199726 88.93394108861685
      vertex -2.1650635078549385 0 88.75
    endloop
  endfacet
  facet normal -0.7933533378141341 0 0.6087614322369416
    outer loop
      vertex -2.0478801131248474 -58.21091654199726 88.93394108861685
      vertex -1.9151111096143725 -58.21091654199726 89.10696902126074
      vertex -2.0478801131248474 0 88.93394108861685
    endloop
  endfacet
  facet normal -0.7372773368689203 2.8123325436239845e-18 0.6755902075514955
    outer loop
      vertex -1.9151111096143725 -58.21091654199726 89.10696902126074
      vertex -1.7677669525146487 -58.21091654199726 89.26776695251465
      vertex -1.9151111096143723 0 89.10696902126074
    endloop
  endfacet
  facet normal -0.6755902075514955 2.5770279809761043e-18 0.7372773368689203
    outer loop
      vertex -1.7677669525146487 -58.21091654199726 89.26776695251465
      vertex -1.6069690212607386 -58.21091654199726 89.41511110961437
      vertex -1.7677669525146484 0 89.26776695251465
    endloop
  endfacet
  facet normal -0.6087614322369422 2.3221106923668826e-18 0.7933533378141336
    outer loop
      vertex -1.6069690212607386 -58.21091654199726 89.41511110961437
      vertex -1.4339410886168482 -58.21091654199726 89.54788011312485
      vertex -1.6069690212607384 0 89.41511110961437
    endloop
  endfacet
  facet normal -0.5372995999706138 2.049520682530021e-18 0.84339145114912
    outer loop
      vertex -1.4339410886168482 -58.21091654199726 89.54788011312485
      vertex -1.2500000000000002 -58.21091654199726 89.66506350785494
      vertex -1.433941088616848 0 89.54788011312485
    endloop
  endfacet
  facet normal -0.46174861244811755 1.7613326557356734e-18 0.8870108335878645
    outer loop
      vertex -1.2500000000000002 -58.21091654199726 89.66506350785494
      vertex -1.0565456524491312 -58.21091654199726 89.76576946675777
      vertex -1.25 0 89.66506350785494
    endloop
  endfacet
  facet normal -0.38268342051821896 1.4597397527493402e-18 0.9238795374184212
    outer loop
      vertex -1.0565456524491312 -58.21091654199726 89.76576946675777
      vertex -0.8550503551959994 -58.21091654199726 89.84923154860735
      vertex -1.056545652449131 0 89.76576946675777
    endloop
  endfacet
  facet normal -0.30070582668856743 1.1470375395574724e-18 0.9537169421770514
    outer loop
      vertex -0.8550503551959994 -58.21091654199726 89.84923154860735
      vertex -0.6470476090908053 -58.21091654199726 89.91481456905603
      vertex -0.8550503551959991 0 89.84923154860735
    endloop
  endfacet
  facet normal -0.9990482222104388 0 0.04361937296846291
    outer loop
      vertex -2.4904867485165596 -58.21091654199726 87.71788935363293
      vertex -2.4904867485165596 0 87.71788935363293
      vertex -2.5 0 87.5
    endloop
  endfacet
  facet normal -0.9914448606708772 0 0.130526197559359
    outer loop
      vertex -2.462019383907318 -58.21091654199726 87.93412044644356
      vertex -2.462019383907318 0 87.93412044644356
      vertex -2.4904867485165596 0 87.71788935363293
    endloop
  endfacet
  facet normal -0.9762960077393519 0 0.2164396111440865
    outer loop
      vertex -2.414814569056034 -58.21091654199726 88.1470476090908
      vertex -2.414814569056034 0 88.1470476090908
      vertex -2.462019383907318 0 87.93412044644356
    endloop
  endfacet
  facet normal -0.9537169421770514 0 0.30070582668856743
    outer loop
      vertex -2.3492315486073494 -58.21091654199726 88.355050355196
      vertex -2.3492315486073494 0 88.355050355196
      vertex -2.414814569056034 0 88.1470476090908
    endloop
  endfacet
  facet normal -0.9238795374184212 0 0.38268342051821896
    outer loop
      vertex -2.2657694667577744 -58.21091654199726 88.55654565244913
      vertex -2.2657694667577744 0 88.55654565244913
      vertex -2.3492315486073494 0 88.355050355196
    endloop
  endfacet
  facet normal -0.8870108335878645 0 0.46174861244811755
    outer loop
      vertex -2.1650635078549385 -58.21091654199726 88.75
      vertex -2.1650635078549385 0 88.75
      vertex -2.2657694667577744 0 88.55654565244913
    endloop
  endfacet
  facet normal -0.84339145114912 0 0.5372995999706138
    outer loop
      vertex -2.0478801131248474 -58.21091654199726 88.93394108861685
      vertex -2.0478801131248474 0 88.93394108861685
      vertex -2.1650635078549385 0 88.75
    endloop
  endfacet
  facet normal -0.7933533378141335 3.0262335473415998e-18 0.6087614322369422
    outer loop
      vertex -1.9151111096143725 -58.21091654199726 89.10696902126074
      vertex -1.9151111096143723 0 89.10696902126074
      vertex -2.0478801131248474 0 88.93394108861685
    endloop
  endfacet
  facet normal -0.7372773368689203 2.8123325436239845e-18 0.6755902075514955
    outer loop
      vertex -1.7677669525146487 -58.21091654199726 89.26776695251465
      vertex -1.7677669525146484 0 89.26776695251465
      vertex -1.9151111096143723 0 89.10696902126074
    endloop
  endfacet
  facet normal -0.6755902075514955 2.5770279809761043e-18 0.7372773368689203
    outer loop
      vertex -1.6069690212607386 -58.21091654199726 89.41511110961437
      vertex -1.6069690212607384 0 89.41511110961437
      vertex -1.7677669525146484 0 89.26776695251465
    endloop
  endfacet
  facet normal -0.6087614322369423 2.322110692366883e-18 0.7933533378141336
    outer loop
      vertex -1.4339410886168482 -58.21091654199726 89.54788011312485
      vertex -1.433941088616848 0 89.54788011312485
      vertex -1.6069690212607384 0 89.41511110961437
    endloop
  endfacet
  facet normal -0.5372995999706138 2.049520682530021e-18 0.8433914511491198
    outer loop
      vertex -1.2500000000000002 -58.21091654199726 89.66506350785494
      vertex -1.25 0 89.66506350785494
      vertex -1.433941088616848 0 89.54788011312485
    endloop
  endfacet
  facet normal -0.46174861244811755 1.7613326557356734e-18 0.8870108335878645
    outer loop
      vertex -1.0565456524491312 -58.21091654199726 89.76576946675777
      vertex -1.056545652449131 0 89.76576946675777
      vertex -1.25 0 89.66506350785494
    endloop
  endfacet
  facet normal -0.38268342051821896 1.4597397527493402e-18 0.9238795374184212
    outer loop
      vertex -0.8550503551959994 -58.21091654199726 89.84923154860735
      vertex -0.8550503551959991 0 89.84923154860735
      vertex -1.056545652449131 0 89.76576946675777
    endloop
  endfacet
  facet normal 0 1 0
    outer loop
      vertex -2.5 0 87.5
      vertex -2.4904867485165596 0 87.71788935363293
      vertex 2.414814569056034 0 88.1470476090908
    endloop
  endfacet
  facet normal 0 1 0
    outer loop
      vertex -2.4904867485165596 0 87.71788935363293
      vertex -2.462019383907318 0 87.93412044644356
      vertex 2.3492315486073494 0 88.355050355196
    endloop
  endfacet
  facet normal 0 1 0
    outer loop
      vertex -2.462019383907318 0 87.93412044644356
      vertex -2.414814569056034 0 88.1470476090908
      vertex 2.2657694667577744 0 88.55654565244913
    endloop
  endfacet
  facet normal 0 1 0
    outer loop
      vertex -2.414814569056034 0 88.1470476090908
      vertex -2.3492315486073494 0 88.355050355196
      vertex 2.1650635078549385 0 88.75
    endloop
  endfacet
  facet normal 0 1 0
    outer loop
      vertex -2.3492315486073494 0 88.355050355196
      vertex -2.2657694667577744 0 88.55654565244913
      vertex 2.0478801131248474 0 88.93394108861685
    endloop
  endfacet
  facet normal 0 1 0
    outer loop
      vertex -2.2657694667577744 0 88.55654565244913
      vertex -2.1650635078549385 0 88.75
      vertex 1.9151111096143723 0 89.10696902126074
    endloop
  endfacet
  facet normal 0 1 0
    outer loop
      vertex -2.1650635078549385 0 88.75
      vertex -2.0478801131248474 0 88.93394108861685
      vertex 1.7677669525146484 0 89.26776695251465
    endloop
  endfacet
  facet normal 0 1 0
    outer loop
      vertex -2.0478801131248474 0 88.93394108861685
      vertex -1.9151111096143723 0 89.10696902126074
      vertex 1.6069690212607384 0 89.41511110961437
    endloop
  endfacet
  facet normal -0.2164396111440864 8.256054156430076e-19 0.9762960077393519
    outer loop
      vertex -0.6470476090908053 -58.21091654199726 89.91481456905603
      vertex -0.4341204464435579 -58.21091654199726 89.96201938390732
      vertex -0.647047609090805 0 89.91481456905603
    endloop
  endfacet
  facet normal -0.130526197559359 3.7341756097231916e-19 0.9914448606708772
    outer loop
      vertex -0.4341204464435579 -58.21091654199726 89.96201938390732
      vertex -0.21788935363292714 -58.21091654199726 89.99048674851656
      vertex -0.43412044644355774 0 89.96201938390732
    endloop
  endfacet
  facet normal -0.04361937296846291 1.4558722206363443e-19 0.9990482222104388
    outer loop
      vertex -0.21788935363292714 -58.21091654199726 89.99048674851656
      vertex -1.8617433745120586e-16 -58.21091654199726 90
      vertex -0.21788935363292694 0 89.99048674851656
    endloop
  endfacet
  facet normal 0.04361937296846291 -1.3950661396272167e-19 0.9990482222104388
    outer loop
      vertex -1.8617433745120586e-16 -58.21091654199726 90
      vertex 0.21788935363292675 -58.21091654199726 89.99048674851656
      vertex 0 0 90
    endloop
  endfacet
  facet normal 0.13052619755935896 -4.356538211343722e-19 0.9914448606708772
    outer loop
      vertex 0.21788935363292675 -58.21091654199726 89.99048674851656
      vertex 0.4341204464435576 -58.21091654199726 89.96201938390732
      vertex 0.21788935363292694 0 89.99048674851656
    endloop
  endfacet
  facet normal 0.21643961114408655 -6.19204061732256e-19 0.9762960077393519
    outer loop
      vertex 0.4341204464435576 -58.21091654199726 89.96201938390732
      vertex 0.6470476090908048 -58.21091654199726 89.91481456905603
      vertex 0.43412044644355774 0 89.96201938390732
    endloop
  endfacet
  facet normal 0.30070582668856743 -1.1470375395574724e-18 0.9537169421770514
    outer loop
      vertex 0.6470476090908048 -58.21091654199726 89.91481456905603
      vertex 0.8550503551959989 -58.21091654199726 89.84923154860735
      vertex 0.647047609090805 0 89.91481456905603
    endloop
  endfacet
  facet normal 0.38268342051821896 -1.4597397527493402e-18 0.9238795374184212
    outer loop
      vertex 0.8550503551959989 -58.21091654199726 89.84923154860735
      vertex 1.0565456524491308 -58.21091654199726 89.76576946675777
      vertex 0.8550503551959991 0 89.84923154860735
    endloop
  endfacet
  facet normal 0.46174861244811755 -1.7613326557356734e-18 0.8870108335878645
    outer loop
      vertex 1.0565456524491308 -58.21091654199726 89.76576946675777
      vertex 1.2499999999999998 -58.21091654199726 89.66506350785494
      vertex 1.056545652449131 0 89.76576946675777
    endloop
  endfacet
  facet normal 0.5372995999706138 -2.049520682530021e-18 0.84339145114912
    outer loop
      vertex 1.2499999999999998 -58.21091654199726 89.66506350785494
      vertex 1.4339410886168478 -58.21091654199726 89.54788011312485
      vertex 1.25 0 89.66506350785494
    endloop
  endfacet
  facet normal 0.6087614322369422 -2.3221106923668826e-18 0.7933533378141336
    outer loop
      vertex 1.4339410886168478 -58.21091654199726 89.54788011312485
      vertex 1.6069690212607382 -58.21091654199726 89.41511110961437
      vertex 1.433941088616848 0 89.54788011312485
    endloop
  endfacet
  facet normal 0.7372773368689203 -2.8123325436239845e-18 0.6755902075514955
    outer loop
      vertex 1.7677669525146482 -58.21091654199726 89.26776695251465
      vertex 1.915111109614372 -58.21091654199726 89.10696902126074
      vertex 1.7677669525146484 0 89.26776695251465
    endloop
  endfacet
  facet normal 0.6755902075514955 -2.459510895837511e-18 0.7372773368689203
    outer loop
      vertex 1.7677669525146482 -58.21091654199726 89.26776695251465
      vertex 1.6069690212607384 0 89.41511110961437
      vertex 1.6069690212607382 -58.21091654199726 89.41511110961437
    endloop
  endfacet
  facet normal 0.9990482222104388 0 0.04361937296846291
    outer loop
      vertex 2.5 -58.21091654199726 87.5
      vertex 2.4904867485165596 0 87.71788935363293
      vertex 2.4904867485165596 -58.21091654199726 87.71788935363293
    endloop
  endfacet
  facet normal 0.9914448606708772 0 0.130526197559359
    outer loop
      vertex 2.4904867485165596 -58.21091654199726 87.71788935363293
      vertex 2.462019383907318 0 87.93412044644356
      vertex 2.462019383907318 -58.21091654199726 87.93412044644356
    endloop
  endfacet
  facet normal 0.9238795374184212 0 0.38268342051821896
    outer loop
      vertex 2.2657694667577744 -58.21091654199726 88.55654565244913
      vertex 2.3492315486073494 -58.21091654199726 88.355050355196
      vertex 2.2657694667577744 0 88.55654565244913
    endloop
  endfacet
  facet normal 0.9762960077393519 0 0.2164396111440865
    outer loop
      vertex 2.414814569056034 -58.21091654199726 88.1470476090908
      vertex 2.462019383907318 -58.21091654199726 87.93412044644356
      vertex 2.414814569056034 0 88.1470476090908
    endloop
  endfacet
  facet normal 0.9537169421770514 0 0.30070582668856743
    outer loop
      vertex 2.3492315486073494 -58.21091654199726 88.355050355196
      vertex 2.414814569056034 -58.21091654199726 88.1470476090908
      vertex 2.3492315486073494 0 88.355050355196
    endloop
  endfacet
  facet normal 0.7933533378141331 -3.0262335473415982e-18 0.6087614322369429
    outer loop
      vertex 1.915111109614372 -58.21091654199726 89.10696902126074
      vertex 2.0478801131248474 -58.21091654199726 88.93394108861685
      vertex 1.9151111096143723 0 89.10696902126074
    endloop
  endfacet
  facet normal 0.84339145114912 0 0.5372995999706138
    outer loop
      vertex 2.0478801131248474 -58.21091654199726 88.93394108861685
      vertex 2.1650635078549385 -58.21091654199726 88.75
      vertex 2.0478801131248474 0 88.93394108861685
    endloop
  endfacet
  facet normal 0.8870108335878645 0 0.46174861244811755
    outer loop
      vertex 2.2657694667577744 -58.21091654199726 88.55654565244913
      vertex 2.1650635078549385 0 88.75
      vertex 2.1650635078549385 -58.21091654199726 88.75
    endloop
  endfacet
  facet normal -0.3007058266885675 1.1470375395574724e-18 0.9537169421770514
    outer loop
      vertex -0.6470476090908053 -58.21091654199726 89.91481456905603
      vertex -0.647047609090805 0 89.91481456905603
      vertex -0.8550503551959991 0 89.84923154860735
    endloop
  endfacet
  facet normal -0.2164396111440865 6.192040617322558e-19 0.9762960077393519
    outer loop
      vertex -0.4341204464435579 -58.21091654199726 89.96201938390732
      vertex -0.43412044644355774 0 89.96201938390732
      vertex -0.647047609090805 0 89.91481456905603
    endloop
  endfacet
  facet normal -0.130526197559359 4.356538211343723e-19 0.9914448606708772
    outer loop
      vertex -0.21788935363292714 -58.21091654199726 89.99048674851656
      vertex -0.21788935363292694 0 89.99048674851656
      vertex -0.43412044644355774 0 89.96201938390732
    endloop
  endfacet
  facet normal -0.04361937296846291 1.3950661396272167e-19 0.9990482222104388
    outer loop
      vertex -1.8617433745120586e-16 -58.21091654199726 90
      vertex 0 0 90
      vertex -0.21788935363292694 0 89.99048674851656
    endloop
  endfacet
  facet normal 0.04361937296846291 -1.4558722206363443e-19 0.9990482222104388
    outer loop
      vertex 0.21788935363292675 -58.21091654199726 89.99048674851656
      vertex 0.21788935363292694 0 89.99048674851656
      vertex 0 0 90
    endloop
  endfacet
  facet normal 0.130526197559359 -3.7341756097231916e-19 0.9914448606708772
    outer loop
      vertex 0.4341204464435576 -58.21091654199726 89.96201938390732
      vertex 0.43412044644355774 0 89.96201938390732
      vertex 0.21788935363292694 0 89.99048674851656
    endloop
  endfacet
  facet normal 0.2164396111440865 -8.256054156430078e-19 0.9762960077393519
    outer loop
      vertex 0.6470476090908048 -58.21091654199726 89.91481456905603
      vertex 0.647047609090805 0 89.91481456905603
      vertex 0.43412044644355774 0 89.96201938390732
    endloop
  endfacet
  facet normal 0.3007058266885675 -1.1470375395574724e-18 0.9537169421770514
    outer loop
      vertex 0.8550503551959989 -58.21091654199726 89.84923154860735
      vertex 0.8550503551959991 0 89.84923154860735
      vertex 0.647047609090805 0 89.91481456905603
    endloop
  endfacet
  facet normal 0.38268342051821896 -1.4597397527493402e-18 0.9238795374184212
    outer loop
      vertex 1.0565456524491308 -58.21091654199726 89.76576946675777
      vertex 1.056545652449131 0 89.76576946675777
      vertex 0.8550503551959991 0 89.84923154860735
    endloop
  endfacet
  facet normal 0.46174861244811755 -1.7613326557356734e-18 0.8870108335878645
    outer loop
      vertex 1.2499999999999998 -58.21091654199726 89.66506350785494
      vertex 1.25 0 89.66506350785494
      vertex 1.056545652449131 0 89.76576946675777
    endloop
  endfacet
  facet normal 0.5372995999706138 -2.049520682530021e-18 0.8433914511491198
    outer loop
      vertex 1.4339410886168478 -58.21091654199726 89.54788011312485
      vertex 1.433941088616848 0 89.54788011312485
      vertex 1.25 0 89.66506350785494
    endloop
  endfacet
  facet normal 0.7372773368689203 -2.8123325436239845e-18 0.6755902075514955
    outer loop
      vertex 1.915111109614372 -58.21091654199726 89.10696902126074
      vertex 1.9151111096143723 0 89.10696902126074
      vertex 1.7677669525146484 0 89.26776695251465
    endloop
  endfacet
  facet normal 0.6087614322369423 -2.322110692366883e-18 0.7933533378141336
    outer loop
      vertex 1.6069690212607382 -58.21091654199726 89.41511110961437
      vertex 1.6069690212607384 0 89.41511110961437
      vertex 1.433941088616848 0 89.54788011312485
    endloop
  endfacet
  facet normal 0.6755902075514955 -2.5770279809761043e-18 0.7372773368689203
    outer loop
      vertex 1.7677669525146482 -58.21091654199726 89.26776695251465
      vertex 1.7677669525146484 0 89.26776695251465
      vertex 1.6069690212607384 0 89.41511110961437
    endloop
  endfacet
  facet normal 0 1 0
    outer loop
      vertex -2.5 0 87.5
      vertex 2.462019383907318 0 87.93412044644356
      vertex -0.7499999987582368 0 87.5
    endloop
  endfacet
  facet normal 0 1 0
    outer loop
      vertex -1.9151111096143723 0 89.10696902126074
      vertex -1.7677669525146484 0 89.26776695251465
      vertex 1.433941088616848 0 89.54788011312485
    endloop
  endfacet
  facet normal 0 1 0
    outer loop
      vertex -1.7677669525146484 0 89.26776695251465
      vertex -1.6069690212607384 0 89.41511110961437
      vertex 1.25 0 89.66506350785494
    endloop
  endfacet
  facet normal 0 1 0
    outer loop
      vertex -1.6069690212607384 0 89.41511110961437
      vertex -1.433941088616848 0 89.54788011312485
      vertex 1.056545652449131 0 89.76576946675777
    endloop
  endfacet
  facet normal 0 1 0
    outer loop
      vertex -1.433941088616848 0 89.54788011312485
      vertex -1.25 0 89.66506350785494
      vertex 0.8550503551959991 0 89.84923154860735
    endloop
  endfacet
  facet normal 0 1 0
    outer loop
      vertex -1.25 0 89.66506350785494
      vertex -1.056545652449131 0 89.76576946675777
      vertex 0.647047609090805 0 89.91481456905603
    endloop
  endfacet
  facet normal 0 1 0
    outer loop
      vertex -1.056545652449131 0 89.76576946675777
      vertex -0.8550503551959991 0 89.84923154860735
      vertex 0.43412044644355774 0 89.96201938390732
    endloop
  endfacet
  facet normal 0 1 0
    outer loop
      vertex -0.8550503551959991 0 89.84923154860735
      vertex -0.647047609090805 0 89.91481456905603
      vertex 0.21788935363292694 0 89.99048674851656
    endloop
  endfacet
  facet normal 0 1 0
    outer loop
      vertex -0.647047609090805 0 89.91481456905603
      vertex -0.43412044644355774 0 89.96201938390732
      vertex 0 0 90
    endloop
  endfacet
  facet normal 0 1 0
    outer loop
      vertex -0.43412044644355774 0 89.96201938390732
      vertex -0.21788935363292694 0 89.99048674851656
      vertex 0 0 90
    endloop
  endfacet
  facet normal 0 1 0
    outer loop
      vertex -0.647047609090805 0 89.91481456905603
      vertex 0 0 90
      vertex 0.21788935363292694 0 89.99048674851656
    endloop
  endfacet
  facet normal 0 1 0
    outer loop
      vertex -0.8550503551959991 0 89.84923154860735
      vertex 0.21788935363292694 0 89.99048674851656
      vertex 0.43412044644355774 0 89.96201938390732
    endloop
  endfacet
  facet normal 0 1 0
    outer loop
      vertex -1.056545652449131 0 89.76576946675777
      vertex 0.43412044644355774 0 89.96201938390732
      vertex 0.647047609090805 0 89.91481456905603
    endloop
  endfacet
  facet normal 0 1 0
    outer loop
      vertex -1.6069690212607384 0 89.41511110961437
      vertex 1.056545652449131 0 89.76576946675777
      vertex 1.25 0 89.66506350785494
    endloop
  endfacet
  facet normal 0 1 0
    outer loop
      vertex -1.25 0 89.66506350785494
      vertex 0.647047609090805 0 89.91481456905603
      vertex 0.8550503551959991 0 89.84923154860735
    endloop
  endfacet
  facet normal 0 1 0
    outer loop
      vertex -1.433941088616848 0 89.54788011312485
      vertex 0.8550503551959991 0 89.84923154860735
      vertex 1.056545652449131 0 89.76576946675777
    endloop
  endfacet
  facet normal 0 1 0
    outer loop
      vertex -2.0478801131248474 0 88.93394108861685
      vertex 1.6069690212607384 0 89.41511110961437
      vertex 1.7677669525146484 0 89.26776695251465
    endloop
  endfacet
  facet normal 0 1 0
    outer loop
      vertex -2.1650635078549385 0 88.75
      vertex 1.7677669525146484 0 89.26776695251465
      vertex 1.9151111096143723 0 89.10696902126074
    endloop
  endfacet
  facet normal 0 1 0
    outer loop
      vertex -1.7677669525146484 0 89.26776695251465
      vertex 1.25 0 89.66506350785494
      vertex 1.433941088616848 0 89.54788011312485
    endloop
  endfacet
  facet normal 0 1 0
    outer loop
      vertex -1.9151111096143723 0 89.10696902126074
      vertex 1.433941088616848 0 89.54788011312485
      vertex 1.6069690212607384 0 89.41511110961437
    endloop
  endfacet
  facet normal 0 1 0
    outer loop
      vertex -2.5 0 87.5
      vertex 2.414814569056034 0 88.1470476090908
      vertex 2.462019383907318 0 87.93412044644356
    endloop
  endfacet
  facet normal 0 1 0
    outer loop
      vertex 2.462019383907318 0 87.93412044644356
      vertex 0.7499999987582368 0 87.5
      vertex -0.7499999987582368 0 87.5
    endloop
  endfacet
  facet normal 0 1 0
    outer loop
      vertex -2.462019383907318 0 87.93412044644356
      vertex 2.2657694667577744 0 88.55654565244913
      vertex 2.3492315486073494 0 88.355050355196
    endloop
  endfacet
  facet normal 0 1 0
    outer loop
      vertex -2.414814569056034 0 88.1470476090908
      vertex 2.1650635078549385 0 88.75
      vertex 2.2657694667577744 0 88.55654565244913
    endloop
  endfacet
  facet normal 0 1 0
    outer loop
      vertex -2.4904867485165596 0 87.71788935363293
      vertex 2.3492315486073494 0 88.355050355196
      vertex 2.414814569056034 0 88.1470476090908
    endloop
  endfacet
  facet normal 0 1 0
    outer loop
      vertex -2.3492315486073494 0 88.355050355196
      vertex 2.0478801131248474 0 88.93394108861685
      vertex 2.1650635078549385 0 88.75
    endloop
  endfacet
  facet normal 0 1 0
    outer loop
      vertex -2.2657694667577744 0 88.55654565244913
      vertex 1.9151111096143723 0 89.10696902126074
      vertex 2.0478801131248474 0 88.93394108861685
    endloop
  endfacet
  facet normal 0.9990482222104388 0 0.04361937296846291
    outer loop
      vertex 2.5 -58.21091654199726 87.5
      vertex 2.5 0 87.5
      vertex 2.4904867485165596 0 87.71788935363293
    endloop
  endfacet
  facet normal 0.9914448606708772 0 0.130526197559359
    outer loop
      vertex 2.4904867485165596 -58.21091654199726 87.71788935363293
      vertex 2.4904867485165596 0 87.71788935363293
      vertex 2.462019383907318 0 87.93412044644356
    endloop
  endfacet
  facet normal 0.9238795374184212 0 0.38268342051821896
    outer loop
      vertex 2.3492315486073494 -58.21091654199726 88.355050355196
      vertex 2.3492315486073494 0 88.355050355196
      vertex 2.2657694667577744 0 88.55654565244913
    endloop
  endfacet
  facet normal 0.9762960077393519 0 0.2164396111440865
    outer loop
      vertex 2.462019383907318 -58.21091654199726 87.93412044644356
      vertex 2.462019383907318 0 87.93412044644356
      vertex 2.414814569056034 0 88.1470476090908
    endloop
  endfacet
  facet normal 0.9537169421770514 0 0.30070582668856743
    outer loop
      vertex 2.414814569056034 -58.21091654199726 88.1470476090908
      vertex 2.414814569056034 0 88.1470476090908
      vertex 2.3492315486073494 0 88.355050355196
    endloop
  endfacet
  facet normal 0.7933533378141336 0 0.6087614322369422
    outer loop
      vertex 2.0478801131248474 -58.21091654199726 88.93394108861685
      vertex 2.0478801131248474 0 88.93394108861685
      vertex 1.9151111096143723 0 89.10696902126074
    endloop
  endfacet
  facet normal 0.84339145114912 0 0.5372995999706138
    outer loop
      vertex 2.1650635078549385 -58.21091654199726 88.75
      vertex 2.1650635078549385 0 88.75
      vertex 2.0478801131248474 0 88.93394108861685
    endloop
  endfacet
  facet normal 0.8870108335878645 0 0.46174861244811755
    outer loop
      vertex 2.2657694667577744 -58.21091654199726 88.55654565244913
      vertex 2.2657694667577744 0 88.55654565244913
      vertex 2.1650635078549385 0 88.75
    endloop
  endfacet
  facet normal 0 1 0
    outer loop
      vertex 2.4904867485165596 0 87.71788935363293
      vertex 0.7499999987582368 0 87.5
      vertex 2.462019383907318 0 87.93412044644356
    endloop
  endfacet
  facet normal -0.9992009587217894 0 0.039968038348871575
    outer loop
      vertex 24 -230.00000000000006 0
      vertex 27.5 -230.00000000000006 87.5
      vertex 24 -171.78908345800275 0
    endloop
  endfacet
  facet normal 0 0 -1
    outer loop
      vertex 24 -230.00000000000006 0
      vertex 26.45469208806753 -224.6251334398985 0
      vertex 26.52266702800989 -224.9317485615611 0
    endloop
  endfacet
  facet normal 0 0 -1
    outer loop
      vertex 24 -230.00000000000006 0
      vertex 26.52266702800989 -224.9317485615611 0
      vertex 26.617106564342976 -225.2312725186348 0
    endloop
  endfacet
  facet normal 0 0 -1
    outer loop
      vertex 24 -230.00000000000006 0
      vertex 26.617106564342976 -225.2312725186348 0
      vertex 26.73729196935892 -225.5214257389307 0
    endloop
  endfacet
  facet normal 0 0 -1
    outer loop
      vertex 24 -230.00000000000006 0
      vertex 26.73729196935892 -225.5214257389307 0
      vertex 26.882308542728424 -225.79999999701977 0
    endloop
  endfacet
  facet normal 0 0 -1
    outer loop
      vertex 24 -230.00000000000006 0
      vertex 26.882308542728424 -225.79999999701977 0
      vertex 27.051052637398243 -226.0648751705885 0
    endloop
  endfacet
  facet normal 0 0 -1
    outer loop
      vertex 24 -230.00000000000006 0
      vertex 27.051052637398243 -226.0648751705885 0
      vertex 27.242240004241467 -226.31403539329767 0
    endloop
  endfacet
  facet normal 0 0 -1
    outer loop
      vertex 24 -230.00000000000006 0
      vertex 26.413699090480804 -224.3137606754899 0
      vertex 26.45469208806753 -224.6251334398985 0
    endloop
  endfacet
  facet normal 0 0 -1
    outer loop
      vertex 24 -230.00000000000006 0
      vertex 26.399999998509884 -224 0
      vertex 26.413699090480804 -224.3137606754899 0
    endloop
  endfacet
  facet normal 0 0 -1
    outer loop
      vertex 24 -230.00000000000006 0
      vertex 26.413699090480804 -223.6862393245101 0
      vertex 26.399999998509884 -224 0
    endloop
  endfacet
  facet normal 0 0 -1
    outer loop
      vertex 24 -230.00000000000006 0
      vertex 26.45469208806753 -223.3748665601015 0
      vertex 26.413699090480804 -223.6862393245101 0
    endloop
  endfacet
  facet normal 0 0 -1
    outer loop
      vertex 24 -230.00000000000006 0
      vertex 27.242240004241467 -226.31403539329767 0
      vertex 27.454415589571 -226.545584410429 0
    endloop
  endfacet
  facet normal 0 0 -1
    outer loop
      vertex 24 -230.00000000000006 0
      vertex 27.454415589571 -226.545584410429 0
      vertex 27.52139126509428 -226.60695631057024 0
    endloop
  endfacet
  facet normal 0 0 -1
    outer loop
      vertex 24 -230.00000000000006 0
      vertex 27.52139126509428 -226.60695631057024 0
      vertex 28.200000002980232 -230 0
    endloop
  endfacet
  facet normal 0 0 -1
    outer loop
      vertex 27.685964606702328 -221.24224000424147 0
      vertex 29.399999998509884 -218 0
      vertex 27.935124829411507 -221.05105263739824 0
    endloop
  endfacet
  facet normal 0 0 -1
    outer loop
      vertex 27.935124829411507 -221.05105263739824 0
      vertex 29.399999998509884 -218 0
      vertex 28.200000002980232 -220.88230854272842 0
    endloop
  endfacet
  facet normal 0 0 -1
    outer loop
      vertex 28.200000002980232 -220.88230854272842 0
      vertex 29.399999998509884 -218 0
      vertex 28.478574261069298 -220.73729196935892 0
    endloop
  endfacet
  facet normal 0 0 -1
    outer loop
      vertex 28.478574261069298 -220.73729196935892 0
      vertex 29.399999998509884 -218 0
      vertex 28.768727481365204 -220.61710656434298 0
    endloop
  endfacet
  facet normal 0 0 -1
    outer loop
      vertex 28.768727481365204 -220.61710656434298 0
      vertex 29.399999998509884 -218 0
      vertex 29.068251438438892 -220.5226670280099 0
    endloop
  endfacet
  facet normal 0 0 -1
    outer loop
      vertex 29.068251438438892 -220.5226670280099 0
      vertex 29.399999998509884 -218 0
      vertex 29.37486656010151 -220.45469208806753 0
    endloop
  endfacet
  facet normal 0 0 -1
    outer loop
      vertex 29.37486656010151 -220.45469208806753 0
      vertex 29.399999998509884 -218 0
      vertex 29.399999998509884 -220.45138321071863 0
    endloop
  endfacet
  facet normal 0 0 -1
    outer loop
      vertex 30.600000001490116 -218 0
      vertex 30.62513343989849 -220.45469208806753 0
      vertex 30.600000001490116 -220.45138321071863 0
    endloop
  endfacet
  facet normal 0 0 -1
    outer loop
      vertex 30.600000001490116 -218 0
      vertex 30.931748561561108 -220.5226670280099 0
      vertex 30.62513343989849 -220.45469208806753 0
    endloop
  endfacet
  facet normal 0 0 -1
    outer loop
      vertex 24 -230.00000000000006 0
      vertex 36 -171.78908345800275 0
      vertex 26.45469208806753 -223.3748665601015 0
    endloop
  endfacet
  facet normal 0 0 -1
    outer loop
      vertex 36 -171.78908345800275 0
      vertex 26.52266702800989 -223.0682514384389 0
      vertex 26.45469208806753 -223.3748665601015 0
    endloop
  endfacet
  facet normal 0 0 -1
    outer loop
      vertex 36 -171.78908345800275 0
      vertex 26.617106564342976 -222.7687274813652 0
      vertex 26.52266702800989 -223.0682514384389 0
    endloop
  endfacet
  facet normal 0 0 -1
    outer loop
      vertex 36 -171.78908345800275 0
      vertex 26.73729196935892 -222.4785742610693 0
      vertex 26.617106564342976 -222.7687274813652 0
    endloop
  endfacet
  facet normal 0 0 -1
    outer loop
      vertex 36 -171.78908345800275 0
      vertex 26.882308542728424 -222.20000000298023 0
      vertex 26.73729196935892 -222.4785742610693 0
    endloop
  endfacet
  facet normal 0 0 -1
    outer loop
      vertex 36 -171.78908345800275 0
      vertex 27.051052637398243 -221.9351248294115 0
      vertex 26.882308542728424 -222.20000000298023 0
    endloop
  endfacet
  facet normal 0 0 -1
    outer loop
      vertex 36 -171.78908345800275 0
      vertex 27.242240004241467 -221.68596460670233 0
      vertex 27.051052637398243 -221.9351248294115 0
    endloop
  endfacet
  facet normal 0 0 -1
    outer loop
      vertex 36 -171.78908345800275 0
      vertex 27.454415589571 -221.454415589571 0
      vertex 27.242240004241467 -221.68596460670233 0
    endloop
  endfacet
  facet normal 0 0 -1
    outer loop
      vertex 36 -171.78908345800275 0
      vertex 27.685964606702328 -221.24224000424147 0
      vertex 27.454415589571 -221.454415589571 0
    endloop
  endfacet
  facet normal 0 0 -1
    outer loop
      vertex 24 -230.00000000000006 0
      vertex 24 -171.78908345800275 0
      vertex 36 -171.78908345800275 0
    endloop
  endfacet
  facet normal 0 0 -1
    outer loop
      vertex 30.600000001490116 -218 0
      vertex 31.231272518634796 -220.61710656434298 0
      vertex 30.931748561561108 -220.5226670280099 0
    endloop
  endfacet
  facet normal 0 0 -1
    outer loop
      vertex 30.600000001490116 -218 0
      vertex 31.521425738930702 -220.73729196935892 0
      vertex 31.231272518634796 -220.61710656434298 0
    endloop
  endfacet
  facet normal 0 0 -1
    outer loop
      vertex 30.600000001490116 -218 0
      vertex 31.799999997019768 -220.88230854272842 0
      vertex 31.521425738930702 -220.73729196935892 0
    endloop
  endfacet
  facet normal 0 0 -1
    outer loop
      vertex 30.600000001490116 -218 0
      vertex 32.06487517058849 -221.05105263739824 0
      vertex 31.799999997019768 -220.88230854272842 0
    endloop
  endfacet
  facet normal 0 0 -1
    outer loop
      vertex 36 -171.78908345800275 0
      vertex 29.399999998509884 -218 0
      vertex 27.685964606702328 -221.24224000424147 0
    endloop
  endfacet
  facet normal 0 0 -1
    outer loop
      vertex 36 -171.78908345800275 0
      vertex 30.600000001490116 -218 0
      vertex 29.399999998509884 -218 0
    endloop
  endfacet
  facet normal 0 0 -1
    outer loop
      vertex 36 -171.78908345800275 0
      vertex 32.06487517058849 -221.05105263739824 0
      vertex 30.600000001490116 -218 0
    endloop
  endfacet
  facet normal 0 0 -1
    outer loop
      vertex 36 -230.00000000000006 0
      vertex 31.799999997019768 -230 0
      vertex 32.47860873490572 -226.60695631057024 0
    endloop
  endfacet
  facet normal 0 0 -1
    outer loop
      vertex 36 -230.00000000000006 0
      vertex 32.47860873490572 -226.60695631057024 0
      vertex 32.545584410429 -226.545584410429 0
    endloop
  endfacet
  facet normal 0 0 -1
    outer loop
      vertex 36 -230.00000000000006 0
      vertex 32.545584410429 -226.545584410429 0
      vertex 32.75775999575853 -226.31403539329767 0
    endloop
  endfacet
  facet normal 0 0 -1
    outer loop
      vertex 36 -230.00000000000006 0
      vertex 32.75775999575853 -226.31403539329767 0
      vertex 32.94894736260176 -226.0648751705885 0
    endloop
  endfacet
  facet normal 0 0 -1
    outer loop
      vertex 36 -230.00000000000006 0
      vertex 32.94894736260176 -226.0648751705885 0
      vertex 33.117691457271576 -225.79999999701977 0
    endloop
  endfacet
  facet normal 0 0 -1
    outer loop
      vertex 36 -230.00000000000006 0
      vertex 33.117691457271576 -225.79999999701977 0
      vertex 33.26270803064108 -225.5214257389307 0
    endloop
  endfacet
  facet normal 0 0 -1
    outer loop
      vertex 36 -230.00000000000006 0
      vertex 33.26270803064108 -225.5214257389307 0
      vertex 33.382893435657024 -225.2312725186348 0
    endloop
  endfacet
  facet normal 0 0 -1
    outer loop
      vertex 36 -230.00000000000006 0
      vertex 33.382893435657024 -225.2312725186348 0
      vertex 33.47733297199011 -224.9317485615611 0
    endloop
  endfacet
  facet normal 0 0 -1
    outer loop
      vertex 36 -230.00000000000006 0
      vertex 33.47733297199011 -224.9317485615611 0
      vertex 33.54530791193247 -224.6251334398985 0
    endloop
  endfacet
  facet normal 0 0 -1
    outer loop
      vertex 36 -230.00000000000006 0
      vertex 33.54530791193247 -224.6251334398985 0
      vertex 33.586300909519196 -224.3137606754899 0
    endloop
  endfacet
  facet normal 0 0 -1
    outer loop
      vertex 36 -171.78908345800275 0
      vertex 32.75775999575853 -221.68596460670233 0
      vertex 32.545584410429 -221.454415589571 0
    endloop
  endfacet
  facet normal 0 0 -1
    outer loop
      vertex 36 -171.78908345800275 0
      vertex 32.94894736260176 -221.9351248294115 0
      vertex 32.75775999575853 -221.68596460670233 0
    endloop
  endfacet
  facet normal 0 0 -1
    outer loop
      vertex 36 -171.78908345800275 0
      vertex 33.117691457271576 -222.20000000298023 0
      vertex 32.94894736260176 -221.9351248294115 0
    endloop
  endfacet
  facet normal 0 0 -1
    outer loop
      vertex 36 -171.78908345800275 0
      vertex 32.31403539329767 -221.24224000424147 0
      vertex 32.06487517058849 -221.05105263739824 0
    endloop
  endfacet
  facet normal 0 0 -1
    outer loop
      vertex 36 -171.78908345800275 0
      vertex 32.545584410429 -221.454415589571 0
      vertex 32.31403539329767 -221.24224000424147 0
    endloop
  endfacet
  facet normal 0 0 -1
    outer loop
      vertex 36 -171.78908345800275 0
      vertex 33.26270803064108 -222.4785742610693 0
      vertex 33.117691457271576 -222.20000000298023 0
    endloop
  endfacet
  facet normal 0 0 -1
    outer loop
      vertex 36 -171.78908345800275 0
      vertex 33.47733297199011 -223.0682514384389 0
      vertex 33.382893435657024 -222.7687274813652 0
    endloop
  endfacet
  facet normal 0 0 -1
    outer loop
      vertex 36 -171.78908345800275 0
      vertex 33.54530791193247 -223.3748665601015 0
      vertex 33.47733297199011 -223.0682514384389 0
    endloop
  endfacet
  facet normal 0 0 -1
    outer loop
      vertex 36 -171.78908345800275 0
      vertex 33.382893435657024 -222.7687274813652 0
      vertex 33.26270803064108 -222.4785742610693 0
    endloop
  endfacet
  facet normal 0 0 -1
    outer loop
      vertex 36 -171.78908345800275 0
      vertex 33.586300909519196 -224.3137606754899 0
      vertex 33.600000001490116 -224 0
    endloop
  endfacet
  facet normal 0 0 -1
    outer loop
      vertex 36 -171.78908345800275 0
      vertex 33.600000001490116 -224 0
      vertex 33.586300909519196 -223.6862393245101 0
    endloop
  endfacet
  facet normal 0 0 -1
    outer loop
      vertex 36 -171.78908345800275 0
      vertex 33.586300909519196 -223.6862393245101 0
      vertex 33.54530791193247 -223.3748665601015 0
    endloop
  endfacet
  facet normal 0 0 -1
    outer loop
      vertex 36 -230.00000000000006 0
      vertex 33.586300909519196 -224.3137606754899 0
      vertex 36 -171.78908345800275 0
    endloop
  endfacet
  facet normal 1.3534147338207884e-14 -1 -1.3100121249413706e-15
    outer loop
      vertex 24 -230.00000000000006 0
      vertex 28.200000002980232 -230 0
      vertex 32.49048674851656 -230.00000000000006 87.71788935363293
    endloop
  endfacet
  facet normal 0 -1 -6.48025383187743e-16
    outer loop
      vertex 32.49048674851656 -230.00000000000006 87.71788935363293
      vertex 28.200000002980232 -230 0
      vertex 31.799999997019768 -230 0
    endloop
  endfacet
  facet normal -1.3534147338207884e-14 -1 -5.414889685669656e-16
    outer loop
      vertex 31.799999997019768 -230 0
      vertex 36 -230.00000000000006 0
      vertex 32.49048674851656 -230.00000000000006 87.71788935363293
    endloop
  endfacet
  facet normal 0.9992009587217894 0 0.039968038348871575
    outer loop
      vertex 36 -230.00000000000006 0
      vertex 36 -171.78908345800275 0
      vertex 32.5 -171.78908345800275 87.5
    endloop
  endfacet
  facet normal 0 -1 0
    outer loop
      vertex 24 -230.00000000000006 0
      vertex 32.46201938390732 -230.00000000000006 87.93412044644356
      vertex 27.5 -230.00000000000006 87.5
    endloop
  endfacet
  facet normal 0 -1 0
    outer loop
      vertex 24 -230.00000000000006 0
      vertex 32.49048674851656 -230.00000000000006 87.71788935363293
      vertex 32.46201938390732 -230.00000000000006 87.93412044644356
    endloop
  endfacet
  facet normal -0.9992009587217894 0 0.039968038348871575
    outer loop
      vertex 24 -171.78908345800275 0
      vertex 27.5 -230.00000000000006 87.5
      vertex 27.5 -171.78908345800275 87.5
    endloop
  endfacet
  facet normal 0 -1 0
    outer loop
      vertex 36 -230.00000000000006 0
      vertex 32.5 -230.00000000000006 87.5
      vertex 32.49048674851656 -230.00000000000006 87.71788935363293
    endloop
  endfacet
  facet normal 0.9992009587217894 0 0.039968038348871575
    outer loop
      vertex 36 -230.00000000000006 0
      vertex 32.5 -171.78908345800275 87.5
      vertex 32.5 -230.00000000000006 87.5
    endloop
  endfacet
  facet normal -0.9990482222104388 0 0.04361937296846292
    outer loop
      vertex 27.5 -230.00000000000006 87.5
      vertex 27.50951325148344 -230.00000000000006 87.71788935363293
      vertex 27.5 -171.78908345800275 87.5
    endloop
  endfacet
  facet normal -0.9914448606708772 0 0.130526197559359
    outer loop
      vertex 27.50951325148344 -230.00000000000006 87.71788935363293
      vertex 27.537980616092682 -230.00000000000006 87.93412044644356
      vertex 27.50951325148344 -171.78908345800275 87.71788935363293
    endloop
  endfacet
  facet normal -0.9762960077393519 0 0.21643961114408647
    outer loop
      vertex 27.537980616092682 -230.00000000000006 87.93412044644356
      vertex 27.585185430943966 -230.00000000000006 88.1470476090908
      vertex 27.537980616092682 -171.78908345800275 87.93412044644356
    endloop
  endfacet
  facet normal -0.9537169421770514 0 0.3007058266885675
    outer loop
      vertex 27.585185430943966 -230.00000000000006 88.1470476090908
      vertex 27.65076845139265 -230.00000000000006 88.355050355196
      vertex 27.585185430943966 -171.78908345800275 88.1470476090908
    endloop
  endfacet
  facet normal -0.9238795374184212 0 0.382683420518219
    outer loop
      vertex 27.65076845139265 -230.00000000000006 88.355050355196
      vertex 27.734230533242226 -230.00000000000006 88.55654565244913
      vertex 27.65076845139265 -171.78908345800275 88.355050355196
    endloop
  endfacet
  facet normal -0.8870108335878645 0 0.46174861244811755
    outer loop
      vertex 27.734230533242226 -230.00000000000006 88.55654565244913
      vertex 27.83493649214506 -230.00000000000006 88.75
      vertex 27.734230533242226 -171.78908345800275 88.55654565244913
    endloop
  endfacet
  facet normal -0.8433914511491198 0 0.5372995999706138
    outer loop
      vertex 27.83493649214506 -230.00000000000006 88.75
      vertex 27.952119886875153 -230.00000000000006 88.93394108861685
      vertex 27.83493649214506 -171.78908345800275 88.75
    endloop
  endfacet
  facet normal -0.7933533378141335 0 0.6087614322369423
    outer loop
      vertex 27.952119886875153 -230.00000000000006 88.93394108861685
      vertex 28.084888890385628 -230.00000000000006 89.10696902126074
      vertex 27.952119886875153 -171.78908345800275 88.93394108861685
    endloop
  endfacet
  facet normal 0 -1 0
    outer loop
      vertex 27.5 -230.00000000000006 87.5
      vertex 32.414814569056034 -230.00000000000006 88.1470476090908
      vertex 27.50951325148344 -230.00000000000006 87.71788935363293
    endloop
  endfacet
  facet normal 0 -1 0
    outer loop
      vertex 27.50951325148344 -230.00000000000006 87.71788935363293
      vertex 32.34923154860735 -230.00000000000006 88.355050355196
      vertex 27.537980616092682 -230.00000000000006 87.93412044644356
    endloop
  endfacet
  facet normal 0 -1 0
    outer loop
      vertex 27.537980616092682 -230.00000000000006 87.93412044644356
      vertex 32.265769466757774 -230.00000000000006 88.55654565244913
      vertex 27.585185430943966 -230.00000000000006 88.1470476090908
    endloop
  endfacet
  facet normal 0 -1 0
    outer loop
      vertex 27.585185430943966 -230.00000000000006 88.1470476090908
      vertex 32.16506350785494 -230.00000000000006 88.75
      vertex 27.65076845139265 -230.00000000000006 88.355050355196
    endloop
  endfacet
  facet normal 0 -1 0
    outer loop
      vertex 27.65076845139265 -230.00000000000006 88.355050355196
      vertex 32.04788011312485 -230.00000000000006 88.93394108861685
      vertex 27.734230533242226 -230.00000000000006 88.55654565244913
    endloop
  endfacet
  facet normal 0 -1 0
    outer loop
      vertex 27.734230533242226 -230.00000000000006 88.55654565244913
      vertex 31.915111109614372 -230.00000000000006 89.10696902126074
      vertex 27.83493649214506 -230.00000000000006 88.75
    endloop
  endfacet
  facet normal 0 -1 0
    outer loop
      vertex 27.83493649214506 -230.00000000000006 88.75
      vertex 31.76776695251465 -230.00000000000006 89.26776695251465
      vertex 27.952119886875153 -230.00000000000006 88.93394108861685
    endloop
  endfacet
  facet normal 0 -1 0
    outer loop
      vertex 27.952119886875153 -230.00000000000006 88.93394108861685
      vertex 31.60696902126074 -230.00000000000006 89.41511110961437
      vertex 28.084888890385628 -230.00000000000006 89.10696902126074
    endloop
  endfacet
  facet normal 0 -1 0
    outer loop
      vertex 28.084888890385628 -230.00000000000006 89.10696902126074
      vertex 31.433941088616848 -230.00000000000006 89.54788011312485
      vertex 28.23223304748535 -230.00000000000006 89.26776695251465
    endloop
  endfacet
  facet normal 0 -1 0
    outer loop
      vertex 28.23223304748535 -230.00000000000006 89.26776695251465
      vertex 31.25 -230.00000000000006 89.66506350785494
      vertex 28.39303097873926 -230.00000000000006 89.41511110961437
    endloop
  endfacet
  facet normal 0 -1 0
    outer loop
      vertex 28.39303097873926 -230.00000000000006 89.41511110961437
      vertex 31.05654565244913 -230.00000000000006 89.76576946675777
      vertex 28.566058911383152 -230.00000000000006 89.54788011312485
    endloop
  endfacet
  facet normal 0 -1 0
    outer loop
      vertex 28.566058911383152 -230.00000000000006 89.54788011312485
      vertex 30.855050355196 -230.00000000000006 89.84923154860735
      vertex 28.75 -230.00000000000006 89.66506350785494
    endloop
  endfacet
  facet normal 0 -1 0
    outer loop
      vertex 28.75 -230.00000000000006 89.66506350785494
      vertex 30.647047609090805 -230.00000000000006 89.91481456905603
      vertex 28.94345434755087 -230.00000000000006 89.76576946675777
    endloop
  endfacet
  facet normal 0 -1 0
    outer loop
      vertex 28.94345434755087 -230.00000000000006 89.76576946675777
      vertex 30.434120446443558 -230.00000000000006 89.96201938390732
      vertex 29.144949644804 -230.00000000000006 89.84923154860735
    endloop
  endfacet
  facet normal 0 -1 0
    outer loop
      vertex 29.144949644804 -230.00000000000006 89.84923154860735
      vertex 30.217889353632927 -230.00000000000006 89.99048674851656
      vertex 29.352952390909195 -230.00000000000006 89.91481456905603
    endloop
  endfacet
  facet normal 0 -1 0
    outer loop
      vertex 29.352952390909195 -230.00000000000006 89.91481456905603
      vertex 30 -230.00000000000006 90
      vertex 29.565879553556442 -230.00000000000006 89.96201938390732
    endloop
  endfacet
  facet normal 0 -1 0
    outer loop
      vertex 29.565879553556442 -230.00000000000006 89.96201938390732
      vertex 30 -230.00000000000006 90
      vertex 29.782110646367073 -230.00000000000006 89.99048674851656
    endloop
  endfacet
  facet normal 0 -1 0
    outer loop
      vertex 29.352952390909195 -230.00000000000006 89.91481456905603
      vertex 30.217889353632927 -230.00000000000006 89.99048674851656
      vertex 30 -230.00000000000006 90
    endloop
  endfacet
  facet normal 0 -1 0
    outer loop
      vertex 29.144949644804 -230.00000000000006 89.84923154860735
      vertex 30.434120446443558 -230.00000000000006 89.96201938390732
      vertex 30.217889353632927 -230.00000000000006 89.99048674851656
    endloop
  endfacet
  facet normal 0 -1 0
    outer loop
      vertex 28.94345434755087 -230.00000000000006 89.76576946675777
      vertex 30.647047609090805 -230.00000000000006 89.91481456905603
      vertex 30.434120446443558 -230.00000000000006 89.96201938390732
    endloop
  endfacet
  facet normal 0 -1 0
    outer loop
      vertex 28.75 -230.00000000000006 89.66506350785494
      vertex 30.855050355196 -230.00000000000006 89.84923154860735
      vertex 30.647047609090805 -230.00000000000006 89.91481456905603
    endloop
  endfacet
  facet normal 0 -1 0
    outer loop
      vertex 27.537980616092682 -230.00000000000006 87.93412044644356
      vertex 32.34923154860735 -230.00000000000006 88.355050355196
      vertex 32.265769466757774 -230.00000000000006 88.55654565244913
    endloop
  endfacet
  facet normal 0 -1 0
    outer loop
      vertex 27.585185430943966 -230.00000000000006 88.1470476090908
      vertex 32.265769466757774 -230.00000000000006 88.55654565244913
      vertex 32.16506350785494 -230.00000000000006 88.75
    endloop
  endfacet
  facet normal 0 -1 0
    outer loop
      vertex 28.39303097873926 -230.00000000000006 89.41511110961437
      vertex 31.25 -230.00000000000006 89.66506350785494
      vertex 31.05654565244913 -230.00000000000006 89.76576946675777
    endloop
  endfacet
  facet normal 0 -1 0
    outer loop
      vertex 28.566058911383152 -230.00000000000006 89.54788011312485
      vertex 31.05654565244913 -230.00000000000006 89.76576946675777
      vertex 30.855050355196 -230.00000000000006 89.84923154860735
    endloop
  endfacet
  facet normal 0 -1 0
    outer loop
      vertex 28.23223304748535 -230.00000000000006 89.26776695251465
      vertex 31.433941088616848 -230.00000000000006 89.54788011312485
      vertex 31.25 -230.00000000000006 89.66506350785494
    endloop
  endfacet
  facet normal 0 -1 0
    outer loop
      vertex 28.084888890385628 -230.00000000000006 89.10696902126074
      vertex 31.60696902126074 -230.00000000000006 89.41511110961437
      vertex 31.433941088616848 -230.00000000000006 89.54788011312485
    endloop
  endfacet
  facet normal 0 -1 0
    outer loop
      vertex 27.734230533242226 -230.00000000000006 88.55654565244913
      vertex 32.04788011312485 -230.00000000000006 88.93394108861685
      vertex 31.915111109614372 -230.00000000000006 89.10696902126074
    endloop
  endfacet
  facet normal 0 -1 0
    outer loop
      vertex 27.952119886875153 -230.00000000000006 88.93394108861685
      vertex 31.76776695251465 -230.00000000000006 89.26776695251465
      vertex 31.60696902126074 -230.00000000000006 89.41511110961437
    endloop
  endfacet
  facet normal 0 -1 0
    outer loop
      vertex 27.83493649214506 -230.00000000000006 88.75
      vertex 31.915111109614372 -230.00000000000006 89.10696902126074
      vertex 31.76776695251465 -230.00000000000006 89.26776695251465
    endloop
  endfacet
  facet normal 0 -1 0
    outer loop
      vertex 27.65076845139265 -230.00000000000006 88.355050355196
      vertex 32.16506350785494 -230.00000000000006 88.75
      vertex 32.04788011312485 -230.00000000000006 88.93394108861685
    endloop
  endfacet
  facet normal -0.7372773368689202 0 0.6755902075514953
    outer loop
      vertex 28.084888890385628 -230.00000000000006 89.10696902126074
      vertex 28.23223304748535 -230.00000000000006 89.26776695251465
      vertex 28.084888890385628 -171.78908345800275 89.10696902126074
    endloop
  endfacet
  facet normal -0.6755902075514953 0 0.7372773368689202
    outer loop
      vertex 28.23223304748535 -230.00000000000006 89.26776695251465
      vertex 28.39303097873926 -230.00000000000006 89.41511110961437
      vertex 28.23223304748535 -171.78908345800275 89.26776695251465
    endloop
  endfacet
  facet normal -0.6087614322369423 0 0.7933533378141335
    outer loop
      vertex 28.39303097873926 -230.00000000000006 89.41511110961437
      vertex 28.566058911383152 -230.00000000000006 89.54788011312485
      vertex 28.39303097873926 -171.78908345800275 89.41511110961437
    endloop
  endfacet
  facet normal -0.5372995999706138 0 0.8433914511491198
    outer loop
      vertex 28.566058911383152 -230.00000000000006 89.54788011312485
      vertex 28.75 -230.00000000000006 89.66506350785494
      vertex 28.566058911383152 -171.78908345800275 89.54788011312485
    endloop
  endfacet
  facet normal -0.46174861244811755 0 0.8870108335878645
    outer loop
      vertex 28.75 -230.00000000000006 89.66506350785494
      vertex 28.94345434755087 -230.00000000000006 89.76576946675777
      vertex 28.75 -171.78908345800275 89.66506350785494
    endloop
  endfacet
  facet normal -0.382683420518219 0 0.9238795374184212
    outer loop
      vertex 28.94345434755087 -230.00000000000006 89.76576946675777
      vertex 29.144949644804 -230.00000000000006 89.84923154860735
      vertex 28.94345434755087 -171.78908345800275 89.76576946675777
    endloop
  endfacet
  facet normal -0.3007058266885675 0 0.9537169421770514
    outer loop
      vertex 29.144949644804 -230.00000000000006 89.84923154860735
      vertex 29.352952390909195 -230.00000000000006 89.91481456905603
      vertex 29.144949644804 -171.78908345800275 89.84923154860735
    endloop
  endfacet
  facet normal -0.21643961114408647 0 0.9762960077393519
    outer loop
      vertex 29.352952390909195 -230.00000000000006 89.91481456905603
      vertex 29.565879553556442 -230.00000000000006 89.96201938390732
      vertex 29.352952390909195 -171.78908345800275 89.91481456905603
    endloop
  endfacet
  facet normal -0.130526197559359 0 0.9914448606708772
    outer loop
      vertex 29.565879553556442 -230.00000000000006 89.96201938390732
      vertex 29.782110646367073 -230.00000000000006 89.99048674851656
      vertex 29.565879553556442 -171.78908345800275 89.96201938390732
    endloop
  endfacet
  facet normal -0.04361937296846292 0 0.9990482222104388
    outer loop
      vertex 29.782110646367073 -230.00000000000006 89.99048674851656
      vertex 30 -230.00000000000006 90
      vertex 29.782110646367073 -171.78908345800275 89.99048674851656
    endloop
  endfacet
  facet normal 0.04361937296846292 0 0.9990482222104388
    outer loop
      vertex 30 -230.00000000000006 90
      vertex 30.217889353632927 -230.00000000000006 89.99048674851656
      vertex 30 -171.78908345800275 90
    endloop
  endfacet
  facet normal 0.130526197559359 0 0.9914448606708772
    outer loop
      vertex 30.217889353632927 -230.00000000000006 89.99048674851656
      vertex 30.434120446443558 -230.00000000000006 89.96201938390732
      vertex 30.217889353632927 -171.78908345800275 89.99048674851656
    endloop
  endfacet
  facet normal 0.21643961114408647 0 0.9762960077393519
    outer loop
      vertex 30.434120446443558 -230.00000000000006 89.96201938390732
      vertex 30.647047609090805 -230.00000000000006 89.91481456905603
      vertex 30.434120446443558 -171.78908345800275 89.96201938390732
    endloop
  endfacet
  facet normal 0.3007058266885675 0 0.9537169421770514
    outer loop
      vertex 30.647047609090805 -230.00000000000006 89.91481456905603
      vertex 30.855050355196 -230.00000000000006 89.84923154860735
      vertex 30.647047609090805 -171.78908345800275 89.91481456905603
    endloop
  endfacet
  facet normal -0.9990482222104388 0 0.04361937296846292
    outer loop
      vertex 27.50951325148344 -230.00000000000006 87.71788935363293
      vertex 27.50951325148344 -171.78908345800275 87.71788935363293
      vertex 27.5 -171.78908345800275 87.5
    endloop
  endfacet
  facet normal -0.9914448606708772 0 0.130526197559359
    outer loop
      vertex 27.537980616092682 -230.00000000000006 87.93412044644356
      vertex 27.537980616092682 -171.78908345800275 87.93412044644356
      vertex 27.50951325148344 -171.78908345800275 87.71788935363293
    endloop
  endfacet
  facet normal -0.9762960077393519 0 0.21643961114408647
    outer loop
      vertex 27.585185430943966 -230.00000000000006 88.1470476090908
      vertex 27.585185430943966 -171.78908345800275 88.1470476090908
      vertex 27.537980616092682 -171.78908345800275 87.93412044644356
    endloop
  endfacet
  facet normal -0.9537169421770514 0 0.3007058266885675
    outer loop
      vertex 27.65076845139265 -230.00000000000006 88.355050355196
      vertex 27.65076845139265 -171.78908345800275 88.355050355196
      vertex 27.585185430943966 -171.78908345800275 88.1470476090908
    endloop
  endfacet
  facet normal -0.9238795374184212 0 0.382683420518219
    outer loop
      vertex 27.734230533242226 -230.00000000000006 88.55654565244913
      vertex 27.734230533242226 -171.78908345800275 88.55654565244913
      vertex 27.65076845139265 -171.78908345800275 88.355050355196
    endloop
  endfacet
  facet normal -0.8870108335878645 0 0.46174861244811755
    outer loop
      vertex 27.83493649214506 -230.00000000000006 88.75
      vertex 27.83493649214506 -171.78908345800275 88.75
      vertex 27.734230533242226 -171.78908345800275 88.55654565244913
    endloop
  endfacet
  facet normal -0.8433914511491198 0 0.5372995999706138
    outer loop
      vertex 27.952119886875153 -230.00000000000006 88.93394108861685
      vertex 27.952119886875153 -171.78908345800275 88.93394108861685
      vertex 27.83493649214506 -171.78908345800275 88.75
    endloop
  endfacet
  facet normal -0.7933533378141335 0 0.6087614322369423
    outer loop
      vertex 28.084888890385628 -230.00000000000006 89.10696902126074
      vertex 28.084888890385628 -171.78908345800275 89.10696902126074
      vertex 27.952119886875153 -171.78908345800275 88.93394108861685
    endloop
  endfacet
  facet normal -0.7372773368689202 0 0.6755902075514953
    outer loop
      vertex 28.23223304748535 -230.00000000000006 89.26776695251465
      vertex 28.23223304748535 -171.78908345800275 89.26776695251465
      vertex 28.084888890385628 -171.78908345800275 89.10696902126074
    endloop
  endfacet
  facet normal -0.6755902075514953 0 0.7372773368689202
    outer loop
      vertex 28.39303097873926 -230.00000000000006 89.41511110961437
      vertex 28.39303097873926 -171.78908345800275 89.41511110961437
      vertex 28.23223304748535 -171.78908345800275 89.26776695251465
    endloop
  endfacet
  facet normal -0.6087614322369423 0 0.7933533378141335
    outer loop
      vertex 28.566058911383152 -230.00000000000006 89.54788011312485
      vertex 28.566058911383152 -171.78908345800275 89.54788011312485
      vertex 28.39303097873926 -171.78908345800275 89.41511110961437
    endloop
  endfacet
  facet normal -0.5372995999706138 0 0.8433914511491198
    outer loop
      vertex 28.75 -230.00000000000006 89.66506350785494
      vertex 28.75 -171.78908345800275 89.66506350785494
      vertex 28.566058911383152 -171.78908345800275 89.54788011312485
    endloop
  endfacet
  facet normal -0.46174861244811755 0 0.8870108335878645
    outer loop
      vertex 28.94345434755087 -230.00000000000006 89.76576946675777
      vertex 28.94345434755087 -171.78908345800275 89.76576946675777
      vertex 28.75 -171.78908345800275 89.66506350785494
    endloop
  endfacet
  facet normal -0.382683420518219 0 0.9238795374184212
    outer loop
      vertex 29.144949644804 -230.00000000000006 89.84923154860735
      vertex 29.144949644804 -171.78908345800275 89.84923154860735
      vertex 28.94345434755087 -171.78908345800275 89.76576946675777
    endloop
  endfacet
  facet normal -0.3007058266885675 0 0.9537169421770514
    outer loop
      vertex 29.352952390909195 -230.00000000000006 89.91481456905603
      vertex 29.352952390909195 -171.78908345800275 89.91481456905603
      vertex 29.144949644804 -171.78908345800275 89.84923154860735
    endloop
  endfacet
  facet normal -0.21643961114408647 0 0.9762960077393519
    outer loop
      vertex 29.565879553556442 -230.00000000000006 89.96201938390732
      vertex 29.565879553556442 -171.78908345800275 89.96201938390732
      vertex 29.352952390909195 -171.78908345800275 89.91481456905603
    endloop
  endfacet
  facet normal -0.130526197559359 0 0.9914448606708772
    outer loop
      vertex 29.782110646367073 -230.00000000000006 89.99048674851656
      vertex 29.782110646367073 -171.78908345800275 89.99048674851656
      vertex 29.565879553556442 -171.78908345800275 89.96201938390732
    endloop
  endfacet
  facet normal -0.04361937296846292 0 0.9990482222104388
    outer loop
      vertex 30 -230.00000000000006 90
      vertex 30 -171.78908345800275 90
      vertex 29.782110646367073 -171.78908345800275 89.99048674851656
    endloop
  endfacet
  facet normal 0.04361937296846292 0 0.9990482222104388
    outer loop
      vertex 30.217889353632927 -230.00000000000006 89.99048674851656
      vertex 30.217889353632927 -171.78908345800275 89.99048674851656
      vertex 30 -171.78908345800275 90
    endloop
  endfacet
  facet normal 0.130526197559359 0 0.9914448606708772
    outer loop
      vertex 30.434120446443558 -230.00000000000006 89.96201938390732
      vertex 30.434120446443558 -171.78908345800275 89.96201938390732
      vertex 30.217889353632927 -171.78908345800275 89.99048674851656
    endloop
  endfacet
  facet normal 0.21643961114408647 0 0.9762960077393519
    outer loop
      vertex 30.647047609090805 -230.00000000000006 89.91481456905603
      vertex 30.647047609090805 -171.78908345800275 89.91481456905603
      vertex 30.434120446443558 -171.78908345800275 89.96201938390732
    endloop
  endfacet
  facet normal 0 -1 0
    outer loop
      vertex 27.5 -230.00000000000006 87.5
      vertex 32.46201938390732 -230.00000000000006 87.93412044644356
      vertex 32.414814569056034 -230.00000000000006 88.1470476090908
    endloop
  endfacet
  facet normal 0 -1 0
    outer loop
      vertex 27.50951325148344 -230.00000000000006 87.71788935363293
      vertex 32.414814569056034 -230.00000000000006 88.1470476090908
      vertex 32.34923154860735 -230.00000000000006 88.355050355196
    endloop
  endfacet
  facet normal 0.382683420518219 0 0.9238795374184212
    outer loop
      vertex 30.855050355196 -230.00000000000006 89.84923154860735
      vertex 31.05654565244913 -230.00000000000006 89.76576946675777
      vertex 30.855050355196 -171.78908345800275 89.84923154860735
    endloop
  endfacet
  facet normal 0.46174861244811755 0 0.8870108335878645
    outer loop
      vertex 31.05654565244913 -230.00000000000006 89.76576946675777
      vertex 31.25 -230.00000000000006 89.66506350785494
      vertex 31.05654565244913 -171.78908345800275 89.76576946675777
    endloop
  endfacet
  facet normal 0.5372995999706138 0 0.8433914511491198
    outer loop
      vertex 31.25 -230.00000000000006 89.66506350785494
      vertex 31.433941088616848 -230.00000000000006 89.54788011312485
      vertex 31.25 -171.78908345800275 89.66506350785494
    endloop
  endfacet
  facet normal 0.6087614322369423 0 0.7933533378141335
    outer loop
      vertex 31.433941088616848 -230.00000000000006 89.54788011312485
      vertex 31.60696902126074 -230.00000000000006 89.41511110961437
      vertex 31.433941088616848 -171.78908345800275 89.54788011312485
    endloop
  endfacet
  facet normal 0.6755902075514953 0 0.7372773368689202
    outer loop
      vertex 31.60696902126074 -230.00000000000006 89.41511110961437
      vertex 31.76776695251465 -230.00000000000006 89.26776695251465
      vertex 31.60696902126074 -171.78908345800275 89.41511110961437
    endloop
  endfacet
  facet normal 0.7372773368689202 0 0.6755902075514953
    outer loop
      vertex 31.76776695251465 -230.00000000000006 89.26776695251465
      vertex 31.915111109614372 -230.00000000000006 89.10696902126074
      vertex 31.76776695251465 -171.78908345800275 89.26776695251465
    endloop
  endfacet
  facet normal 0.7933533378141335 0 0.6087614322369423
    outer loop
      vertex 32.04788011312485 -230.00000000000006 88.93394108861685
      vertex 31.915111109614372 -171.78908345800275 89.10696902126074
      vertex 31.915111109614372 -230.00000000000006 89.10696902126074
    endloop
  endfacet
  facet normal 0.9238795374184212 0 0.382683420518219
    outer loop
      vertex 32.265769466757774 -230.00000000000006 88.55654565244913
      vertex 32.34923154860735 -230.00000000000006 88.355050355196
      vertex 32.265769466757774 -171.78908345800275 88.55654565244913
    endloop
  endfacet
  facet normal 0.9537169421770514 0 0.3007058266885675
    outer loop
      vertex 32.34923154860735 -230.00000000000006 88.355050355196
      vertex 32.414814569056034 -230.00000000000006 88.1470476090908
      vertex 32.34923154860735 -171.78908345800275 88.355050355196
    endloop
  endfacet
  facet normal 0.9914448606708772 0 0.130526197559359
    outer loop
      vertex 32.49048674851656 -230.00000000000006 87.71788935363293
      vertex 32.46201938390732 -171.78908345800275 87.93412044644356
      vertex 32.46201938390732 -230.00000000000006 87.93412044644356
    endloop
  endfacet
  facet normal 0.9990482222104388 0 0.04361937296846292
    outer loop
      vertex 32.5 -230.00000000000006 87.5
      vertex 32.49048674851656 -171.78908345800275 87.71788935363293
      vertex 32.49048674851656 -230.00000000000006 87.71788935363293
    endloop
  endfacet
  facet normal 0.9762960077393519 0 0.21643961114408647
    outer loop
      vertex 32.46201938390732 -230.00000000000006 87.93412044644356
      vertex 32.414814569056034 -171.78908345800275 88.1470476090908
      vertex 32.414814569056034 -230.00000000000006 88.1470476090908
    endloop
  endfacet
  facet normal 0.8433914511491198 0 0.5372995999706138
    outer loop
      vertex 32.04788011312485 -230.00000000000006 88.93394108861685
      vertex 32.16506350785494 -230.00000000000006 88.75
      vertex 32.04788011312485 -171.78908345800275 88.93394108861685
    endloop
  endfacet
  facet normal 0.8870108335878645 0 0.46174861244811755
    outer loop
      vertex 32.265769466757774 -230.00000000000006 88.55654565244913
      vertex 32.16506350785494 -171.78908345800275 88.75
      vertex 32.16506350785494 -230.00000000000006 88.75
    endloop
  endfacet
  facet normal 0.3007058266885675 0 0.9537169421770514
    outer loop
      vertex 30.855050355196 -230.00000000000006 89.84923154860735
      vertex 30.855050355196 -171.78908345800275 89.84923154860735
      vertex 30.647047609090805 -171.78908345800275 89.91481456905603
    endloop
  endfacet
  facet normal 0.382683420518219 0 0.9238795374184212
    outer loop
      vertex 31.05654565244913 -230.00000000000006 89.76576946675777
      vertex 31.05654565244913 -171.78908345800275 89.76576946675777
      vertex 30.855050355196 -171.78908345800275 89.84923154860735
    endloop
  endfacet
  facet normal 0.46174861244811755 0 0.8870108335878645
    outer loop
      vertex 31.25 -230.00000000000006 89.66506350785494
      vertex 31.25 -171.78908345800275 89.66506350785494
      vertex 31.05654565244913 -171.78908345800275 89.76576946675777
    endloop
  endfacet
  facet normal 0.5372995999706138 0 0.8433914511491198
    outer loop
      vertex 31.433941088616848 -230.00000000000006 89.54788011312485
      vertex 31.433941088616848 -171.78908345800275 89.54788011312485
      vertex 31.25 -171.78908345800275 89.66506350785494
    endloop
  endfacet
  facet normal 0.6087614322369423 0 0.7933533378141335
    outer loop
      vertex 31.60696902126074 -230.00000000000006 89.41511110961437
      vertex 31.60696902126074 -171.78908345800275 89.41511110961437
      vertex 31.433941088616848 -171.78908345800275 89.54788011312485
    endloop
  endfacet
  facet normal 0.6755902075514953 0 0.7372773368689202
    outer loop
      vertex 31.76776695251465 -230.00000000000006 89.26776695251465
      vertex 31.76776695251465 -171.78908345800275 89.26776695251465
      vertex 31.60696902126074 -171.78908345800275 89.41511110961437
    endloop
  endfacet
  facet normal 0.7372773368689202 0 0.6755902075514953
    outer loop
      vertex 31.915111109614372 -230.00000000000006 89.10696902126074
      vertex 31.915111109614372 -171.78908345800275 89.10696902126074
      vertex 31.76776695251465 -171.78908345800275 89.26776695251465
    endloop
  endfacet
  facet normal 0.7933533378141335 0 0.6087614322369423
    outer loop
      vertex 32.04788011312485 -230.00000000000006 88.93394108861685
      vertex 32.04788011312485 -171.78908345800275 88.93394108861685
      vertex 31.915111109614372 -171.78908345800275 89.10696902126074
    endloop
  endfacet
  facet normal 0.9238795374184212 0 0.382683420518219
    outer loop
      vertex 32.34923154860735 -230.00000000000006 88.355050355196
      vertex 32.34923154860735 -171.78908345800275 88.355050355196
      vertex 32.265769466757774 -171.78908345800275 88.55654565244913
    endloop
  endfacet
  facet normal 0.9990482222104388 0 0.04361937296846292
    outer loop
      vertex 32.5 -230.00000000000006 87.5
      vertex 32.5 -171.78908345800275 87.5
      vertex 32.49048674851656 -171.78908345800275 87.71788935363293
    endloop
  endfacet
  facet normal 0.9914448606708772 0 0.130526197559359
    outer loop
      vertex 32.49048674851656 -230.00000000000006 87.71788935363293
      vertex 32.49048674851656 -171.78908345800275 87.71788935363293
      vertex 32.46201938390732 -171.78908345800275 87.93412044644356
    endloop
  endfacet
  facet normal 0.9762960077393519 0 0.21643961114408647
    outer loop
      vertex 32.46201938390732 -230.00000000000006 87.93412044644356
      vertex 32.46201938390732 -171.78908345800275 87.93412044644356
      vertex 32.414814569056034 -171.78908345800275 88.1470476090908
    endloop
  endfacet
  facet normal 0.9537169421770514 0 0.3007058266885675
    outer loop
      vertex 32.414814569056034 -230.00000000000006 88.1470476090908
      vertex 32.414814569056034 -171.78908345800275 88.1470476090908
      vertex 32.34923154860735 -171.78908345800275 88.355050355196
    endloop
  endfacet
  facet normal 0.8433914511491198 0 0.5372995999706138
    outer loop
      vertex 32.16506350785494 -230.00000000000006 88.75
      vertex 32.16506350785494 -171.78908345800275 88.75
      vertex 32.04788011312485 -171.78908345800275 88.93394108861685
    endloop
  endfacet
  facet normal 0.8870108335878645 0 0.46174861244811755
    outer loop
      vertex 32.265769466757774 -230.00000000000006 88.55654565244913
      vertex 32.265769466757774 -171.78908345800275 88.55654565244913
      vertex 32.16506350785494 -171.78908345800275 88.75
    endloop
  endfacet
  facet normal 0.49381811702611017 -0.8695652173913048 -7.08777762861594e-17
    outer loop
      vertex 9.782608695652172 -117.96290870215665 0
      vertex 20.217391304347828 -112.03709129784333 0
      vertex 12.834359349116042 -116.22984747663092 87.71788935363293
    endloop
  endfacet
  facet normal 0.49381811702908496 -0.8695652173896155 -1.2725208584672458e-13
    outer loop
      vertex 9.782608695652172 -117.96290870215665 0
      vertex 12.834359349116042 -116.22984747663092 87.71788935363293
      vertex 12.826086956521749 -116.23454529256527 87.5
    endloop
  endfacet
  facet normal 0.49381811702611633 -0.8695652173913011 5.441378970203604e-14
    outer loop
      vertex 12.859113579211026 -116.2157897762429 87.93412044644356
      vertex 17.173913043478265 -113.76545470743471 87.5
      vertex 12.900161244299099 -116.19247918345846 88.1470476090908
    endloop
  endfacet
  facet normal 0.4938181170261085 -0.8695652173913055 -1.548651007200095e-14
    outer loop
      vertex 12.900161244299099 -116.19247918345846 88.1470476090908
      vertex 17.165640650883972 -113.77015252336906 87.71788935363293
      vertex 12.957189957732737 -116.16009309979161 88.355050355196
    endloop
  endfacet
  facet normal 0.4938181170261099 -0.8695652173913048 -1.1327947915966716e-15
    outer loop
      vertex 12.957189957732737 -116.16009309979161 88.355050355196
      vertex 17.140886420788974 -113.7842102237571 87.93412044644356
      vertex 13.029765681080193 -116.11887801168957 88.55654565244913
    endloop
  endfacet
  facet normal 0.49381811702611 -0.8695652173913048 -1.348612972736554e-15
    outer loop
      vertex 13.029765681080193 -116.11887801168957 88.55654565244913
      vertex 17.0998387557009 -113.80752081654153 88.1470476090908
      vertex 13.117336080126137 -116.06914758469087 88.75
    endloop
  endfacet
  facet normal 0.49381811702610956 -0.869565217391305 -1.6147162464889637e-14
    outer loop
      vertex 13.117336080126137 -116.06914758469087 88.75
      vertex 17.042810042267263 -113.83990690020838 88.355050355196
      vertex 13.219234684239268 -116.01128030135852 88.93394108861685
    endloop
  endfacet
  facet normal 0.4938181170261085 -0.8695652173913055 -3.798370671963059e-14
    outer loop
      vertex 13.219234684239268 -116.01128030135852 88.93394108861685
      vertex 16.970234318919807 -113.88112198831041 88.55654565244913
      vertex 13.334685991639674 -115.94571656204556 89.10696902126074
    endloop
  endfacet
  facet normal 0.4938181170261119 -0.8695652173913038 -1.637102114429677e-14
    outer loop
      vertex 13.334685991639674 -115.94571656204556 89.10696902126074
      vertex 16.882663919873863 -113.93085241530912 88.75
      vertex 13.462811345639437 -115.87295534783178 89.26776695251465
    endloop
  endfacet
  facet normal 0.4938181170261198 -0.8695652173912991 9.130304280135479e-14
    outer loop
      vertex 13.462811345639437 -115.87295534783178 89.26776695251465
      vertex 16.780765315760746 -113.98871969864146 88.93394108861685
      vertex 13.602635633686319 -115.79355041619826 89.41511110961437
    endloop
  endfacet
  facet normal 0.4938181170260982 -0.8695652173913115 -8.530282382688544e-14
    outer loop
      vertex 14.081264650044233 -115.52174138464454 89.76576946675777
      vertex 14.960052230755212 -115.02268597201603 89.73061392863798
      vertex 14.256477952003479 -115.4222393563654 89.84923154860735
    endloop
  endfacet
  facet normal 0.4938181170261001 -0.8695652173913104 7.408538377946417e-14
    outer loop
      vertex 14.256477952003479 -115.4222393563654 89.84923154860735
      vertex 14.595039516705619 -115.22997334682998 89.89094030265036
      vertex 14.437349905138433 -115.31952383194746 89.91481456905603
    endloop
  endfacet
  facet normal 0.49381811702610307 -0.8695652173913088 9.968107722704623e-14
    outer loop
      vertex 14.437349905138433 -115.31952383194746 89.91481456905603
      vertex 14.595039516705619 -115.22997334682998 89.89094030265036
      vertex 14.622503959614306 -115.21437654142528 89.96201938390732
    endloop
  endfacet
  facet normal 0.49381811702619205 -0.8695652173912581 5.437781029361839e-14
    outer loop
      vertex 14.595039516705619 -115.22997334682998 89.89094030265036
      vertex 14.625376955200593 -115.21274499356404 89.88634720307013
      vertex 14.622503959614306 -115.21437654142528 89.96201938390732
    endloop
  endfacet
  facet normal 0.4938181170261039 -0.8695652173913082 -7.68294241822742e-14
    outer loop
      vertex 13.602635633686319 -115.79355041619826 89.41511110961437
      vertex 16.665314008360326 -114.05428343795444 89.10696902126074
      vertex 13.753094705550566 -115.70810608830715 89.54788011312485
    endloop
  endfacet
  facet normal 0.4938181170261182 -0.8695652173913001 6.270368884100573e-14
    outer loop
      vertex 13.753094705550566 -115.70810608830715 89.54788011312485
      vertex 16.537188654360563 -114.12704465216822 89.26776695251465
      vertex 13.913043478260875 -115.61727264628263 89.66506350785494
    endloop
  endfacet
  facet normal 0.4938181170261132 -0.8695652173913029 3.9064653935629084e-14
    outer loop
      vertex 13.913043478260875 -115.61727264628263 89.66506350785494
      vertex 16.39736436631368 -114.20644958380173 89.41511110961437
      vertex 14.081264650044233 -115.52174138464454 89.76576946675777
    endloop
  endfacet
  facet normal 0.4938181170261119 -0.8695652173913037 2.1708929104653588e-14
    outer loop
      vertex 14.256477952003479 -115.4222393563654 89.84923154860735
      vertex 15.30702400577209 -114.82564388112598 89.78314558364669
      vertex 14.625376955200593 -115.21274499356404 89.88634720307013
    endloop
  endfacet
  facet normal 0.4938181170261105 -0.8695652173913045 -1.999024164445563e-12
    outer loop
      vertex 14.716517478227615 -115.16098712587817 89.97625306621194
      vertex 14.84871496098762 -115.08591338706421 89.9770953895479
      vertex 14.831690333237402 -115.09558151712571 89.98306603472857
    endloop
  endfacet
  facet normal 0.4938181170261117 -0.8695652173913038 2.162745951086916e-14
    outer loop
      vertex 14.256477952003479 -115.4222393563654 89.84923154860735
      vertex 14.960052230755212 -115.02268597201603 89.73061392863798
      vertex 15.30702400577209 -114.82564388112598 89.78314558364669
    endloop
  endfacet
  facet normal 0.4938181170261151 -0.8695652173913019 5.051325096183803e-14
    outer loop
      vertex 14.625376955200593 -115.21274499356404 89.88634720307013
      vertex 15.30702400577209 -114.82564388112598 89.78314558364669
      vertex 14.622503959614306 -115.21437654142528 89.96201938390732
    endloop
  endfacet
  facet normal 0.4938181170260992 -0.8695652173913109 3.556976615543618e-14
    outer loop
      vertex 14.622503959614306 -115.21437654142528 89.96201938390732
      vertex 15.38331452998282 -114.78231919166141 89.89677126526459
      vertex 14.716517478227615 -115.16098712587817 89.97625306621194
    endloop
  endfacet
  facet normal 0.49381811702610096 -0.8695652173913099 -3.379180962008088e-14
    outer loop
      vertex 14.716517478227615 -115.16098712587817 89.97625306621194
      vertex 15.188027032185897 -114.89322117176835 89.93333370522473
      vertex 14.84871496098762 -115.08591338706421 89.9770953895479
    endloop
  endfacet
  facet normal 0.4938181170259474 -0.869565217391397 -1.482088965695663e-12
    outer loop
      vertex 14.84871496098762 -115.08591338706421 89.9770953895479
      vertex 15.094013517815283 -114.94661058490608 89.94756738704852
      vertex 14.905174600475915 -115.05385047527513 89.97615767093856
    endloop
  endfacet
  facet normal 0.49381811702636286 -0.8695652173911612 4.959897727849559e-12
    outer loop
      vertex 14.905174600475915 -115.05385047527513 89.97615767093856
      vertex 15.038183965444372 -114.97831567599623 89.96758213628132
      vertex 15 -115 89.9714239000302
    endloop
  endfacet
  facet normal 0 0 -1
    outer loop
      vertex -4.211294706305154 -78.9393321699815 0
      vertex -5.551994300100503 -68.61364071735336 0
      vertex 6.403575382554095 -67.58196559252465 0
    endloop
  endfacet
  facet normal 6.2303237305880185e-15 2.68316307966225e-16 -1
    outer loop
      vertex -5.551994300100503 -68.61364071735336 0
      vertex -6 -58.21091654199731 0
      vertex 5.999999999999997 -58.21091654199726 7.476388476705622e-14
    endloop
  endfacet
  facet normal 0 0 -1
    outer loop
      vertex -1.9878291700168518 -89.11152860853983 0
      vertex 9.61426959064599 -86.04700509780834 0
      vertex 1.1019374288671315 -99.0549043803842 0
    endloop
  endfacet
  facet normal 0 0 -1
    outer loop
      vertex -1.9878291700168518 -89.11152860853983 0
      vertex -4.211294706305154 -78.9393321699815 0
      vertex 7.611313033163128 -76.88362152918967 0
    endloop
  endfacet
  facet normal 0 0 -1
    outer loop
      vertex -4.211294706305154 -78.9393321699815 0
      vertex 6.403575382554095 -67.58196559252465 0
      vertex 7.611313033163128 -76.88362152918967 0
    endloop
  endfacet
  facet normal -6.859071996977664e-16 7.948637244871694e-15 -1
    outer loop
      vertex -5.551994300100503 -68.61364071735336 0
      vertex 5.999999999999997 -58.21091654199726 7.476388476705622e-14
      vertex 6.403575382554095 -67.58196559252465 0
    endloop
  endfacet
  facet normal -0.9908848195435567 -0.128657618829187 0.039931084575011405
    outer loop
      vertex -4.211294706305154 -78.9393321699815 0
      vertex -0.763034115626894 -78.33974989975054 87.5
      vertex -5.551994300100503 -68.61364071735336 0
    endloop
  endfacet
  facet normal -0.9982771143752818 -0.042991992268605984 0.039931084575011315
    outer loop
      vertex -5.551994300100503 -68.61364071735336 0
      vertex -2.0649531426595757 -68.31273547261165 87.5
      vertex -6 -58.21091654199731 0
    endloop
  endfacet
  facet normal -0.9761549702143211 -0.2133705289175173 0.03993108457501137
    outer loop
      vertex -1.9878291700168518 -89.11152860853983 0
      vertex 1.3961163018431506 -88.21770925124315 87.5
      vertex -4.211294706305154 -78.9393321699815 0
    endloop
  endfacet
  facet normal -0.9541966417009319 -0.29650341895385735 0.03993108457501125
    outer loop
      vertex -1.9878291700168518 -89.11152860853983 0
      vertex 1.1019374288671315 -99.0549043803842 0
      vertex 4.396509486709817 -97.87346671563748 87.5
    endloop
  endfacet
  facet normal 0 0 -1
    outer loop
      vertex 1.1019374288671315 -99.0549043803842 0
      vertex 12.397613055756338 -95.0042609583954 0
      vertex 5.03512520526148 -108.69582826201 0
    endloop
  endfacet
  facet normal 0 0 -1
    outer loop
      vertex 1.1019374288671315 -99.0549043803842 0
      vertex 9.61426959064599 -86.04700509780834 0
      vertex 12.397613055756338 -95.0042609583954 0
    endloop
  endfacet
  facet normal 0 0 -1
    outer loop
      vertex -1.9878291700168518 -89.11152860853983 0
      vertex 7.611313033163128 -76.88362152918967 0
      vertex 9.61426959064599 -86.04700509780834 0
    endloop
  endfacet
  facet normal 0 0 -1
    outer loop
      vertex 9.782608695652172 -117.96290870215665 0
      vertex 5.03512520526148 -108.69582826201 0
      vertex 15.940732622921502 -103.68906015754592 0
    endloop
  endfacet
  facet normal 0 0 -1
    outer loop
      vertex 5.03512520526148 -108.69582826201 0
      vertex 12.397613055756338 -95.0042609583954 0
      vertex 15.940732622921502 -103.68906015754592 0
    endloop
  endfacet
  facet normal -0.9251724365874281 -0.37744068549050785 0.039931084575011204
    outer loop
      vertex 1.1019374288671315 -99.0549043803842 0
      vertex 5.03512520526148 -108.69582826201 0
      vertex 8.215927368745653 -107.235520898208 87.5
    endloop
  endfacet
  facet normal -0.8892972806477907 -0.4555829837879243 0.03993108457501135
    outer loop
      vertex 9.782608695652172 -117.96290870215665 0
      vertex 12.826086956521749 -116.23454529256527 87.5
      vertex 5.03512520526148 -108.69582826201 0
    endloop
  endfacet
  facet normal 0.9541966417009323 0.2965034189538561 0.039931084575011405
    outer loop
      vertex 9.61426959064599 -86.04700509780834 0
      vertex 6.230324118785987 -86.94082445510503 87.5
      vertex 12.397613055756338 -95.0042609583954 0
    endloop
  endfacet
  facet normal 0.9908848195435568 0.12865761882918691 0.0399310845750113
    outer loop
      vertex 6.403575382554095 -67.58196559252465 0
      vertex 2.9165342251131676 -67.88287083726635 87.5
      vertex 7.611313033163128 -76.88362152918967 0
    endloop
  endfacet
  facet normal 0.9982771143752818 0.042991992268606075 0.03993108457501127
    outer loop
      vertex 6.403575382554095 -67.58196559252465 0
      vertex 5.999999999999997 -58.21091654199726 7.476388476705622e-14
      vertex 2.5 -58.21091654199726 87.5
    endloop
  endfacet
  facet normal 0.976154970214321 0.21337052891751818 0.039931084575011246
    outer loop
      vertex 7.611313033163128 -76.88362152918967 0
      vertex 4.163052442484883 -77.48320379942062 87.5
      vertex 9.61426959064599 -86.04700509780834 0
    endloop
  endfacet
  facet normal 0.925172436587428 0.37744068549050813 0.0399310845750113
    outer loop
      vertex 12.397613055756338 -95.0042609583954 0
      vertex 9.103040997913652 -96.18569862314214 87.5
      vertex 15.940732622921502 -103.68906015754592 0
    endloop
  endfacet
  facet normal -0.9982771143752818 -0.0429919922686062 0.0399310845750113
    outer loop
      vertex -6 -58.21091654199731 0
      vertex -2.0649531426595757 -68.31273547261165 87.5
      vertex -2.500000000000003 -58.21091654199726 87.49999999999993
    endloop
  endfacet
  facet normal -0.9761549702143212 -0.21337052891751698 0.039931084575011405
    outer loop
      vertex -4.211294706305154 -78.9393321699815 0
      vertex 1.3961163018431506 -88.21770925124315 87.5
      vertex -0.763034115626894 -78.33974989975054 87.5
    endloop
  endfacet
  facet normal -0.9908848195435566 -0.12865761882918766 0.039931084575011315
    outer loop
      vertex -5.551994300100503 -68.61364071735336 0
      vertex -0.763034115626894 -78.33974989975054 87.5
      vertex -2.0649531426595757 -68.31273547261165 87.5
    endloop
  endfacet
  facet normal -0.9541966417009322 -0.29650341895385646 0.03993108457501137
    outer loop
      vertex -1.9878291700168518 -89.11152860853983 0
      vertex 4.396509486709817 -97.87346671563748 87.5
      vertex 1.3961163018431506 -88.21770925124315 87.5
    endloop
  endfacet
  facet normal 0.9982771143752818 0.04299199226860572 0.039931084575011315
    outer loop
      vertex 6.403575382554095 -67.58196559252465 0
      vertex 2.5 -58.21091654199726 87.5
      vertex 2.9165342251131676 -67.88287083726635 87.5
    endloop
  endfacet
  facet normal -0.9907336341170343 -0.12863798874040805 0.04357905554365573
    outer loop
      vertex -0.763034115626894 -78.33974989975054 87.5
      vertex -0.7536614955755994 -78.33812019205862 87.71788935363293
      vertex -2.0649531426595757 -68.31273547261165 87.5
    endloop
  endfacet
  facet normal -0.9832073254369829 -0.12766076420910885 0.13040737896530677
    outer loop
      vertex -0.7536614955755994 -78.33812019205862 87.71788935363293
      vertex -0.7256149551463125 -78.33324347003008 87.93412044644356
      vertex -2.0554751142413323 -68.31191759053567 87.71788935363293
    endloop
  endfacet
  facet normal -0.9682110547702324 -0.12571363126565463 0.21624855221415262
    outer loop
      vertex -2.0271131508023927 -68.30947016787428 87.93412044644356
      vertex -0.7256149551463125 -78.33324347003008 87.93412044644356
      vertex -0.6791079543628911 -78.32515685001455 88.1470476090908
    endloop
  endfacet
  facet normal -0.9458571293183657 -0.12281117200560933 0.3004525036477962
    outer loop
      vertex -1.9800831130264385 -68.30541183176976 88.1470476090908
      vertex -0.6791079543628911 -78.32515685001455 88.1470476090908
      vertex -0.6144944272683688 -78.31392187393192 88.355050355196
    endloop
  endfacet
  facet normal -0.9163131476492229 -0.11897514761880343 0.382380869937628
    outer loop
      vertex -1.9147429154453448 -68.29977346753576 88.355050355196
      vertex -0.6144944272683688 -78.31392187393192 88.355050355196
      vertex -0.5322661393661292 -78.29962404978518 88.55654565244913
    endloop
  endfacet
  facet normal -0.8798007792549696 -0.11423433992575288 0.4614120765693891
    outer loop
      vertex -1.8315898541610096 -68.29259798805987 88.55654565244913
      vertex -0.5322661393661292 -78.29962404978518 88.55654565244913
      vertex -0.43304888527151775 -78.28237219050953 88.75
    endloop
  endfacet
  facet normal -0.8365944307964008 -0.10862437820129822 0.5369455305902335
    outer loop
      vertex -1.7312567617342296 -68.2839400019997 88.75
      vertex -0.43304888527151775 -78.28237219050953 88.75
      vertex -0.3175977761487587 -78.26229759455364 88.93394108861685
    endloop
  endfacet
  facet normal -0.9981248010606061 -0.042985432714397594 0.04357905554370473
    outer loop
      vertex -2.0649531426595757 -68.31273547261165 87.5
      vertex -2.0554751142413323 -68.31191759053567 87.71788935363293
      vertex -2.500000000000003 -58.21091654199726 87.49999999999993
    endloop
  endfacet
  facet normal -0.9905423438841221 -0.04265888517001944 0.13040737896530413
    outer loop
      vertex -2.4904867485165596 -58.21091654199726 87.71788935363293
      vertex -2.0554751142413323 -68.31191759053567 87.71788935363293
      vertex -2.0271131508023927 -68.30947016787428 87.93412044644356
    endloop
  endfacet
  facet normal -0.9754341965875554 -0.042008234822120946 0.21624855221415953
    outer loop
      vertex -2.462019383907318 -58.21091654199726 87.93412044644356
      vertex -2.0271131508023927 -68.30947016787428 87.93412044644356
      vertex -1.9800831130264385 -68.30541183176976 88.1470476090908
    endloop
  endfacet
  facet normal -0.9529135042175533 -0.04103835439682465 0.3004525036477875
    outer loop
      vertex -2.414814569056034 -58.21091654199726 88.1470476090908
      vertex -1.9800831130264385 -68.30541183176976 88.1470476090908
      vertex -1.9147429154453448 -68.29977346753576 88.355050355196
    endloop
  endfacet
  facet normal -0.9981248010606067 -0.042985432714397906 0.04357905554369203
    outer loop
      vertex -2.500000000000003 -58.21091654199726 87.49999999999993
      vertex -2.0554751142413323 -68.31191759053567 87.71788935363293
      vertex -2.4904867485165596 -58.21091654199726 87.71788935363293
    endloop
  endfacet
  facet normal -0.9905423438841199 -0.04265888517001892 0.1304073789653232
    outer loop
      vertex -2.4904867485165596 -58.21091654199726 87.71788935363293
      vertex -2.0271131508023927 -68.30947016787428 87.93412044644356
      vertex -2.462019383907318 -58.21091654199726 87.93412044644356
    endloop
  endfacet
  facet normal -0.9754341965875647 -0.04200823482212229 0.21624855221411665
    outer loop
      vertex -2.462019383907318 -58.21091654199726 87.93412044644356
      vertex -1.9800831130264385 -68.30541183176976 88.1470476090908
      vertex -2.414814569056034 -58.21091654199726 88.1470476090908
    endloop
  endfacet
  facet normal -0.9529135042175436 -0.041038354396823545 0.30045250364781784
    outer loop
      vertex -2.414814569056034 -58.21091654199726 88.1470476090908
      vertex -1.9147429154453448 -68.29977346753576 88.355050355196
      vertex -2.3492315486073494 -58.21091654199726 88.355050355196
    endloop
  endfacet
  facet normal -0.9231491156769942 -0.03975651557312597 0.3823808699376409
    outer loop
      vertex -2.3492315486073494 -58.21091654199726 88.355050355196
      vertex -1.8315898541610096 -68.29259798805987 88.55654565244913
      vertex -2.2657694667577744 -58.21091654199726 88.55654565244913
    endloop
  endfacet
  facet normal -0.9907336341170323 -0.12863798874040672 0.04357905554370522
    outer loop
      vertex -0.7536614955755994 -78.33812019205862 87.71788935363293
      vertex -2.0554751142413323 -68.31191759053567 87.71788935363293
      vertex -2.0649531426595757 -68.31273547261165 87.5
    endloop
  endfacet
  facet normal -0.9832073254369837 -0.12766076420910907 0.13040737896530102
    outer loop
      vertex -2.0554751142413323 -68.31191759053567 87.71788935363293
      vertex -0.7256149551463125 -78.33324347003008 87.93412044644356
      vertex -2.0271131508023927 -68.30947016787428 87.93412044644356
    endloop
  endfacet
  facet normal -0.9682110547702306 -0.1257136312656542 0.21624855221416048
    outer loop
      vertex -2.0271131508023927 -68.30947016787428 87.93412044644356
      vertex -0.6791079543628911 -78.32515685001455 88.1470476090908
      vertex -1.9800831130264385 -68.30541183176976 88.1470476090908
    endloop
  endfacet
  facet normal -0.9458571293183686 -0.12281117200560993 0.30045250364778725
    outer loop
      vertex -1.9800831130264385 -68.30541183176976 88.1470476090908
      vertex -0.6144944272683688 -78.31392187393192 88.355050355196
      vertex -1.9147429154453448 -68.29977346753576 88.355050355196
    endloop
  endfacet
  facet normal -0.9163131476492158 -0.11897514761880207 0.38238086993764553
    outer loop
      vertex -1.9147429154453448 -68.29977346753576 88.355050355196
      vertex -0.5322661393661292 -78.29962404978518 88.55654565244913
      vertex -1.8315898541610096 -68.29259798805987 88.55654565244913
    endloop
  endfacet
  facet normal -0.9231491156769931 -0.039756515573125845 0.382380869937644
    outer loop
      vertex -2.3492315486073494 -58.21091654199726 88.355050355196
      vertex -1.9147429154453448 -68.29977346753576 88.355050355196
      vertex -1.8315898541610096 -68.29259798805987 88.55654565244913
    endloop
  endfacet
  facet normal -0.8863643541782915 -0.03817233603101113 0.4614120765693457
    outer loop
      vertex -2.2657694667577744 -58.21091654199726 88.55654565244913
      vertex -1.8315898541610096 -68.29259798805987 88.55654565244913
      vertex -1.7312567617342296 -68.2839400019997 88.75
    endloop
  endfacet
  facet normal -0.8428356735372725 -0.036297721583145384 0.5369455305902495
    outer loop
      vertex -2.1650635078549385 -58.21091654199726 88.75
      vertex -1.7312567617342296 -68.2839400019997 88.75
      vertex -1.6145072416220927 -68.27386540255087 88.93394108861685
    endloop
  endfacet
  facet normal -0.7928906768647458 -0.03414678084747155 0.6084064200012358
    outer loop
      vertex -1.6145072416220927 -68.27386540255087 88.93394108861685
      vertex -1.4822298188582437 -68.26245086269503 89.10696902126074
      vertex -2.0478801131248474 -58.21091654199726 88.93394108861685
    endloop
  endfacet
  facet normal -0.7369059664236525 -0.03173573264874638 0.67524990923544
    outer loop
      vertex -1.4822298188582437 -68.26245086269503 89.10696902126074
      vertex -1.3354312073967662 -68.24978325422263 89.26776695251465
      vertex -1.9151111096143725 -58.21091654199726 89.10696902126074
    endloop
  endfacet
  facet normal -0.6753044370937152 -0.029082789458373372 0.7369654731389118
    outer loop
      vertex -1.3354312073967662 -68.24978325422263 89.26776695251465
      vertex -1.1752286347357028 -68.23595898540609 89.41511110961437
      vertex -1.7677669525146487 -58.21091654199726 89.26776695251465
    endloop
  endfacet
  facet normal -0.8798007792549921 -0.1142343399257569 0.4614120765693454
    outer loop
      vertex -1.8315898541610096 -68.29259798805987 88.55654565244913
      vertex -0.43304888527151775 -78.28237219050953 88.75
      vertex -1.7312567617342296 -68.2839400019997 88.75
    endloop
  endfacet
  facet normal -0.8365944307963922 -0.10862437820129675 0.5369455305902474
    outer loop
      vertex -1.7312567617342296 -68.2839400019997 88.75
      vertex -0.3175977761487587 -78.26229759455364 88.93394108861685
      vertex -1.6145072416220927 -68.27386540255087 88.93394108861685
    endloop
  endfacet
  facet normal -0.7870192794658606 -0.10218748382418745 0.6084064200012349
    outer loop
      vertex -1.6145072416220927 -68.27386540255087 88.93394108861685
      vertex -0.18679145544338382 -78.23955304011332 89.10696902126074
      vertex -1.4822298188582437 -68.26245086269503 89.10696902126074
    endloop
  endfacet
  facet normal -0.7314491387666624 -0.09497219316744321 0.6752499092354426
    outer loop
      vertex -1.4822298188582437 -68.26245086269503 89.10696902126074
      vertex -0.04162544110234023 -78.21431162747929 89.26776695251465
      vertex -1.3354312073967662 -68.24978325422263 89.26776695251465
    endloop
  endfacet
  facet normal -0.6703037720195759 -0.08703300878096668 0.736965473138912
    outer loop
      vertex -1.3354312073967662 -68.24978325422263 89.26776695251465
      vertex 0.11679546444207745 -78.18676545928795 89.41511110961437
      vertex -1.1752286347357028 -68.23595898540609 89.41511110961437
    endloop
  endfacet
  facet normal -0.6085523291238414 -0.026208030467679434 0.7930808293339039
    outer loop
      vertex -1.1752286347357028 -68.23595898540609 89.41511110961437
      vertex -1.0028413425882263 -68.22108326757198 89.54788011312485
      vertex -1.6069690212607386 -58.21091654199726 89.41511110961437
    endloop
  endfacet
  facet normal -0.5371558134718144 -0.023133254531502487 0.8431657515507933
    outer loop
      vertex -1.0028413425882263 -68.22108326757198 89.54788011312485
      vertex -0.8195813007163935 -68.20526931377533 89.66506350785494
      vertex -1.4339410886168482 -58.21091654199726 89.54788011312485
    endloop
  endfacet
  facet normal -0.46165734184236307 -0.019881822978234334 0.8868355043851737
    outer loop
      vertex -0.8195813007163935 -68.20526931377533 89.66506350785494
      vertex -0.6268432230033056 -68.18863747726215 89.76576946675777
      vertex -1.2500000000000002 -58.21091654199726 89.66506350785494
    endloop
  endfacet
  facet normal -0.8863643541782845 -0.0381723360310105 0.461412076569359
    outer loop
      vertex -2.2657694667577744 -58.21091654199726 88.55654565244913
      vertex -1.7312567617342296 -68.2839400019997 88.75
      vertex -2.1650635078549385 -58.21091654199726 88.75
    endloop
  endfacet
  facet normal -0.8428356735372753 -0.036297721583145606 0.5369455305902451
    outer loop
      vertex -2.1650635078549385 -58.21091654199726 88.75
      vertex -1.6145072416220927 -68.27386540255087 88.93394108861685
      vertex -2.0478801131248474 -58.21091654199726 88.93394108861685
    endloop
  endfacet
  facet normal -0.7928906768647626 -0.03414678084747287 0.6084064200012138
    outer loop
      vertex -1.4822298188582437 -68.26245086269503 89.10696902126074
      vertex -1.9151111096143725 -58.21091654199726 89.10696902126074
      vertex -2.0478801131248474 -58.21091654199726 88.93394108861685
    endloop
  endfacet
  facet normal -0.736905966423649 -0.03173573264874612 0.6752499092354439
    outer loop
      vertex -1.3354312073967662 -68.24978325422263 89.26776695251465
      vertex -1.7677669525146487 -58.21091654199726 89.26776695251465
      vertex -1.9151111096143725 -58.21091654199726 89.10696902126074
    endloop
  endfacet
  facet normal -0.6753044370937032 -0.029082789458372497 0.7369654731389229
    outer loop
      vertex -1.1752286347357028 -68.23595898540609 89.41511110961437
      vertex -1.6069690212607386 -58.21091654199726 89.41511110961437
      vertex -1.7677669525146487 -58.21091654199726 89.26776695251465
    endloop
  endfacet
  facet normal -0.6085523291238452 -0.0262080304676797 0.7930808293339011
    outer loop
      vertex -1.0028413425882263 -68.22108326757198 89.54788011312485
      vertex -1.4339410886168482 -58.21091654199726 89.54788011312485
      vertex -1.6069690212607386 -58.21091654199726 89.41511110961437
    endloop
  endfacet
  facet normal -0.5371558134718006 -0.02313325453150154 0.843165751550802
    outer loop
      vertex -0.8195813007163935 -68.20526931377533 89.66506350785494
      vertex -1.2500000000000002 -58.21091654199726 89.66506350785494
      vertex -1.4339410886168482 -58.21091654199726 89.54788011312485
    endloop
  endfacet
  facet normal -0.4616573418423881 -0.019881822978236027 0.8868355043851607
    outer loop
      vertex -1.2500000000000002 -58.21091654199726 89.66506350785494
      vertex -0.6268432230033056 -68.18863747726215 89.76576946675777
      vertex -1.0565456524491312 -58.21091654199726 89.76576946675777
    endloop
  endfacet
  facet normal -0.38263146000901455 -0.016478479305546048 0.9237540936478423
    outer loop
      vertex -1.0565456524491312 -58.21091654199726 89.76576946675777
      vertex -0.42609396741688954 -68.17131433676664 89.84923154860735
      vertex -0.8550503551959994 -58.21091654199726 89.84923154860735
    endloop
  endfacet
  facet normal -0.9540510540166551 -0.29645817959305926 0.043579055543679204
    outer loop
      vertex 1.3961163018431506 -88.21770925124315 87.5
      vertex 4.4054643702859835 -97.87025548317555 87.71788935363293
      vertex 1.4053141087803027 -88.21527978600693 87.71788935363293
    endloop
  endfacet
  facet normal -0.9468034119847357 -0.29420607499752505 0.130407378965354
    outer loop
      vertex 1.4053141087803027 -88.21527978600693 87.71788935363293
      vertex 4.432260880000854 -97.86064622124258 87.93412044644356
      vertex 1.4328375400846625 -88.2080098769958 87.93412044644356
    endloop
  endfacet
  facet normal -0.9323623883400024 -0.289718726481789 0.21624855221410608
    outer loop
      vertex 1.4328375400846625 -88.2080098769958 87.93412044644356
      vertex 4.47669506971647 -97.84471206517894 88.1470476090908
      vertex 1.4784771170749451 -88.19595485491818 88.1470476090908
    endloop
  endfacet
  facet normal -0.9108361320342069 -0.28302973983793805 0.30045250364780407
    outer loop
      vertex 1.4784771170749451 -88.19595485491818 88.1470476090908
      vertex 4.538428780184802 -97.82257427931438 88.355050355196
      vertex 1.541885507097291 -88.17920646257903 88.355050355196
    endloop
  endfacet
  facet normal -0.8823860361853683 -0.27418926574686586 0.3823808699376427
    outer loop
      vertex 1.541885507097291 -88.17920646257903 88.355050355196
      vertex 4.616992163827945 -97.79440135157859 88.55654565244913
      vertex 1.6225801167963994 -88.15789216990548 88.55654565244913
    endloop
  endfacet
  facet normal -0.847225562823422 -0.2632636345842272 0.4614120765693488
    outer loop
      vertex 1.6225801167963994 -88.15789216990548 88.55654565244913
      vertex 4.711787317616384 -97.76040769074652 88.75
      vertex 1.7199468235445607 -88.13217418834478 88.75
    endloop
  endfacet
  facet normal -0.8056189585176342 -0.2503349573194064 0.5369455305902575
    outer loop
      vertex 1.7199468235445607 -88.13217418834478 88.75
      vertex 4.822092785593782 -97.72085201182738 88.93394108861685
      vertex 1.8332446001085856 -88.10224824932664 88.93394108861685
    endloop
  endfacet
  facet normal -0.7578793605559199 -0.23550053703691814 0.6084064200011973
    outer loop
      vertex 1.8332446001085856 -88.10224824932664 88.93394108861685
      vertex 4.9470690853404164 -97.6760353542679 89.10696902126074
      vertex 1.9616111910321905 -88.06834210493045 89.10696902126074
    endloop
  endfacet
  facet normal -0.70436674174471 -0.2188722303113628 0.6752499092354406
    outer loop
      vertex 1.9616111910321905 -88.06834210493045 89.10696902126074
      vertex 5.085765069016745 -97.6262988008742 89.26776695251465
      vertex 2.1040696462386563 -88.03071380213036 89.26776695251465
    endloop
  endfacet
  facet normal -0.9540510540166545 -0.2964581795930587 0.04357905554369566
    outer loop
      vertex 1.3961163018431506 -88.21770925124315 87.5
      vertex 4.396509486709817 -97.87346671563748 87.5
      vertex 4.4054643702859835 -97.87025548317555 87.71788935363293
    endloop
  endfacet
  facet normal -0.9468034119847369 -0.2942060749975256 0.13040737896534468
    outer loop
      vertex 1.4053141087803027 -88.21527978600693 87.71788935363293
      vertex 4.4054643702859835 -97.87025548317555 87.71788935363293
      vertex 4.432260880000854 -97.86064622124258 87.93412044644356
    endloop
  endfacet
  facet normal -0.9323623883400033 -0.2897187264817893 0.2162485522141017
    outer loop
      vertex 1.4328375400846625 -88.2080098769958 87.93412044644356
      vertex 4.432260880000854 -97.86064622124258 87.93412044644356
      vertex 4.47669506971647 -97.84471206517894 88.1470476090908
    endloop
  endfacet
  facet normal -0.9108361320342016 -0.28302973983793595 0.30045250364782283
    outer loop
      vertex 1.4784771170749451 -88.19595485491818 88.1470476090908
      vertex 4.47669506971647 -97.84471206517894 88.1470476090908
      vertex 4.538428780184802 -97.82257427931438 88.355050355196
    endloop
  endfacet
  facet normal -0.8823860361853618 -0.2741892657468634 0.38238086993766
    outer loop
      vertex 1.541885507097291 -88.17920646257903 88.355050355196
      vertex 4.538428780184802 -97.82257427931438 88.355050355196
      vertex 4.616992163827945 -97.79440135157859 88.55654565244913
    endloop
  endfacet
  facet normal -0.8472255628234182 -0.2632636345842258 0.4614120765693559
    outer loop
      vertex 1.6225801167963994 -88.15789216990548 88.55654565244913
      vertex 4.616992163827945 -97.79440135157859 88.55654565244913
      vertex 4.711787317616384 -97.76040769074652 88.75
    endloop
  endfacet
  facet normal -0.8056189585176526 -0.2503349573194129 0.536945530590227
    outer loop
      vertex 1.7199468235445607 -88.13217418834478 88.75
      vertex 4.711787317616384 -97.76040769074652 88.75
      vertex 4.822092785593782 -97.72085201182738 88.93394108861685
    endloop
  endfacet
  facet normal -0.7578793605559098 -0.23550053703691456 0.6084064200012114
    outer loop
      vertex 1.8332446001085856 -88.10224824932664 88.93394108861685
      vertex 4.822092785593782 -97.72085201182738 88.93394108861685
      vertex 4.9470690853404164 -97.6760353542679 89.10696902126074
    endloop
  endfacet
  facet normal -0.7043667417447023 -0.2188722303113601 0.6752499092354495
    outer loop
      vertex 1.9616111910321905 -88.06834210493045 89.10696902126074
      vertex 4.9470690853404164 -97.6760353542679 89.10696902126074
      vertex 5.085765069016745 -97.6262988008742 89.26776695251465
    endloop
  endfacet
  facet normal -0.6454853233851843 -0.20057564332554972 0.7369654731389157
    outer loop
      vertex 2.1040696462386563 -88.03071380213036 89.26776695251465
      vertex 5.085765069016745 -97.6262988008742 89.26776695251465
      vertex 5.237125175093325 -97.57202087733228 89.41511110961437
    endloop
  endfacet
  facet normal -0.5816807581656757 -0.1807492564932441 0.7930808293338985
    outer loop
      vertex 2.259535769481843 -87.98964971539664 89.41511110961437
      vertex 5.237125175093325 -97.57202087733228 89.41511110961437
      vertex 5.399997458554708 -97.51361467256692 89.54788011312485
    endloop
  endfacet
  facet normal -0.5134368662810452 -0.15954341025337432 0.843165751550799
    outer loop
      vertex 2.4268263663891503 -87.9454623680966 89.54788011312485
      vertex 5.399997458554708 -97.51361467256692 89.54788011312485
      vertex 5.5731423645107725 -97.45152469251364 89.66506350785494
    endloop
  endfacet
  facet normal -0.6454853233851521 -0.20057564332553868 0.7369654731389469
    outer loop
      vertex 2.1040696462386563 -88.03071380213036 89.26776695251465
      vertex 5.237125175093325 -97.57202087733228 89.41511110961437
      vertex 2.259535769481843 -87.98964971539664 89.41511110961437
    endloop
  endfacet
  facet normal -0.5816807581656804 -0.18074925649324575 0.7930808293338946
    outer loop
      vertex 2.259535769481843 -87.98964971539664 89.41511110961437
      vertex 5.399997458554708 -97.51361467256692 89.54788011312485
      vertex 2.4268263663891503 -87.9454623680966 89.54788011312485
    endloop
  endfacet
  facet normal -0.5134368662810586 -0.15954341025337881 0.84316575155079
    outer loop
      vertex 2.4268263663891503 -87.9454623680966 89.54788011312485
      vertex 5.5731423645107725 -97.45152469251364 89.66506350785494
      vertex 2.6046682560788526 -87.89848805220862 89.66506350785494
    endloop
  endfacet
  facet normal -0.44127214664060543 -0.1371192209761047 0.8868355043851697
    outer loop
      vertex 2.6046682560788526 -87.89848805220862 89.66506350785494
      vertex 5.755242161056287 -97.38622347748347 89.76576946675777
      vertex 2.7917079599092602 -87.84908426918172 89.76576946675777
    endloop
  endfacet
  facet normal -0.36573577505903687 -0.11364733745597475 0.9237540936478351
    outer loop
      vertex 2.7917079599092602 -87.84908426918172 89.76576946675777
      vertex 5.94491095423254 -97.31820801078513 89.84923154860735
      vertex 2.986521988120913 -87.79762701287055 89.84923154860735
    endloop
  endfacet
  facet normal -0.2874035959228027 -0.08930669537763085 0.9536369787352887
    outer loop
      vertex 2.986521988120913 -87.79762701287055 89.84923154860735
      vertex 6.140705250024737 -97.24799593117959 89.91481456905603
      vertex 3.1876276883543824 -87.7445079040592 89.91481456905603
    endloop
  endfacet
  facet normal -0.20687339783605785 -0.06428304928809182 0.9762535976077061
    outer loop
      vertex 3.1876276883543824 -87.7445079040592 89.91481456905603
      vertex 6.341134930142843 -97.17612159695126 89.96201938390732
      vertex 3.39349451917613 -87.69013121272538 89.96201938390732
    endloop
  endfacet
  facet normal -0.9760060322120296 -0.2133379736560123 0.04357905554365586
    outer loop
      vertex -0.763034115626894 -78.33974989975054 87.5
      vertex 1.4053141087803027 -88.21527978600693 87.71788935363293
      vertex -0.7536614955755994 -78.33812019205862 87.71788935363293
    endloop
  endfacet
  facet normal -0.9685916047422619 -0.21171730853713625 0.13040737896530624
    outer loop
      vertex -0.7536614955755994 -78.33812019205862 87.71788935363293
      vertex 1.4328375400846625 -88.2080098769958 87.93412044644356
      vertex -0.7256149551463125 -78.33324347003008 87.93412044644356
    endloop
  endfacet
  facet normal -0.9538182588827797 -0.20848811162055647 0.2162485522141525
    outer loop
      vertex 1.4784771170749451 -88.19595485491818 88.1470476090908
      vertex -0.6791079543628911 -78.32515685001455 88.1470476090908
      vertex -0.7256149551463125 -78.33324347003008 87.93412044644356
    endloop
  endfacet
  facet normal -0.9317966323493428 -0.20367456639009815 0.3004525036477964
    outer loop
      vertex 1.541885507097291 -88.17920646257903 88.355050355196
      vertex -0.6144944272683688 -78.31392187393192 88.355050355196
      vertex -0.6791079543628911 -78.32515685001455 88.1470476090908
    endloop
  endfacet
  facet normal -0.9026918322984752 -0.19731276240365897 0.3823808699376301
    outer loop
      vertex 1.6225801167963994 -88.15789216990548 88.55654565244913
      vertex -0.5322661393661292 -78.29962404978518 88.55654565244913
      vertex -0.6144944272683688 -78.31392187393192 88.355050355196
    endloop
  endfacet
  facet normal -0.866722233027831 -0.1894504324913865 0.4614120765693905
    outer loop
      vertex 1.7199468235445607 -88.13217418834478 88.75
      vertex -0.43304888527151775 -78.28237219050953 88.75
      vertex -0.5322661393661292 -78.29962404978518 88.55654565244913
    endloop
  endfacet
  facet normal -0.8241581620472397 -0.18014666555362574 0.5369455305902322
    outer loop
      vertex 1.8332446001085856 -88.10224824932664 88.93394108861685
      vertex -0.3175977761487587 -78.26229759455364 88.93394108861685
      vertex -0.43304888527151775 -78.28237219050953 88.75
    endloop
  endfacet
  facet normal -0.7753199626763735 -0.1694714830783944 0.6084064200012326
    outer loop
      vertex 1.9616111910321905 -88.06834210493045 89.10696902126074
      vertex -0.18679145544338382 -78.23955304011332 89.10696902126074
      vertex -0.3175977761487587 -78.26229759455364 88.93394108861685
    endloop
  endfacet
  facet normal -0.7870192794658629 -0.10218748382418784 0.6084064200012318
    outer loop
      vertex -1.6145072416220927 -68.27386540255087 88.93394108861685
      vertex -0.3175977761487587 -78.26229759455364 88.93394108861685
      vertex -0.18679145544338382 -78.23955304011332 89.10696902126074
    endloop
  endfacet
  facet normal -0.7314491387666808 -0.09497219316744619 0.6752499092354224
    outer loop
      vertex -1.4822298188582437 -68.26245086269503 89.10696902126074
      vertex -0.18679145544338382 -78.23955304011332 89.10696902126074
      vertex -0.04162544110234023 -78.21431162747929 89.26776695251465
    endloop
  endfacet
  facet normal -0.6703037720195544 -0.08703300878096323 0.736965473138932
    outer loop
      vertex -1.3354312073967662 -68.24978325422263 89.26776695251465
      vertex -0.04162544110234023 -78.21431162747929 89.26776695251465
      vertex 0.11679546444207745 -78.18676545928795 89.41511110961437
    endloop
  endfacet
  facet normal -0.6040459669397897 -0.07843001955125935 0.7930808293339106
    outer loop
      vertex -1.1752286347357028 -68.23595898540609 89.41511110961437
      vertex 0.11679546444207745 -78.18676545928795 89.41511110961437
      vertex 0.2872655790770722 -78.15712417909711 89.54788011312485
    endloop
  endfacet
  facet normal -0.533178146262398 -0.0692284606211641 0.8431657515507949
    outer loop
      vertex -1.0028413425882263 -68.22108326757198 89.54788011312485
      vertex 0.2872655790770722 -78.15712417909711 89.54788011312485
      vertex 0.46848752390104664 -78.12561337466806 89.66506350785494
    endloop
  endfacet
  facet normal -0.4582387448085622 -0.05949824298398576 0.8868355043851661
    outer loop
      vertex -0.8195813007163935 -68.20526931377533 89.66506350785494
      vertex 0.46848752390104664 -78.12561337466806 89.66506350785494
      vertex 0.6590820961167765 -78.09247286127075 89.76576946675777
    endloop
  endfacet
  facet normal -0.3797980538099419 -0.049313413905821384 0.9237540936478353
    outer loop
      vertex 0.6590820961167765 -78.09247286127075 89.76576946675777
      vertex 0.8575987511810439 -78.05795485905135 89.84923154860735
      vertex -0.6268432230033056 -68.18863747726215 89.76576946675777
    endloop
  endfacet
  facet normal -0.2984540584574904 -0.038751616468133326 0.9536369787352835
    outer loop
      vertex 0.8575987511810439 -78.05795485905135 89.84923154860735
      vertex 1.0625266575088688 -78.0223220708445 89.91481456905603
      vertex -0.42609396741688954 -68.17131433676664 89.84923154860735
    endloop
  endfacet
  facet normal -0.9760060322120289 -0.21333797365601168 0.0435790555436747
    outer loop
      vertex -0.763034115626894 -78.33974989975054 87.5
      vertex 1.3961163018431506 -88.21770925124315 87.5
      vertex 1.4053141087803027 -88.21527978600693 87.71788935363293
    endloop
  endfacet
  facet normal -0.9685916047422556 -0.21171730853713375 0.13040737896535595
    outer loop
      vertex -0.7536614955755994 -78.33812019205862 87.71788935363293
      vertex 1.4053141087803027 -88.21527978600693 87.71788935363293
      vertex 1.4328375400846625 -88.2080098769958 87.93412044644356
    endloop
  endfacet
  facet normal -0.9538182588827889 -0.2084881116205595 0.2162485522141081
    outer loop
      vertex 1.4328375400846625 -88.2080098769958 87.93412044644356
      vertex 1.4784771170749451 -88.19595485491818 88.1470476090908
      vertex -0.7256149551463125 -78.33324347003008 87.93412044644356
    endloop
  endfacet
  facet normal -0.9317966323493412 -0.20367456639009762 0.300452503647802
    outer loop
      vertex 1.4784771170749451 -88.19595485491818 88.1470476090908
      vertex 1.541885507097291 -88.17920646257903 88.355050355196
      vertex -0.6791079543628911 -78.32515685001455 88.1470476090908
    endloop
  endfacet
  facet normal -0.9026918322984702 -0.1973127624036575 0.3823808699376428
    outer loop
      vertex 1.541885507097291 -88.17920646257903 88.355050355196
      vertex 1.6225801167963994 -88.15789216990548 88.55654565244913
      vertex -0.6144944272683688 -78.31392187393192 88.355050355196
    endloop
  endfacet
  facet normal -0.866722233027851 -0.18945043249139187 0.4614120765693502
    outer loop
      vertex 1.6225801167963994 -88.15789216990548 88.55654565244913
      vertex 1.7199468235445607 -88.13217418834478 88.75
      vertex -0.5322661393661292 -78.29962404978518 88.55654565244913
    endloop
  endfacet
  facet normal -0.824158162047224 -0.1801466655536216 0.5369455305902576
    outer loop
      vertex 1.7199468235445607 -88.13217418834478 88.75
      vertex 1.8332446001085856 -88.10224824932664 88.93394108861685
      vertex -0.43304888527151775 -78.28237219050953 88.75
    endloop
  endfacet
  facet normal -0.7753199626763995 -0.16947148307840107 0.6084064200011976
    outer loop
      vertex 1.8332446001085856 -88.10224824932664 88.93394108861685
      vertex 1.9616111910321905 -88.06834210493045 89.10696902126074
      vertex -0.3175977761487587 -78.26229759455364 88.93394108861685
    endloop
  endfacet
  facet normal -0.7205758915501222 -0.15750537957257377 0.675249909235422
    outer loop
      vertex 2.1040696462386563 -88.03071380213036 89.26776695251465
      vertex -0.04162544110234023 -78.21431162747929 89.26776695251465
      vertex -0.18679145544338382 -78.23955304011332 89.10696902126074
    endloop
  endfacet
  facet normal -0.6603394720606397 -0.1443387440702764 0.7369654731389326
    outer loop
      vertex 2.259535769481843 -87.98964971539664 89.41511110961437
      vertex 0.11679546444207745 -78.18676545928795 89.41511110961437
      vertex -0.04162544110234023 -78.21431162747929 89.26776695251465
    endloop
  endfacet
  facet normal -0.5950666124220252 -0.1300712301918266 0.7930808293339086
    outer loop
      vertex 2.4268263663891503 -87.9454623680966 89.54788011312485
      vertex 0.2872655790770722 -78.15712417909711 89.54788011312485
      vertex 0.11679546444207745 -78.18676545928795 89.41511110961437
    endloop
  endfacet
  facet normal -0.5252522666796375 -0.11481102629836767 0.8431657515507958
    outer loop
      vertex 2.6046682560788526 -87.89848805220862 89.66506350785494
      vertex 0.46848752390104664 -78.12561337466806 89.66506350785494
      vertex 0.2872655790770722 -78.15712417909711 89.54788011312485
    endloop
  endfacet
  facet normal -0.7205758915501064 -0.15750537957256977 0.67524990923544
    outer loop
      vertex 1.9616111910321905 -88.06834210493045 89.10696902126074
      vertex 2.1040696462386563 -88.03071380213036 89.26776695251465
      vertex -0.18679145544338382 -78.23955304011332 89.10696902126074
    endloop
  endfacet
  facet normal -0.6603394720606262 -0.144338744070273 0.7369654731389456
    outer loop
      vertex 2.1040696462386563 -88.03071380213036 89.26776695251465
      vertex 2.259535769481843 -87.98964971539664 89.41511110961437
      vertex -0.04162544110234023 -78.21431162747929 89.26776695251465
    endloop
  endfacet
  facet normal -0.5950666124220428 -0.13007123019183095 0.7930808293338945
    outer loop
      vertex 2.259535769481843 -87.98964971539664 89.41511110961437
      vertex 2.4268263663891503 -87.9454623680966 89.54788011312485
      vertex 0.11679546444207745 -78.18676545928795 89.41511110961437
    endloop
  endfacet
  facet normal -0.5252522666796452 -0.11481102629836953 0.8431657515507909
    outer loop
      vertex 2.4268263663891503 -87.9454623680966 89.54788011312485
      vertex 2.6046682560788526 -87.89848805220862 89.66506350785494
      vertex 0.2872655790770722 -78.15712417909711 89.54788011312485
    endloop
  endfacet
  facet normal -0.451426865632779 -0.09867407535352198 0.8868355043851663
    outer loop
      vertex 2.7917079599092602 -87.84908426918172 89.76576946675777
      vertex 0.6590820961167765 -78.09247286127075 89.76576946675777
      vertex 0.46848752390104664 -78.12561337466806 89.66506350785494
    endloop
  endfacet
  facet normal -0.37415222293452804 -0.08178318006789137 0.9237540936478355
    outer loop
      vertex 2.986521988120913 -87.79762701287055 89.84923154860735
      vertex 0.8575987511810439 -78.05795485905135 89.84923154860735
      vertex 0.6590820961167765 -78.09247286127075 89.76576946675777
    endloop
  endfacet
  facet normal -0.2940174345168773 -0.06426710658458676 0.9536369787352832
    outer loop
      vertex 3.1876276883543824 -87.7445079040592 89.91481456905603
      vertex 1.0625266575088688 -78.0223220708445 89.91481456905603
      vertex 0.8575987511810439 -78.05795485905135 89.84923154860735
    endloop
  endfacet
  facet normal -0.2148275318992192 -0.02789345256680438 0.9762535976077084
    outer loop
      vertex 1.0625266575088688 -78.0223220708445 89.91481456905603
      vertex 1.2723061842635701 -77.98584568468053 89.96201938390732
      vertex -0.21886135697988607 -68.15343173184559 89.91481456905603
    endloop
  endfacet
  facet normal -0.12955759725751148 -0.01682190667938632 0.9914291968913013
    outer loop
      vertex 1.2723061842635701 -77.98584568468053 89.96201938390732
      vertex 1.485340800211631 -77.94880330481712 89.99048674851656
      vertex -0.006722562783295416 -68.13512576042028 89.96201938390732
    endloop
  endfacet
  facet normal -0.04329629281182628 -0.005621640202205109 0.9990464594753288
    outer loop
      vertex 1.485340800211631 -77.94880330481712 89.99048674851656
      vertex 1.7000091634289873 -77.91147684958558 90
      vertex 0.20870792868788612 -68.11653574044801 89.99048674851656
    endloop
  endfacet
  facet normal 0.04329629281182349 0.005621640202204711 0.9990464594753288
    outer loop
      vertex 1.7000091634289873 -77.91147684958558 90
      vertex 1.9146775266463578 -77.87415039435405 89.99048674851656
      vertex 0.42579054122680304 -68.097803154939 90
    endloop
  endfacet
  facet normal 0.12955759725751984 0.016821906679387367 0.9914291968913003
    outer loop
      vertex 0.64287315376572 -68.07907056943 89.99048674851656
      vertex 1.9146775266463578 -77.87415039435405 89.99048674851656
      vertex 2.1277121425944046 -77.83710801449064 89.96201938390732
    endloop
  endfacet
  facet normal 0.21482753189921913 0.027893452566804304 0.9762535976077084
    outer loop
      vertex 0.8583036452368873 -68.06048054945772 89.96201938390732
      vertex 2.1277121425944046 -77.83710801449064 89.96201938390732
      vertex 2.337491669349106 -77.80063162832667 89.91481456905603
    endloop
  endfacet
  facet normal -0.6040459669397987 -0.07843001955126075 0.7930808293339039
    outer loop
      vertex -1.1752286347357028 -68.23595898540609 89.41511110961437
      vertex 0.2872655790770722 -78.15712417909711 89.54788011312485
      vertex -1.0028413425882263 -68.22108326757198 89.54788011312485
    endloop
  endfacet
  facet normal -0.5331781462624019 -0.06922846062116471 0.8431657515507924
    outer loop
      vertex -1.0028413425882263 -68.22108326757198 89.54788011312485
      vertex 0.46848752390104664 -78.12561337466806 89.66506350785494
      vertex -0.8195813007163935 -68.20526931377533 89.66506350785494
    endloop
  endfacet
  facet normal -0.45823874480854765 -0.05949824298398352 0.8868355043851738
    outer loop
      vertex -0.8195813007163935 -68.20526931377533 89.66506350785494
      vertex 0.6590820961167765 -78.09247286127075 89.76576946675777
      vertex -0.6268432230033056 -68.18863747726215 89.76576946675777
    endloop
  endfacet
  facet normal -0.38263146000901765 -0.016478479305546256 0.9237540936478411
    outer loop
      vertex -1.0565456524491312 -58.21091654199726 89.76576946675777
      vertex -0.6268432230033056 -68.18863747726215 89.76576946675777
      vertex -0.42609396741688954 -68.17131433676664 89.84923154860735
    endloop
  endfacet
  facet normal -0.30068061430973153 -0.012949168582126134 0.9536369787352806
    outer loop
      vertex -0.8550503551959994 -58.21091654199726 89.84923154860735
      vertex -0.42609396741688954 -68.17131433676664 89.84923154860735
      vertex -0.21886135697988607 -68.15343173184559 89.91481456905603
    endloop
  endfacet
  facet normal -0.21643020904438623 -0.009320824588623254 0.9762535976077075
    outer loop
      vertex -0.21886135697988607 -68.15343173184559 89.91481456905603
      vertex -0.006722562783295416 -68.13512576042028 89.96201938390732
      vertex -0.6470476090908053 -58.21091654199726 89.91481456905603
    endloop
  endfacet
  facet normal -0.37979805380992776 -0.049313413905819205 0.9237540936478412
    outer loop
      vertex 0.8575987511810439 -78.05795485905135 89.84923154860735
      vertex -0.42609396741688954 -68.17131433676664 89.84923154860735
      vertex -0.6268432230033056 -68.18863747726215 89.76576946675777
    endloop
  endfacet
  facet normal -0.2984540584575004 -0.03875161646813487 0.9536369787352803
    outer loop
      vertex 1.0625266575088688 -78.0223220708445 89.91481456905603
      vertex -0.21886135697988607 -68.15343173184559 89.91481456905603
      vertex -0.42609396741688954 -68.17131433676664 89.84923154860735
    endloop
  endfacet
  facet normal -0.21482753189922252 -0.027893452566804897 0.9762535976077076
    outer loop
      vertex 1.2723061842635701 -77.98584568468053 89.96201938390732
      vertex -0.006722562783295416 -68.13512576042028 89.96201938390732
      vertex -0.21886135697988607 -68.15343173184559 89.91481456905603
    endloop
  endfacet
  facet normal -0.12955759725751007 -0.0168219066793861 0.9914291968913014
    outer loop
      vertex 1.485340800211631 -77.94880330481712 89.99048674851656
      vertex 0.20870792868788612 -68.11653574044801 89.99048674851656
      vertex -0.006722562783295416 -68.13512576042028 89.96201938390732
    endloop
  endfacet
  facet normal -0.13052413538356405 -0.005621177264780127 0.9914291968913014
    outer loop
      vertex -0.006722562783295416 -68.13512576042028 89.96201938390732
      vertex 0.20870792868788612 -68.11653574044801 89.99048674851656
      vertex -0.4341204464435579 -58.21091654199726 89.96201938390732
    endloop
  endfacet
  facet normal -0.043619296005811714 -0.0018785169064177896 0.9990464594753288
    outer loop
      vertex 0.20870792868788612 -68.11653574044801 89.99048674851656
      vertex 0.42579054122680304 -68.097803154939 90
      vertex -0.21788935363292714 -58.21091654199726 89.99048674851656
    endloop
  endfacet
  facet normal 0.04361929600581184 0.001878516906417787 0.9990464594753288
    outer loop
      vertex 0.42579054122680304 -68.097803154939 90
      vertex 0.64287315376572 -68.07907056943 89.99048674851656
      vertex -1.8617433745120586e-16 -58.21091654199726 90
    endloop
  endfacet
  facet normal -0.30068061430971804 -0.012949168582125246 0.9536369787352849
    outer loop
      vertex -0.8550503551959994 -58.21091654199726 89.84923154860735
      vertex -0.21886135697988607 -68.15343173184559 89.91481456905603
      vertex -0.6470476090908053 -58.21091654199726 89.91481456905603
    endloop
  endfacet
  facet normal -0.21643020904438617 -0.009320824588623251 0.9762535976077074
    outer loop
      vertex -0.006722562783295416 -68.13512576042028 89.96201938390732
      vertex -0.4341204464435579 -58.21091654199726 89.96201938390732
      vertex -0.6470476090908053 -58.21091654199726 89.91481456905603
    endloop
  endfacet
  facet normal -0.13052413538357027 -0.005621177264780535 0.9914291968913006
    outer loop
      vertex 0.20870792868788612 -68.11653574044801 89.99048674851656
      vertex -0.21788935363292714 -58.21091654199726 89.99048674851656
      vertex -0.4341204464435579 -58.21091654199726 89.96201938390732
    endloop
  endfacet
  facet normal -0.043619296005811346 -0.0018785169064177657 0.9990464594753288
    outer loop
      vertex 0.42579054122680304 -68.097803154939 90
      vertex -1.8617433745120586e-16 -58.21091654199726 90
      vertex -0.21788935363292714 -58.21091654199726 89.99048674851656
    endloop
  endfacet
  facet normal 0.04361929600581137 0.0018785169064177566 0.9990464594753288
    outer loop
      vertex -1.8617433745120586e-16 -58.21091654199726 90
      vertex 0.64287315376572 -68.07907056943 89.99048674851656
      vertex 0.21788935363292675 -58.21091654199726 89.99048674851656
    endloop
  endfacet
  facet normal 0.13052413538357024 0.005621177264780439 0.9914291968913006
    outer loop
      vertex 0.21788935363292675 -58.21091654199726 89.99048674851656
      vertex 0.8583036452368873 -68.06048054945772 89.96201938390732
      vertex 0.4341204464435576 -58.21091654199726 89.96201938390732
    endloop
  endfacet
  facet normal -0.04329629281182473 -0.0056216402022048724 0.9990464594753288
    outer loop
      vertex 1.7000091634289873 -77.91147684958558 90
      vertex 0.42579054122680304 -68.097803154939 90
      vertex 0.20870792868788612 -68.11653574044801 89.99048674851656
    endloop
  endfacet
  facet normal 0.04329629281182507 0.005621640202204951 0.9990464594753288
    outer loop
      vertex 0.42579054122680304 -68.097803154939 90
      vertex 1.9146775266463578 -77.87415039435405 89.99048674851656
      vertex 0.64287315376572 -68.07907056943 89.99048674851656
    endloop
  endfacet
  facet normal 0.1295575972575172 0.016821906679386968 0.9914291968913005
    outer loop
      vertex 0.64287315376572 -68.07907056943 89.99048674851656
      vertex 2.1277121425944046 -77.83710801449064 89.96201938390732
      vertex 0.8583036452368873 -68.06048054945772 89.96201938390732
    endloop
  endfacet
  facet normal 0.13052413538357208 0.005621177264780558 0.9914291968913004
    outer loop
      vertex 0.21788935363292675 -58.21091654199726 89.99048674851656
      vertex 0.64287315376572 -68.07907056943 89.99048674851656
      vertex 0.8583036452368873 -68.06048054945772 89.96201938390732
    endloop
  endfacet
  facet normal 0.21643020904438673 0.009320824588623346 0.9762535976077074
    outer loop
      vertex 0.4341204464435576 -58.21091654199726 89.96201938390732
      vertex 0.8583036452368873 -68.06048054945772 89.96201938390732
      vertex 1.070442439433478 -68.04217457803243 89.91481456905603
    endloop
  endfacet
  facet normal 0.3006806143097129 0.012949168582125106 0.9536369787352866
    outer loop
      vertex 1.070442439433478 -68.04217457803243 89.91481456905603
      vertex 1.2776750498704956 -68.02429197311137 89.84923154860735
      vertex 0.6470476090908048 -58.21091654199726 89.91481456905603
    endloop
  endfacet
  facet normal 0.3826314600090177 0.016478479305546048 0.9237540936478411
    outer loop
      vertex 1.2776750498704956 -68.02429197311137 89.84923154860735
      vertex 1.4784243054569117 -68.00696883261587 89.76576946675777
      vertex 0.8550503551959989 -58.21091654199726 89.84923154860735
    endloop
  endfacet
  facet normal 0.2148275318992244 0.027893452566805112 0.9762535976077071
    outer loop
      vertex 0.8583036452368873 -68.06048054945772 89.96201938390732
      vertex 2.337491669349106 -77.80063162832667 89.91481456905603
      vertex 1.070442439433478 -68.04217457803243 89.91481456905603
    endloop
  endfacet
  facet normal 0.2984540584574821 0.03875161646813236 0.9536369787352862
    outer loop
      vertex 1.070442439433478 -68.04217457803243 89.91481456905603
      vertex 2.5424195756769308 -77.76499884011982 89.84923154860735
      vertex 1.2776750498704956 -68.02429197311137 89.84923154860735
    endloop
  endfacet
  facet normal 0.37979805380992765 0.04931341390581953 0.9237540936478412
    outer loop
      vertex 1.2776750498704956 -68.02429197311137 89.84923154860735
      vertex 2.7409362307412124 -77.73048083790042 89.76576946675777
      vertex 1.4784243054569117 -68.00696883261587 89.76576946675777
    endloop
  endfacet
  facet normal 0.4616573418423898 0.01988182297823575 0.8868355043851599
    outer loop
      vertex 1.4784243054569117 -68.00696883261587 89.76576946675777
      vertex 1.6711623831699853 -67.99033699610268 89.66506350785494
      vertex 1.0565456524491308 -58.21091654199726 89.76576946675777
    endloop
  endfacet
  facet normal 0.5371558134717836 0.02313325453150107 0.843165751550813
    outer loop
      vertex 1.6711623831699853 -67.99033699610268 89.66506350785494
      vertex 1.8544224250418324 -67.97452304230602 89.54788011312485
      vertex 1.2499999999999998 -58.21091654199726 89.66506350785494
    endloop
  endfacet
  facet normal 0.6085523291238728 0.026208030467681293 0.7930808293338799
    outer loop
      vertex 1.8544224250418324 -67.97452304230602 89.54788011312485
      vertex 2.0268097171892947 -67.95964732447192 89.41511110961437
      vertex 1.4339410886168478 -58.21091654199726 89.54788011312485
    endloop
  endfacet
  facet normal 0.2164302090443863 0.009320824588623317 0.9762535976077074
    outer loop
      vertex 0.4341204464435576 -58.21091654199726 89.96201938390732
      vertex 1.070442439433478 -68.04217457803243 89.91481456905603
      vertex 0.6470476090908048 -58.21091654199726 89.91481456905603
    endloop
  endfacet
  facet normal 0.300680614309718 0.012949168582125444 0.9536369787352847
    outer loop
      vertex 1.2776750498704956 -68.02429197311137 89.84923154860735
      vertex 0.8550503551959989 -58.21091654199726 89.84923154860735
      vertex 0.6470476090908048 -58.21091654199726 89.91481456905603
    endloop
  endfacet
  facet normal 0.38263146000901466 0.01647847930554584 0.9237540936478424
    outer loop
      vertex 1.4784243054569117 -68.00696883261587 89.76576946675777
      vertex 1.0565456524491308 -58.21091654199726 89.76576946675777
      vertex 0.8550503551959989 -58.21091654199726 89.84923154860735
    endloop
  endfacet
  facet normal 0.46165734184238827 0.019881822978235642 0.8868355043851608
    outer loop
      vertex 1.6711623831699853 -67.99033699610268 89.66506350785494
      vertex 1.2499999999999998 -58.21091654199726 89.66506350785494
      vertex 1.0565456524491308 -58.21091654199726 89.76576946675777
    endloop
  endfacet
  facet normal 0.5371558134718005 0.02313325453150225 0.843165751550802
    outer loop
      vertex 1.8544224250418324 -67.97452304230602 89.54788011312485
      vertex 1.4339410886168478 -58.21091654199726 89.54788011312485
      vertex 1.2499999999999998 -58.21091654199726 89.66506350785494
    endloop
  endfacet
  facet normal 0.6085523291238452 0.02620803046767932 0.7930808293339012
    outer loop
      vertex 1.4339410886168478 -58.21091654199726 89.54788011312485
      vertex 2.0268097171892947 -67.95964732447192 89.41511110961437
      vertex 1.6069690212607382 -58.21091654199726 89.41511110961437
    endloop
  endfacet
  facet normal 0.6753044370937034 0.029082789458372813 0.7369654731389229
    outer loop
      vertex 1.7677669525146482 -58.21091654199726 89.26776695251465
      vertex 1.6069690212607382 -58.21091654199726 89.41511110961437
      vertex 2.1870122898503723 -67.94582305565537 89.26776695251465
    endloop
  endfacet
  facet normal -0.4514268656327723 -0.09867407535352032 0.88683550438517
    outer loop
      vertex 2.6046682560788526 -87.89848805220862 89.66506350785494
      vertex 2.7917079599092602 -87.84908426918172 89.76576946675777
      vertex 0.46848752390104664 -78.12561337466806 89.66506350785494
    endloop
  endfacet
  facet normal -0.37415222293452877 -0.08178318006789154 0.9237540936478353
    outer loop
      vertex 2.7917079599092602 -87.84908426918172 89.76576946675777
      vertex 2.986521988120913 -87.79762701287055 89.84923154860735
      vertex 0.6590820961167765 -78.09247286127075 89.76576946675777
    endloop
  endfacet
  facet normal -0.2940174345168609 -0.06426710658458279 0.9536369787352886
    outer loop
      vertex 2.986521988120913 -87.79762701287055 89.84923154860735
      vertex 3.1876276883543824 -87.7445079040592 89.91481456905603
      vertex 0.8575987511810439 -78.05795485905135 89.84923154860735
    endloop
  endfacet
  facet normal -0.21163404551792106 -0.04625952805341789 0.9762535976077084
    outer loop
      vertex 3.39349451917613 -87.69013121272538 89.96201938390732
      vertex 1.2723061842635701 -77.98584568468053 89.96201938390732
      vertex 1.0625266575088688 -78.0223220708445 89.91481456905603
    endloop
  endfacet
  facet normal -0.12763167827134705 -0.027898068985305145 0.9914291968913012
    outer loop
      vertex 3.6025557270023825 -87.63491077375294 89.99048674851656
      vertex 1.485340800211631 -77.94880330481712 89.99048674851656
      vertex 1.2723061842635701 -77.98584568468053 89.96201938390732
    endloop
  endfacet
  facet normal -0.042652678279587845 -0.009323134954961329 0.9990464594753288
    outer loop
      vertex 3.8132202103145687 -87.57926685317409 90
      vertex 1.7000091634289873 -77.91147684958558 90
      vertex 1.485340800211631 -77.94880330481712 89.99048674851656
    endloop
  endfacet
  facet normal -0.21163404551793238 -0.04625952805342063 0.9762535976077059
    outer loop
      vertex 3.1876276883543824 -87.7445079040592 89.91481456905603
      vertex 3.39349451917613 -87.69013121272538 89.96201938390732
      vertex 1.0625266575088688 -78.0223220708445 89.91481456905603
    endloop
  endfacet
  facet normal -0.12763167827135008 -0.027898068985305873 0.9914291968913008
    outer loop
      vertex 3.39349451917613 -87.69013121272538 89.96201938390732
      vertex 3.6025557270023825 -87.63491077375294 89.99048674851656
      vertex 1.2723061842635701 -77.98584568468053 89.96201938390732
    endloop
  endfacet
  facet normal -0.04265267827958582 -0.009323134954960838 0.9990464594753288
    outer loop
      vertex 3.6025557270023825 -87.63491077375294 89.99048674851656
      vertex 3.8132202103145687 -87.57926685317409 90
      vertex 1.485340800211631 -77.94880330481712 89.99048674851656
    endloop
  endfacet
  facet normal 0.042652678279585216 0.009323134954960753 0.9990464594753288
    outer loop
      vertex 3.8132202103145687 -87.57926685317409 90
      vertex 4.023884693626755 -87.52362293259523 89.99048674851656
      vertex 1.7000091634289873 -77.91147684958558 90
    endloop
  endfacet
  facet normal 0.04265267827958518 0.009323134954960746 0.9990464594753288
    outer loop
      vertex 4.023884693626755 -87.52362293259523 89.99048674851656
      vertex 1.9146775266463578 -77.87415039435405 89.99048674851656
      vertex 1.7000091634289873 -77.91147684958558 90
    endloop
  endfacet
  facet normal 0.12763167827135524 0.02789806898530719 0.9914291968913002
    outer loop
      vertex 4.232945901453007 -87.46840249362279 89.96201938390732
      vertex 2.1277121425944046 -77.83710801449064 89.96201938390732
      vertex 1.9146775266463578 -77.87415039435405 89.99048674851656
    endloop
  endfacet
  facet normal 0.21163404551792123 0.046259528053417896 0.9762535976077084
    outer loop
      vertex 4.438812732274755 -87.41402580228898 89.91481456905603
      vertex 2.337491669349106 -77.80063162832667 89.91481456905603
      vertex 2.1277121425944046 -77.83710801449064 89.96201938390732
    endloop
  endfacet
  facet normal 0.29401743451687756 0.06426710658458681 0.9536369787352831
    outer loop
      vertex 2.337491669349106 -77.80063162832667 89.91481456905603
      vertex 4.6399184325082246 -87.36090669347763 89.84923154860735
      vertex 2.5424195756769308 -77.76499884011982 89.84923154860735
    endloop
  endfacet
  facet normal 0.29845405845749023 0.03875161646813361 0.9536369787352836
    outer loop
      vertex 1.070442439433478 -68.04217457803243 89.91481456905603
      vertex 2.337491669349106 -77.80063162832667 89.91481456905603
      vertex 2.5424195756769308 -77.76499884011982 89.84923154860735
    endloop
  endfacet
  facet normal 0.37979805380991916 0.049313413905818226 0.9237540936478447
    outer loop
      vertex 1.2776750498704956 -68.02429197311137 89.84923154860735
      vertex 2.5424195756769308 -77.76499884011982 89.84923154860735
      vertex 2.7409362307412124 -77.73048083790042 89.76576946675777
    endloop
  endfacet
  facet normal 0.45823874480856214 0.05949824298398541 0.8868355043851661
    outer loop
      vertex 1.4784243054569117 -68.00696883261587 89.76576946675777
      vertex 2.7409362307412124 -77.73048083790042 89.76576946675777
      vertex 2.9315308029569422 -77.6973403245031 89.66506350785494
    endloop
  endfacet
  facet normal 0.5331781462623979 0.06922846062116413 0.8431657515507949
    outer loop
      vertex 1.6711623831699853 -67.99033699610268 89.66506350785494
      vertex 2.9315308029569422 -77.6973403245031 89.66506350785494
      vertex 3.1127527477809167 -77.66582952007406 89.54788011312485
    endloop
  endfacet
  facet normal 0.6040459669397898 0.07843001955125878 0.7930808293339107
    outer loop
      vertex 1.8544224250418324 -67.97452304230602 89.54788011312485
      vertex 3.1127527477809167 -77.66582952007406 89.54788011312485
      vertex 3.2832228624159114 -77.63618823988321 89.41511110961437
    endloop
  endfacet
  facet normal 0.7314491387666493 0.09497219316744143 0.6752499092354574
    outer loop
      vertex 3.441643767960315 -77.60864207169188 89.26776695251465
      vertex 3.5868097823013727 -77.58340065905784 89.10696902126074
      vertex 2.1870122898503723 -67.94582305565537 89.26776695251465
    endloop
  endfacet
  facet normal 0.6703037720195862 0.08703300878096863 0.7369654731389027
    outer loop
      vertex 3.441643767960315 -77.60864207169188 89.26776695251465
      vertex 2.0268097171892947 -67.95964732447192 89.41511110961437
      vertex 3.2832228624159114 -77.63618823988321 89.41511110961437
    endloop
  endfacet
  facet normal 0.12763167827135005 0.02789806898530594 0.9914291968913008
    outer loop
      vertex 4.023884693626755 -87.52362293259523 89.99048674851656
      vertex 4.232945901453007 -87.46840249362279 89.96201938390732
      vertex 1.9146775266463578 -77.87415039435405 89.99048674851656
    endloop
  endfacet
  facet normal 0.21163404551793522 0.046259528053421296 0.9762535976077051
    outer loop
      vertex 4.232945901453007 -87.46840249362279 89.96201938390732
      vertex 4.438812732274755 -87.41402580228898 89.91481456905603
      vertex 2.1277121425944046 -77.83710801449064 89.96201938390732
    endloop
  endfacet
  facet normal 0.29401743451686096 0.06426710658458279 0.9536369787352886
    outer loop
      vertex 4.438812732274755 -87.41402580228898 89.91481456905603
      vertex 4.6399184325082246 -87.36090669347763 89.84923154860735
      vertex 2.337491669349106 -77.80063162832667 89.91481456905603
    endloop
  endfacet
  facet normal 0.374152222934506 0.0817831800678865 0.9237540936478448
    outer loop
      vertex 2.5424195756769308 -77.76499884011982 89.84923154860735
      vertex 4.834732460719877 -87.30944943716646 89.76576946675777
      vertex 2.7409362307412124 -77.73048083790042 89.76576946675777
    endloop
  endfacet
  facet normal 0.4514268656327793 0.09867407535352211 0.8868355043851661
    outer loop
      vertex 2.7409362307412124 -77.73048083790042 89.76576946675777
      vertex 5.021772164550285 -87.26004565413956 89.66506350785494
      vertex 2.9315308029569422 -77.6973403245031 89.66506350785494
    endloop
  endfacet
  facet normal 0.5252522666796374 0.11481102629836794 0.8431657515507958
    outer loop
      vertex 2.9315308029569422 -77.6973403245031 89.66506350785494
      vertex 5.199614054239987 -87.21307133825157 89.54788011312485
      vertex 3.1127527477809167 -77.66582952007406 89.54788011312485
    endloop
  endfacet
  facet normal 0.37415222293452854 0.081783180067892 0.9237540936478353
    outer loop
      vertex 2.5424195756769308 -77.76499884011982 89.84923154860735
      vertex 4.6399184325082246 -87.36090669347763 89.84923154860735
      vertex 4.834732460719877 -87.30944943716646 89.76576946675777
    endloop
  endfacet
  facet normal 0.4514268656327724 0.09867407535352044 0.8868355043851698
    outer loop
      vertex 2.7409362307412124 -77.73048083790042 89.76576946675777
      vertex 4.834732460719877 -87.30944943716646 89.76576946675777
      vertex 5.021772164550285 -87.26004565413956 89.66506350785494
    endloop
  endfacet
  facet normal 0.5252522666796382 0.11481102629836813 0.8431657515507953
    outer loop
      vertex 2.9315308029569422 -77.6973403245031 89.66506350785494
      vertex 5.021772164550285 -87.26004565413956 89.66506350785494
      vertex 5.199614054239987 -87.21307133825157 89.54788011312485
    endloop
  endfacet
  facet normal 0.5950666124220249 0.13007123019182606 0.7930808293339089
    outer loop
      vertex 3.1127527477809167 -77.66582952007406 89.54788011312485
      vertex 5.366904651147294 -87.16888399095153 89.41511110961437
      vertex 3.2832228624159114 -77.63618823988321 89.41511110961437
    endloop
  endfacet
  facet normal 0.6603394720606706 0.1443387440702835 0.7369654731389037
    outer loop
      vertex 3.441643767960315 -77.60864207169188 89.26776695251465
      vertex 3.2832228624159114 -77.63618823988321 89.41511110961437
      vertex 5.522370774390481 -87.1278199042178 89.26776695251465
    endloop
  endfacet
  facet normal 0.7205758915500914 0.1575053795725671 0.6752499092354566
    outer loop
      vertex 3.441643767960315 -77.60864207169188 89.26776695251465
      vertex 5.664829229596947 -87.09019160141773 89.10696902126074
      vertex 3.5868097823013727 -77.58340065905784 89.10696902126074
    endloop
  endfacet
  facet normal 0.82415816204724 0.1801466655536251 0.5369455305902319
    outer loop
      vertex 3.7176161030067476 -77.56065610461752 88.93394108861685
      vertex 5.906493597084577 -87.0263595180034 88.75
      vertex 3.8330672121295066 -77.54058150866163 88.75
    endloop
  endfacet
  facet normal 0.7753199626763736 0.16947148307839413 0.6084064200012326
    outer loop
      vertex 3.5868097823013727 -77.58340065905784 89.10696902126074
      vertex 5.793195820520552 -87.05628545702154 88.93394108861685
      vertex 3.7176161030067476 -77.56065610461752 88.93394108861685
    endloop
  endfacet
  facet normal 0.9907336341170316 0.1286379887404057 0.04357905554372022
    outer loop
      vertex 4.163052442484883 -77.48320379942062 87.5
      vertex 2.9070561966949384 -67.88368871934233 87.71788935363293
      vertex 4.153679822433574 -77.48483350711254 87.71788935363293
    endloop
  endfacet
  facet normal 0.9832073254369829 0.12766076420910943 0.1304073789653068
    outer loop
      vertex 4.153679822433574 -77.48483350711254 87.71788935363293
      vertex 2.8786942332559846 -67.88613614200374 87.93412044644356
      vertex 4.125633282004287 -77.48971022914108 87.93412044644356
    endloop
  endfacet
  facet normal 0.9682110547702457 0.125713631265657 0.21624855221409092
    outer loop
      vertex 4.07912628122088 -77.49779684915661 88.1470476090908
      vertex 4.125633282004287 -77.48971022914108 87.93412044644356
      vertex 2.8316641954800446 -67.89019447810826 88.1470476090908
    endloop
  endfacet
  facet normal 0.9163131476492232 0.11897514761880272 0.38238086993762777
    outer loop
      vertex 3.932284466224104 -77.52332964938599 88.55654565244913
      vertex 4.0145127541263435 -77.50903182523925 88.355050355196
      vertex 2.6831709366146157 -67.90300832181813 88.55654565244913
    endloop
  endfacet
  facet normal 0.9458571293183474 0.12281117200560614 0.3004525036478551
    outer loop
      vertex 4.07912628122088 -77.49779684915661 88.1470476090908
      vertex 2.766323997898951 -67.89583284234226 88.355050355196
      vertex 4.0145127541263435 -77.50903182523925 88.355050355196
    endloop
  endfacet
  facet normal 0.8365944307964008 0.10862437820129885 0.5369455305902336
    outer loop
      vertex 3.7176161030067476 -77.56065610461752 88.93394108861685
      vertex 3.8330672121295066 -77.54058150866163 88.75
      vertex 2.4660883240756846 -67.92174090732715 88.93394108861685
    endloop
  endfacet
  facet normal 0.7870192794658631 0.1021874838241877 0.6084064200012316
    outer loop
      vertex 3.5868097823013727 -77.58340065905784 89.10696902126074
      vertex 3.7176161030067476 -77.56065610461752 88.93394108861685
      vertex 2.3338109013118498 -67.93315544718298 89.10696902126074
    endloop
  endfacet
  facet normal 0.8798007792549953 0.11423433992575739 0.46141207656933875
    outer loop
      vertex 3.8330672121295066 -77.54058150866163 88.75
      vertex 3.932284466224104 -77.52332964938599 88.55654565244913
      vertex 2.5828378441878215 -67.9116663078783 88.75
    endloop
  endfacet
  facet normal 0.4582387448085739 0.05949824298398724 0.88683550438516
    outer loop
      vertex 1.4784243054569117 -68.00696883261587 89.76576946675777
      vertex 2.9315308029569422 -77.6973403245031 89.66506350785494
      vertex 1.6711623831699853 -67.99033699610268 89.66506350785494
    endloop
  endfacet
  facet normal 0.5331781462623691 0.06922846062115962 0.8431657515508136
    outer loop
      vertex 1.6711623831699853 -67.99033699610268 89.66506350785494
      vertex 3.1127527477809167 -77.66582952007406 89.54788011312485
      vertex 1.8544224250418324 -67.97452304230602 89.54788011312485
    endloop
  endfacet
  facet normal 0.6040459669398295 0.07843001955126505 0.7930808293338797
    outer loop
      vertex 1.8544224250418324 -67.97452304230602 89.54788011312485
      vertex 3.2832228624159114 -77.63618823988321 89.41511110961437
      vertex 2.0268097171892947 -67.95964732447192 89.41511110961437
    endloop
  endfacet
  facet normal 0.7369059664236536 0.031735732648746275 0.6752499092354386
    outer loop
      vertex 1.7677669525146482 -58.21091654199726 89.26776695251465
      vertex 2.1870122898503723 -67.94582305565537 89.26776695251465
      vertex 2.3338109013118498 -67.93315544718298 89.10696902126074
    endloop
  endfacet
  facet normal 0.6753044370936829 0.029082789458371318 0.7369654731389416
    outer loop
      vertex 1.6069690212607382 -58.21091654199726 89.41511110961437
      vertex 2.0268097171892947 -67.95964732447192 89.41511110961437
      vertex 2.1870122898503723 -67.94582305565537 89.26776695251465
    endloop
  endfacet
  facet normal 0.7928906768647772 0.03414678084747315 0.6084064200011946
    outer loop
      vertex 2.3338109013118498 -67.93315544718298 89.10696902126074
      vertex 2.4660883240756846 -67.92174090732715 88.93394108861685
      vertex 1.915111109614372 -58.21091654199726 89.10696902126074
    endloop
  endfacet
  facet normal 0.9163131476492188 0.1189751476188019 0.3823808699376386
    outer loop
      vertex 4.0145127541263435 -77.50903182523925 88.355050355196
      vertex 2.766323997898951 -67.89583284234226 88.355050355196
      vertex 2.6831709366146157 -67.90300832181813 88.55654565244913
    endloop
  endfacet
  facet normal 0.7314491387666667 0.0949721931674443 0.6752499092354379
    outer loop
      vertex 3.5868097823013727 -77.58340065905784 89.10696902126074
      vertex 2.3338109013118498 -67.93315544718298 89.10696902126074
      vertex 2.1870122898503723 -67.94582305565537 89.26776695251465
    endloop
  endfacet
  facet normal 0.7870192794658915 0.10218748382419243 0.6084064200011943
    outer loop
      vertex 3.7176161030067476 -77.56065610461752 88.93394108861685
      vertex 2.4660883240756846 -67.92174090732715 88.93394108861685
      vertex 2.3338109013118498 -67.93315544718298 89.10696902126074
    endloop
  endfacet
  facet normal 0.6703037720195438 0.08703300878096182 0.7369654731389418
    outer loop
      vertex 3.441643767960315 -77.60864207169188 89.26776695251465
      vertex 2.1870122898503723 -67.94582305565537 89.26776695251465
      vertex 2.0268097171892947 -67.95964732447192 89.41511110961437
    endloop
  endfacet
  facet normal 0.8365944307963883 0.10862437820129667 0.5369455305902534
    outer loop
      vertex 3.8330672121295066 -77.54058150866163 88.75
      vertex 2.5828378441878215 -67.9116663078783 88.75
      vertex 2.4660883240756846 -67.92174090732715 88.93394108861685
    endloop
  endfacet
  facet normal 0.8798007792549661 0.11423433992575215 0.46141207656939603
    outer loop
      vertex 3.932284466224104 -77.52332964938599 88.55654565244913
      vertex 2.6831709366146157 -67.90300832181813 88.55654565244913
      vertex 2.5828378441878215 -67.9116663078783 88.75
    endloop
  endfacet
  facet normal 0.9231491156769943 0.03975651557312658 0.38238086993764114
    outer loop
      vertex 2.766323997898951 -67.89583284234226 88.355050355196
      vertex 2.3492315486073494 -58.21091654199726 88.355050355196
      vertex 2.2657694667577744 -58.21091654199726 88.55654565244913
    endloop
  endfacet
  facet normal 0.7369059664236488 0.03173573264874591 0.6752499092354439
    outer loop
      vertex 1.7677669525146482 -58.21091654199726 89.26776695251465
      vertex 2.3338109013118498 -67.93315544718298 89.10696902126074
      vertex 1.915111109614372 -58.21091654199726 89.10696902126074
    endloop
  endfacet
  facet normal 0.7928906768647616 0.0341467808474719 0.6084064200012151
    outer loop
      vertex 2.4660883240756846 -67.92174090732715 88.93394108861685
      vertex 2.0478801131248474 -58.21091654199726 88.93394108861685
      vertex 1.915111109614372 -58.21091654199726 89.10696902126074
    endloop
  endfacet
  facet normal 0.8428356735372714 0.0362977215831451 0.5369455305902514
    outer loop
      vertex 2.4660883240756846 -67.92174090732715 88.93394108861685
      vertex 2.5828378441878215 -67.9116663078783 88.75
      vertex 2.0478801131248474 -58.21091654199726 88.93394108861685
    endloop
  endfacet
  facet normal 0.886364354178265 0.0381723360310096 0.461412076569397
    outer loop
      vertex 2.6831709366146157 -67.90300832181813 88.55654565244913
      vertex 2.1650635078549385 -58.21091654199726 88.75
      vertex 2.5828378441878215 -67.9116663078783 88.75
    endloop
  endfacet
  facet normal 0.8428356735372753 0.03629772158314544 0.5369455305902451
    outer loop
      vertex 2.5828378441878215 -67.9116663078783 88.75
      vertex 2.1650635078549385 -58.21091654199726 88.75
      vertex 2.0478801131248474 -58.21091654199726 88.93394108861685
    endloop
  endfacet
  facet normal 0.8863643541782845 0.038172336031011396 0.4614120765693591
    outer loop
      vertex 2.6831709366146157 -67.90300832181813 88.55654565244913
      vertex 2.2657694667577744 -58.21091654199726 88.55654565244913
      vertex 2.1650635078549385 -58.21091654199726 88.75
    endloop
  endfacet
  facet normal 0.9981248010606091 0.042985432714398454 0.04357905554363977
    outer loop
      vertex 2.9165342251131676 -67.88287083726635 87.5
      vertex 2.4904867485165596 -58.21091654199726 87.71788935363293
      vertex 2.9070561966949384 -67.88368871934233 87.71788935363293
    endloop
  endfacet
  facet normal 0.9905423438841133 0.042658885170018424 0.1304073789653708
    outer loop
      vertex 2.9070561966949384 -67.88368871934233 87.71788935363293
      vertex 2.462019383907318 -58.21091654199726 87.93412044644356
      vertex 2.8786942332559846 -67.88613614200374 87.93412044644356
    endloop
  endfacet
  facet normal 0.9231491156769941 0.03975651557312655 0.38238086993764153
    outer loop
      vertex 2.6831709366146157 -67.90300832181813 88.55654565244913
      vertex 2.766323997898951 -67.89583284234226 88.355050355196
      vertex 2.2657694667577744 -58.21091654199726 88.55654565244913
    endloop
  endfacet
  facet normal 0.9529135042175534 0.04103835439682467 0.3004525036477874
    outer loop
      vertex 2.8316641954800446 -67.89019447810826 88.1470476090908
      vertex 2.3492315486073494 -58.21091654199726 88.355050355196
      vertex 2.766323997898951 -67.89583284234226 88.355050355196
    endloop
  endfacet
  facet normal 0.9754341965875689 0.04200823482212176 0.21624855221409764
    outer loop
      vertex 2.8316641954800446 -67.89019447810826 88.1470476090908
      vertex 2.8786942332559846 -67.88613614200374 87.93412044644356
      vertex 2.414814569056034 -58.21091654199726 88.1470476090908
    endloop
  endfacet
  facet normal 0.9981248010606069 0.04298543271439718 0.04357905554369205
    outer loop
      vertex 2.9165342251131676 -67.88287083726635 87.5
      vertex 2.5 -58.21091654199726 87.5
      vertex 2.4904867485165596 -58.21091654199726 87.71788935363293
    endloop
  endfacet
  facet normal 0.9905423438841195 0.04265888517001978 0.13040737896532342
    outer loop
      vertex 2.9070561966949384 -67.88368871934233 87.71788935363293
      vertex 2.4904867485165596 -58.21091654199726 87.71788935363293
      vertex 2.462019383907318 -58.21091654199726 87.93412044644356
    endloop
  endfacet
  facet normal 0.9754341965875647 0.042008234822121134 0.21624855221411693
    outer loop
      vertex 2.8786942332559846 -67.88613614200374 87.93412044644356
      vertex 2.462019383907318 -58.21091654199726 87.93412044644356
      vertex 2.414814569056034 -58.21091654199726 88.1470476090908
    endloop
  endfacet
  facet normal 0.9529135042175437 0.04103835439682354 0.3004525036478178
    outer loop
      vertex 2.8316641954800446 -67.89019447810826 88.1470476090908
      vertex 2.414814569056034 -58.21091654199726 88.1470476090908
      vertex 2.3492315486073494 -58.21091654199726 88.355050355196
    endloop
  endfacet
  facet normal 0.9907336341170351 0.1286379887404079 0.04357905554364158
    outer loop
      vertex 4.163052442484883 -77.48320379942062 87.5
      vertex 2.9165342251131676 -67.88287083726635 87.5
      vertex 2.9070561966949384 -67.88368871934233 87.71788935363293
    endloop
  endfacet
  facet normal 0.9832073254369744 0.12766076420910683 0.13040737896537333
    outer loop
      vertex 4.153679822433574 -77.48483350711254 87.71788935363293
      vertex 2.9070561966949384 -67.88368871934233 87.71788935363293
      vertex 2.8786942332559846 -67.88613614200374 87.93412044644356
    endloop
  endfacet
  facet normal 0.9458571293183686 0.12281117200561048 0.3004525036477866
    outer loop
      vertex 4.07912628122088 -77.49779684915661 88.1470476090908
      vertex 2.8316641954800446 -67.89019447810826 88.1470476090908
      vertex 2.766323997898951 -67.89583284234226 88.355050355196
    endloop
  endfacet
  facet normal 0.9682110547702442 0.12571363126565657 0.21624855221409808
    outer loop
      vertex 4.125633282004287 -77.48971022914108 87.93412044644356
      vertex 2.8786942332559846 -67.88613614200374 87.93412044644356
      vertex 2.8316641954800446 -67.89019447810826 88.1470476090908
    endloop
  endfacet
  facet normal -0.9251724365874284 -0.3774406854905076 0.039931084575011246
    outer loop
      vertex 1.1019374288671315 -99.0549043803842 0
      vertex 8.215927368745653 -107.235520898208 87.5
      vertex 4.396509486709817 -97.87346671563748 87.5
    endloop
  endfacet
  facet normal -0.8892972806477899 -0.4555829837879255 0.03993108457501118
    outer loop
      vertex 12.826086956521749 -116.23454529256527 87.5
      vertex 8.215927368745653 -107.235520898208 87.5
      vertex 5.03512520526148 -108.69582826201 0
    endloop
  endfacet
  facet normal 0.954196641700932 0.2965034189538572 0.039931084575011294
    outer loop
      vertex 12.397613055756338 -95.0042609583954 0
      vertex 6.230324118785987 -86.94082445510503 87.5
      vertex 9.103040997913652 -96.18569862314214 87.5
    endloop
  endfacet
  facet normal 0.9908848195435567 0.1286576188291875 0.039931084575011246
    outer loop
      vertex 7.611313033163128 -76.88362152918967 0
      vertex 2.9165342251131676 -67.88287083726635 87.5
      vertex 4.163052442484883 -77.48320379942062 87.5
    endloop
  endfacet
  facet normal 0.9761549702143213 0.21337052891751682 0.039931084575011405
    outer loop
      vertex 9.61426959064599 -86.04700509780834 0
      vertex 4.163052442484883 -77.48320379942062 87.5
      vertex 6.230324118785987 -86.94082445510503 87.5
    endloop
  endfacet
  facet normal 0.9251724365874282 0.377440685490508 0.03993108457501132
    outer loop
      vertex 9.103040997913652 -96.18569862314214 87.5
      vertex 12.759930459437328 -105.14936752134795 87.5
      vertex 15.940732622921502 -103.68906015754592 0
    endloop
  endfacet
  facet normal -0.9250312773056685 -0.37738309703027656 0.043579055543693526
    outer loop
      vertex 4.396509486709817 -97.87346671563748 87.5
      vertex 8.2245730175743 -107.23155167786656 87.71788935363293
      vertex 4.4054643702859835 -97.87025548317555 87.71788935363293
    endloop
  endfacet
  facet normal -0.9180040898841852 -0.37451622991173356 0.13040737896534266
    outer loop
      vertex 4.4054643702859835 -97.87025548317555 87.71788935363293
      vertex 8.250444176127957 -107.2196742201046 87.93412044644356
      vertex 4.432260880000854 -97.86064622124258 87.93412044644356
    endloop
  endfacet
  facet normal -0.9040023249980715 -0.3688039588499348 0.21624855221410466
    outer loop
      vertex 4.432260880000854 -97.86064622124258 87.93412044644356
      vertex 8.2933439410439 -107.19997892332339 88.1470476090908
      vertex 4.47669506971647 -97.84471206517894 88.1470476090908
    endloop
  endfacet
  facet normal -0.8831308419864109 -0.36028906309257563 0.30045250364782605
    outer loop
      vertex 4.47669506971647 -97.84471206517894 88.1470476090908
      vertex 8.352945830567052 -107.17261567540864 88.355050355196
      vertex 4.538428780184802 -97.82257427931438 88.355050355196
    endloop
  endfacet
  facet normal -0.8555461248041154 -0.3490353830750943 0.3823808699376616
    outer loop
      vertex 4.538428780184802 -97.82257427931438 88.355050355196
      vertex 8.428796222143049 -107.13779273463058 88.55654565244913
      vertex 4.616992163827945 -97.79440135157859 88.55654565244913
    endloop
  endfacet
  facet normal -0.8214551425157592 -0.3351273555387104 0.4614120765693549
    outer loop
      vertex 4.616992163827945 -97.79440135157859 88.55654565244913
      vertex 8.52031785984417 -107.09577511938357 88.75
      vertex 4.711787317616384 -97.76040769074652 88.75
    endloop
  endfacet
  facet normal -0.7811141039903277 -0.31866950548580486 0.5369455305902265
    outer loop
      vertex 4.711787317616384 -97.76040769074652 88.75
      vertex 8.626814201410426 -107.04688261245795 88.93394108861685
      vertex 4.822092785593782 -97.72085201182738 88.93394108861685
    endloop
  endfacet
  facet normal -0.7348266216855908 -0.2997856970628341 0.608406420001213
    outer loop
      vertex 4.822092785593782 -97.72085201182738 88.93394108861685
      vertex 8.74747475387035 -106.9914873114548 89.10696902126074
      vertex 4.9470690853404164 -97.6760353542679 89.10696902126074
    endloop
  endfacet
  facet normal -0.6829417189620979 -0.27861832060834407 0.6752499092354479
    outer loop
      vertex 4.9470690853404164 -97.6760353542679 89.10696902126074
      vertex 8.881381214921646 -106.93001080927597 89.26776695251465
      vertex 5.085765069016745 -97.6262988008742 89.26776695251465
    endloop
  endfacet
  facet normal -0.6258513217497444 -0.25532726933336525 0.7369654731389153
    outer loop
      vertex 5.085765069016745 -97.6262988008742 89.26776695251465
      vertex 9.027514474240576 -106.86292097982047 89.41511110961437
      vertex 5.237125175093325 -97.57202087733228 89.41511110961437
    endloop
  endfacet
  facet normal -0.9250312773056689 -0.3773830970302772 0.04357905554367633
    outer loop
      vertex 4.396509486709817 -97.87346671563748 87.5
      vertex 8.215927368745653 -107.235520898208 87.5
      vertex 8.2245730175743 -107.23155167786656 87.71788935363293
    endloop
  endfacet
  facet normal -0.9180040898841849 -0.3745162299117334 0.13040737896534507
    outer loop
      vertex 4.4054643702859835 -97.87025548317555 87.71788935363293
      vertex 8.2245730175743 -107.23155167786656 87.71788935363293
      vertex 8.250444176127957 -107.2196742201046 87.93412044644356
    endloop
  endfacet
  facet normal -0.9040023249980774 -0.3688039588499378 0.2162485522140761
    outer loop
      vertex 4.432260880000854 -97.86064622124258 87.93412044644356
      vertex 8.250444176127957 -107.2196742201046 87.93412044644356
      vertex 8.2933439410439 -107.19997892332339 88.1470476090908
    endloop
  endfacet
  facet normal -0.8831308419864016 -0.36028906309257097 0.30045250364785947
    outer loop
      vertex 4.47669506971647 -97.84471206517894 88.1470476090908
      vertex 8.2933439410439 -107.19997892332339 88.1470476090908
      vertex 8.352945830567052 -107.17261567540864 88.355050355196
    endloop
  endfacet
  facet normal -0.8555461248041322 -0.3490353830751023 0.3823808699376172
    outer loop
      vertex 4.538428780184802 -97.82257427931438 88.355050355196
      vertex 8.352945830567052 -107.17261567540864 88.355050355196
      vertex 8.428796222143049 -107.13779273463058 88.55654565244913
    endloop
  endfacet
  facet normal -0.5639875271294758 -0.23008882499033417 0.7930808293338998
    outer loop
      vertex 5.237125175093325 -97.57202087733228 89.41511110961437
      vertex 9.184762366382543 -106.79072841862525 89.54788011312485
      vertex 5.399997458554708 -97.51361467256692 89.54788011312485
    endloop
  endfacet
  facet normal -0.44127214664060976 -0.13711922097610618 0.8868355043851672
    outer loop
      vertex 2.6046682560788526 -87.89848805220862 89.66506350785494
      vertex 5.5731423645107725 -97.45152469251364 89.66506350785494
      vertex 5.755242161056287 -97.38622347748347 89.76576946675777
    endloop
  endfacet
  facet normal -0.36573577505901517 -0.11364733745596743 0.9237540936478447
    outer loop
      vertex 2.7917079599092602 -87.84908426918172 89.76576946675777
      vertex 5.755242161056287 -97.38622347748347 89.76576946675777
      vertex 5.94491095423254 -97.31820801078513 89.84923154860735
    endloop
  endfacet
  facet normal -0.2874035959228276 -0.08930669537763926 0.9536369787352804
    outer loop
      vertex 2.986521988120913 -87.79762701287055 89.84923154860735
      vertex 5.94491095423254 -97.31820801078513 89.84923154860735
      vertex 6.140705250024737 -97.24799593117959 89.91481456905603
    endloop
  endfacet
  facet normal -0.20687339783604397 -0.06428304928808719 0.9762535976077092
    outer loop
      vertex 3.1876276883543824 -87.7445079040592 89.91481456905603
      vertex 6.140705250024737 -97.24799593117959 89.91481456905603
      vertex 6.341134930142843 -97.17612159695126 89.96201938390732
    endloop
  endfacet
  facet normal -0.12476063995703855 -0.038767644614837525 0.9914291968912997
    outer loop
      vertex 3.39349451917613 -87.69013121272538 89.96201938390732
      vertex 6.341134930142843 -97.17612159695126 89.96201938390732
      vertex 6.544674620545891 -97.10313200914104 89.99048674851656
    endloop
  endfacet
  facet normal -0.04169321840874659 -0.012955591400265932 0.9990464594753289
    outer loop
      vertex 3.6025557270023825 -87.63491077375294 89.99048674851656
      vertex 6.544674620545891 -97.10313200914104 89.99048674851656
      vertex 6.749775242311742 -97.02958266938981 90
    endloop
  endfacet
  facet normal -0.1247606399570321 -0.03876764461483535 0.9914291968913007
    outer loop
      vertex 3.39349451917613 -87.69013121272538 89.96201938390732
      vertex 6.544674620545891 -97.10313200914104 89.99048674851656
      vertex 3.6025557270023825 -87.63491077375294 89.99048674851656
    endloop
  endfacet
  facet normal -0.04169321840874857 -0.012955591400266593 0.9990464594753288
    outer loop
      vertex 3.6025557270023825 -87.63491077375294 89.99048674851656
      vertex 6.749775242311742 -97.02958266938981 90
      vertex 3.8132202103145687 -87.57926685317409 90
    endloop
  endfacet
  facet normal 0.04169321840874777 0.012955591400266314 0.9990464594753288
    outer loop
      vertex 3.8132202103145687 -87.57926685317409 90
      vertex 6.954875864077579 -96.95603332963859 89.99048674851656
      vertex 4.023884693626755 -87.52362293259523 89.99048674851656
    endloop
  endfacet
  facet normal 0.12476063995703207 0.03876764461483542 0.9914291968913007
    outer loop
      vertex 4.023884693626755 -87.52362293259523 89.99048674851656
      vertex 7.158415554480641 -96.88304374182836 89.96201938390732
      vertex 4.232945901453007 -87.46840249362279 89.96201938390732
    endloop
  endfacet
  facet normal 0.20687339783606176 0.06428304928809304 0.9762535976077052
    outer loop
      vertex 4.232945901453007 -87.46840249362279 89.96201938390732
      vertex 7.358845234598732 -96.81116940760003 89.91481456905603
      vertex 4.438812732274755 -87.41402580228898 89.91481456905603
    endloop
  endfacet
  facet normal 0.2874035959228027 0.08930669537763108 0.9536369787352886
    outer loop
      vertex 4.438812732274755 -87.41402580228898 89.91481456905603
      vertex 7.5546395303909435 -96.7409573279945 89.84923154860735
      vertex 4.6399184325082246 -87.36090669347763 89.84923154860735
    endloop
  endfacet
  facet normal 0.365735775059037 0.11364733745597429 0.9237540936478351
    outer loop
      vertex 4.6399184325082246 -87.36090669347763 89.84923154860735
      vertex 7.744308323567182 -96.67294186129615 89.76576946675777
      vertex 4.834732460719877 -87.30944943716646 89.76576946675777
    endloop
  endfacet
  facet normal 0.0416932184087492 0.012955591400266791 0.9990464594753288
    outer loop
      vertex 3.8132202103145687 -87.57926685317409 90
      vertex 6.749775242311742 -97.02958266938981 90
      vertex 6.954875864077579 -96.95603332963859 89.99048674851656
    endloop
  endfacet
  facet normal 0.12476063995703084 0.03876764461483501 0.9914291968913008
    outer loop
      vertex 4.023884693626755 -87.52362293259523 89.99048674851656
      vertex 6.954875864077579 -96.95603332963859 89.99048674851656
      vertex 7.158415554480641 -96.88304374182836 89.96201938390732
    endloop
  endfacet
  facet normal 0.20687339783605682 0.06428304928809138 0.9762535976077062
    outer loop
      vertex 4.232945901453007 -87.46840249362279 89.96201938390732
      vertex 7.158415554480641 -96.88304374182836 89.96201938390732
      vertex 7.358845234598732 -96.81116940760003 89.91481456905603
    endloop
  endfacet
  facet normal 0.2874035959228112 0.08930669537763394 0.9536369787352859
    outer loop
      vertex 4.438812732274755 -87.41402580228898 89.91481456905603
      vertex 7.358845234598732 -96.81116940760003 89.91481456905603
      vertex 7.5546395303909435 -96.7409573279945 89.84923154860735
    endloop
  endfacet
  facet normal -0.4978194387315084 -0.2030943668170601 0.8431657515507988
    outer loop
      vertex 5.399997458554708 -97.51361467256692 89.54788011312485
      vertex 9.351928141418568 -106.71398255399298 89.66506350785494
      vertex 5.5731423645107725 -97.45152469251364 89.66506350785494
    endloop
  endfacet
  facet normal -0.4278497840632872 -0.17454899151500175 0.8868355043851675
    outer loop
      vertex 5.5731423645107725 -97.45152469251364 89.66506350785494
      vertex 9.527739572054344 -106.63326746591068 89.76576946675777
      vertex 5.755242161056287 -97.38622347748347 89.76576946675777
    endloop
  endfacet
  facet normal 0.3657357750590363 0.11364733745597405 0.9237540936478355
    outer loop
      vertex 4.6399184325082246 -87.36090669347763 89.84923154860735
      vertex 7.5546395303909435 -96.7409573279945 89.84923154860735
      vertex 7.744308323567182 -96.67294186129615 89.76576946675777
    endloop
  endfacet
  facet normal 0.44127214664060926 0.137119220976106 0.8868355043851673
    outer loop
      vertex 4.834732460719877 -87.30944943716646 89.76576946675777
      vertex 7.744308323567182 -96.67294186129615 89.76576946675777
      vertex 7.926408120112697 -96.60764064626598 89.66506350785494
    endloop
  endfacet
  facet normal 0.5134368662810449 0.15954341025337443 0.8431657515507991
    outer loop
      vertex 5.021772164550285 -87.26004565413956 89.66506350785494
      vertex 7.926408120112697 -96.60764064626598 89.66506350785494
      vertex 8.099553026068762 -96.5455506662127 89.54788011312485
    endloop
  endfacet
  facet normal 0.44127214664060543 0.13711922097610468 0.8868355043851697
    outer loop
      vertex 4.834732460719877 -87.30944943716646 89.76576946675777
      vertex 7.926408120112697 -96.60764064626598 89.66506350785494
      vertex 5.021772164550285 -87.26004565413956 89.66506350785494
    endloop
  endfacet
  facet normal 0.5134368662810501 0.1595434102533762 0.8431657515507955
    outer loop
      vertex 5.021772164550285 -87.26004565413956 89.66506350785494
      vertex 8.099553026068762 -96.5455506662127 89.54788011312485
      vertex 5.199614054239987 -87.21307133825157 89.54788011312485
    endloop
  endfacet
  facet normal 0.5816807581656804 0.18074925649324627 0.7930808293338946
    outer loop
      vertex 5.199614054239987 -87.21307133825157 89.54788011312485
      vertex 8.262425309530144 -96.48714446144734 89.41511110961437
      vertex 5.366904651147294 -87.16888399095153 89.41511110961437
    endloop
  endfacet
  facet normal 0.6454853233851523 0.20057564332553846 0.7369654731389469
    outer loop
      vertex 5.366904651147294 -87.16888399095153 89.41511110961437
      vertex 8.413785415606725 -96.43286653790543 89.26776695251465
      vertex 5.522370774390481 -87.1278199042178 89.26776695251465
    endloop
  endfacet
  facet normal 0.9108361320342072 0.2830297398379379 0.3004525036478041
    outer loop
      vertex 6.084554913531846 -86.97932724376913 88.355050355196
      vertex 9.022855414907 -96.21445327360068 88.1470476090908
      vertex 6.147963303554192 -86.96257885142998 88.1470476090908
    endloop
  endfacet
  facet normal 0.8823860361853686 0.27418926574686486 0.38238086993764275
    outer loop
      vertex 6.003860303832738 -87.00064153644269 88.55654565244913
      vertex 8.961121704438668 -96.23659105946524 88.355050355196
      vertex 6.084554913531846 -86.97932724376913 88.355050355196
    endloop
  endfacet
  facet normal 0.7043667417447194 0.2188722303113649 0.6752499092354302
    outer loop
      vertex 5.522370774390481 -87.1278199042178 89.26776695251465
      vertex 8.552481399283053 -96.38312998451173 89.10696902126074
      vertex 5.664829229596947 -87.09019160141773 89.10696902126074
    endloop
  endfacet
  facet normal 0.7578793605559198 0.2355005370369183 0.6084064200011972
    outer loop
      vertex 5.793195820520552 -87.05628545702154 88.93394108861685
      vertex 5.664829229596947 -87.09019160141773 89.10696902126074
      vertex 8.677457699029688 -96.33831332695223 88.93394108861685
    endloop
  endfacet
  facet normal 0.8056189585176342 0.250334957319407 0.5369455305902576
    outer loop
      vertex 5.793195820520552 -87.05628545702154 88.93394108861685
      vertex 8.7877631670071 -96.2987576480331 88.75
      vertex 5.906493597084577 -87.0263595180034 88.75
    endloop
  endfacet
  facet normal 0.8472255628234144 0.26326363458422486 0.46141207656936395
    outer loop
      vertex 6.003860303832738 -87.00064153644269 88.55654565244913
      vertex 5.906493597084577 -87.0263595180034 88.75
      vertex 8.882558320795539 -96.26476398720102 88.55654565244913
    endloop
  endfacet
  facet normal -0.8214551425157492 -0.33512735553870576 0.46141207656937616
    outer loop
      vertex 4.616992163827945 -97.79440135157859 88.55654565244913
      vertex 8.428796222143049 -107.13779273463058 88.55654565244913
      vertex 8.52031785984417 -107.09577511938357 88.75
    endloop
  endfacet
  facet normal -0.7811141039903118 -0.31866950548579764 0.5369455305902541
    outer loop
      vertex 4.711787317616384 -97.76040769074652 88.75
      vertex 8.52031785984417 -107.09577511938357 88.75
      vertex 8.626814201410426 -107.04688261245795 88.93394108861685
    endloop
  endfacet
  facet normal -0.7348266216856014 -0.2997856970628389 0.6084064200011978
    outer loop
      vertex 4.822092785593782 -97.72085201182738 88.93394108861685
      vertex 8.626814201410426 -107.04688261245795 88.93394108861685
      vertex 8.74747475387035 -106.9914873114548 89.10696902126074
    endloop
  endfacet
  facet normal -0.6829417189621119 -0.2786183206083503 0.6752499092354315
    outer loop
      vertex 4.9470690853404164 -97.6760353542679 89.10696902126074
      vertex 8.74747475387035 -106.9914873114548 89.10696902126074
      vertex 8.881381214921646 -106.93001080927597 89.26776695251465
    endloop
  endfacet
  facet normal -0.6258513217497097 -0.2553272693333499 0.73696547313895
    outer loop
      vertex 5.085765069016745 -97.6262988008742 89.26776695251465
      vertex 8.881381214921646 -106.93001080927597 89.26776695251465
      vertex 9.027514474240576 -106.86292097982047 89.41511110961437
    endloop
  endfacet
  facet normal -0.5639875271294787 -0.23008882499033545 0.7930808293338973
    outer loop
      vertex 5.237125175093325 -97.57202087733228 89.41511110961437
      vertex 9.027514474240576 -106.86292097982047 89.41511110961437
      vertex 9.184762366382543 -106.79072841862525 89.54788011312485
    endloop
  endfacet
  facet normal -0.4978194387315102 -0.20309436681706086 0.8431657515507975
    outer loop
      vertex 5.399997458554708 -97.51361467256692 89.54788011312485
      vertex 9.184762366382543 -106.79072841862525 89.54788011312485
      vertex 9.351928141418568 -106.71398255399298 89.66506350785494
    endloop
  endfacet
  facet normal -0.42784978406330226 -0.1745489915150083 0.8868355043851589
    outer loop
      vertex 5.5731423645107725 -97.45152469251364 89.66506350785494
      vertex 9.351928141418568 -106.71398255399298 89.66506350785494
      vertex 9.527739572054344 -106.63326746591068 89.76576946675777
    endloop
  endfacet
  facet normal -0.3546110344251304 -0.14466993029928074 0.9237540936478388
    outer loop
      vertex 5.755242161056287 -97.38622347748347 89.76576946675777
      vertex 9.527739572054344 -106.63326746591068 89.76576946675777
      vertex 9.710858622749953 -106.54919744695347 89.84923154860735
    endloop
  endfacet
  facet normal -0.2786615184999081 -0.11368496336789792 0.9536369787352863
    outer loop
      vertex 5.94491095423254 -97.31820801078513 89.84923154860735
      vertex 9.710858622749953 -106.54919744695347 89.84923154860735
      vertex 9.899891646984827 -106.46241232071677 89.91481456905603
    endloop
  endfacet
  facet normal -0.20058084170147675 -0.0818305511427913 0.9762535976077087
    outer loop
      vertex 6.140705250024737 -97.24799593117959 89.91481456905603
      vertex 9.899891646984827 -106.46241232071677 89.91481456905603
      vertex 10.093399984017097 -106.37357257684042 89.96201938390732
    endloop
  endfacet
  facet normal -0.12096574250513181 -0.04935014378553696 0.9914291968913005
    outer loop
      vertex 6.341134930142843 -97.17612159695126 89.96201938390732
      vertex 10.093399984017097 -106.37357257684042 89.96201938390732
      vertex 10.289910934824121 -106.2833543319506 89.99048674851656
    endloop
  endfacet
  facet normal -0.040425018050402876 -0.01649211100602039 0.9990464594753288
    outer loop
      vertex 6.544674620545891 -97.10313200914104 89.99048674851656
      vertex 10.289910934824121 -106.2833543319506 89.99048674851656
      vertex 10.487928914091484 -106.19244420977796 90
    endloop
  endfacet
  facet normal 0.040425018050403855 0.016492111006020733 0.9990464594753288
    outer loop
      vertex 6.749775242311742 -97.02958266938981 90
      vertex 10.487928914091484 -106.19244420977796 90
      vertex 10.685946893358846 -106.10153408760533 89.99048674851656
    endloop
  endfacet
  facet normal 0.1209657425051279 0.04935014378553523 0.9914291968913009
    outer loop
      vertex 6.954875864077579 -96.95603332963859 89.99048674851656
      vertex 10.685946893358846 -106.10153408760533 89.99048674851656
      vertex 10.882457844165884 -106.01131584271553 89.96201938390732
    endloop
  endfacet
  facet normal 0.2005808417014837 0.08183055114279392 0.9762535976077071
    outer loop
      vertex 7.158415554480641 -96.88304374182836 89.96201938390732
      vertex 10.882457844165884 -106.01131584271553 89.96201938390732
      vertex 11.07596618119814 -105.92247609883917 89.91481456905603
    endloop
  endfacet
  facet normal -0.3546110344251176 -0.14466993029927516 0.9237540936478447
    outer loop
      vertex 5.755242161056287 -97.38622347748347 89.76576946675777
      vertex 9.710858622749953 -106.54919744695347 89.84923154860735
      vertex 5.94491095423254 -97.31820801078513 89.84923154860735
    endloop
  endfacet
  facet normal -0.2786615184999267 -0.11368496336790601 0.9536369787352799
    outer loop
      vertex 5.94491095423254 -97.31820801078513 89.84923154860735
      vertex 9.899891646984827 -106.46241232071677 89.91481456905603
      vertex 6.140705250024737 -97.24799593117959 89.91481456905603
    endloop
  endfacet
  facet normal -0.2005808417014741 -0.08183055114279016 0.9762535976077095
    outer loop
      vertex 6.140705250024737 -97.24799593117959 89.91481456905603
      vertex 10.093399984017097 -106.37357257684042 89.96201938390732
      vertex 6.341134930142843 -97.17612159695126 89.96201938390732
    endloop
  endfacet
  facet normal -0.12096574250513606 -0.04935014378553881 0.9914291968912998
    outer loop
      vertex 6.341134930142843 -97.17612159695126 89.96201938390732
      vertex 10.289910934824121 -106.2833543319506 89.99048674851656
      vertex 6.544674620545891 -97.10313200914104 89.99048674851656
    endloop
  endfacet
  facet normal -0.04042501805040063 -0.016492111006019418 0.9990464594753289
    outer loop
      vertex 6.544674620545891 -97.10313200914104 89.99048674851656
      vertex 10.487928914091484 -106.19244420977796 90
      vertex 6.749775242311742 -97.02958266938981 90
    endloop
  endfacet
  facet normal 0.04042501805040308 0.016492111006020396 0.9990464594753288
    outer loop
      vertex 6.749775242311742 -97.02958266938981 90
      vertex 10.685946893358846 -106.10153408760533 89.99048674851656
      vertex 6.954875864077579 -96.95603332963859 89.99048674851656
    endloop
  endfacet
  facet normal 0.12096574250512888 0.04935014378553567 0.9914291968913009
    outer loop
      vertex 6.954875864077579 -96.95603332963859 89.99048674851656
      vertex 10.882457844165884 -106.01131584271553 89.96201938390732
      vertex 7.158415554480641 -96.88304374182836 89.96201938390732
    endloop
  endfacet
  facet normal 0.9540510540166557 0.2964581795930599 0.04357905554365989
    outer loop
      vertex 6.230324118785987 -86.94082445510503 87.5
      vertex 6.221126311848835 -86.94325392034123 87.71788935363293
      vertex 9.103040997913652 -96.18569862314214 87.5
    endloop
  endfacet
  facet normal 0.9468034119847357 0.2942060749975249 0.130407378965354
    outer loop
      vertex 6.221126311848835 -86.94325392034123 87.71788935363293
      vertex 6.193602880544475 -86.95052382935236 87.93412044644356
      vertex 9.094086114337486 -96.18890985560407 87.71788935363293
    endloop
  endfacet
  facet normal 0.932362388340002 0.2897187264817905 0.21624855221410608
    outer loop
      vertex 6.193602880544475 -86.95052382935236 87.93412044644356
      vertex 6.147963303554192 -86.96257885142998 88.1470476090908
      vertex 9.06728960462263 -96.19851911753705 87.93412044644356
    endloop
  endfacet
  facet normal 0.5816807581656752 0.18074925649324453 0.7930808293338986
    outer loop
      vertex 5.199614054239987 -87.21307133825157 89.54788011312485
      vertex 8.099553026068762 -96.5455506662127 89.54788011312485
      vertex 8.262425309530144 -96.48714446144734 89.41511110961437
    endloop
  endfacet
  facet normal 0.6454853233851843 0.2005756433255495 0.7369654731389159
    outer loop
      vertex 5.366904651147294 -87.16888399095153 89.41511110961437
      vertex 8.262425309530144 -96.48714446144734 89.41511110961437
      vertex 8.413785415606725 -96.43286653790543 89.26776695251465
    endloop
  endfacet
  facet normal 0.7043667417447028 0.2188722303113591 0.6752499092354493
    outer loop
      vertex 5.522370774390481 -87.1278199042178 89.26776695251465
      vertex 8.413785415606725 -96.43286653790543 89.26776695251465
      vertex 8.552481399283053 -96.38312998451173 89.10696902126074
    endloop
  endfacet
  facet normal 0.8056189585176339 0.25033495731940697 0.5369455305902577
    outer loop
      vertex 5.793195820520552 -87.05628545702154 88.93394108861685
      vertex 8.677457699029688 -96.33831332695223 88.93394108861685
      vertex 8.7877631670071 -96.2987576480331 88.75
    endloop
  endfacet
  facet normal 0.7578793605558998 0.23550053703691132 0.6084064200012248
    outer loop
      vertex 5.664829229596947 -87.09019160141773 89.10696902126074
      vertex 8.552481399283053 -96.38312998451173 89.10696902126074
      vertex 8.677457699029688 -96.33831332695223 88.93394108861685
    endloop
  endfacet
  facet normal 0.9323623883399906 0.2897187264817856 0.21624855221416056
    outer loop
      vertex 6.147963303554192 -86.96257885142998 88.1470476090908
      vertex 9.022855414907 -96.21445327360068 88.1470476090908
      vertex 9.06728960462263 -96.19851911753705 87.93412044644356
    endloop
  endfacet
  facet normal 0.9108361320342012 0.28302973983793556 0.30045250364782383
    outer loop
      vertex 6.084554913531846 -86.97932724376913 88.355050355196
      vertex 8.961121704438668 -96.23659105946524 88.355050355196
      vertex 9.022855414907 -96.21445327360068 88.1470476090908
    endloop
  endfacet
  facet normal 0.8823860361853891 0.2741892657468726 0.3823808699375897
    outer loop
      vertex 6.003860303832738 -87.00064153644269 88.55654565244913
      vertex 8.882558320795539 -96.26476398720102 88.55654565244913
      vertex 8.961121704438668 -96.23659105946524 88.355050355196
    endloop
  endfacet
  facet normal 0.9540510540166545 0.29645817959305865 0.04357905554369632
    outer loop
      vertex 6.221126311848835 -86.94325392034123 87.71788935363293
      vertex 9.094086114337486 -96.18890985560407 87.71788935363293
      vertex 9.103040997913652 -96.18569862314214 87.5
    endloop
  endfacet
  facet normal 0.9468034119847442 0.29420607499752915 0.1304073789652828
    outer loop
      vertex 6.193602880544475 -86.95052382935236 87.93412044644356
      vertex 9.06728960462263 -96.19851911753705 87.93412044644356
      vertex 9.094086114337486 -96.18890985560407 87.71788935363293
    endloop
  endfacet
  facet normal 0.8472255628234105 0.2632636345842234 0.4614120765693716
    outer loop
      vertex 5.906493597084577 -87.0263595180034 88.75
      vertex 8.7877631670071 -96.2987576480331 88.75
      vertex 8.882558320795539 -96.26476398720102 88.55654565244913
    endloop
  endfacet
  facet normal 0.200580841701486 0.0818305511427949 0.9762535976077066
    outer loop
      vertex 7.158415554480641 -96.88304374182836 89.96201938390732
      vertex 11.07596618119814 -105.92247609883917 89.91481456905603
      vertex 7.358845234598732 -96.81116940760003 89.91481456905603
    endloop
  endfacet
  facet normal 0.27866151849991067 0.11368496336789932 0.9536369787352854
    outer loop
      vertex 7.358845234598732 -96.81116940760003 89.91481456905603
      vertex 11.264999205433014 -105.83569097260246 89.84923154860735
      vertex 7.5546395303909435 -96.7409573279945 89.84923154860735
    endloop
  endfacet
  facet normal 0.3546110344251373 0.14466993029928363 0.9237540936478359
    outer loop
      vertex 7.5546395303909435 -96.7409573279945 89.84923154860735
      vertex 11.448118256128623 -105.75162095364527 89.76576946675777
      vertex 7.744308323567182 -96.67294186129615 89.76576946675777
    endloop
  endfacet
  facet normal 0.4278497840632872 0.17454899151500167 0.8868355043851675
    outer loop
      vertex 7.744308323567182 -96.67294186129615 89.76576946675777
      vertex 11.623929686764399 -105.67090586556296 89.66506350785494
      vertex 7.926408120112697 -96.60764064626598 89.66506350785494
    endloop
  endfacet
  facet normal 0.49781943873150836 0.20309436681706022 0.8431657515507989
    outer loop
      vertex 7.926408120112697 -96.60764064626598 89.66506350785494
      vertex 11.791095461800438 -105.59416000093069 89.54788011312485
      vertex 8.099553026068762 -96.5455506662127 89.54788011312485
    endloop
  endfacet
  facet normal 0.6829417189620977 0.27861832060834496 0.675249909235448
    outer loop
      vertex 8.413785415606725 -96.43286653790543 89.26776695251465
      vertex 12.228383074312617 -105.39340110810113 89.10696902126074
      vertex 8.552481399283053 -96.38312998451173 89.10696902126074
    endloop
  endfacet
  facet normal 0.5639875271294759 0.2300888249903342 0.7930808293338998
    outer loop
      vertex 8.099553026068762 -96.5455506662127 89.54788011312485
      vertex 11.948343353942406 -105.52196743973546 89.41511110961437
      vertex 8.262425309530144 -96.48714446144734 89.41511110961437
    endloop
  endfacet
  facet normal 0.6258513217497444 0.2553272693333654 0.736965473138915
    outer loop
      vertex 8.413785415606725 -96.43286653790543 89.26776695251465
      vertex 8.262425309530144 -96.48714446144734 89.41511110961437
      vertex 12.094476613261321 -105.45487761027996 89.26776695251465
    endloop
  endfacet
  facet normal 0.5950666124220436 0.13007123019183067 0.793080829333894
    outer loop
      vertex 3.1127527477809167 -77.66582952007406 89.54788011312485
      vertex 5.199614054239987 -87.21307133825157 89.54788011312485
      vertex 5.366904651147294 -87.16888399095153 89.41511110961437
    endloop
  endfacet
  facet normal 0.6603394720606269 0.14433874407027253 0.7369654731389448
    outer loop
      vertex 3.2832228624159114 -77.63618823988321 89.41511110961437
      vertex 5.366904651147294 -87.16888399095153 89.41511110961437
      vertex 5.522370774390481 -87.1278199042178 89.26776695251465
    endloop
  endfacet
  facet normal 0.7205758915501121 0.15750537957257238 0.6752499092354333
    outer loop
      vertex 3.441643767960315 -77.60864207169188 89.26776695251465
      vertex 5.522370774390481 -87.1278199042178 89.26776695251465
      vertex 5.664829229596947 -87.09019160141773 89.10696902126074
    endloop
  endfacet
  facet normal 0.824158162047224 0.18014666555362088 0.5369455305902581
    outer loop
      vertex 3.7176161030067476 -77.56065610461752 88.93394108861685
      vertex 5.793195820520552 -87.05628545702154 88.93394108861685
      vertex 5.906493597084577 -87.0263595180034 88.75
    endloop
  endfacet
  facet normal 0.7753199626763997 0.16947148307840082 0.6084064200011974
    outer loop
      vertex 3.5868097823013727 -77.58340065905784 89.10696902126074
      vertex 5.664829229596947 -87.09019160141773 89.10696902126074
      vertex 5.793195820520552 -87.05628545702154 88.93394108861685
    endloop
  endfacet
  facet normal 0.953818258882793 0.2084881116205588 0.21624855221409126
    outer loop
      vertex 4.07912628122088 -77.49779684915661 88.1470476090908
      vertex 6.193602880544475 -86.95052382935236 87.93412044644356
      vertex 4.125633282004287 -77.48971022914108 87.93412044644356
    endloop
  endfacet
  facet normal 0.9317966323493255 0.20367456639009326 0.30045250364785375
    outer loop
      vertex 4.07912628122088 -77.49779684915661 88.1470476090908
      vertex 4.0145127541263435 -77.50903182523925 88.355050355196
      vertex 6.147963303554192 -86.96257885142998 88.1470476090908
    endloop
  endfacet
  facet normal 0.9026918322984756 0.19731276240365886 0.38238086993762904
    outer loop
      vertex 3.932284466224104 -77.52332964938599 88.55654565244913
      vertex 6.084554913531846 -86.97932724376913 88.355050355196
      vertex 4.0145127541263435 -77.50903182523925 88.355050355196
    endloop
  endfacet
  facet normal 0.9760060322120272 0.2133379736560111 0.04357905554371941
    outer loop
      vertex 4.163052442484883 -77.48320379942062 87.5
      vertex 4.153679822433574 -77.48483350711254 87.71788935363293
      vertex 6.230324118785987 -86.94082445510503 87.5
    endloop
  endfacet
  facet normal 0.9685916047422621 0.21171730853713588 0.1304073789653063
    outer loop
      vertex 4.153679822433574 -77.48483350711254 87.71788935363293
      vertex 4.125633282004287 -77.48971022914108 87.93412044644356
      vertex 6.221126311848835 -86.94325392034123 87.71788935363293
    endloop
  endfacet
  facet normal 0.8667222330278562 0.1894504324913925 0.46141207656934036
    outer loop
      vertex 3.8330672121295066 -77.54058150866163 88.75
      vertex 6.003860303832738 -87.00064153644269 88.55654565244913
      vertex 3.932284466224104 -77.52332964938599 88.55654565244913
    endloop
  endfacet
  facet normal 0.9538182588827895 0.20848811162055764 0.21624855221410794
    outer loop
      vertex 4.07912628122088 -77.49779684915661 88.1470476090908
      vertex 6.147963303554192 -86.96257885142998 88.1470476090908
      vertex 6.193602880544475 -86.95052382935236 87.93412044644356
    endloop
  endfacet
  facet normal 0.9026918322984702 0.19731276240365736 0.3823808699376429
    outer loop
      vertex 3.932284466224104 -77.52332964938599 88.55654565244913
      vertex 6.003860303832738 -87.00064153644269 88.55654565244913
      vertex 6.084554913531846 -86.97932724376913 88.355050355196
    endloop
  endfacet
  facet normal 0.9317966323493413 0.20367456639009798 0.30045250364780096
    outer loop
      vertex 4.0145127541263435 -77.50903182523925 88.355050355196
      vertex 6.084554913531846 -86.97932724376913 88.355050355196
      vertex 6.147963303554192 -86.96257885142998 88.1470476090908
    endloop
  endfacet
  facet normal 0.9760060322120294 0.21333797365601292 0.04357905554366099
    outer loop
      vertex 4.153679822433574 -77.48483350711254 87.71788935363293
      vertex 6.221126311848835 -86.94325392034123 87.71788935363293
      vertex 6.230324118785987 -86.94082445510503 87.5
    endloop
  endfacet
  facet normal 0.9685916047422557 0.2117173085371333 0.13040737896535715
    outer loop
      vertex 4.125633282004287 -77.48971022914108 87.93412044644356
      vertex 6.193602880544475 -86.95052382935236 87.93412044644356
      vertex 6.221126311848835 -86.94325392034123 87.71788935363293
    endloop
  endfacet
  facet normal 0.8667222330278459 0.1894504324913897 0.46141207656936106
    outer loop
      vertex 3.8330672121295066 -77.54058150866163 88.75
      vertex 5.906493597084577 -87.0263595180034 88.75
      vertex 6.003860303832738 -87.00064153644269 88.55654565244913
    endloop
  endfacet
  facet normal -0.8891615950604955 -0.45551347267385633 0.04357905554368266
    outer loop
      vertex 12.834359349116042 -116.22984747663092 87.71788935363293
      vertex 8.2245730175743 -107.23155167786656 87.71788935363293
      vertex 8.215927368745653 -107.235520898208 87.5
    endloop
  endfacet
  facet normal -0.8824068989439767 -0.45205307233494574 0.13040737896534285
    outer loop
      vertex 12.859113579211026 -116.2157897762429 87.93412044644356
      vertex 8.250444176127957 -107.2196742201046 87.93412044644356
      vertex 8.2245730175743 -107.23155167786656 87.71788935363293
    endloop
  endfacet
  facet normal -0.8689480766260365 -0.44515817839642957 0.2162485522140773
    outer loop
      vertex 12.900161244299099 -116.19247918345846 88.1470476090908
      vertex 8.2933439410439 -107.19997892332339 88.1470476090908
      vertex 8.250444176127957 -107.2196742201046 87.93412044644356
    endloop
  endfacet
  facet normal -0.8488859213441161 -0.43488042677899813 0.30045250364786075
    outer loop
      vertex 12.957189957732737 -116.16009309979161 88.355050355196
      vertex 8.352945830567052 -107.17261567540864 88.355050355196
      vertex 8.2933439410439 -107.19997892332339 88.1470476090908
    endloop
  endfacet
  facet normal -0.8223708491181047 -0.4212968749308705 0.38238086993761855
    outer loop
      vertex 13.029765681080193 -116.11887801168957 88.55654565244913
      vertex 8.428796222143049 -107.13779273463058 88.55654565244913
      vertex 8.352945830567052 -107.17261567540864 88.355050355196
    endloop
  endfacet
  facet normal -0.7896018034302593 -0.40450944070024175 0.46141207656937155
    outer loop
      vertex 13.117336080126137 -116.06914758469087 88.75
      vertex 8.52031785984417 -107.09577511938357 88.75
      vertex 8.428796222143049 -107.13779273463058 88.55654565244913
    endloop
  endfacet
  facet normal -0.7508250582091082 -0.3846442891093505 0.5369455305902561
    outer loop
      vertex 13.219234684239268 -116.01128030135852 88.93394108861685
      vertex 8.626814201410426 -107.04688261245795 88.93394108861685
      vertex 8.52031785984417 -107.09577511938357 88.75
    endloop
  endfacet
  facet normal -0.7063324528160579 -0.3618509281460742 0.6084064200011996
    outer loop
      vertex 13.334685991639674 -115.94571656204556 89.10696902126074
      vertex 8.74747475387035 -106.9914873114548 89.10696902126074
      vertex 8.626814201410426 -107.04688261245795 88.93394108861685
    endloop
  endfacet
  facet normal -0.6564594766291877 -0.33630122750485897 0.6752499092354313
    outer loop
      vertex 13.462811345639437 -115.87295534783178 89.26776695251465
      vertex 8.881381214921646 -106.93001080927597 89.26776695251465
      vertex 8.74747475387035 -106.9914873114548 89.10696902126074
    endloop
  endfacet
  facet normal -0.6015828579748731 -0.3081881834072615 0.7369654731389494
    outer loop
      vertex 13.602635633686319 -115.79355041619826 89.41511110961437
      vertex 9.027514474240576 -106.86292097982047 89.41511110961437
      vertex 8.881381214921646 -106.93001080927597 89.26776695251465
    endloop
  endfacet
  facet normal -0.54211793862508 -0.2777245735687679 0.7930808293338957
    outer loop
      vertex 13.753094705550566 -115.70810608830715 89.54788011312485
      vertex 9.184762366382543 -106.79072841862525 89.54788011312485
      vertex 9.027514474240576 -106.86292097982047 89.41511110961437
    endloop
  endfacet
  facet normal -0.47851563190804536 -0.2451413988526218 0.8431657515507991
    outer loop
      vertex 13.913043478260875 -115.61727264628263 89.66506350785494
      vertex 9.351928141418568 -106.71398255399298 89.66506350785494
      vertex 9.184762366382543 -106.79072841862525 89.54788011312485
    endloop
  endfacet
  facet normal -0.41125917120563144 -0.21068621753968506 0.886835504385158
    outer loop
      vertex 14.081264650044233 -115.52174138464454 89.76576946675777
      vertex 9.527739572054344 -106.63326746591068 89.76576946675777
      vertex 9.351928141418568 -106.71398255399298 89.66506350785494
    endloop
  endfacet
  facet normal 0.2786615184999081 0.1136849633678982 0.9536369787352862
    outer loop
      vertex 7.358845234598732 -96.81116940760003 89.91481456905603
      vertex 11.07596618119814 -105.92247609883917 89.91481456905603
      vertex 11.264999205433014 -105.83569097260246 89.84923154860735
    endloop
  endfacet
  facet normal 0.3546110344251379 0.1446699302992839 0.9237540936478356
    outer loop
      vertex 7.5546395303909435 -96.7409573279945 89.84923154860735
      vertex 11.264999205433014 -105.83569097260246 89.84923154860735
      vertex 11.448118256128623 -105.75162095364527 89.76576946675777
    endloop
  endfacet
  facet normal 0.427849784063293 0.1745489915150042 0.8868355043851641
    outer loop
      vertex 7.744308323567182 -96.67294186129615 89.76576946675777
      vertex 11.448118256128623 -105.75162095364527 89.76576946675777
      vertex 11.623929686764399 -105.67090586556296 89.66506350785494
    endloop
  endfacet
  facet normal 0.4978194387314844 0.20309436681704965 0.8431657515508155
    outer loop
      vertex 7.926408120112697 -96.60764064626598 89.66506350785494
      vertex 11.623929686764399 -105.67090586556296 89.66506350785494
      vertex 11.791095461800438 -105.59416000093069 89.54788011312485
    endloop
  endfacet
  facet normal 0.563987527129479 0.2300888249903355 0.7930808293338971
    outer loop
      vertex 8.099553026068762 -96.5455506662127 89.54788011312485
      vertex 11.791095461800438 -105.59416000093069 89.54788011312485
      vertex 11.948343353942406 -105.52196743973546 89.41511110961437
    endloop
  endfacet
  facet normal 0.6829417189621114 0.2786183206083511 0.6752499092354316
    outer loop
      vertex 8.413785415606725 -96.43286653790543 89.26776695251465
      vertex 12.094476613261321 -105.45487761027996 89.26776695251465
      vertex 12.228383074312617 -105.39340110810113 89.10696902126074
    endloop
  endfacet
  facet normal 0.6258513217497378 0.25532726933336247 0.7369654731389217
    outer loop
      vertex 8.262425309530144 -96.48714446144734 89.41511110961437
      vertex 11.948343353942406 -105.52196743973546 89.41511110961437
      vertex 12.094476613261321 -105.45487761027996 89.26776695251465
    endloop
  endfacet
  facet normal 0.7348266216855848 0.2997856970628321 0.6084064200012214
    outer loop
      vertex 8.552481399283053 -96.38312998451173 89.10696902126074
      vertex 12.228383074312617 -105.39340110810113 89.10696902126074
      vertex 12.349043626772556 -105.338005807098 88.93394108861685
    endloop
  endfacet
  facet normal -0.8891615950604956 -0.4555134726738563 0.04357905554368192
    outer loop
      vertex 12.826086956521749 -116.23454529256527 87.5
      vertex 12.834359349116042 -116.22984747663092 87.71788935363293
      vertex 8.215927368745653 -107.235520898208 87.5
    endloop
  endfacet
  facet normal -0.8824068989439845 -0.4520530723349514 0.13040737896527266
    outer loop
      vertex 12.834359349116042 -116.22984747663092 87.71788935363293
      vertex 12.859113579211026 -116.2157897762429 87.93412044644356
      vertex 8.2245730175743 -107.23155167786656 87.71788935363293
    endloop
  endfacet
  facet normal -0.8689480766260247 -0.44515817839642197 0.21624855221414085
    outer loop
      vertex 12.859113579211026 -116.2157897762429 87.93412044644356
      vertex 12.900161244299099 -116.19247918345846 88.1470476090908
      vertex 8.250444176127957 -107.2196742201046 87.93412044644356
    endloop
  endfacet
  facet normal -0.8488859213441304 -0.43488042677900685 0.3004525036478075
    outer loop
      vertex 12.900161244299099 -116.19247918345846 88.1470476090908
      vertex 12.957189957732737 -116.16009309979161 88.355050355196
      vertex 8.2933439410439 -107.19997892332339 88.1470476090908
    endloop
  endfacet
  facet normal -0.8223708491180989 -0.4212968749308671 0.3823808699376347
    outer loop
      vertex 12.957189957732737 -116.16009309979161 88.355050355196
      vertex 13.029765681080193 -116.11887801168957 88.55654565244913
      vertex 8.352945830567052 -107.17261567540864 88.355050355196
    endloop
  endfacet
  facet normal -0.7896018034302652 -0.40450944070024514 0.46141207656935834
    outer loop
      vertex 13.029765681080193 -116.11887801168957 88.55654565244913
      vertex 13.117336080126137 -116.06914758469087 88.75
      vertex 8.428796222143049 -107.13779273463058 88.55654565244913
    endloop
  endfacet
  facet normal -0.7508250582090994 -0.38464428910934545 0.5369455305902722
    outer loop
      vertex 13.117336080126137 -116.06914758469087 88.75
      vertex 13.219234684239268 -116.01128030135852 88.93394108861685
      vertex 8.52031785984417 -107.09577511938357 88.75
    endloop
  endfacet
  facet normal -0.34086038032561566 -0.17462123465700136 0.9237540936478393
    outer loop
      vertex 14.256477952003479 -115.4222393563654 89.84923154860735
      vertex 9.710858622749953 -106.54919744695347 89.84923154860735
      vertex 9.527739572054344 -106.63326746591068 89.76576946675777
    endloop
  endfacet
  facet normal -0.26785593779385586 -0.13722138819152474 0.9536369787352862
    outer loop
      vertex 14.437349905138433 -115.31952383194746 89.91481456905603
      vertex 9.899891646984827 -106.46241232071677 89.91481456905603
      vertex 9.710858622749953 -106.54919744695347 89.84923154860735
    endloop
  endfacet
  facet normal -0.19280297382520653 -0.09877209343819121 0.9762535976077087
    outer loop
      vertex 14.622503959614306 -115.21437654142528 89.96201938390732
      vertex 10.093399984017097 -106.37357257684042 89.96201938390732
      vertex 9.899891646984827 -106.46241232071677 89.91481456905603
    endloop
  endfacet
  facet normal -0.7063324528160715 -0.3618509281460817 0.6084064200011795
    outer loop
      vertex 13.219234684239268 -116.01128030135852 88.93394108861685
      vertex 13.334685991639674 -115.94571656204556 89.10696902126074
      vertex 8.626814201410426 -107.04688261245795 88.93394108861685
    endloop
  endfacet
  facet normal -0.6564594766291716 -0.33630122750485 0.6752499092354514
    outer loop
      vertex 13.334685991639674 -115.94571656204556 89.10696902126074
      vertex 13.462811345639437 -115.87295534783178 89.26776695251465
      vertex 8.74747475387035 -106.9914873114548 89.10696902126074
    endloop
  endfacet
  facet normal -0.6015828579748757 -0.30818818340726284 0.7369654731389469
    outer loop
      vertex 13.462811345639437 -115.87295534783178 89.26776695251465
      vertex 13.602635633686319 -115.79355041619826 89.41511110961437
      vertex 8.881381214921646 -106.93001080927597 89.26776695251465
    endloop
  endfacet
  facet normal -0.5421179386250967 -0.27772457356877706 0.7930808293338812
    outer loop
      vertex 13.602635633686319 -115.79355041619826 89.41511110961437
      vertex 13.753094705550566 -115.70810608830715 89.54788011312485
      vertex 9.027514474240576 -106.86292097982047 89.41511110961437
    endloop
  endfacet
  facet normal -0.4785156319080211 -0.24514139885260858 0.8431657515508167
    outer loop
      vertex 13.753094705550566 -115.70810608830715 89.54788011312485
      vertex 13.913043478260875 -115.61727264628263 89.66506350785494
      vertex 9.184762366382543 -106.79072841862525 89.54788011312485
    endloop
  endfacet
  facet normal -0.11627508733199111 -0.05956720253133238 0.9914291968913006
    outer loop
      vertex 14.810530996840939 -115.10759771033105 89.99048674851656
      vertex 10.289910934824121 -106.2833543319506 89.99048674851656
      vertex 10.093399984017097 -106.37357257684042 89.96201938390732
    endloop
  endfacet
  facet normal -0.03885746829527787 -0.019906505657491854 0.9990464594753288
    outer loop
      vertex 10.289910934824121 -106.2833543319506 89.99048674851656
      vertex 15 -115 90
      vertex 10.487928914091484 -106.19244420977796 90
    endloop
  endfacet
  facet normal 0.038857468295279 0.019906505657492503 0.9990464594753288
    outer loop
      vertex 10.487928914091484 -106.19244420977796 90
      vertex 15.189469003159076 -114.89240228966895 89.99048674851656
      vertex 10.685946893358846 -106.10153408760533 89.99048674851656
    endloop
  endfacet
  facet normal 0.11627508733198799 0.05956720253133054 0.991429196891301
    outer loop
      vertex 10.685946893358846 -106.10153408760533 89.99048674851656
      vertex 15.377496040385694 -114.78562345857472 89.96201938390732
      vertex 10.882457844165884 -106.01131584271553 89.96201938390732
    endloop
  endfacet
  facet normal 0.8555461248041126 0.3490353830750936 0.3823808699376686
    outer loop
      vertex 8.882558320795539 -96.26476398720102 88.55654565244913
      vertex 12.547061606039918 -105.24709568492536 88.55654565244913
      vertex 12.62291199761593 -105.2122727441473 88.355050355196
    endloop
  endfacet
  facet normal 0.9250312773056675 0.37738309703027667 0.043579055543713045
    outer loop
      vertex 9.094086114337486 -96.18890985560407 87.71788935363293
      vertex 12.751284810608666 -105.15333674168937 87.71788935363293
      vertex 12.759930459437328 -105.14936752134795 87.5
    endloop
  endfacet
  facet normal 0.9180040898841891 0.3745162299117349 0.13040737896531068
    outer loop
      vertex 9.06728960462263 -96.19851911753705 87.93412044644356
      vertex 12.725413652055025 -105.16521419945136 87.93412044644356
      vertex 12.751284810608666 -105.15333674168937 87.71788935363293
    endloop
  endfacet
  facet normal 0.9040023249980654 0.3688039588499333 0.2162485522141334
    outer loop
      vertex 9.022855414907 -96.21445327360068 88.1470476090908
      vertex 12.682513887139066 -105.18490949623256 88.1470476090908
      vertex 12.725413652055025 -105.16521419945136 87.93412044644356
    endloop
  endfacet
  facet normal 0.8831308419864236 0.36028906309258213 0.30045250364778137
    outer loop
      vertex 8.961121704438668 -96.23659105946524 88.355050355196
      vertex 12.62291199761593 -105.2122727441473 88.355050355196
      vertex 12.682513887139066 -105.18490949623256 88.1470476090908
    endloop
  endfacet
  facet normal 0.7811141039903118 0.3186695054857981 0.5369455305902541
    outer loop
      vertex 8.677457699029688 -96.33831332695223 88.93394108861685
      vertex 12.349043626772556 -105.338005807098 88.93394108861685
      vertex 12.455539968338812 -105.28911330017237 88.75
    endloop
  endfacet
  facet normal 0.8214551425157618 0.335127355538712 0.46141207656934946
    outer loop
      vertex 8.7877631670071 -96.2987576480331 88.75
      vertex 12.455539968338812 -105.28911330017237 88.75
      vertex 12.547061606039918 -105.24709568492536 88.55654565244913
    endloop
  endfacet
  facet normal 0.9250312773056681 0.3773830970302774 0.04357905554369353
    outer loop
      vertex 9.103040997913652 -96.18569862314214 87.5
      vertex 9.094086114337486 -96.18890985560407 87.71788935363293
      vertex 12.759930459437328 -105.14936752134795 87.5
    endloop
  endfacet
  facet normal 0.9180040898841924 0.37451622991173683 0.13040737896528334
    outer loop
      vertex 9.06728960462263 -96.19851911753705 87.93412044644356
      vertex 12.751284810608666 -105.15333674168937 87.71788935363293
      vertex 9.094086114337486 -96.18890985560407 87.71788935363293
    endloop
  endfacet
  facet normal 0.8831308419864108 0.36028906309257586 0.30045250364782605
    outer loop
      vertex 9.022855414907 -96.21445327360068 88.1470476090908
      vertex 8.961121704438668 -96.23659105946524 88.355050355196
      vertex 12.682513887139066 -105.18490949623256 88.1470476090908
    endloop
  endfacet
  facet normal 0.8555461248041424 0.34903538307510773 0.3823808699375891
    outer loop
      vertex 8.882558320795539 -96.26476398720102 88.55654565244913
      vertex 12.62291199761593 -105.2122727441473 88.355050355196
      vertex 8.961121704438668 -96.23659105946524 88.355050355196
    endloop
  endfacet
  facet normal 0.9040023249980599 0.36880395884993034 0.21624855221416223
    outer loop
      vertex 9.06728960462263 -96.19851911753705 87.93412044644356
      vertex 9.022855414907 -96.21445327360068 88.1470476090908
      vertex 12.725413652055025 -105.16521419945136 87.93412044644356
    endloop
  endfacet
  facet normal 0.7348266216855796 0.2997856970628297 0.6084064200012285
    outer loop
      vertex 8.552481399283053 -96.38312998451173 89.10696902126074
      vertex 12.349043626772556 -105.338005807098 88.93394108861685
      vertex 8.677457699029688 -96.33831332695223 88.93394108861685
    endloop
  endfacet
  facet normal 0.7811141039903129 0.3186695054857986 0.5369455305902521
    outer loop
      vertex 8.677457699029688 -96.33831332695223 88.93394108861685
      vertex 12.455539968338812 -105.28911330017237 88.75
      vertex 8.7877631670071 -96.2987576480331 88.75
    endloop
  endfacet
  facet normal 0.8214551425157501 0.3351273555387065 0.4614120765693744
    outer loop
      vertex 8.882558320795539 -96.26476398720102 88.55654565244913
      vertex 8.7877631670071 -96.2987576480331 88.75
      vertex 12.547061606039918 -105.24709568492536 88.55654565244913
    endloop
  endfacet
  facet normal -0.41125917120563465 -0.2106862175396868 0.886835504385156
    outer loop
      vertex 13.913043478260875 -115.61727264628263 89.66506350785494
      vertex 14.081264650044233 -115.52174138464454 89.76576946675777
      vertex 9.351928141418568 -106.71398255399298 89.66506350785494
    endloop
  endfacet
  facet normal -0.3408603803256148 -0.17462123465700086 0.9237540936478398
    outer loop
      vertex 14.081264650044233 -115.52174138464454 89.76576946675777
      vertex 14.256477952003479 -115.4222393563654 89.84923154860735
      vertex 9.527739572054344 -106.63326746591068 89.76576946675777
    endloop
  endfacet
  facet normal -0.2678559377938551 -0.13722138819152432 0.9536369787352866
    outer loop
      vertex 14.256477952003479 -115.4222393563654 89.84923154860735
      vertex 14.437349905138433 -115.31952383194746 89.91481456905603
      vertex 9.710858622749953 -106.54919744695347 89.84923154860735
    endloop
  endfacet
  facet normal -0.1928029738252044 -0.09877209343819005 0.9762535976077092
    outer loop
      vertex 14.437349905138433 -115.31952383194746 89.91481456905603
      vertex 14.622503959614306 -115.21437654142528 89.96201938390732
      vertex 9.899891646984827 -106.46241232071677 89.91481456905603
    endloop
  endfacet
  facet normal 0.1928029738252123 0.09877209343819383 0.9762535976077072
    outer loop
      vertex 10.882457844165884 -106.01131584271553 89.96201938390732
      vertex 15.562650094861567 -114.68047616805254 89.91481456905603
      vertex 11.07596618119814 -105.92247609883917 89.91481456905603
    endloop
  endfacet
  facet normal 0.26785593779385564 0.13722138819152427 0.9536369787352864
    outer loop
      vertex 11.07596618119814 -105.92247609883917 89.91481456905603
      vertex 15.743522047996521 -114.5777606436346 89.84923154860735
      vertex 11.264999205433014 -105.83569097260246 89.84923154860735
    endloop
  endfacet
  facet normal 0.34086038032562543 0.17462123465700652 0.9237540936478347
    outer loop
      vertex 11.264999205433014 -105.83569097260246 89.84923154860735
      vertex 15.918735349955767 -114.47825861535544 89.76576946675777
      vertex 11.448118256128623 -105.75162095364527 89.76576946675777
    endloop
  endfacet
  facet normal -0.11627508733200118 -0.059567202531337626 0.9914291968912989
    outer loop
      vertex 14.622503959614306 -115.21437654142528 89.96201938390732
      vertex 14.716517478227615 -115.16098712587817 89.97625306621194
      vertex 10.093399984017097 -106.37357257684042 89.96201938390732
    endloop
  endfacet
  facet normal -0.11627508733198788 -0.059567202531330625 0.9914291968913009
    outer loop
      vertex 14.716517478227615 -115.16098712587817 89.97625306621194
      vertex 14.810530996840939 -115.10759771033105 89.99048674851656
      vertex 10.093399984017097 -106.37357257684042 89.96201938390732
    endloop
  endfacet
  facet normal -0.03885746829527876 -0.01990650565749233 0.9990464594753288
    outer loop
      vertex 14.810530996840939 -115.10759771033105 89.99048674851656
      vertex 15 -115 90
      vertex 10.289910934824121 -106.2833543319506 89.99048674851656
    endloop
  endfacet
  facet normal 0.03885746829527643 0.019906505657491115 0.9990464594753289
    outer loop
      vertex 10.487928914091484 -106.19244420977796 90
      vertex 15 -115 90
      vertex 15.189469003159076 -114.89240228966895 89.99048674851656
    endloop
  endfacet
  facet normal 0.41125917120561944 0.21068621753967937 0.886835504385165
    outer loop
      vertex 11.448118256128623 -105.75162095364527 89.76576946675777
      vertex 16.08695652173914 -114.38272735371736 89.66506350785494
      vertex 11.623929686764399 -105.67090586556296 89.66506350785494
    endloop
  endfacet
  facet normal 0.4785156319080229 0.24514139885260955 0.8431657515508154
    outer loop
      vertex 11.623929686764399 -105.67090586556296 89.66506350785494
      vertex 16.246905294449434 -114.29189391169285 89.54788011312485
      vertex 11.791095461800438 -105.59416000093069 89.54788011312485
    endloop
  endfacet
  facet normal 0.6564594766291878 0.33630122750485925 0.6752499092354312
    outer loop
      vertex 12.094476613261321 -105.45487761027996 89.26776695251465
      vertex 16.665314008360326 -114.05428343795444 89.10696902126074
      vertex 12.228383074312617 -105.39340110810113 89.10696902126074
    endloop
  endfacet
  facet normal 0.5421179386250796 0.2777245735687676 0.7930808293338963
    outer loop
      vertex 11.791095461800438 -105.59416000093069 89.54788011312485
      vertex 16.39736436631368 -114.20644958380173 89.41511110961437
      vertex 11.948343353942406 -105.52196743973546 89.41511110961437
    endloop
  endfacet
  facet normal 0.6015828579748989 0.30818818340727433 0.7369654731389232
    outer loop
      vertex 11.948343353942406 -105.52196743973546 89.41511110961437
      vertex 16.537188654360563 -114.12704465216822 89.26776695251465
      vertex 12.094476613261321 -105.45487761027996 89.26776695251465
    endloop
  endfacet
  facet normal 0.11627508733200119 0.05956720253133768 0.9914291968912989
    outer loop
      vertex 10.685946893358846 -106.10153408760533 89.99048674851656
      vertex 15.189469003159076 -114.89240228966895 89.99048674851656
      vertex 15.377496040385694 -114.78562345857472 89.96201938390732
    endloop
  endfacet
  facet normal 0.19280297382520453 0.09877209343818963 0.9762535976077092
    outer loop
      vertex 10.882457844165884 -106.01131584271553 89.96201938390732
      vertex 15.377496040385694 -114.78562345857472 89.96201938390732
      vertex 15.562650094861567 -114.68047616805254 89.91481456905603
    endloop
  endfacet
  facet normal 0.2678559377938547 0.13722138819152374 0.9536369787352869
    outer loop
      vertex 11.07596618119814 -105.92247609883917 89.91481456905603
      vertex 15.562650094861567 -114.68047616805254 89.91481456905603
      vertex 15.743522047996521 -114.5777606436346 89.84923154860735
    endloop
  endfacet
  facet normal 0.3408603803256052 0.17462123465699553 0.9237540936478442
    outer loop
      vertex 11.264999205433014 -105.83569097260246 89.84923154860735
      vertex 15.743522047996521 -114.5777606436346 89.84923154860735
      vertex 15.918735349955767 -114.47825861535544 89.76576946675777
    endloop
  endfacet
  facet normal 0.8891615950604947 0.4555134726738551 0.04357905554371005
    outer loop
      vertex 12.759930459437328 -105.14936752134795 87.5
      vertex 12.751284810608666 -105.15333674168937 87.71788935363293
      vertex 17.173913043478265 -113.76545470743471 87.5
    endloop
  endfacet
  facet normal 0.8824068989439796 0.4520530723349488 0.1304073789653148
    outer loop
      vertex 12.751284810608666 -105.15333674168937 87.71788935363293
      vertex 12.725413652055025 -105.16521419945136 87.93412044644356
      vertex 17.165640650883972 -113.77015252336906 87.71788935363293
    endloop
  endfacet
  facet normal 0.848885921344138 0.4348804267790102 0.30045250364778125
    outer loop
      vertex 12.682513887139066 -105.18490949623256 88.1470476090908
      vertex 12.62291199761593 -105.2122727441473 88.355050355196
      vertex 17.0998387557009 -113.80752081654153 88.1470476090908
    endloop
  endfacet
  facet normal 0.8223708491180864 0.4212968749308608 0.3823808699376683
    outer loop
      vertex 12.547061606039918 -105.24709568492536 88.55654565244913
      vertex 17.042810042267263 -113.83990690020838 88.355050355196
      vertex 12.62291199761593 -105.2122727441473 88.355050355196
    endloop
  endfacet
  facet normal 0.868948076626026 0.4451581783964232 0.21624855221413192
    outer loop
      vertex 12.682513887139066 -105.18490949623256 88.1470476090908
      vertex 17.140886420788974 -113.7842102237571 87.93412044644356
      vertex 12.725413652055025 -105.16521419945136 87.93412044644356
    endloop
  endfacet
  facet normal 0.7063324528160455 0.36185092814606934 0.6084064200012169
    outer loop
      vertex 12.349043626772556 -105.338005807098 88.93394108861685
      vertex 12.228383074312617 -105.39340110810113 89.10696902126074
      vertex 16.780765315760746 -113.98871969864146 88.93394108861685
    endloop
  endfacet
  facet normal 0.7508250582091087 0.38464428910935095 0.5369455305902548
    outer loop
      vertex 12.349043626772556 -105.338005807098 88.93394108861685
      vertex 16.882663919873863 -113.93085241530912 88.75
      vertex 12.455539968338812 -105.28911330017237 88.75
    endloop
  endfacet
  facet normal 0.7896018034302692 0.4045094407002478 0.4614120765693497
    outer loop
      vertex 12.547061606039918 -105.24709568492536 88.55654565244913
      vertex 12.455539968338812 -105.28911330017237 88.75
      vertex 16.970234318919807 -113.88112198831041 88.55654565244913
    endloop
  endfacet
  facet normal 0.41125917120561356 0.21068621753967617 0.8868355043851684
    outer loop
      vertex 11.448118256128623 -105.75162095364527 89.76576946675777
      vertex 15.918735349955767 -114.47825861535544 89.76576946675777
      vertex 16.08695652173914 -114.38272735371736 89.66506350785494
    endloop
  endfacet
  facet normal 0.47851563190805696 0.2451413988526281 0.8431657515507908
    outer loop
      vertex 11.623929686764399 -105.67090586556296 89.66506350785494
      vertex 16.08695652173914 -114.38272735371736 89.66506350785494
      vertex 16.246905294449434 -114.29189391169285 89.54788011312485
    endloop
  endfacet
  facet normal 0.5421179386250851 0.27772457356877067 0.7930808293338913
    outer loop
      vertex 11.791095461800438 -105.59416000093069 89.54788011312485
      vertex 16.246905294449434 -114.29189391169285 89.54788011312485
      vertex 16.39736436631368 -114.20644958380173 89.41511110961437
    endloop
  endfacet
  facet normal 0.6015828579748888 0.3081881834072687 0.7369654731389339
    outer loop
      vertex 11.948343353942406 -105.52196743973546 89.41511110961437
      vertex 16.39736436631368 -114.20644958380173 89.41511110961437
      vertex 16.537188654360563 -114.12704465216822 89.26776695251465
    endloop
  endfacet
  facet normal 0 0 -1
    outer loop
      vertex 9.782608695652172 -117.96290870215665 0
      vertex 15.940732622921502 -103.68906015754592 0
      vertex 20.217391304347828 -112.03709129784333 0
    endloop
  endfacet
  facet normal 0.8892972806477908 0.455582983787924 0.039931084575011336
    outer loop
      vertex 12.759930459437328 -105.14936752134795 87.5
      vertex 20.217391304347828 -112.03709129784333 0
      vertex 15.940732622921502 -103.68906015754592 0
    endloop
  endfacet
  facet normal 0.4938181170260441 -0.8695652173913423 -7.427315368205452e-15
    outer loop
      vertex 12.834359349116042 -116.22984747663092 87.71788935363293
      vertex 20.217391304347828 -112.03709129784333 0
      vertex 12.859113579211026 -116.2157897762429 87.93412044644356
    endloop
  endfacet
  facet normal 0.4938181170261121 -0.8695652173913035 1.1495933255095247e-16
    outer loop
      vertex 12.859113579211026 -116.2157897762429 87.93412044644356
      vertex 20.217391304347828 -112.03709129784333 0
      vertex 17.173913043478265 -113.76545470743471 87.5
    endloop
  endfacet
  facet normal 0.8892972806477902 0.45558298378792494 0.039931084575011204
    outer loop
      vertex 12.759930459437328 -105.14936752134795 87.5
      vertex 17.173913043478265 -113.76545470743471 87.5
      vertex 20.217391304347828 -112.03709129784333 0
    endloop
  endfacet
  facet normal 0.49381811702598527 -0.8695652173913755 0
    outer loop
      vertex 15 -115 89.9714239000302
      vertex 15.038183965444372 -114.97831567599623 89.96758213628132
      vertex 15 -115 90
    endloop
  endfacet
  facet normal 0.4938181170261236 -0.869565217391297 5.596131905264125e-14
    outer loop
      vertex 14.905174600475915 -115.05385047527513 89.97615767093856
      vertex 15.094013517815283 -114.94661058490608 89.94756738704852
      vertex 15.038183965444372 -114.97831567599623 89.96758213628132
    endloop
  endfacet
  facet normal 0.49381811702577616 -0.8695652173914943 -3.3649117485472114e-12
    outer loop
      vertex 14.84871496098762 -115.08591338706421 89.9770953895479
      vertex 15.188027032185897 -114.89322117176835 89.93333370522473
      vertex 15.094013517815283 -114.94661058490608 89.94756738704852
    endloop
  endfacet
  facet normal 0.49381811702609585 -0.8695652173913129 -1.623747047165588e-13
    outer loop
      vertex 14.081264650044233 -115.52174138464454 89.76576946675777
      vertex 16.246905294449434 -114.29189391169285 89.54788011312485
      vertex 14.960052230755212 -115.02268597201603 89.73061392863798
    endloop
  endfacet
  facet normal 0.49381811702612677 -0.8695652173912952 3.4331354431825016e-13
    outer loop
      vertex 14.716517478227615 -115.16098712587817 89.97625306621194
      vertex 15.38331452998282 -114.78231919166141 89.89677126526459
      vertex 15.188027032185897 -114.89322117176835 89.93333370522473
    endloop
  endfacet
  facet normal 0.4938181170261092 -0.8695652173913051 1.9314047806119637e-13
    outer loop
      vertex 15 -115 90
      vertex 15.038183965444372 -114.97831567599623 89.96758213628132
      vertex 15.301418720358688 -114.82882707133747 89.95436509506916
    endloop
  endfacet
  facet normal 0.49381811702599315 -0.8695652173913712 -1.634778977513113e-12
    outer loop
      vertex 14.622503959614306 -115.21437654142528 89.96201938390732
      vertex 15.4122280172121 -114.76589948726816 89.89204061001455
      vertex 15.38331452998282 -114.78231919166141 89.89677126526459
    endloop
  endfacet
  facet normal 0.49381811702609385 -0.8695652173913141 -8.201458355549832e-14
    outer loop
      vertex 15 -115 90
      vertex 15.377496040385694 -114.78562345857472 89.96201938390732
      vertex 15.189469003159076 -114.89240228966895 89.99048674851656
    endloop
  endfacet
  facet normal 0.4938181170261255 -0.8695652173912961 3.3411437454207937e-13
    outer loop
      vertex 15 -115 90
      vertex 15.301418720358688 -114.82882707133747 89.95436509506916
      vertex 15.377496040385694 -114.78562345857472 89.96201938390732
    endloop
  endfacet
  facet normal 0.4938181170261141 -0.8695652173913024 4.5536013612108313e-14
    outer loop
      vertex 14.622503959614306 -115.21437654142528 89.96201938390732
      vertex 15.30702400577209 -114.82564388112598 89.78314558364669
      vertex 15.918735349955767 -114.47825861535544 89.76576946675777
    endloop
  endfacet
  facet normal 0.4938181170260519 -0.8695652173913377 -7.360676005103413e-13
    outer loop
      vertex 14.622503959614306 -115.21437654142528 89.96201938390732
      vertex 15.743522047996521 -114.5777606436346 89.84923154860735
      vertex 15.4122280172121 -114.76589948726816 89.89204061001455
    endloop
  endfacet
  facet normal 0.4938181170259641 -0.8695652173913876 -1.4547113928837104e-12
    outer loop
      vertex 15.301418720358688 -114.82882707133747 89.95436509506916
      vertex 15.296059006954458 -114.8318708034557 89.94968978659709
      vertex 15.562650094861567 -114.68047616805254 89.91481456905603
    endloop
  endfacet
  facet normal 0.4938181170261364 -0.8695652173912899 2.1325570478114116e-13
    outer loop
      vertex 14.960052230755212 -115.02268597201603 89.73061392863798
      vertex 16.246905294449434 -114.29189391169285 89.54788011312485
      vertex 15.039947769244788 -114.97731402798397 89.73061392863798
    endloop
  endfacet
  facet normal 0.4938181170260998 -0.8695652173913105 -2.0506117820380305e-13
    outer loop
      vertex 15.039947769244788 -114.97731402798397 89.73061392863798
      vertex 16.08695652173914 -114.38272735371736 89.66506350785494
      vertex 15.187757826071117 -114.89337405145355 89.75553365307616
    endloop
  endfacet
  facet normal 0.4938181170261031 -0.8695652173913087 -4.840100411384105e-14
    outer loop
      vertex 14.622503959614306 -115.21437654142528 89.96201938390732
      vertex 15.918735349955767 -114.47825861535544 89.76576946675777
      vertex 15.743522047996521 -114.5777606436346 89.84923154860735
    endloop
  endfacet
  facet normal 0.49381811702614287 -0.8695652173912861 1.0661868928252788e-13
    outer loop
      vertex 15.301418720358688 -114.82882707133747 89.95436509506916
      vertex 15.562650094861567 -114.68047616805254 89.91481456905603
      vertex 15.377496040385694 -114.78562345857472 89.96201938390732
    endloop
  endfacet
  facet normal 0.4938181170261149 -0.869565217391302 1.8755549720682343e-14
    outer loop
      vertex 13.753094705550566 -115.70810608830715 89.54788011312485
      vertex 16.665314008360326 -114.05428343795444 89.10696902126074
      vertex 16.537188654360563 -114.12704465216822 89.26776695251465
    endloop
  endfacet
  facet normal 0.4938181170261088 -0.8695652173913057 -2.0993493740756943e-14
    outer loop
      vertex 13.913043478260875 -115.61727264628263 89.66506350785494
      vertex 16.537188654360563 -114.12704465216822 89.26776695251465
      vertex 16.39736436631368 -114.20644958380173 89.41511110961437
    endloop
  endfacet
  facet normal 0.4938181170261074 -0.8695652173913062 -1.06111428248644e-14
    outer loop
      vertex 14.081264650044233 -115.52174138464454 89.76576946675777
      vertex 16.39736436631368 -114.20644958380173 89.41511110961437
      vertex 16.246905294449434 -114.29189391169285 89.54788011312485
    endloop
  endfacet
  facet normal 0.49381811702612577 -0.8695652173912959 1.36706322838941e-13
    outer loop
      vertex 15.187757826071117 -114.89337405145355 89.75553365307616
      vertex 16.08695652173914 -114.38272735371736 89.66506350785494
      vertex 15.30702400577209 -114.82564388112598 89.78314558364669
    endloop
  endfacet
  facet normal 0.86894807662603 0.44515817839642574 0.21624855221411085
    outer loop
      vertex 12.682513887139066 -105.18490949623256 88.1470476090908
      vertex 17.0998387557009 -113.80752081654153 88.1470476090908
      vertex 17.140886420788974 -113.7842102237571 87.93412044644356
    endloop
  endfacet
  facet normal 0.8223708491180988 0.4212968749308681 0.3823808699376341
    outer loop
      vertex 12.547061606039918 -105.24709568492536 88.55654565244913
      vertex 16.970234318919807 -113.88112198831041 88.55654565244913
      vertex 17.042810042267263 -113.83990690020838 88.355050355196
    endloop
  endfacet
  facet normal 0.8488859213441307 0.43488042677900574 0.3004525036478085
    outer loop
      vertex 12.62291199761593 -105.2122727441473 88.355050355196
      vertex 17.042810042267263 -113.83990690020838 88.355050355196
      vertex 17.0998387557009 -113.80752081654153 88.1470476090908
    endloop
  endfacet
  facet normal 0.6564594766291703 0.33630122750484953 0.6752499092354527
    outer loop
      vertex 12.094476613261321 -105.45487761027996 89.26776695251465
      vertex 16.537188654360563 -114.12704465216822 89.26776695251465
      vertex 16.665314008360326 -114.05428343795444 89.10696902126074
    endloop
  endfacet
  facet normal 0.7063324528160333 0.3618509281460625 0.6084064200012349
    outer loop
      vertex 12.228383074312617 -105.39340110810113 89.10696902126074
      vertex 16.665314008360326 -114.05428343795444 89.10696902126074
      vertex 16.780765315760746 -113.98871969864146 88.93394108861685
    endloop
  endfacet
  facet normal 0.750825058209122 0.3846442891093585 0.5369455305902309
    outer loop
      vertex 12.349043626772556 -105.338005807098 88.93394108861685
      vertex 16.780765315760746 -113.98871969864146 88.93394108861685
      vertex 16.882663919873863 -113.93085241530912 88.75
    endloop
  endfacet
  facet normal 0.7896018034302645 0.40450944070024514 0.4614120765693599
    outer loop
      vertex 12.455539968338812 -105.28911330017237 88.75
      vertex 16.882663919873863 -113.93085241530912 88.75
      vertex 16.970234318919807 -113.88112198831041 88.55654565244913
    endloop
  endfacet
  facet normal 0.49381811702610895 -0.8695652173913053 -1.1678542952042946e-14
    outer loop
      vertex 12.900161244299099 -116.19247918345846 88.1470476090908
      vertex 17.173913043478265 -113.76545470743471 87.5
      vertex 17.165640650883972 -113.77015252336906 87.71788935363293
    endloop
  endfacet
  facet normal 0.4938181170261093 -0.8695652173913051 -6.9094794823101576e-15
    outer loop
      vertex 12.957189957732737 -116.16009309979161 88.355050355196
      vertex 17.165640650883972 -113.77015252336906 87.71788935363293
      vertex 17.140886420788974 -113.7842102237571 87.93412044644356
    endloop
  endfacet
  facet normal 0.49381811702611017 -0.8695652173913047 1.817629388286074e-15
    outer loop
      vertex 13.029765681080193 -116.11887801168957 88.55654565244913
      vertex 17.140886420788974 -113.7842102237571 87.93412044644356
      vertex 17.0998387557009 -113.80752081654153 88.1470476090908
    endloop
  endfacet
  facet normal 0.4938181170261121 -0.8695652173913037 1.7509030324017868e-14
    outer loop
      vertex 13.117336080126137 -116.06914758469087 88.75
      vertex 17.0998387557009 -113.80752081654153 88.1470476090908
      vertex 17.042810042267263 -113.83990690020838 88.355050355196
    endloop
  endfacet
  facet normal 0.4938181170261133 -0.869565217391303 3.536781135591243e-15
    outer loop
      vertex 13.334685991639674 -115.94571656204556 89.10696902126074
      vertex 16.970234318919807 -113.88112198831041 88.55654565244913
      vertex 16.882663919873863 -113.93085241530912 88.75
    endloop
  endfacet
  facet normal 0.4938181170261116 -0.8695652173913039 2.1205625295389343e-15
    outer loop
      vertex 13.219234684239268 -116.01128030135852 88.93394108861685
      vertex 17.042810042267263 -113.83990690020838 88.355050355196
      vertex 16.970234318919807 -113.88112198831041 88.55654565244913
    endloop
  endfacet
  facet normal 0.49381811702611117 -0.8695652173913041 -2.0102556392346485e-14
    outer loop
      vertex 13.462811345639437 -115.87295534783178 89.26776695251465
      vertex 16.882663919873863 -113.93085241530912 88.75
      vertex 16.780765315760746 -113.98871969864146 88.93394108861685
    endloop
  endfacet
  facet normal 0.49381811702611045 -0.8695652173913045 9.37380712066811e-15
    outer loop
      vertex 13.602635633686319 -115.79355041619826 89.41511110961437
      vertex 16.780765315760746 -113.98871969864146 88.93394108861685
      vertex 16.665314008360326 -114.05428343795444 89.10696902126074
    endloop
  endfacet
  facet normal 0.4938181170261078 -0.8695652173913059 -3.6136030929846864e-14
    outer loop
      vertex 15.039947769244788 -114.97731402798397 89.73061392863798
      vertex 16.246905294449434 -114.29189391169285 89.54788011312485
      vertex 16.08695652173914 -114.38272735371736 89.66506350785494
    endloop
  endfacet
  facet normal 0.4938181170261137 -0.8695652173913027 3.1259086293291806e-14
    outer loop
      vertex 15.30702400577209 -114.82564388112598 89.78314558364669
      vertex 16.08695652173914 -114.38272735371736 89.66506350785494
      vertex 15.918735349955767 -114.47825861535544 89.76576946675777
    endloop
  endfacet
  facet normal 0.8891615950604956 0.4555134726738563 0.04357905554368279
    outer loop
      vertex 12.751284810608666 -105.15333674168937 87.71788935363293
      vertex 17.165640650883972 -113.77015252336906 87.71788935363293
      vertex 17.173913043478265 -113.76545470743471 87.5
    endloop
  endfacet
  facet normal 0.882406898943975 0.45205307233494535 0.13040737896535712
    outer loop
      vertex 12.725413652055025 -105.16521419945136 87.93412044644356
      vertex 17.140886420788974 -113.7842102237571 87.93412044644356
      vertex 17.165640650883972 -113.77015252336906 87.71788935363293
    endloop
  endfacet
  facet normal 0 0 -1
    outer loop
      vertex 9.782608695652172 -117.96290870215668 0
      vertex 20.217391304347828 -112.03709129784335 0
      vertex 14.059267377078498 -126.31093984245408 0
    endloop
  endfacet
  facet normal -0.8892972806477905 -0.45558298378792456 0.03993108457501133
    outer loop
      vertex 9.782608695652172 -117.96290870215668 0
      vertex 14.059267377078498 -126.31093984245408 0
      vertex 17.240069540562672 -124.85063247865205 87.5
    endloop
  endfacet
  facet normal -0.8892972806477911 -0.4555829837879233 0.039931084575011495
    outer loop
      vertex 9.782608695652172 -117.96290870215668 0
      vertex 17.240069540562672 -124.85063247865205 87.5
      vertex 12.826086956521749 -116.23454529256527 87.5
    endloop
  endfacet
  facet normal -0.49381811702610906 0.8695652173913054 -2.2991866510190623e-16
    outer loop
      vertex 9.782608695652172 -117.96290870215668 0
      vertex 12.826086956521749 -116.23454529256527 87.5
      vertex 17.140886420788974 -113.78421022375711 87.93412044644356
    endloop
  endfacet
  facet normal -0.4938181170260465 0.8695652173913407 -7.379273224814788e-15
    outer loop
      vertex 9.782608695652172 -117.96290870215668 0
      vertex 17.140886420788974 -113.78421022375711 87.93412044644356
      vertex 17.165640650883958 -113.77015252336909 87.71788935363293
    endloop
  endfacet
  facet normal -0.8891615950604965 -0.45551347267385456 0.04357905554368191
    outer loop
      vertex 12.826086956521749 -116.23454529256527 87.5
      vertex 17.248715189391334 -124.84666325831063 87.71788935363293
      vertex 12.834359349116042 -116.22984747663092 87.71788935363293
    endloop
  endfacet
  facet normal -0.8824068989439852 -0.45205307233494985 0.13040737896527263
    outer loop
      vertex 12.834359349116042 -116.22984747663092 87.71788935363293
      vertex 17.274586347944975 -124.83478580054866 87.93412044644356
      vertex 12.859113579211026 -116.2157897762429 87.93412044644356
    endloop
  endfacet
  facet normal -0.49381811702610773 0.869565217391306 -1.1935966192336347e-14
    outer loop
      vertex 12.826086956521749 -116.23454529256527 87.5
      vertex 12.834359349116042 -116.22984747663092 87.71788935363293
      vertex 17.0998387557009 -113.80752081654154 88.1470476090908
    endloop
  endfacet
  facet normal -0.493818117026109 0.8695652173913053 1.7280446244332227e-14
    outer loop
      vertex 12.834359349116042 -116.22984747663092 87.71788935363293
      vertex 12.859113579211026 -116.2157897762429 87.93412044644356
      vertex 17.042810042267263 -113.8399069002084 88.355050355196
    endloop
  endfacet
  facet normal -0.4938181170261148 0.8695652173913021 6.125979047707891e-14
    outer loop
      vertex 12.859113579211026 -116.2157897762429 87.93412044644356
      vertex 12.900161244299099 -116.19247918345849 88.1470476090908
      vertex 16.970234318919807 -113.88112198831044 88.55654565244913
    endloop
  endfacet
  facet normal -0.49381811702610495 0.8695652173913077 -4.520126404828939e-14
    outer loop
      vertex 12.900161244299099 -116.19247918345849 88.1470476090908
      vertex 12.957189957732737 -116.16009309979162 88.355050355196
      vertex 16.882663919873863 -113.93085241530915 88.75
    endloop
  endfacet
  facet normal -0.493818117026109 0.8695652173913053 7.289433695290098e-16
    outer loop
      vertex 12.957189957732737 -116.16009309979162 88.355050355196
      vertex 13.029765681080193 -116.11887801168959 88.55654565244913
      vertex 16.780765315760732 -113.98871969864149 88.93394108861685
    endloop
  endfacet
  facet normal -0.49381811702611056 0.8695652173913044 1.6947076274708067e-15
    outer loop
      vertex 13.029765681080193 -116.11887801168959 88.55654565244913
      vertex 13.117336080126137 -116.06914758469088 88.75
      vertex 16.665314008360326 -114.05428343795445 89.10696902126074
    endloop
  endfacet
  facet normal -0.49381811702610473 0.8695652173913078 -5.461194486587557e-14
    outer loop
      vertex 13.117336080126137 -116.06914758469088 88.75
      vertex 13.219234684239268 -116.01128030135852 88.93394108861685
      vertex 16.537188654360563 -114.12704465216824 89.26776695251465
    endloop
  endfacet
  facet normal -0.49381811702611295 0.8695652173913031 4.179155674631154e-14
    outer loop
      vertex 13.219234684239268 -116.01128030135852 88.93394108861685
      vertex 13.334685991639674 -115.94571656204556 89.10696902126074
      vertex 16.39736436631368 -114.20644958380174 89.41511110961437
    endloop
  endfacet
  facet normal -0.4938181170261229 0.8695652173912973 9.700803541286175e-14
    outer loop
      vertex 13.753094705550566 -115.70810608830715 89.54788011312485
      vertex 13.91304347826086 -115.61727264628266 89.66506350785494
      vertex 14.960052230755212 -115.02268597201603 89.73061392863798
    endloop
  endfacet
  facet normal -0.4938181170260971 0.869565217391312 -2.1341796141021496e-13
    outer loop
      vertex 14.081264650044233 -115.52174138464457 89.76576946675777
      vertex 14.256477952003479 -115.4222393563654 89.84923154860735
      vertex 14.625376955200593 -115.21274499356404 89.88634720307013
    endloop
  endfacet
  facet normal -0.868948076626035 -0.44515817839642907 0.21624855221408423
    outer loop
      vertex 12.859113579211026 -116.2157897762429 87.93412044644356
      vertex 17.317486112860934 -124.81509050376744 88.1470476090908
      vertex 12.900161244299099 -116.19247918345849 88.1470476090908
    endloop
  endfacet
  facet normal -0.8488859213441232 -0.434880426779002 0.3004525036478345
    outer loop
      vertex 12.900161244299099 -116.19247918345849 88.1470476090908
      vertex 17.37708800238407 -124.7877272558527 88.355050355196
      vertex 12.957189957732737 -116.16009309979162 88.355050355196
    endloop
  endfacet
  facet normal -0.8223708491180988 -0.42129687493086737 0.3823808699376348
    outer loop
      vertex 12.957189957732737 -116.16009309979162 88.355050355196
      vertex 17.452938393960082 -124.75290431507466 88.55654565244913
      vertex 13.029765681080193 -116.11887801168959 88.55654565244913
    endloop
  endfacet
  facet normal -0.7896018034302656 -0.40450944070024497 0.4614120765693584
    outer loop
      vertex 13.029765681080193 -116.11887801168959 88.55654565244913
      vertex 17.54446003166119 -124.71088669982764 88.75
      vertex 13.117336080126137 -116.06914758469088 88.75
    endloop
  endfacet
  facet normal -0.7508250582090877 -0.3846442891093384 0.5369455305902932
    outer loop
      vertex 13.117336080126137 -116.06914758469088 88.75
      vertex 17.650956373227444 -124.66199419290201 88.93394108861685
      vertex 13.219234684239268 -116.01128030135852 88.93394108861685
    endloop
  endfacet
  facet normal -0.7063324528160714 -0.36185092814608205 0.6084064200011795
    outer loop
      vertex 13.219234684239268 -116.01128030135852 88.93394108861685
      vertex 17.771616925687383 -124.60659889189887 89.10696902126074
      vertex 13.334685991639674 -115.94571656204556 89.10696902126074
    endloop
  endfacet
  facet normal -0.6564594766291715 -0.33630122750485014 0.6752499092354515
    outer loop
      vertex 13.334685991639674 -115.94571656204556 89.10696902126074
      vertex 17.90552338673868 -124.54512238972004 89.26776695251465
      vertex 13.462811345639437 -115.87295534783178 89.26776695251465
    endloop
  endfacet
  facet normal -0.4938181170261113 0.869565217391304 1.5824995076825762e-14
    outer loop
      vertex 13.334685991639674 -115.94571656204556 89.10696902126074
      vertex 13.462811345639437 -115.87295534783178 89.26776695251465
      vertex 16.246905294449434 -114.29189391169287 89.54788011312485
    endloop
  endfacet
  facet normal -0.4938181170261198 0.8695652173912991 7.632009703670956e-14
    outer loop
      vertex 13.462811345639437 -115.87295534783178 89.26776695251465
      vertex 13.602635633686319 -115.79355041619829 89.41511110961437
      vertex 16.086956521739125 -114.38272735371737 89.66506350785494
    endloop
  endfacet
  facet normal -0.4938181170260994 0.8695652173913107 -1.159646323003044e-13
    outer loop
      vertex 13.602635633686319 -115.79355041619829 89.41511110961437
      vertex 13.753094705550566 -115.70810608830715 89.54788011312485
      vertex 15.918735349955767 -114.47825861535546 89.76576946675777
    endloop
  endfacet
  facet normal -0.49381811702611894 0.8695652173912998 4.3223107661089635e-14
    outer loop
      vertex 13.91304347826086 -115.61727264628266 89.66506350785494
      vertex 14.081264650044233 -115.52174138464457 89.76576946675777
      vertex 15.4122280172121 -114.76589948726816 89.89204061001455
    endloop
  endfacet
  facet normal -0.4938181170261366 0.8695652173912897 2.1821513977605137e-13
    outer loop
      vertex 13.753094705550566 -115.70810608830715 89.54788011312485
      vertex 14.960052230755212 -115.02268597201603 89.73061392863798
      vertex 15.039947769244788 -114.97731402798397 89.73061392863798
    endloop
  endfacet
  facet normal -0.49381811702613 0.8695652173912934 2.2348727098373592e-13
    outer loop
      vertex 14.256477952003479 -115.4222393563654 89.84923154860735
      vertex 14.437349905138433 -115.31952383194748 89.91481456905603
      vertex 15.038183965444372 -114.97831567599623 89.96758213628132
    endloop
  endfacet
  facet normal -0.4938181170261182 0.8695652173913001 1.2285916564093645e-13
    outer loop
      vertex 14.256477952003479 -115.4222393563654 89.84923154860735
      vertex 15.038183965444372 -114.97831567599623 89.96758213628132
      vertex 14.595039516705619 -115.22997334682998 89.89094030265036
    endloop
  endfacet
  facet normal -0.4938181170260935 0.8695652173913141 -2.363453996111091e-13
    outer loop
      vertex 14.081264650044233 -115.52174138464457 89.76576946675777
      vertex 14.625376955200593 -115.21274499356404 89.88634720307013
      vertex 15.188027032185897 -114.89322117176835 89.93333370522473
    endloop
  endfacet
  facet normal -0.4938181170261824 0.8695652173912638 4.246009780177766e-13
    outer loop
      vertex 14.437349905138433 -115.31952383194748 89.91481456905603
      vertex 14.622503959614292 -115.21437654142531 89.96201938390732
      vertex 14.84871496098762 -115.08591338706421 89.9770953895479
    endloop
  endfacet
  facet normal -0.49381811702612144 0.8695652173912982 6.285043568697602e-14
    outer loop
      vertex 13.91304347826086 -115.61727264628266 89.66506350785494
      vertex 15.30702400577209 -114.82564388112598 89.78314558364669
      vertex 14.960052230755212 -115.02268597201603 89.73061392863798
    endloop
  endfacet
  facet normal -0.4938181170258771 0.869565217391437 -3.219817215227442e-12
    outer loop
      vertex 14.622503959614292 -115.21437654142531 89.96201938390732
      vertex 14.716517478227615 -115.16098712587817 89.97625306621194
      vertex 14.831690333237402 -115.09558151712571 89.98306603472857
    endloop
  endfacet
  facet normal -0.49381811702598266 0.8695652173913769 -1.3205418784118616e-12
    outer loop
      vertex 14.437349905138433 -115.31952383194748 89.91481456905603
      vertex 14.84871496098762 -115.08591338706421 89.9770953895479
      vertex 14.905174600475915 -115.05385047527513 89.97615767093856
    endloop
  endfacet
  facet normal -0.49381811702614686 0.8695652173912837 3.398805744594931e-13
    outer loop
      vertex 14.595039516705619 -115.22997334682998 89.89094030265036
      vertex 15.038183965444372 -114.97831567599623 89.96758213628132
      vertex 14.625376955200593 -115.21274499356404 89.88634720307013
    endloop
  endfacet
  facet normal -0.49381811702623746 0.8695652173912324 1.520384575775533e-12
    outer loop
      vertex 14.622503959614292 -115.21437654142531 89.96201938390732
      vertex 14.831690333237402 -115.09558151712571 89.98306603472857
      vertex 14.84871496098762 -115.08591338706421 89.9770953895479
    endloop
  endfacet
  facet normal -0.49381811702615824 0.8695652173912773 4.507639815964564e-13
    outer loop
      vertex 14.437349905138433 -115.31952383194748 89.91481456905603
      vertex 14.905174600475915 -115.05385047527513 89.97615767093856
      vertex 15 -115 89.9714239000302
    endloop
  endfacet
  facet normal -0.493818117026055 0.869565217391336 -9.1558190274104e-13
    outer loop
      vertex 14.437349905138433 -115.31952383194748 89.91481456905603
      vertex 15 -115 89.9714239000302
      vertex 15.038183965444372 -114.97831567599623 89.96758213628132
    endloop
  endfacet
  facet normal -0.49381811702609585 0.8695652173913128 -1.6404867074456455e-13
    outer loop
      vertex 13.753094705550566 -115.70810608830715 89.54788011312485
      vertex 15.039947769244788 -114.97731402798397 89.73061392863798
      vertex 15.918735349955767 -114.47825861535546 89.76576946675777
    endloop
  endfacet
  facet normal -0.4938181170261017 0.8695652173913094 -1.6488296708634624e-13
    outer loop
      vertex 14.081264650044233 -115.52174138464457 89.76576946675777
      vertex 15.188027032185897 -114.89322117176835 89.93333370522473
      vertex 15.38331452998282 -114.78231919166141 89.89677126526459
    endloop
  endfacet
  facet normal -0.49381811702612693 0.869565217391295 1.4750017482497492e-13
    outer loop
      vertex 13.91304347826086 -115.61727264628266 89.66506350785494
      vertex 15.743522047996521 -114.5777606436346 89.84923154860735
      vertex 15.30702400577209 -114.82564388112598 89.78314558364669
    endloop
  endfacet
  facet normal -0.4938181170261439 0.8695652173912854 3.8821165075731996e-13
    outer loop
      vertex 14.081264650044233 -115.52174138464457 89.76576946675777
      vertex 15.38331452998282 -114.78231919166141 89.89677126526459
      vertex 15.4122280172121 -114.76589948726816 89.89204061001455
    endloop
  endfacet
  facet normal -0.4938181170261006 0.8695652173913101 2.828897448509516e-14
    outer loop
      vertex 14.625376955200593 -115.21274499356404 89.88634720307013
      vertex 15.038183965444372 -114.97831567599623 89.96758213628132
      vertex 15.094013517815283 -114.94661058490608 89.94756738704852
    endloop
  endfacet
  facet normal -0.4938181170261271 0.8695652173912951 2.971763773062039e-13
    outer loop
      vertex 14.625376955200593 -115.21274499356404 89.88634720307013
      vertex 15.094013517815283 -114.94661058490608 89.94756738704852
      vertex 15.188027032185897 -114.89322117176835 89.93333370522473
    endloop
  endfacet
  facet normal 0 0 -1
    outer loop
      vertex 14.059267377078498 -126.31093984245408 0
      vertex 24.96487479473852 -121.30417173799 0
      vertex 17.602386944243662 -134.9957390416046 0
    endloop
  endfacet
  facet normal 0 0 -1
    outer loop
      vertex 14.059267377078498 -126.31093984245408 0
      vertex 20.217391304347828 -112.03709129784335 0
      vertex 24.96487479473852 -121.30417173799 0
    endloop
  endfacet
  facet normal 0 0 -1
    outer loop
      vertex 20.38573040935401 -143.95299490219168 0
      vertex 31.987829170016852 -140.88847139146017 0
      vertex 22.38868696683687 -153.11637847081033 0
    endloop
  endfacet
  facet normal 0 0 -1
    outer loop
      vertex 17.602386944243662 -134.9957390416046 0
      vertex 28.89806257113287 -130.9450956196158 0
      vertex 20.38573040935401 -143.95299490219168 0
    endloop
  endfacet
  facet normal 0 0 -1
    outer loop
      vertex 17.602386944243662 -134.9957390416046 0
      vertex 24.96487479473852 -121.30417173799 0
      vertex 28.89806257113287 -130.9450956196158 0
    endloop
  endfacet
  facet normal -0.925172436587428 -0.37744068549050813 0.0399310845750113
    outer loop
      vertex 14.059267377078498 -126.31093984245408 0
      vertex 17.602386944243662 -134.9957390416046 0
      vertex 20.896959002086348 -133.81430137685786 87.5
    endloop
  endfacet
  facet normal -0.976154970214321 -0.21337052891751848 0.03993108457501121
    outer loop
      vertex 20.38573040935401 -143.95299490219168 0
      vertex 22.38868696683687 -153.11637847081033 0
      vertex 25.836947557515117 -152.5167962005794 87.5
    endloop
  endfacet
  facet normal -0.9982771143752818 -0.042991992268606075 0.039931084575011266
    outer loop
      vertex 24 -171.78908345800275 0
      vertex 27.5 -171.78908345800275 87.5
      vertex 23.596424617445905 -162.41803440747535 0
    endloop
  endfacet
  facet normal -0.9908848195435568 -0.12865761882918691 0.039931084575011315
    outer loop
      vertex 22.38868696683687 -153.11637847081033 0
      vertex 23.596424617445905 -162.41803440747535 0
      vertex 27.083465774886832 -162.11712916273365 87.5
    endloop
  endfacet
  facet normal -0.9541966417009323 -0.2965034189538557 0.039931084575011454
    outer loop
      vertex 17.602386944243662 -134.9957390416046 0
      vertex 20.38573040935401 -143.95299490219168 0
      vertex 23.769675881214013 -143.05917554489497 87.5
    endloop
  endfacet
  facet normal 0.8892972806477907 0.4555829837879243 0.03993108457501143
    outer loop
      vertex 24.96487479473852 -121.30417173799 0
      vertex 20.217391304347828 -112.03709129784335 0
      vertex 17.17391304347825 -113.76545470743474 87.5
    endloop
  endfacet
  facet normal 0.9251724365874283 0.37744068549050735 0.039931084575011266
    outer loop
      vertex 24.96487479473852 -121.30417173799 0
      vertex 21.784072631254347 -122.76447910179202 87.5
      vertex 28.89806257113287 -130.9450956196158 0
    endloop
  endfacet
  facet normal 0 0 -1
    outer loop
      vertex 24 -171.78908345800275 0
      vertex 23.596424617445905 -162.41803440747535 0
      vertex 35.5519943001005 -161.38635928264665 0
    endloop
  endfacet
  facet normal 0 0 -1
    outer loop
      vertex 22.38868696683687 -153.11637847081033 0
      vertex 34.211294706305154 -151.0606678300185 0
      vertex 23.596424617445905 -162.41803440747535 0
    endloop
  endfacet
  facet normal 0 0 -1
    outer loop
      vertex 22.38868696683687 -153.11637847081033 0
      vertex 31.987829170016852 -140.88847139146017 0
      vertex 34.211294706305154 -151.0606678300185 0
    endloop
  endfacet
  facet normal 0 0 -1
    outer loop
      vertex 20.38573040935401 -143.95299490219168 0
      vertex 28.89806257113287 -130.9450956196158 0
      vertex 31.987829170016852 -140.88847139146017 0
    endloop
  endfacet
  facet normal 0 0 -1
    outer loop
      vertex 24 -171.78908345800275 0
      vertex 35.5519943001005 -161.38635928264665 0
      vertex 36 -171.78908345800275 0
    endloop
  endfacet
  facet normal 0 0 -1
    outer loop
      vertex 23.596424617445905 -162.41803440747535 0
      vertex 34.211294706305154 -151.0606678300185 0
      vertex 35.5519943001005 -161.38635928264665 0
    endloop
  endfacet
  facet normal 0.9541966417009319 0.2965034189538578 0.039931084575011204
    outer loop
      vertex 28.89806257113287 -130.9450956196158 0
      vertex 25.603490513290183 -132.12653328436252 87.5
      vertex 31.987829170016852 -140.88847139146017 0
    endloop
  endfacet
  facet normal 0.9761549702143211 0.2133705289175173 0.03993108457501137
    outer loop
      vertex 34.211294706305154 -151.0606678300185 0
      vertex 31.987829170016852 -140.88847139146017 0
      vertex 28.60388369815685 -141.78229074875685 87.5
    endloop
  endfacet
  facet normal 0.9982771143752818 0.042991992268605804 0.03993108457501131
    outer loop
      vertex 36 -171.78908345800275 0
      vertex 35.5519943001005 -161.38635928264665 0
      vertex 32.064953142659576 -161.68726452738835 87.5
    endloop
  endfacet
  facet normal 0.9908848195435567 0.12865761882918683 0.03993108457501143
    outer loop
      vertex 35.5519943001005 -161.38635928264665 0
      vertex 34.211294706305154 -151.0606678300185 0
      vertex 30.763034115626894 -151.66025010024947 87.5
    endloop
  endfacet
  facet normal -0.9251724365874282 -0.3774406854905079 0.03993108457501133
    outer loop
      vertex 14.059267377078498 -126.31093984245408 0
      vertex 20.896959002086348 -133.81430137685786 87.5
      vertex 17.240069540562672 -124.85063247865205 87.5
    endloop
  endfacet
  facet normal -0.9761549702143213 -0.21337052891751648 0.03993108457501144
    outer loop
      vertex 20.38573040935401 -143.95299490219168 0
      vertex 25.836947557515117 -152.5167962005794 87.5
      vertex 23.769675881214013 -143.05917554489497 87.5
    endloop
  endfacet
  facet normal -0.9908848195435567 -0.12865761882918766 0.039931084575011225
    outer loop
      vertex 22.38868696683687 -153.11637847081033 0
      vertex 27.083465774886832 -162.11712916273365 87.5
      vertex 25.836947557515117 -152.5167962005794 87.5
    endloop
  endfacet
  facet normal -0.954196641700932 -0.2965034189538572 0.039931084575011294
    outer loop
      vertex 17.602386944243662 -134.9957390416046 0
      vertex 23.769675881214013 -143.05917554489497 87.5
      vertex 20.896959002086348 -133.81430137685786 87.5
    endloop
  endfacet
  facet normal 0.8892972806477899 0.4555829837879255 0.03993108457501125
    outer loop
      vertex 24.96487479473852 -121.30417173799 0
      vertex 17.17391304347825 -113.76545470743474 87.5
      vertex 21.784072631254347 -122.76447910179202 87.5
    endloop
  endfacet
  facet normal 0.9251724365874282 0.3774406854905081 0.03993108457501118
    outer loop
      vertex 28.89806257113287 -130.9450956196158 0
      vertex 21.784072631254347 -122.76447910179202 87.5
      vertex 25.603490513290183 -132.12653328436252 87.5
    endloop
  endfacet
  facet normal -0.6015828579749023 -0.3081881834072757 0.7369654731389197
    outer loop
      vertex 13.462811345639437 -115.87295534783178 89.26776695251465
      vertex 18.051656646057594 -124.47803256026455 89.41511110961437
      vertex 13.602635633686319 -115.79355041619829 89.41511110961437
    endloop
  endfacet
  facet normal -0.5421179386250713 -0.2777245735687636 0.7930808293339032
    outer loop
      vertex 13.602635633686319 -115.79355041619829 89.41511110961437
      vertex 18.208904538199562 -124.40583999906931 89.54788011312485
      vertex 13.753094705550566 -115.70810608830715 89.54788011312485
    endloop
  endfacet
  facet normal -0.4785156319080678 -0.24514139885263406 0.8431657515507828
    outer loop
      vertex 13.753094705550566 -115.70810608830715 89.54788011312485
      vertex 18.3760703132356 -124.32909413443704 89.66506350785494
      vertex 13.91304347826086 -115.61727264628266 89.66506350785494
    endloop
  endfacet
  facet normal -0.4112591712056135 -0.21068621753967612 0.8868355043851684
    outer loop
      vertex 13.91304347826086 -115.61727264628266 89.66506350785494
      vertex 18.551881743871377 -124.24837904635474 89.76576946675777
      vertex 14.081264650044233 -115.52174138464457 89.76576946675777
    endloop
  endfacet
  facet normal -0.8891615950604956 -0.45551347267385334 0.0435790555437096
    outer loop
      vertex 12.826086956521749 -116.23454529256527 87.5
      vertex 17.240069540562672 -124.85063247865205 87.5
      vertex 17.248715189391334 -124.84666325831063 87.71788935363293
    endloop
  endfacet
  facet normal -0.8824068989439838 -0.4520530723349488 0.13040737896528554
    outer loop
      vertex 12.834359349116042 -116.22984747663092 87.71788935363293
      vertex 17.248715189391334 -124.84666325831063 87.71788935363293
      vertex 17.274586347944975 -124.83478580054866 87.93412044644356
    endloop
  endfacet
  facet normal -0.8689480766260209 -0.4451581783964198 0.21624855221416037
    outer loop
      vertex 12.859113579211026 -116.2157897762429 87.93412044644356
      vertex 17.274586347944975 -124.83478580054866 87.93412044644356
      vertex 17.317486112860934 -124.81509050376744 88.1470476090908
    endloop
  endfacet
  facet normal -0.8488859213441372 -0.43488042677901045 0.3004525036477828
    outer loop
      vertex 12.900161244299099 -116.19247918345849 88.1470476090908
      vertex 17.317486112860934 -124.81509050376744 88.1470476090908
      vertex 17.37708800238407 -124.7877272558527 88.355050355196
    endloop
  endfacet
  facet normal -0.8223708491180963 -0.42129687493086587 0.38238086993764187
    outer loop
      vertex 12.957189957732737 -116.16009309979162 88.355050355196
      vertex 17.37708800238407 -124.7877272558527 88.355050355196
      vertex 17.452938393960082 -124.75290431507466 88.55654565244913
    endloop
  endfacet
  facet normal -0.7896018034302694 -0.4045094407002473 0.46141207656934935
    outer loop
      vertex 13.029765681080193 -116.11887801168959 88.55654565244913
      vertex 17.452938393960082 -124.75290431507466 88.55654565244913
      vertex 17.54446003166119 -124.71088669982764 88.75
    endloop
  endfacet
  facet normal -0.7508250582091082 -0.38464428910935 0.5369455305902566
    outer loop
      vertex 13.117336080126137 -116.06914758469088 88.75
      vertex 17.54446003166119 -124.71088669982764 88.75
      vertex 17.650956373227444 -124.66199419290201 88.93394108861685
    endloop
  endfacet
  facet normal -0.7063324528160339 -0.361850928146061 0.6084064200012355
    outer loop
      vertex 13.219234684239268 -116.01128030135852 88.93394108861685
      vertex 17.650956373227444 -124.66199419290201 88.93394108861685
      vertex 17.771616925687383 -124.60659889189887 89.10696902126074
    endloop
  endfacet
  facet normal -0.3408603803255963 -0.17462123465699098 0.9237540936478483
    outer loop
      vertex 14.081264650044233 -115.52174138464457 89.76576946675777
      vertex 18.735000794566986 -124.16430902739754 89.84923154860735
      vertex 14.256477952003479 -115.4222393563654 89.84923154860735
    endloop
  endfacet
  facet normal -0.2678559377938628 -0.13722138819152793 0.9536369787352841
    outer loop
      vertex 14.256477952003479 -115.4222393563654 89.84923154860735
      vertex 18.92403381880186 -124.07752390116084 89.91481456905603
      vertex 14.437349905138433 -115.31952383194748 89.91481456905603
    endloop
  endfacet
  facet normal -0.19280297382522096 -0.09877209343819852 0.976253597607705
    outer loop
      vertex 14.437349905138433 -115.31952383194748 89.91481456905603
      vertex 19.117542155834116 -123.98868415728448 89.96201938390732
      vertex 14.622503959614292 -115.21437654142531 89.96201938390732
    endloop
  endfacet
  facet normal -0.11627508733197425 -0.05956720253132349 0.9914291968913029
    outer loop
      vertex 14.622503959614292 -115.21437654142531 89.96201938390732
      vertex 19.314053106641154 -123.89846591239467 89.99048674851656
      vertex 14.716517478227615 -115.16098712587817 89.97625306621194
    endloop
  endfacet
  facet normal -0.11627508733198785 -0.05956720253133065 0.9914291968913009
    outer loop
      vertex 14.716517478227615 -115.16098712587817 89.97625306621194
      vertex 19.314053106641154 -123.89846591239467 89.99048674851656
      vertex 14.810530996840939 -115.10759771033105 89.99048674851656
    endloop
  endfacet
  facet normal -0.6564594766291875 -0.336301227504859 0.6752499092354315
    outer loop
      vertex 13.334685991639674 -115.94571656204556 89.10696902126074
      vertex 17.771616925687383 -124.60659889189887 89.10696902126074
      vertex 17.90552338673868 -124.54512238972004 89.26776695251465
    endloop
  endfacet
  facet normal -0.6015828579749124 -0.3081881834072812 0.7369654731389093
    outer loop
      vertex 13.462811345639437 -115.87295534783178 89.26776695251465
      vertex 17.90552338673868 -124.54512238972004 89.26776695251465
      vertex 18.051656646057594 -124.47803256026455 89.41511110961437
    endloop
  endfacet
  facet normal -0.542117938625067 -0.2777245735687612 0.793080829333907
    outer loop
      vertex 13.602635633686319 -115.79355041619829 89.41511110961437
      vertex 18.051656646057594 -124.47803256026455 89.41511110961437
      vertex 18.208904538199562 -124.40583999906931 89.54788011312485
    endloop
  endfacet
  facet normal -0.4785156319080224 -0.2451413988526093 0.8431657515508156
    outer loop
      vertex 13.753094705550566 -115.70810608830715 89.54788011312485
      vertex 18.208904538199562 -124.40583999906931 89.54788011312485
      vertex 18.3760703132356 -124.32909413443704 89.66506350785494
    endloop
  endfacet
  facet normal -0.41125917120563055 -0.21068621753968536 0.8868355043851583
    outer loop
      vertex 13.91304347826086 -115.61727264628266 89.66506350785494
      vertex 18.3760703132356 -124.32909413443704 89.66506350785494
      vertex 18.551881743871377 -124.24837904635474 89.76576946675777
    endloop
  endfacet
  facet normal -0.03885746829527877 -0.019906505657492315 0.9990464594753288
    outer loop
      vertex 14.810530996840939 -115.10759771033105 89.99048674851656
      vertex 19.512071085908516 -123.80755579022204 90
      vertex 15 -115 90
    endloop
  endfacet
  facet normal 0.03885746829527993 0.019906505657492933 0.9990464594753288
    outer loop
      vertex 19.71008906517588 -123.71664566804941 89.99048674851656
      vertex 15.189469003159061 -114.89240228966896 89.99048674851656
      vertex 15 -115 90
    endloop
  endfacet
  facet normal 0.11627508733199121 0.05956720253133242 0.9914291968913005
    outer loop
      vertex 19.906600015982903 -123.6264274231596 89.96201938390732
      vertex 15.377496040385694 -114.78562345857472 89.96201938390732
      vertex 15.189469003159061 -114.89240228966896 89.99048674851656
    endloop
  endfacet
  facet normal -0.34086038032561655 -0.17462123465700197 0.923754093647839
    outer loop
      vertex 14.081264650044233 -115.52174138464457 89.76576946675777
      vertex 18.551881743871377 -124.24837904635474 89.76576946675777
      vertex 18.735000794566986 -124.16430902739754 89.84923154860735
    endloop
  endfacet
  facet normal -0.26785593779386374 -0.1372213881915284 0.9536369787352835
    outer loop
      vertex 14.256477952003479 -115.4222393563654 89.84923154860735
      vertex 18.735000794566986 -124.16430902739754 89.84923154860735
      vertex 18.92403381880186 -124.07752390116084 89.91481456905603
    endloop
  endfacet
  facet normal -0.19280297382521272 -0.09877209343819407 0.9762535976077071
    outer loop
      vertex 14.437349905138433 -115.31952383194748 89.91481456905603
      vertex 18.92403381880186 -124.07752390116084 89.91481456905603
      vertex 19.117542155834116 -123.98868415728448 89.96201938390732
    endloop
  endfacet
  facet normal 0.19280297382520423 0.09877209343818996 0.9762535976077092
    outer loop
      vertex 20.100108353015173 -123.53758767928323 89.91481456905603
      vertex 15.562650094861567 -114.68047616805254 89.91481456905603
      vertex 15.377496040385694 -114.78562345857472 89.96201938390732
    endloop
  endfacet
  facet normal 0.26785593779385486 0.13722138819152396 0.9536369787352867
    outer loop
      vertex 20.289141377250047 -123.45080255304654 89.84923154860735
      vertex 15.743522047996521 -114.5777606436346 89.84923154860735
      vertex 15.562650094861567 -114.68047616805254 89.91481456905603
    endloop
  endfacet
  facet normal 0.34086038032561494 0.17462123465700094 0.9237540936478397
    outer loop
      vertex 20.472260427945656 -123.36673253408932 89.76576946675777
      vertex 15.918735349955767 -114.47825861535546 89.76576946675777
      vertex 15.743522047996521 -114.5777606436346 89.84923154860735
    endloop
  endfacet
  facet normal 0.4112591712056356 0.21068621753968694 0.8868355043851558
    outer loop
      vertex 20.64807185858143 -123.28601744600704 89.66506350785494
      vertex 16.086956521739125 -114.38272735371737 89.66506350785494
      vertex 15.918735349955767 -114.47825861535546 89.76576946675777
    endloop
  endfacet
  facet normal -0.9250312773056681 -0.3773830970302774 0.04357905554369285
    outer loop
      vertex 17.240069540562672 -124.85063247865205 87.5
      vertex 20.896959002086348 -133.81430137685786 87.5
      vertex 20.905913885662514 -133.81109014439593 87.71788935363293
    endloop
  endfacet
  facet normal -0.9180040898841924 -0.37451622991173683 0.1304073789652824
    outer loop
      vertex 17.248715189391334 -124.84666325831063 87.71788935363293
      vertex 20.905913885662514 -133.81109014439593 87.71788935363293
      vertex 20.93271039537737 -133.80148088246295 87.93412044644356
    endloop
  endfacet
  facet normal -0.9040023249980645 -0.36880395884993283 0.21624855221413827
    outer loop
      vertex 17.274586347944975 -124.83478580054866 87.93412044644356
      vertex 20.93271039537737 -133.80148088246295 87.93412044644356
      vertex 20.977144585093 -133.78554672639933 88.1470476090908
    endloop
  endfacet
  facet normal -0.8831308419864041 -0.36028906309257247 0.30045250364784953
    outer loop
      vertex 17.317486112860934 -124.81509050376744 88.1470476090908
      vertex 20.977144585093 -133.78554672639933 88.1470476090908
      vertex 21.038878295561332 -133.76340894053476 88.355050355196
    endloop
  endfacet
  facet normal -0.8555461248041507 -0.34903538307511117 0.38238086993756765
    outer loop
      vertex 17.37708800238407 -124.7877272558527 88.355050355196
      vertex 21.038878295561332 -133.76340894053476 88.355050355196
      vertex 21.11744167920446 -133.735236012799 88.55654565244913
    endloop
  endfacet
  facet normal -0.8214551425157592 -0.3351273555387102 0.4614120765693554
    outer loop
      vertex 17.452938393960082 -124.75290431507466 88.55654565244913
      vertex 21.11744167920446 -133.735236012799 88.55654565244913
      vertex 21.2122368329929 -133.70124235196693 88.75
    endloop
  endfacet
  facet normal -0.781114103990292 -0.3186695054857896 0.5369455305902878
    outer loop
      vertex 17.54446003166119 -124.71088669982764 88.75
      vertex 21.2122368329929 -133.70124235196693 88.75
      vertex 21.322542300970312 -133.66168667304777 88.93394108861685
    endloop
  endfacet
  facet normal -0.7348266216856013 -0.29978569706283903 0.6084064200011979
    outer loop
      vertex 17.650956373227444 -124.66199419290201 88.93394108861685
      vertex 21.322542300970312 -133.66168667304777 88.93394108861685
      vertex 21.447518600716947 -133.6168700154883 89.10696902126074
    endloop
  endfacet
  facet normal -0.9250312773056676 -0.3773830970302767 0.04357905554371164
    outer loop
      vertex 17.240069540562672 -124.85063247865205 87.5
      vertex 20.905913885662514 -133.81109014439593 87.71788935363293
      vertex 17.248715189391334 -124.84666325831063 87.71788935363293
    endloop
  endfacet
  facet normal -0.9180040898841918 -0.37451622991173655 0.13040737896528667
    outer loop
      vertex 17.248715189391334 -124.84666325831063 87.71788935363293
      vertex 20.93271039537737 -133.80148088246295 87.93412044644356
      vertex 17.274586347944975 -124.83478580054866 87.93412044644356
    endloop
  endfacet
  facet normal -0.9040023249980607 -0.36880395884993084 0.21624855221415756
    outer loop
      vertex 17.274586347944975 -124.83478580054866 87.93412044644356
      vertex 20.977144585093 -133.78554672639933 88.1470476090908
      vertex 17.317486112860934 -124.81509050376744 88.1470476090908
    endloop
  endfacet
  facet normal -0.8831308419864233 -0.360289063092582 0.3004525036477821
    outer loop
      vertex 17.317486112860934 -124.81509050376744 88.1470476090908
      vertex 21.038878295561332 -133.76340894053476 88.355050355196
      vertex 17.37708800238407 -124.7877272558527 88.355050355196
    endloop
  endfacet
  facet normal -0.8555461248041212 -0.34903538307509707 0.38238086993764675
    outer loop
      vertex 17.37708800238407 -124.7877272558527 88.355050355196
      vertex 21.11744167920446 -133.735236012799 88.55654565244913
      vertex 17.452938393960082 -124.75290431507466 88.55654565244913
    endloop
  endfacet
  facet normal -0.8214551425157627 -0.3351273555387118 0.4614120765693482
    outer loop
      vertex 17.452938393960082 -124.75290431507466 88.55654565244913
      vertex 21.2122368329929 -133.70124235196693 88.75
      vertex 17.54446003166119 -124.71088669982764 88.75
    endloop
  endfacet
  facet normal -0.7811141039903118 -0.3186695054857986 0.5369455305902537
    outer loop
      vertex 17.54446003166119 -124.71088669982764 88.75
      vertex 21.322542300970312 -133.66168667304777 88.93394108861685
      vertex 17.650956373227444 -124.66199419290201 88.93394108861685
    endloop
  endfacet
  facet normal -0.11627508733198418 -0.05956720253132886 0.9914291968913015
    outer loop
      vertex 14.622503959614292 -115.21437654142531 89.96201938390732
      vertex 19.117542155834116 -123.98868415728448 89.96201938390732
      vertex 19.314053106641154 -123.89846591239467 89.99048674851656
    endloop
  endfacet
  facet normal -0.038857468295279016 -0.019906505657492447 0.9990464594753288
    outer loop
      vertex 14.810530996840939 -115.10759771033105 89.99048674851656
      vertex 19.314053106641154 -123.89846591239467 89.99048674851656
      vertex 19.512071085908516 -123.80755579022204 90
    endloop
  endfacet
  facet normal 0.03885746829527903 0.019906505657492447 0.9990464594753288
    outer loop
      vertex 19.512071085908516 -123.80755579022204 90
      vertex 19.71008906517588 -123.71664566804941 89.99048674851656
      vertex 15 -115 90
    endloop
  endfacet
  facet normal 0.11627508733199117 0.05956720253133241 0.9914291968913004
    outer loop
      vertex 19.71008906517588 -123.71664566804941 89.99048674851656
      vertex 19.906600015982903 -123.6264274231596 89.96201938390732
      vertex 15.189469003159061 -114.89240228966896 89.99048674851656
    endloop
  endfacet
  facet normal 0.4785156319080324 0.24514139885261435 0.8431657515508086
    outer loop
      vertex 20.815237633617457 -123.20927158137476 89.54788011312485
      vertex 16.246905294449434 -114.29189391169287 89.54788011312485
      vertex 16.086956521739125 -114.38272735371737 89.66506350785494
    endloop
  endfacet
  facet normal 0.5421179386250845 0.27772457356877084 0.7930808293338919
    outer loop
      vertex 20.972485525759424 -123.13707902017953 89.41511110961437
      vertex 16.39736436631368 -114.20644958380174 89.41511110961437
      vertex 16.246905294449434 -114.29189391169287 89.54788011312485
    endloop
  endfacet
  facet normal 0.6564594766291711 0.33630122750484975 0.6752499092354518
    outer loop
      vertex 21.25252524612965 -123.00851268854521 89.10696902126074
      vertex 16.665314008360326 -114.05428343795445 89.10696902126074
      vertex 16.537188654360563 -114.12704465216824 89.26776695251465
    endloop
  endfacet
  facet normal 0.706332452816071 0.3618509281460821 0.6084064200011795
    outer loop
      vertex 21.373185798589574 -122.95311738754205 88.93394108861685
      vertex 16.780765315760732 -113.98871969864149 88.93394108861685
      vertex 16.665314008360326 -114.05428343795445 89.10696902126074
    endloop
  endfacet
  facet normal 0.6015828579748894 0.30818818340726994 0.7369654731389326
    outer loop
      vertex 21.118618785078354 -123.06998919072404 89.26776695251465
      vertex 16.537188654360563 -114.12704465216824 89.26776695251465
      vertex 16.39736436631368 -114.20644958380174 89.41511110961437
    endloop
  endfacet
  facet normal 0.19280297382520134 0.0987720934381884 0.97625359760771
    outer loop
      vertex 19.906600015982903 -123.6264274231596 89.96201938390732
      vertex 20.100108353015173 -123.53758767928323 89.91481456905603
      vertex 15.377496040385694 -114.78562345857472 89.96201938390732
    endloop
  endfacet
  facet normal 0.2678559377938631 0.13722138819152843 0.9536369787352837
    outer loop
      vertex 20.100108353015173 -123.53758767928323 89.91481456905603
      vertex 20.289141377250047 -123.45080255304654 89.84923154860735
      vertex 15.562650094861567 -114.68047616805254 89.91481456905603
    endloop
  endfacet
  facet normal 0.3408603803256069 0.17462123465699655 0.9237540936478436
    outer loop
      vertex 20.289141377250047 -123.45080255304654 89.84923154860735
      vertex 20.472260427945656 -123.36673253408932 89.76576946675777
      vertex 15.743522047996521 -114.5777606436346 89.84923154860735
    endloop
  endfacet
  facet normal 0.8223708491180994 0.4212968749308673 0.3823808699376334
    outer loop
      vertex 21.64705416943295 -122.82738432459138 88.355050355196
      vertex 17.042810042267263 -113.8399069002084 88.355050355196
      vertex 16.970234318919807 -113.88112198831044 88.55654565244913
    endloop
  endfacet
  facet normal 0.8488859213441236 0.4348804267790026 0.30045250364783266
    outer loop
      vertex 21.7066560589561 -122.80002107667663 88.1470476090908
      vertex 17.0998387557009 -113.80752081654154 88.1470476090908
      vertex 17.042810042267263 -113.8399069002084 88.355050355196
    endloop
  endfacet
  facet normal 0.8891615950604956 0.4555134726738563 0.043579055543682764
    outer loop
      vertex 21.784072631254347 -122.76447910179202 87.5
      vertex 17.17391304347825 -113.76545470743474 87.5
      vertex 17.165640650883958 -113.77015252336909 87.71788935363293
    endloop
  endfacet
  facet normal 0.8824068989439845 0.4520530723349514 0.1304073789652718
    outer loop
      vertex 21.7754269824257 -122.76844832213345 87.71788935363293
      vertex 17.165640650883958 -113.77015252336909 87.71788935363293
      vertex 17.140886420788974 -113.78421022375711 87.93412044644356
    endloop
  endfacet
  facet normal 0.8689480766260298 0.44515817839642524 0.21624855221411274
    outer loop
      vertex 21.749555823872043 -122.7803257798954 87.93412044644356
      vertex 17.140886420788974 -113.78421022375711 87.93412044644356
      vertex 17.0998387557009 -113.80752081654154 88.1470476090908
    endloop
  endfacet
  facet normal 0.7508250582090991 0.3846442891093453 0.5369455305902726
    outer loop
      vertex 21.47968214015583 -122.90422488061644 88.75
      vertex 16.882663919873863 -113.93085241530915 88.75
      vertex 16.780765315760732 -113.98871969864149 88.93394108861685
    endloop
  endfacet
  facet normal 0.7896018034302653 0.4045094407002458 0.4614120765693581
    outer loop
      vertex 21.57120377785695 -122.86220726536942 88.55654565244913
      vertex 16.970234318919807 -113.88112198831044 88.55654565244913
      vertex 16.882663919873863 -113.93085241530915 88.75
    endloop
  endfacet
  facet normal -0.7348266216855744 -0.29978569706282693 0.6084064200012361
    outer loop
      vertex 17.650956373227444 -124.66199419290201 88.93394108861685
      vertex 21.447518600716947 -133.6168700154883 89.10696902126074
      vertex 17.771616925687383 -124.60659889189887 89.10696902126074
    endloop
  endfacet
  facet normal -0.6829417189621118 -0.27861832060835123 0.6752499092354312
    outer loop
      vertex 17.771616925687383 -124.60659889189887 89.10696902126074
      vertex 21.586214584393275 -133.56713346209457 89.26776695251465
      vertex 17.90552338673868 -124.54512238972004 89.26776695251465
    endloop
  endfacet
  facet normal -0.6258513217497489 -0.2553272693333674 0.7369654731389105
    outer loop
      vertex 17.90552338673868 -124.54512238972004 89.26776695251465
      vertex 21.737574690469856 -133.51285553855266 89.41511110961437
      vertex 18.051656646057594 -124.47803256026455 89.41511110961437
    endloop
  endfacet
  facet normal -0.5639875271294672 -0.23008882499033076 0.7930808293339069
    outer loop
      vertex 18.051656646057594 -124.47803256026455 89.41511110961437
      vertex 21.90044697393124 -133.4544493337873 89.54788011312485
      vertex 18.208904538199562 -124.40583999906931 89.54788011312485
    endloop
  endfacet
  facet normal -0.4978194387314844 -0.20309436681704934 0.8431657515508155
    outer loop
      vertex 18.208904538199562 -124.40583999906931 89.54788011312485
      vertex 22.073591879887303 -133.39235935373404 89.66506350785494
      vertex 18.3760703132356 -124.32909413443704 89.66506350785494
    endloop
  endfacet
  facet normal -0.42784978406330293 -0.17454899151500852 0.8868355043851585
    outer loop
      vertex 18.3760703132356 -124.32909413443704 89.66506350785494
      vertex 22.255691676432818 -133.32705813870385 89.76576946675777
      vertex 18.551881743871377 -124.24837904635474 89.76576946675777
    endloop
  endfacet
  facet normal -0.35461103442513014 -0.14466993029928027 0.9237540936478391
    outer loop
      vertex 18.551881743871377 -124.24837904635474 89.76576946675777
      vertex 22.445360469609057 -133.25904267200553 89.84923154860735
      vertex 18.735000794566986 -124.16430902739754 89.84923154860735
    endloop
  endfacet
  facet normal -0.27866151849991466 -0.11368496336790107 0.9536369787352842
    outer loop
      vertex 18.735000794566986 -124.16430902739754 89.84923154860735
      vertex 22.641154765401268 -133.18883059239997 89.91481456905603
      vertex 18.92403381880186 -124.07752390116084 89.91481456905603
    endloop
  endfacet
  facet normal 0.41125917120564126 0.21068621753969008 0.8868355043851524
    outer loop
      vertex 20.472260427945656 -123.36673253408932 89.76576946675777
      vertex 20.64807185858143 -123.28601744600704 89.66506350785494
      vertex 15.918735349955767 -114.47825861535546 89.76576946675777
    endloop
  endfacet
  facet normal 0.47851563190804614 0.24514139885262182 0.8431657515507985
    outer loop
      vertex 20.64807185858143 -123.28601744600704 89.66506350785494
      vertex 20.815237633617457 -123.20927158137476 89.54788011312485
      vertex 16.086956521739125 -114.38272735371737 89.66506350785494
    endloop
  endfacet
  facet normal 0.5421179386250667 0.2777245735687611 0.7930808293339073
    outer loop
      vertex 20.815237633617457 -123.20927158137476 89.54788011312485
      vertex 20.972485525759424 -123.13707902017953 89.41511110961437
      vertex 16.246905294449434 -114.29189391169287 89.54788011312485
    endloop
  endfacet
  facet normal 0.6015828579748861 0.3081881834072682 0.7369654731389361
    outer loop
      vertex 21.118618785078354 -123.06998919072404 89.26776695251465
      vertex 16.39736436631368 -114.20644958380174 89.41511110961437
      vertex 20.972485525759424 -123.13707902017953 89.41511110961437
    endloop
  endfacet
  facet normal 0.8891615950604955 0.45551347267385633 0.04357905554368182
    outer loop
      vertex 21.784072631254347 -122.76447910179202 87.5
      vertex 17.165640650883958 -113.77015252336909 87.71788935363293
      vertex 21.7754269824257 -122.76844832213345 87.71788935363293
    endloop
  endfacet
  facet normal 0.8824068989439801 0.452053072334948 0.13040737896531338
    outer loop
      vertex 21.7754269824257 -122.76844832213345 87.71788935363293
      vertex 17.140886420788974 -113.78421022375711 87.93412044644356
      vertex 21.749555823872043 -122.7803257798954 87.93412044644356
    endloop
  endfacet
  facet normal 0.8223708491181138 0.4212968749308758 0.3823808699375935
    outer loop
      vertex 21.57120377785695 -122.86220726536942 88.55654565244913
      vertex 21.64705416943295 -122.82738432459138 88.355050355196
      vertex 16.970234318919807 -113.88112198831044 88.55654565244913
    endloop
  endfacet
  facet normal 0.8689480766260314 0.44515817839642624 0.216248552214105
    outer loop
      vertex 21.7066560589561 -122.80002107667663 88.1470476090908
      vertex 21.749555823872043 -122.7803257798954 87.93412044644356
      vertex 17.0998387557009 -113.80752081654154 88.1470476090908
    endloop
  endfacet
  facet normal 0.848885921344116 0.4348804267789981 0.3004525036478611
    outer loop
      vertex 21.7066560589561 -122.80002107667663 88.1470476090908
      vertex 17.042810042267263 -113.8399069002084 88.355050355196
      vertex 21.64705416943295 -122.82738432459138 88.355050355196
    endloop
  endfacet
  facet normal 0.6564594766291877 0.33630122750485897 0.675249909235431
    outer loop
      vertex 21.118618785078354 -123.06998919072404 89.26776695251465
      vertex 21.25252524612965 -123.00851268854521 89.10696902126074
      vertex 16.537188654360563 -114.12704465216824 89.26776695251465
    endloop
  endfacet
  facet normal 0.7508250582091205 0.3846442891093574 0.5369455305902339
    outer loop
      vertex 21.373185798589574 -122.95311738754205 88.93394108861685
      vertex 21.47968214015583 -122.90422488061644 88.75
      vertex 16.780765315760732 -113.98871969864149 88.93394108861685
    endloop
  endfacet
  facet normal 0.7063324528160454 0.3618509281460678 0.6084064200012178
    outer loop
      vertex 21.373185798589574 -122.95311738754205 88.93394108861685
      vertex 16.665314008360326 -114.05428343795445 89.10696902126074
      vertex 21.25252524612965 -123.00851268854521 89.10696902126074
    endloop
  endfacet
  facet normal 0.7896018034302483 0.40450944070023614 0.4614120765693953
    outer loop
      vertex 21.47968214015583 -122.90422488061644 88.75
      vertex 21.57120377785695 -122.86220726536942 88.55654565244913
      vertex 16.882663919873863 -113.93085241530915 88.75
    endloop
  endfacet
  facet normal -0.9760060322120298 -0.21333797365601329 0.04357905554364701
    outer loop
      vertex 23.769675881214013 -143.05917554489497 87.5
      vertex 25.846320177566426 -152.51516649288746 87.71788935363293
      vertex 23.778873688151165 -143.05674607965878 87.71788935363293
    endloop
  endfacet
  facet normal -0.968591604742254 -0.21171730853713291 0.13040737896536986
    outer loop
      vertex 23.778873688151165 -143.05674607965878 87.71788935363293
      vertex 25.874366717995713 -152.51028977085892 87.93412044644356
      vertex 23.806397119455525 -143.04947617064764 87.93412044644356
    endloop
  endfacet
  facet normal -0.9538182588827895 -0.20848811162055733 0.21624855221410808
    outer loop
      vertex 23.806397119455525 -143.04947617064764 87.93412044644356
      vertex 25.92087371877912 -152.5022031508434 88.1470476090908
      vertex 23.852036696445808 -143.03742114857002 88.1470476090908
    endloop
  endfacet
  facet normal -0.931796632349345 -0.2036745663900991 0.3004525036477894
    outer loop
      vertex 23.852036696445808 -143.03742114857002 88.1470476090908
      vertex 25.985487245873657 -152.49096817476075 88.355050355196
      vertex 23.915445086468154 -143.02067275623088 88.355050355196
    endloop
  endfacet
  facet normal -0.9026918322984655 -0.19731276240365603 0.38238086993765474
    outer loop
      vertex 23.915445086468154 -143.02067275623088 88.355050355196
      vertex 26.067715533775896 -152.47667035061403 88.55654565244913
      vertex 23.996139696167262 -142.99935846355731 88.55654565244913
    endloop
  endfacet
  facet normal -0.8667222330278459 -0.1894504324913897 0.4614120765693611
    outer loop
      vertex 23.996139696167262 -142.99935846355731 88.55654565244913
      vertex 26.166932787870493 -152.45941849133837 88.75
      vertex 24.093506402915423 -142.9736404819966 88.75
    endloop
  endfacet
  facet normal -0.9760060322120265 -0.21333797365601065 0.043579055543733085
    outer loop
      vertex 23.769675881214013 -143.05917554489497 87.5
      vertex 25.836947557515117 -152.5167962005794 87.5
      vertex 25.846320177566426 -152.51516649288746 87.71788935363293
    endloop
  endfacet
  facet normal -0.968591604742262 -0.2117173085371362 0.13040737896530574
    outer loop
      vertex 23.778873688151165 -143.05674607965878 87.71788935363293
      vertex 25.846320177566426 -152.51516649288746 87.71788935363293
      vertex 25.874366717995713 -152.51028977085892 87.93412044644356
    endloop
  endfacet
  facet normal -0.953818258882796 -0.2084881116205595 0.2162485522140773
    outer loop
      vertex 23.806397119455525 -143.04947617064764 87.93412044644356
      vertex 25.874366717995713 -152.51028977085892 87.93412044644356
      vertex 25.92087371877912 -152.5022031508434 88.1470476090908
    endloop
  endfacet
  facet normal -0.9317966323493215 -0.20367456639009207 0.30045250364786663
    outer loop
      vertex 23.852036696445808 -143.03742114857002 88.1470476090908
      vertex 25.92087371877912 -152.5022031508434 88.1470476090908
      vertex 25.985487245873657 -152.49096817476075 88.355050355196
    endloop
  endfacet
  facet normal -0.9026918322984807 -0.19731276240366027 0.38238086993761655
    outer loop
      vertex 23.915445086468154 -143.02067275623088 88.355050355196
      vertex 25.985487245873657 -152.49096817476075 88.355050355196
      vertex 26.067715533775896 -152.47667035061403 88.55654565244913
    endloop
  endfacet
  facet normal -0.8667222330278509 -0.18945043249139104 0.46141207656935085
    outer loop
      vertex 23.996139696167262 -142.99935846355731 88.55654565244913
      vertex 26.067715533775896 -152.47667035061403 88.55654565244913
      vertex 26.166932787870493 -152.45941849133837 88.75
    endloop
  endfacet
  facet normal -0.8241581620472243 -0.18014666555362094 0.5369455305902576
    outer loop
      vertex 24.093506402915423 -142.9736404819966 88.75
      vertex 26.282383896993252 -152.43934389538248 88.93394108861685
      vertex 24.206804179479448 -142.94371454297846 88.93394108861685
    endloop
  endfacet
  facet normal -0.7753199626763995 -0.16947148307840074 0.6084064200011976
    outer loop
      vertex 24.206804179479448 -142.94371454297846 88.93394108861685
      vertex 26.413190217698627 -152.41659934094216 89.10696902126074
      vertex 24.335170770403053 -142.90980839858227 89.10696902126074
    endloop
  endfacet
  facet normal -0.720575891550113 -0.15750537957257235 0.6752499092354326
    outer loop
      vertex 24.335170770403053 -142.90980839858227 89.10696902126074
      vertex 26.558356232039685 -152.39135792830814 89.26776695251465
      vertex 24.47762922560952 -142.8721800957822 89.26776695251465
    endloop
  endfacet
  facet normal -0.6603394720606329 -0.14433874407027406 0.7369654731389391
    outer loop
      vertex 24.47762922560952 -142.8721800957822 89.26776695251465
      vertex 26.71677713758409 -152.3638117601168 89.41511110961437
      vertex 24.633095348852706 -142.8311160090485 89.41511110961437
    endloop
  endfacet
  facet normal -0.595066612422043 -0.13007123019183073 0.7930808293338945
    outer loop
      vertex 24.633095348852706 -142.8311160090485 89.41511110961437
      vertex 26.887247252219083 -152.33417047992594 89.54788011312485
      vertex 24.800385945760013 -142.78692866174845 89.54788011312485
    endloop
  endfacet
  facet normal -0.682941718962075 -0.27861832060833475 0.6752499092354752
    outer loop
      vertex 17.771616925687383 -124.60659889189887 89.10696902126074
      vertex 21.447518600716947 -133.6168700154883 89.10696902126074
      vertex 21.586214584393275 -133.56713346209457 89.26776695251465
    endloop
  endfacet
  facet normal -0.6258513217497452 -0.25532726933336575 0.7369654731389145
    outer loop
      vertex 17.90552338673868 -124.54512238972004 89.26776695251465
      vertex 21.586214584393275 -133.56713346209457 89.26776695251465
      vertex 21.737574690469856 -133.51285553855266 89.41511110961437
    endloop
  endfacet
  facet normal -0.5639875271294753 -0.2300888249903343 0.7930808293339
    outer loop
      vertex 18.051656646057594 -124.47803256026455 89.41511110961437
      vertex 21.737574690469856 -133.51285553855266 89.41511110961437
      vertex 21.90044697393124 -133.4544493337873 89.54788011312485
    endloop
  endfacet
  facet normal -0.49781943873151935 -0.2030943668170647 0.8431657515507913
    outer loop
      vertex 18.208904538199562 -124.40583999906931 89.54788011312485
      vertex 21.90044697393124 -133.4544493337873 89.54788011312485
      vertex 22.073591879887303 -133.39235935373404 89.66506350785494
    endloop
  endfacet
  facet normal -0.42784978406327806 -0.17454899151499761 0.8868355043851727
    outer loop
      vertex 18.3760703132356 -124.32909413443704 89.66506350785494
      vertex 22.073591879887303 -133.39235935373404 89.66506350785494
      vertex 22.255691676432818 -133.32705813870385 89.76576946675777
    endloop
  endfacet
  facet normal -0.3546110344251537 -0.14466993029929054 0.9237540936478283
    outer loop
      vertex 18.551881743871377 -124.24837904635474 89.76576946675777
      vertex 22.255691676432818 -133.32705813870385 89.76576946675777
      vertex 22.445360469609057 -133.25904267200553 89.84923154860735
    endloop
  endfacet
  facet normal -0.2786615184998978 -0.11368496336789369 0.95363697873529
    outer loop
      vertex 18.735000794566986 -124.16430902739754 89.84923154860735
      vertex 22.445360469609057 -133.25904267200553 89.84923154860735
      vertex 22.641154765401268 -133.18883059239997 89.91481456905603
    endloop
  endfacet
  facet normal -0.20058084170149065 -0.08183055114279694 0.9762535976077054
    outer loop
      vertex 18.92403381880186 -124.07752390116084 89.91481456905603
      vertex 22.641154765401268 -133.18883059239997 89.91481456905603
      vertex 22.84158444551936 -133.11695625817165 89.96201938390732
    endloop
  endfacet
  facet normal -0.9540510540166544 -0.29645817959305815 0.04357905554369564
    outer loop
      vertex 20.896959002086348 -133.81430137685786 87.5
      vertex 23.778873688151165 -143.05674607965878 87.71788935363293
      vertex 20.905913885662514 -133.81109014439593 87.71788935363293
    endloop
  endfacet
  facet normal -0.9468034119847442 -0.29420607499752915 0.130407378965283
    outer loop
      vertex 20.905913885662514 -133.81109014439593 87.71788935363293
      vertex 23.806397119455525 -143.04947617064764 87.93412044644356
      vertex 20.93271039537737 -133.80148088246295 87.93412044644356
    endloop
  endfacet
  facet normal -0.9323623883399945 -0.2897187264817872 0.21624855221414235
    outer loop
      vertex 20.93271039537737 -133.80148088246295 87.93412044644356
      vertex 23.852036696445808 -143.03742114857002 88.1470476090908
      vertex 20.977144585093 -133.78554672639933 88.1470476090908
    endloop
  endfacet
  facet normal -0.9108361320341961 -0.28302973983793356 0.3004525036478415
    outer loop
      vertex 20.977144585093 -133.78554672639933 88.1470476090908
      vertex 23.915445086468154 -143.02067275623088 88.355050355196
      vertex 21.038878295561332 -133.76340894053476 88.355050355196
    endloop
  endfacet
  facet normal -0.8823860361853954 -0.2741892657468749 0.382380869937574
    outer loop
      vertex 21.038878295561332 -133.76340894053476 88.355050355196
      vertex 23.996139696167262 -142.99935846355731 88.55654565244913
      vertex 21.11744167920446 -133.735236012799 88.55654565244913
    endloop
  endfacet
  facet normal -0.8472255628234181 -0.2632636345842266 0.461412076569356
    outer loop
      vertex 21.11744167920446 -133.735236012799 88.55654565244913
      vertex 24.093506402915423 -142.9736404819966 88.75
      vertex 21.2122368329929 -133.70124235196693 88.75
    endloop
  endfacet
  facet normal -0.9540510540166565 -0.29645817959306014 0.04357905554364083
    outer loop
      vertex 20.896959002086348 -133.81430137685786 87.5
      vertex 23.769675881214013 -143.05917554489497 87.5
      vertex 23.778873688151165 -143.05674607965878 87.71788935363293
    endloop
  endfacet
  facet normal -0.9468034119847334 -0.2942060749975237 0.13040737896537336
    outer loop
      vertex 20.905913885662514 -133.81109014439593 87.71788935363293
      vertex 23.778873688151165 -143.05674607965878 87.71788935363293
      vertex 23.806397119455525 -143.04947617064764 87.93412044644356
    endloop
  endfacet
  facet normal -0.9323623883400017 -0.28971872648179037 0.21624855221410622
    outer loop
      vertex 20.93271039537737 -133.80148088246295 87.93412044644356
      vertex 23.806397119455525 -143.04947617064764 87.93412044644356
      vertex 23.852036696445808 -143.03742114857002 88.1470476090908
    endloop
  endfacet
  facet normal -0.8056189585176173 -0.2503349573194018 0.5369455305902852
    outer loop
      vertex 21.2122368329929 -133.70124235196693 88.75
      vertex 24.206804179479448 -142.94371454297846 88.93394108861685
      vertex 21.322542300970312 -133.66168667304777 88.93394108861685
    endloop
  endfacet
  facet normal -0.757879360555918 -0.23550053703691767 0.6084064200011999
    outer loop
      vertex 21.322542300970312 -133.66168667304777 88.93394108861685
      vertex 24.335170770403053 -142.90980839858227 89.10696902126074
      vertex 21.447518600716947 -133.6168700154883 89.10696902126074
    endloop
  endfacet
  facet normal -0.7043667417446843 -0.21887223031135333 0.6752499092354708
    outer loop
      vertex 21.447518600716947 -133.6168700154883 89.10696902126074
      vertex 24.47762922560952 -142.8721800957822 89.26776695251465
      vertex 21.586214584393275 -133.56713346209457 89.26776695251465
    endloop
  endfacet
  facet normal -0.6454853233851845 -0.20057564332554925 0.7369654731389156
    outer loop
      vertex 21.586214584393275 -133.56713346209457 89.26776695251465
      vertex 24.633095348852706 -142.8311160090485 89.41511110961437
      vertex 21.737574690469856 -133.51285553855266 89.41511110961437
    endloop
  endfacet
  facet normal -0.5816807581656749 -0.18074925649324416 0.793080829333899
    outer loop
      vertex 21.737574690469856 -133.51285553855266 89.41511110961437
      vertex 24.800385945760013 -142.78692866174845 89.54788011312485
      vertex 21.90044697393124 -133.4544493337873 89.54788011312485
    endloop
  endfacet
  facet normal -0.12096574250512618 -0.049350143785534574 0.9914291968913014
    outer loop
      vertex 19.117542155834116 -123.98868415728448 89.96201938390732
      vertex 22.84158444551936 -133.11695625817165 89.96201938390732
      vertex 23.04512413592242 -133.0439666703614 89.99048674851656
    endloop
  endfacet
  facet normal -0.04042501805040316 -0.016492111006020434 0.9990464594753288
    outer loop
      vertex 19.314053106641154 -123.89846591239467 89.99048674851656
      vertex 23.04512413592242 -133.0439666703614 89.99048674851656
      vertex 23.250224757688258 -132.9704173306102 90
    endloop
  endfacet
  facet normal 0.040425018050402654 0.016492111006020244 0.9990464594753288
    outer loop
      vertex 19.512071085908516 -123.80755579022204 90
      vertex 23.250224757688258 -132.9704173306102 90
      vertex 23.45532537945411 -132.896867990859 89.99048674851656
    endloop
  endfacet
  facet normal 0.12096574250513327 0.049350143785537585 0.9914291968913003
    outer loop
      vertex 19.71008906517588 -123.71664566804941 89.99048674851656
      vertex 23.45532537945411 -132.896867990859 89.99048674851656
      vertex 23.658865069857157 -132.82387840304875 89.96201938390732
    endloop
  endfacet
  facet normal 0.20058084170147913 0.08183055114279221 0.9762535976077082
    outer loop
      vertex 19.906600015982903 -123.6264274231596 89.96201938390732
      vertex 23.658865069857157 -132.82387840304875 89.96201938390732
      vertex 23.859294749975263 -132.75200406882044 89.91481456905603
    endloop
  endfacet
  facet normal 0.27866151849991355 0.11368496336790028 0.9536369787352845
    outer loop
      vertex 20.100108353015173 -123.53758767928323 89.91481456905603
      vertex 23.859294749975263 -132.75200406882044 89.91481456905603
      vertex 24.05508904576746 -132.68179198921487 89.84923154860735
    endloop
  endfacet
  facet normal 0.35461103442511765 0.1446699302992754 0.9237540936478446
    outer loop
      vertex 20.289141377250047 -123.45080255304654 89.84923154860735
      vertex 24.05508904576746 -132.68179198921487 89.84923154860735
      vertex 24.244757838943713 -132.61377652251653 89.76576946675777
    endloop
  endfacet
  facet normal -0.20058084170148377 -0.08183055114279394 0.9762535976077071
    outer loop
      vertex 18.92403381880186 -124.07752390116084 89.91481456905603
      vertex 22.84158444551936 -133.11695625817165 89.96201938390732
      vertex 19.117542155834116 -123.98868415728448 89.96201938390732
    endloop
  endfacet
  facet normal -0.12096574250512468 -0.049350143785533915 0.9914291968913015
    outer loop
      vertex 19.117542155834116 -123.98868415728448 89.96201938390732
      vertex 23.04512413592242 -133.0439666703614 89.99048674851656
      vertex 19.314053106641154 -123.89846591239467 89.99048674851656
    endloop
  endfacet
  facet normal -0.04042501805040387 -0.016492111006020736 0.9990464594753288
    outer loop
      vertex 19.314053106641154 -123.89846591239467 89.99048674851656
      vertex 23.250224757688258 -132.9704173306102 90
      vertex 19.512071085908516 -123.80755579022204 90
    endloop
  endfacet
  facet normal 0.04042501805040386 0.016492111006020767 0.9990464594753288
    outer loop
      vertex 19.512071085908516 -123.80755579022204 90
      vertex 23.45532537945411 -132.896867990859 89.99048674851656
      vertex 19.71008906517588 -123.71664566804941 89.99048674851656
    endloop
  endfacet
  facet normal 0.12096574250513187 0.04935014378553698 0.9914291968913004
    outer loop
      vertex 19.71008906517588 -123.71664566804941 89.99048674851656
      vertex 23.658865069857157 -132.82387840304875 89.96201938390732
      vertex 19.906600015982903 -123.6264274231596 89.96201938390732
    endloop
  endfacet
  facet normal 0.200580841701472 0.08183055114278912 0.9762535976077099
    outer loop
      vertex 19.906600015982903 -123.6264274231596 89.96201938390732
      vertex 23.859294749975263 -132.75200406882044 89.91481456905603
      vertex 20.100108353015173 -123.53758767928323 89.91481456905603
    endloop
  endfacet
  facet normal 0.2786615184999147 0.11368496336790081 0.9536369787352841
    outer loop
      vertex 20.100108353015173 -123.53758767928323 89.91481456905603
      vertex 24.05508904576746 -132.68179198921487 89.84923154860735
      vertex 20.289141377250047 -123.45080255304654 89.84923154860735
    endloop
  endfacet
  facet normal 0.3546110344251219 0.14466993029927724 0.9237540936478427
    outer loop
      vertex 20.289141377250047 -123.45080255304654 89.84923154860735
      vertex 24.244757838943713 -132.61377652251653 89.76576946675777
      vertex 20.472260427945656 -123.36673253408932 89.76576946675777
    endloop
  endfacet
  facet normal 0.42784978406331226 0.17454899151501238 0.8868355043851531
    outer loop
      vertex 20.472260427945656 -123.36673253408932 89.76576946675777
      vertex 24.426857635489228 -132.54847530748637 89.66506350785494
      vertex 20.64807185858143 -123.28601744600704 89.66506350785494
    endloop
  endfacet
  facet normal 0.4978194387315093 0.2030943668170608 0.8431657515507982
    outer loop
      vertex 20.64807185858143 -123.28601744600704 89.66506350785494
      vertex 24.600002541445292 -132.48638532743308 89.54788011312485
      vertex 20.815237633617457 -123.20927158137476 89.54788011312485
    endloop
  endfacet
  facet normal 0.5639875271294675 0.23008882499033018 0.7930808293339068
    outer loop
      vertex 20.815237633617457 -123.20927158137476 89.54788011312485
      vertex 24.762874824906675 -132.42797912266775 89.41511110961437
      vertex 20.972485525759424 -123.13707902017953 89.41511110961437
    endloop
  endfacet
  facet normal 0.6829417189621119 0.2786183206083508 0.6752499092354312
    outer loop
      vertex 21.118618785078354 -123.06998919072404 89.26776695251465
      vertex 25.052930914659584 -132.3239646457321 89.10696902126074
      vertex 21.25252524612965 -123.00851268854521 89.10696902126074
    endloop
  endfacet
  facet normal 0.6258513217497215 0.2553272693333551 0.736965473138938
    outer loop
      vertex 21.118618785078354 -123.06998919072404 89.26776695251465
      vertex 20.972485525759424 -123.13707902017953 89.41511110961437
      vertex 24.914234930983255 -132.3737011991258 89.26776695251465
    endloop
  endfacet
  facet normal 0.7348266216855902 0.29978569706283387 0.6084064200012137
    outer loop
      vertex 21.373185798589574 -122.95311738754205 88.93394108861685
      vertex 21.25252524612965 -123.00851268854521 89.10696902126074
      vertex 25.17790721440622 -132.27914798817264 88.93394108861685
    endloop
  endfacet
  facet normal 0.7811141039903221 0.31866950548580236 0.5369455305902363
    outer loop
      vertex 21.373185798589574 -122.95311738754205 88.93394108861685
      vertex 25.288212682383616 -132.23959230925348 88.75
      vertex 21.47968214015583 -122.90422488061644 88.75
    endloop
  endfacet
  facet normal 0.8214551425157399 0.33512735553870193 0.46141207656939565
    outer loop
      vertex 21.47968214015583 -122.90422488061644 88.75
      vertex 25.383007836172055 -132.20559864842141 88.55654565244913
      vertex 21.57120377785695 -122.86220726536942 88.55654565244913
    endloop
  endfacet
  facet normal -0.9108361320342124 -0.28302973983794005 0.30045250364778603
    outer loop
      vertex 20.977144585093 -133.78554672639933 88.1470476090908
      vertex 23.852036696445808 -143.03742114857002 88.1470476090908
      vertex 23.915445086468154 -143.02067275623088 88.355050355196
    endloop
  endfacet
  facet normal -0.8823860361853618 -0.27418926574686237 0.38238086993766
    outer loop
      vertex 21.038878295561332 -133.76340894053476 88.355050355196
      vertex 23.915445086468154 -143.02067275623088 88.355050355196
      vertex 23.996139696167262 -142.99935846355731 88.55654565244913
    endloop
  endfacet
  facet normal -0.8472255628234144 -0.26326363458422525 0.4614120765693637
    outer loop
      vertex 21.11744167920446 -133.735236012799 88.55654565244913
      vertex 23.996139696167262 -142.99935846355731 88.55654565244913
      vertex 24.093506402915423 -142.9736404819966 88.75
    endloop
  endfacet
  facet normal -0.8056189585176337 -0.2503349573194077 0.5369455305902581
    outer loop
      vertex 21.2122368329929 -133.70124235196693 88.75
      vertex 24.093506402915423 -142.9736404819966 88.75
      vertex 24.206804179479448 -142.94371454297846 88.93394108861685
    endloop
  endfacet
  facet normal -0.7578793605559194 -0.2355005370369182 0.6084064200011976
    outer loop
      vertex 21.322542300970312 -133.66168667304777 88.93394108861685
      vertex 24.206804179479448 -142.94371454297846 88.93394108861685
      vertex 24.335170770403053 -142.90980839858227 89.10696902126074
    endloop
  endfacet
  facet normal -0.7043667417447192 -0.21887223031136552 0.6752499092354302
    outer loop
      vertex 21.447518600716947 -133.6168700154883 89.10696902126074
      vertex 24.335170770403053 -142.90980839858227 89.10696902126074
      vertex 24.47762922560952 -142.8721800957822 89.26776695251465
    endloop
  endfacet
  facet normal -0.645485323385161 -0.20057564332554118 0.7369654731389385
    outer loop
      vertex 21.586214584393275 -133.56713346209457 89.26776695251465
      vertex 24.47762922560952 -142.8721800957822 89.26776695251465
      vertex 24.633095348852706 -142.8311160090485 89.41511110961437
    endloop
  endfacet
  facet normal -0.5816807581656805 -0.18074925649324605 0.7930808293338946
    outer loop
      vertex 21.737574690469856 -133.51285553855266 89.41511110961437
      vertex 24.633095348852706 -142.8311160090485 89.41511110961437
      vertex 24.800385945760013 -142.78692866174845 89.54788011312485
    endloop
  endfacet
  facet normal -0.5134368662810417 -0.15954341025337332 0.8431657515508013
    outer loop
      vertex 21.90044697393124 -133.4544493337873 89.54788011312485
      vertex 24.800385945760013 -142.78692866174845 89.54788011312485
      vertex 24.978227835449715 -142.73995434586044 89.66506350785494
    endloop
  endfacet
  facet normal -0.44127214664061254 -0.13711922097610713 0.8868355043851656
    outer loop
      vertex 22.073591879887303 -133.39235935373404 89.66506350785494
      vertex 24.978227835449715 -142.73995434586044 89.66506350785494
      vertex 25.165267539280123 -142.69055056283355 89.76576946675777
    endloop
  endfacet
  facet normal -0.5134368662810535 -0.15954341025337732 0.8431657515507932
    outer loop
      vertex 21.90044697393124 -133.4544493337873 89.54788011312485
      vertex 24.978227835449715 -142.73995434586044 89.66506350785494
      vertex 22.073591879887303 -133.39235935373404 89.66506350785494
    endloop
  endfacet
  facet normal -0.44127214664060194 -0.13711922097610355 0.8868355043851714
    outer loop
      vertex 22.073591879887303 -133.39235935373404 89.66506350785494
      vertex 25.165267539280123 -142.69055056283355 89.76576946675777
      vertex 22.255691676432818 -133.32705813870385 89.76576946675777
    endloop
  endfacet
  facet normal -0.3657357750590493 -0.11364733745597845 0.9237540936478298
    outer loop
      vertex 22.255691676432818 -133.32705813870385 89.76576946675777
      vertex 25.360081567491775 -142.63909330652237 89.84923154860735
      vertex 22.445360469609057 -133.25904267200553 89.84923154860735
    endloop
  endfacet
  facet normal 0.4278497840632962 0.1745489915150054 0.8868355043851622
    outer loop
      vertex 20.472260427945656 -123.36673253408932 89.76576946675777
      vertex 24.244757838943713 -132.61377652251653 89.76576946675777
      vertex 24.426857635489228 -132.54847530748637 89.66506350785494
    endloop
  endfacet
  facet normal 0.497819438731498 0.20309436681705587 0.843165751550806
    outer loop
      vertex 20.64807185858143 -123.28601744600704 89.66506350785494
      vertex 24.426857635489228 -132.54847530748637 89.66506350785494
      vertex 24.600002541445292 -132.48638532743308 89.54788011312485
    endloop
  endfacet
  facet normal -0.28740359592280024 -0.08930669537763042 0.9536369787352894
    outer loop
      vertex 22.445360469609057 -133.25904267200553 89.84923154860735
      vertex 25.561187267725245 -142.58597419771104 89.91481456905603
      vertex 22.641154765401268 -133.18883059239997 89.91481456905603
    endloop
  endfacet
  facet normal -0.20687339783606049 -0.0642830492880926 0.9762535976077055
    outer loop
      vertex 22.641154765401268 -133.18883059239997 89.91481456905603
      vertex 25.767054098546993 -142.5315975063772 89.96201938390732
      vertex 22.84158444551936 -133.11695625817165 89.96201938390732
    endloop
  endfacet
  facet normal -0.12476063995702852 -0.03876764461483429 0.9914291968913013
    outer loop
      vertex 22.84158444551936 -133.11695625817165 89.96201938390732
      vertex 25.976115306373245 -142.47637706740477 89.99048674851656
      vertex 23.04512413592242 -133.0439666703614 89.99048674851656
    endloop
  endfacet
  facet normal -0.04169321840874916 -0.012955591400266779 0.9990464594753288
    outer loop
      vertex 23.04512413592242 -133.0439666703614 89.99048674851656
      vertex 26.18677978968543 -142.4207331468259 90
      vertex 23.250224757688258 -132.9704173306102 90
    endloop
  endfacet
  facet normal -0.3657357750590304 -0.11364733745597205 0.9237540936478382
    outer loop
      vertex 22.255691676432818 -133.32705813870385 89.76576946675777
      vertex 25.165267539280123 -142.69055056283355 89.76576946675777
      vertex 25.360081567491775 -142.63909330652237 89.84923154860735
    endloop
  endfacet
  facet normal -0.2874035959228078 -0.08930669537763296 0.9536369787352869
    outer loop
      vertex 22.445360469609057 -133.25904267200553 89.84923154860735
      vertex 25.360081567491775 -142.63909330652237 89.84923154860735
      vertex 25.561187267725245 -142.58597419771104 89.91481456905603
    endloop
  endfacet
  facet normal -0.20687339783605763 -0.06428304928809166 0.9762535976077061
    outer loop
      vertex 22.641154765401268 -133.18883059239997 89.91481456905603
      vertex 25.561187267725245 -142.58597419771104 89.91481456905603
      vertex 25.767054098546993 -142.5315975063772 89.96201938390732
    endloop
  endfacet
  facet normal -0.12476063995703199 -0.03876764461483546 0.9914291968913007
    outer loop
      vertex 22.84158444551936 -133.11695625817165 89.96201938390732
      vertex 25.767054098546993 -142.5315975063772 89.96201938390732
      vertex 25.976115306373245 -142.47637706740477 89.99048674851656
    endloop
  endfacet
  facet normal -0.041693218408747824 -0.01295559140026633 0.9990464594753288
    outer loop
      vertex 23.04512413592242 -133.0439666703614 89.99048674851656
      vertex 25.976115306373245 -142.47637706740477 89.99048674851656
      vertex 26.18677978968543 -142.4207331468259 90
    endloop
  endfacet
  facet normal 0.041693218408749406 0.012955591400266855 0.9990464594753288
    outer loop
      vertex 23.250224757688258 -132.9704173306102 90
      vertex 26.18677978968543 -142.4207331468259 90
      vertex 26.397444272997618 -142.36508922624708 89.99048674851656
    endloop
  endfacet
  facet normal 0.12476063995703202 0.038767644614835395 0.9914291968913009
    outer loop
      vertex 23.45532537945411 -132.896867990859 89.99048674851656
      vertex 26.397444272997618 -142.36508922624708 89.99048674851656
      vertex 26.60650548082387 -142.30986878727464 89.96201938390732
    endloop
  endfacet
  facet normal 0.041693218408748185 0.01295559140026645 0.9990464594753288
    outer loop
      vertex 23.250224757688258 -132.9704173306102 90
      vertex 26.397444272997618 -142.36508922624708 89.99048674851656
      vertex 23.45532537945411 -132.896867990859 89.99048674851656
    endloop
  endfacet
  facet normal 0.12476063995703617 0.03876764461483678 0.9914291968913002
    outer loop
      vertex 23.45532537945411 -132.896867990859 89.99048674851656
      vertex 26.60650548082387 -142.30986878727464 89.96201938390732
      vertex 23.658865069857157 -132.82387840304875 89.96201938390732
    endloop
  endfacet
  facet normal 0.20687339783604797 0.0642830492880885 0.9762535976077084
    outer loop
      vertex 23.658865069857157 -132.82387840304875 89.96201938390732
      vertex 26.812372311645618 -142.2554920959408 89.91481456905603
      vertex 23.859294749975263 -132.75200406882044 89.91481456905603
    endloop
  endfacet
  facet normal 0.28740359592281733 0.08930669537763579 0.9536369787352836
    outer loop
      vertex 23.859294749975263 -132.75200406882044 89.91481456905603
      vertex 27.013478011879087 -142.20237298712948 89.84923154860735
      vertex 24.05508904576746 -132.68179198921487 89.84923154860735
    endloop
  endfacet
  facet normal 0.36573577505901533 0.11364733745596732 0.9237540936478446
    outer loop
      vertex 24.05508904576746 -132.68179198921487 89.84923154860735
      vertex 27.20829204009074 -142.1509157308183 89.76576946675777
      vertex 24.244757838943713 -132.61377652251653 89.76576946675777
    endloop
  endfacet
  facet normal 0.4412721466406169 0.13711922097610862 0.8868355043851632
    outer loop
      vertex 24.244757838943713 -132.61377652251653 89.76576946675777
      vertex 27.395331743921147 -142.10151194779138 89.66506350785494
      vertex 24.426857635489228 -132.54847530748637 89.66506350785494
    endloop
  endfacet
  facet normal 0.9250312773056688 0.3773830970302778 0.04357905554367598
    outer loop
      vertex 21.784072631254347 -122.76447910179202 87.5
      vertex 21.7754269824257 -122.76844832213345 87.71788935363293
      vertex 25.603490513290183 -132.12653328436252 87.5
    endloop
  endfacet
  facet normal 0.918004089884188 0.37451622991173406 0.1304073789653218
    outer loop
      vertex 21.7754269824257 -122.76844832213345 87.71788935363293
      vertex 21.749555823872043 -122.7803257798954 87.93412044644356
      vertex 25.594535629714017 -132.12974451682447 87.71788935363293
    endloop
  endfacet
  facet normal 0.9040023249980724 0.3688039588499358 0.21624855221410005
    outer loop
      vertex 21.7066560589561 -122.80002107667663 88.1470476090908
      vertex 25.567739119999146 -132.13935377875742 87.93412044644356
      vertex 21.749555823872043 -122.7803257798954 87.93412044644356
    endloop
  endfacet
  facet normal 0.8831308419864016 0.36028906309257097 0.3004525036478593
    outer loop
      vertex 21.7066560589561 -122.80002107667663 88.1470476090908
      vertex 21.64705416943295 -122.82738432459138 88.355050355196
      vertex 25.52330493028353 -132.15528793482108 88.1470476090908
    endloop
  endfacet
  facet normal 0.8555461248041404 0.3490353830751062 0.3823808699375952
    outer loop
      vertex 21.57120377785695 -122.86220726536942 88.55654565244913
      vertex 25.461571219815198 -132.17742572068562 88.355050355196
      vertex 21.64705416943295 -122.82738432459138 88.355050355196
    endloop
  endfacet
  facet normal 0.5639875271294985 0.23008882499034378 0.7930808293338808
    outer loop
      vertex 20.815237633617457 -123.20927158137476 89.54788011312485
      vertex 24.600002541445292 -132.48638532743308 89.54788011312485
      vertex 24.762874824906675 -132.42797912266775 89.41511110961437
    endloop
  endfacet
  facet normal 0.855546124804116 0.3490353830750946 0.3823808699376607
    outer loop
      vertex 21.57120377785695 -122.86220726536942 88.55654565244913
      vertex 25.383007836172055 -132.20559864842141 88.55654565244913
      vertex 25.461571219815198 -132.17742572068562 88.355050355196
    endloop
  endfacet
  facet normal 0.6829417189620973 0.27861832060834424 0.6752499092354486
    outer loop
      vertex 21.118618785078354 -123.06998919072404 89.26776695251465
      vertex 24.914234930983255 -132.3737011991258 89.26776695251465
      vertex 25.052930914659584 -132.3239646457321 89.10696902126074
    endloop
  endfacet
  facet normal 0.7348266216856006 0.2997856970628386 0.6084064200011987
    outer loop
      vertex 21.25252524612965 -123.00851268854521 89.10696902126074
      vertex 25.052930914659584 -132.3239646457321 89.10696902126074
      vertex 25.17790721440622 -132.27914798817264 88.93394108861685
    endloop
  endfacet
  facet normal 0.6258513217497222 0.2553272693333554 0.7369654731389376
    outer loop
      vertex 20.972485525759424 -123.13707902017953 89.41511110961437
      vertex 24.762874824906675 -132.42797912266775 89.41511110961437
      vertex 24.914234930983255 -132.3737011991258 89.26776695251465
    endloop
  endfacet
  facet normal 0.7811141039903173 0.31866950548580014 0.5369455305902445
    outer loop
      vertex 21.373185798589574 -122.95311738754205 88.93394108861685
      vertex 25.17790721440622 -132.27914798817264 88.93394108861685
      vertex 25.288212682383616 -132.23959230925348 88.75
    endloop
  endfacet
  facet normal 0.8214551425157596 0.33512735553871104 0.4614120765693541
    outer loop
      vertex 21.47968214015583 -122.90422488061644 88.75
      vertex 25.288212682383616 -132.23959230925348 88.75
      vertex 25.383007836172055 -132.20559864842141 88.55654565244913
    endloop
  endfacet
  facet normal 0.9250312773056667 0.37738309703027534 0.04357905554374386
    outer loop
      vertex 21.7754269824257 -122.76844832213345 87.71788935363293
      vertex 25.594535629714017 -132.12974451682447 87.71788935363293
      vertex 25.603490513290183 -132.12653328436252 87.5
    endloop
  endfacet
  facet normal 0.9180040898841909 0.37451622991173594 0.13040737896529567
    outer loop
      vertex 21.749555823872043 -122.7803257798954 87.93412044644356
      vertex 25.567739119999146 -132.13935377875742 87.93412044644356
      vertex 25.594535629714017 -132.12974451682447 87.71788935363293
    endloop
  endfacet
  facet normal 0.9040023249980672 0.368803958849933 0.21624855221412653
    outer loop
      vertex 21.7066560589561 -122.80002107667663 88.1470476090908
      vertex 25.52330493028353 -132.15528793482108 88.1470476090908
      vertex 25.567739119999146 -132.13935377875742 87.93412044644356
    endloop
  endfacet
  facet normal 0.8831308419864176 0.36028906309257885 0.3004525036478026
    outer loop
      vertex 21.64705416943295 -122.82738432459138 88.355050355196
      vertex 25.461571219815198 -132.17742572068562 88.355050355196
      vertex 25.52330493028353 -132.15528793482108 88.1470476090908
    endloop
  endfacet
  facet normal -0.9982771143752818 -0.042991992268605686 0.03993108457501131
    outer loop
      vertex 23.596424617445905 -162.41803440747535 0
      vertex 27.5 -171.78908345800275 87.5
      vertex 27.083465774886832 -162.11712916273365 87.5
    endloop
  endfacet
  facet normal 0.9541966417009322 0.29650341895385646 0.03993108457501137
    outer loop
      vertex 31.987829170016852 -140.88847139146017 0
      vertex 25.603490513290183 -132.12653328436252 87.5
      vertex 28.60388369815685 -141.78229074875685 87.5
    endloop
  endfacet
  facet normal 0.9908848195435566 0.12865761882918786 0.0399310845750113
    outer loop
      vertex 35.5519943001005 -161.38635928264665 0
      vertex 30.763034115626894 -151.66025010024947 87.5
      vertex 32.064953142659576 -161.68726452738835 87.5
    endloop
  endfacet
  facet normal 0.9761549702143212 0.21337052891751668 0.03993108457501144
    outer loop
      vertex 34.211294706305154 -151.0606678300185 0
      vertex 28.60388369815685 -141.78229074875685 87.5
      vertex 30.763034115626894 -151.66025010024947 87.5
    endloop
  endfacet
  facet normal 0.9982771143752818 0.04299199226860613 0.03993108457501127
    outer loop
      vertex 36 -171.78908345800275 0
      vertex 32.064953142659576 -161.68726452738835 87.5
      vertex 32.5 -171.78908345800275 87.5
    endloop
  endfacet
  facet normal -0.9907336341170351 -0.12863798874040808 0.0435790555436412
    outer loop
      vertex 27.083465774886832 -162.11712916273365 87.5
      vertex 27.09294380330506 -162.11631128065767 87.71788935363293
      vertex 25.836947557515117 -152.5167962005794 87.5
    endloop
  endfacet
  facet normal -0.9832073254369755 -0.12766076420910696 0.13040737896536456
    outer loop
      vertex 27.09294380330506 -162.11631128065767 87.71788935363293
      vertex 27.121305766744015 -162.11386385799628 87.93412044644356
      vertex 25.846320177566426 -152.51516649288746 87.71788935363293
    endloop
  endfacet
  facet normal -0.9682110547702442 -0.12571363126565638 0.21624855221409886
    outer loop
      vertex 27.121305766744015 -162.11386385799628 87.93412044644356
      vertex 27.168335804519955 -162.10980552189176 88.1470476090908
      vertex 25.874366717995713 -152.51028977085892 87.93412044644356
    endloop
  endfacet
  facet normal -0.9458571293183662 -0.12281117200561018 0.30045250364779497
    outer loop
      vertex 27.168335804519955 -162.10980552189176 88.1470476090908
      vertex 27.23367600210105 -162.10416715765774 88.355050355196
      vertex 25.92087371877912 -152.5022031508434 88.1470476090908
    endloop
  endfacet
  facet normal -0.9981248010606069 -0.042985432714397136 0.04357905554369199
    outer loop
      vertex 27.5 -171.78908345800275 87.5
      vertex 27.50951325148344 -171.78908345800275 87.71788935363293
      vertex 27.083465774886832 -162.11712916273365 87.5
    endloop
  endfacet
  facet normal -0.9905423438841198 -0.04265888517001975 0.13040737896532317
    outer loop
      vertex 27.50951325148344 -171.78908345800275 87.71788935363293
      vertex 27.537980616092682 -171.78908345800275 87.93412044644356
      vertex 27.09294380330506 -162.11631128065767 87.71788935363293
    endloop
  endfacet
  facet normal -0.9754341965875647 -0.04200823482212116 0.21624855221411668
    outer loop
      vertex 27.537980616092682 -171.78908345800275 87.93412044644356
      vertex 27.585185430943966 -171.78908345800275 88.1470476090908
      vertex 27.121305766744015 -162.11386385799628 87.93412044644356
    endloop
  endfacet
  facet normal -0.9529135042175437 -0.04103835439682356 0.30045250364781784
    outer loop
      vertex 27.585185430943966 -171.78908345800275 88.1470476090908
      vertex 27.65076845139265 -171.78908345800275 88.355050355196
      vertex 27.168335804519955 -162.10980552189176 88.1470476090908
    endloop
  endfacet
  facet normal -0.9981248010606091 -0.04298543271439842 0.043579055543639576
    outer loop
      vertex 27.50951325148344 -171.78908345800275 87.71788935363293
      vertex 27.09294380330506 -162.11631128065767 87.71788935363293
      vertex 27.083465774886832 -162.11712916273365 87.5
    endloop
  endfacet
  facet normal -0.990542343884114 -0.04265888517001848 0.13040737896536797
    outer loop
      vertex 27.537980616092682 -171.78908345800275 87.93412044644356
      vertex 27.121305766744015 -162.11386385799628 87.93412044644356
      vertex 27.09294380330506 -162.11631128065767 87.71788935363293
    endloop
  endfacet
  facet normal -0.9754341965875689 -0.042008234822121786 0.21624855221409742
    outer loop
      vertex 27.585185430943966 -171.78908345800275 88.1470476090908
      vertex 27.168335804519955 -162.10980552189176 88.1470476090908
      vertex 27.121305766744015 -162.11386385799628 87.93412044644356
    endloop
  endfacet
  facet normal -0.9529135042175526 -0.0410383543968246 0.30045250364778964
    outer loop
      vertex 27.65076845139265 -171.78908345800275 88.355050355196
      vertex 27.23367600210105 -162.10416715765774 88.355050355196
      vertex 27.168335804519955 -162.10980552189176 88.1470476090908
    endloop
  endfacet
  facet normal -0.9231491156769941 -0.03975651557312653 0.3823808699376413
    outer loop
      vertex 27.734230533242226 -171.78908345800275 88.55654565244913
      vertex 27.316829063385384 -162.09699167818187 88.55654565244913
      vertex 27.23367600210105 -162.10416715765774 88.355050355196
    endloop
  endfacet
  facet normal -0.9231491156769943 -0.03975651557312655 0.382380869937641
    outer loop
      vertex 27.65076845139265 -171.78908345800275 88.355050355196
      vertex 27.734230533242226 -171.78908345800275 88.55654565244913
      vertex 27.23367600210105 -162.10416715765774 88.355050355196
    endloop
  endfacet
  facet normal -0.8863643541782846 -0.038172336031011375 0.4614120765693591
    outer loop
      vertex 27.734230533242226 -171.78908345800275 88.55654565244913
      vertex 27.83493649214506 -171.78908345800275 88.75
      vertex 27.316829063385384 -162.09699167818187 88.55654565244913
    endloop
  endfacet
  facet normal -0.8428356735372754 -0.03629772158314541 0.5369455305902451
    outer loop
      vertex 27.83493649214506 -171.78908345800275 88.75
      vertex 27.952119886875153 -171.78908345800275 88.93394108861685
      vertex 27.41716215581218 -162.0883336921217 88.75
    endloop
  endfacet
  facet normal -0.8863643541782649 -0.038172336031009564 0.4614120765693971
    outer loop
      vertex 27.83493649214506 -171.78908345800275 88.75
      vertex 27.41716215581218 -162.0883336921217 88.75
      vertex 27.316829063385384 -162.09699167818187 88.55654565244913
    endloop
  endfacet
  facet normal -0.8428356735372714 -0.03629772158314507 0.5369455305902515
    outer loop
      vertex 27.952119886875153 -171.78908345800275 88.93394108861685
      vertex 27.533911675924315 -162.07825909267285 88.93394108861685
      vertex 27.41716215581218 -162.0883336921217 88.75
    endloop
  endfacet
  facet normal -0.792890676864762 -0.0341467808474719 0.6084064200012145
    outer loop
      vertex 27.952119886875153 -171.78908345800275 88.93394108861685
      vertex 28.084888890385628 -171.78908345800275 89.10696902126074
      vertex 27.533911675924315 -162.07825909267285 88.93394108861685
    endloop
  endfacet
  facet normal -0.7369059664236489 -0.031735732648745914 0.675249909235444
    outer loop
      vertex 28.084888890385628 -171.78908345800275 89.10696902126074
      vertex 28.23223304748535 -171.78908345800275 89.26776695251465
      vertex 27.66618909868815 -162.06684455281703 89.10696902126074
    endloop
  endfacet
  facet normal -0.9163131476492188 -0.1189751476188019 0.38238086993763837
    outer loop
      vertex 27.23367600210105 -162.10416715765774 88.355050355196
      vertex 27.316829063385384 -162.09699167818187 88.55654565244913
      vertex 25.985487245873657 -152.49096817476075 88.355050355196
    endloop
  endfacet
  facet normal -0.879800779254966 -0.11423433992575228 0.4614120765693962
    outer loop
      vertex 27.316829063385384 -162.09699167818187 88.55654565244913
      vertex 27.41716215581218 -162.0883336921217 88.75
      vertex 26.067715533775896 -152.47667035061403 88.55654565244913
    endloop
  endfacet
  facet normal -0.8365944307963884 -0.1086243782012967 0.5369455305902534
    outer loop
      vertex 27.41716215581218 -162.0883336921217 88.75
      vertex 27.533911675924315 -162.07825909267285 88.93394108861685
      vertex 26.166932787870493 -152.45941849133837 88.75
    endloop
  endfacet
  facet normal -0.7870192794658954 -0.10218748382419295 0.6084064200011889
    outer loop
      vertex 27.533911675924315 -162.07825909267285 88.93394108861685
      vertex 27.66618909868815 -162.06684455281703 89.10696902126074
      vertex 26.282383896993252 -152.43934389538248 88.93394108861685
    endloop
  endfacet
  facet normal -0.7314491387666666 -0.09497219316744414 0.6752499092354382
    outer loop
      vertex 27.66618909868815 -162.06684455281703 89.10696902126074
      vertex 27.812987710149628 -162.05417694434465 89.26776695251465
      vertex 26.413190217698627 -152.41659934094216 89.10696902126074
    endloop
  endfacet
  facet normal -0.67030377201954 -0.08703300878096132 0.7369654731389456
    outer loop
      vertex 27.812987710149628 -162.05417694434465 89.26776695251465
      vertex 27.973190282810705 -162.04035267552808 89.41511110961437
      vertex 26.558356232039685 -152.39135792830814 89.26776695251465
    endloop
  endfacet
  facet normal -0.7928906768647785 -0.034146780847473225 0.6084064200011928
    outer loop
      vertex 28.084888890385628 -171.78908345800275 89.10696902126074
      vertex 27.66618909868815 -162.06684455281703 89.10696902126074
      vertex 27.533911675924315 -162.07825909267285 88.93394108861685
    endloop
  endfacet
  facet normal -0.7369059664236539 -0.031735732648746295 0.6752499092354386
    outer loop
      vertex 27.66618909868815 -162.06684455281703 89.10696902126074
      vertex 28.23223304748535 -171.78908345800275 89.26776695251465
      vertex 27.812987710149628 -162.05417694434465 89.26776695251465
    endloop
  endfacet
  facet normal -0.6753044370936816 -0.02908278945837122 0.7369654731389428
    outer loop
      vertex 27.812987710149628 -162.05417694434465 89.26776695251465
      vertex 28.39303097873926 -171.78908345800275 89.41511110961437
      vertex 27.973190282810705 -162.04035267552808 89.41511110961437
    endloop
  endfacet
  facet normal -0.6040459669398336 -0.07843001955126558 0.7930808293338766
    outer loop
      vertex 27.973190282810705 -162.04035267552808 89.41511110961437
      vertex 28.145577574958168 -162.025476957694 89.54788011312485
      vertex 26.71677713758409 -152.3638117601168 89.41511110961437
    endloop
  endfacet
  facet normal -0.5331781462623656 -0.06922846062115905 0.843165751550816
    outer loop
      vertex 26.887247252219083 -152.33417047992594 89.54788011312485
      vertex 28.145577574958168 -162.025476957694 89.54788011312485
      vertex 28.328837616830015 -162.00966300389732 89.66506350785494
    endloop
  endfacet
  facet normal -0.4582387448085772 -0.05949824298398765 0.8868355043851582
    outer loop
      vertex 27.068469197043058 -152.3026596754969 89.66506350785494
      vertex 28.328837616830015 -162.00966300389732 89.66506350785494
      vertex 28.52157569454309 -161.99303116738415 89.76576946675777
    endloop
  endfacet
  facet normal -0.9907336341170315 -0.12863798874040563 0.043579055543728144
    outer loop
      vertex 27.09294380330506 -162.11631128065767 87.71788935363293
      vertex 25.846320177566426 -152.51516649288746 87.71788935363293
      vertex 25.836947557515117 -152.5167962005794 87.5
    endloop
  endfacet
  facet normal -0.9832073254369829 -0.12766076420910927 0.13040737896530735
    outer loop
      vertex 27.121305766744015 -162.11386385799628 87.93412044644356
      vertex 25.874366717995713 -152.51028977085892 87.93412044644356
      vertex 25.846320177566426 -152.51516649288746 87.71788935363293
    endloop
  endfacet
  facet normal -0.9682110547702475 -0.12571363126565724 0.216248552214083
    outer loop
      vertex 27.168335804519955 -162.10980552189176 88.1470476090908
      vertex 25.92087371877912 -152.5022031508434 88.1470476090908
      vertex 25.874366717995713 -152.51028977085892 87.93412044644356
    endloop
  endfacet
  facet normal -0.945857129318345 -0.12281117200560582 0.30045250364786313
    outer loop
      vertex 27.23367600210105 -162.10416715765774 88.355050355196
      vertex 25.985487245873657 -152.49096817476075 88.355050355196
      vertex 25.92087371877912 -152.5022031508434 88.1470476090908
    endloop
  endfacet
  facet normal -0.9163131476492262 -0.11897514761880329 0.38238086993762005
    outer loop
      vertex 27.316829063385384 -162.09699167818187 88.55654565244913
      vertex 26.067715533775896 -152.47667035061403 88.55654565244913
      vertex 25.985487245873657 -152.49096817476075 88.355050355196
    endloop
  endfacet
  facet normal -0.8798007792549921 -0.11423433992575699 0.46141207656934546
    outer loop
      vertex 27.41716215581218 -162.0883336921217 88.75
      vertex 26.166932787870493 -152.45941849133837 88.75
      vertex 26.067715533775896 -152.47667035061403 88.55654565244913
    endloop
  endfacet
  facet normal -0.8365944307964011 -0.10862437820129886 0.5369455305902332
    outer loop
      vertex 27.533911675924315 -162.07825909267285 88.93394108861685
      vertex 26.282383896993252 -152.43934389538248 88.93394108861685
      vertex 26.166932787870493 -152.45941849133837 88.75
    endloop
  endfacet
  facet normal -0.7870192794658633 -0.10218748382418757 0.6084064200012315
    outer loop
      vertex 27.66618909868815 -162.06684455281703 89.10696902126074
      vertex 26.413190217698627 -152.41659934094216 89.10696902126074
      vertex 26.282383896993252 -152.43934389538248 88.93394108861685
    endloop
  endfacet
  facet normal -0.8241581620472399 -0.1801466655536251 0.5369455305902319
    outer loop
      vertex 24.093506402915423 -142.9736404819966 88.75
      vertex 26.166932787870493 -152.45941849133837 88.75
      vertex 26.282383896993252 -152.43934389538248 88.93394108861685
    endloop
  endfacet
  facet normal -0.7753199626763737 -0.16947148307839413 0.6084064200012327
    outer loop
      vertex 24.206804179479448 -142.94371454297846 88.93394108861685
      vertex 26.282383896993252 -152.43934389538248 88.93394108861685
      vertex 26.413190217698627 -152.41659934094216 89.10696902126074
    endloop
  endfacet
  facet normal -0.7205758915500983 -0.1575053795725686 0.6752499092354491
    outer loop
      vertex 24.335170770403053 -142.90980839858227 89.10696902126074
      vertex 26.413190217698627 -152.41659934094216 89.10696902126074
      vertex 26.558356232039685 -152.39135792830814 89.26776695251465
    endloop
  endfacet
  facet normal -0.6603394720606637 -0.14433874407028177 0.7369654731389099
    outer loop
      vertex 24.47762922560952 -142.8721800957822 89.26776695251465
      vertex 26.558356232039685 -152.39135792830814 89.26776695251465
      vertex 26.71677713758409 -152.3638117601168 89.41511110961437
    endloop
  endfacet
  facet normal -0.5950666124220246 -0.1300712301918262 0.793080829333909
    outer loop
      vertex 24.633095348852706 -142.8311160090485 89.41511110961437
      vertex 26.71677713758409 -152.3638117601168 89.41511110961437
      vertex 26.887247252219083 -152.33417047992594 89.54788011312485
    endloop
  endfacet
  facet normal -0.5252522666796329 -0.11481102629836697 0.843165751550799
    outer loop
      vertex 24.800385945760013 -142.78692866174845 89.54788011312485
      vertex 27.068469197043058 -152.3026596754969 89.66506350785494
      vertex 24.978227835449715 -142.73995434586044 89.66506350785494
    endloop
  endfacet
  facet normal -0.45142686563277784 -0.09867407535352175 0.8868355043851671
    outer loop
      vertex 24.978227835449715 -142.73995434586044 89.66506350785494
      vertex 27.259063769258788 -152.26951916209958 89.76576946675777
      vertex 25.165267539280123 -142.69055056283355 89.76576946675777
    endloop
  endfacet
  facet normal -0.37415222293452377 -0.08178318006789083 0.9237540936478372
    outer loop
      vertex 25.165267539280123 -142.69055056283355 89.76576946675777
      vertex 27.45758042432307 -152.2350011598802 89.84923154860735
      vertex 25.360081567491775 -142.63909330652237 89.84923154860735
    endloop
  endfacet
  facet normal -0.5252522666796381 -0.11481102629836823 0.8431657515507954
    outer loop
      vertex 24.800385945760013 -142.78692866174845 89.54788011312485
      vertex 26.887247252219083 -152.33417047992594 89.54788011312485
      vertex 27.068469197043058 -152.3026596754969 89.66506350785494
    endloop
  endfacet
  facet normal -0.45142686563277995 -0.09867407535352225 0.886835504385166
    outer loop
      vertex 24.978227835449715 -142.73995434586044 89.66506350785494
      vertex 27.068469197043058 -152.3026596754969 89.66506350785494
      vertex 27.259063769258788 -152.26951916209958 89.76576946675777
    endloop
  endfacet
  facet normal -0.37415222293451045 -0.08178318006788757 0.9237540936478431
    outer loop
      vertex 25.165267539280123 -142.69055056283355 89.76576946675777
      vertex 27.259063769258788 -152.26951916209958 89.76576946675777
      vertex 27.45758042432307 -152.2350011598802 89.84923154860735
    endloop
  endfacet
  facet normal -0.29401743451686485 -0.06426710658458372 0.9536369787352873
    outer loop
      vertex 25.360081567491775 -142.63909330652237 89.84923154860735
      vertex 27.662508330650894 -152.19936837167333 89.91481456905603
      vertex 25.561187267725245 -142.58597419771104 89.91481456905603
    endloop
  endfacet
  facet normal -0.21163404551793252 -0.046259528053420707 0.9762535976077059
    outer loop
      vertex 27.872287857405595 -152.16289198550936 89.96201938390732
      vertex 25.767054098546993 -142.5315975063772 89.96201938390732
      vertex 25.561187267725245 -142.58597419771104 89.91481456905603
    endloop
  endfacet
  facet normal -0.12763167827135005 -0.02789806898530594 0.9914291968913008
    outer loop
      vertex 28.085322473353642 -152.12584960564595 89.99048674851656
      vertex 25.976115306373245 -142.47637706740477 89.99048674851656
      vertex 25.767054098546993 -142.5315975063772 89.96201938390732
    endloop
  endfacet
  facet normal -0.7314491387666537 -0.09497219316744202 0.6752499092354524
    outer loop
      vertex 27.812987710149628 -162.05417694434465 89.26776695251465
      vertex 26.558356232039685 -152.39135792830814 89.26776695251465
      vertex 26.413190217698627 -152.41659934094216 89.10696902126074
    endloop
  endfacet
  facet normal -0.6703037720195819 -0.08703300878096806 0.7369654731389065
    outer loop
      vertex 27.973190282810705 -162.04035267552808 89.41511110961437
      vertex 26.71677713758409 -152.3638117601168 89.41511110961437
      vertex 26.558356232039685 -152.39135792830814 89.26776695251465
    endloop
  endfacet
  facet normal -0.60404596693979 -0.07843001955125868 0.7930808293339104
    outer loop
      vertex 26.71677713758409 -152.3638117601168 89.41511110961437
      vertex 28.145577574958168 -162.025476957694 89.54788011312485
      vertex 26.887247252219083 -152.33417047992594 89.54788011312485
    endloop
  endfacet
  facet normal -0.5331781462623978 -0.06922846062116411 0.843165751550795
    outer loop
      vertex 26.887247252219083 -152.33417047992594 89.54788011312485
      vertex 28.328837616830015 -162.00966300389732 89.66506350785494
      vertex 27.068469197043058 -152.3026596754969 89.66506350785494
    endloop
  endfacet
  facet normal -0.458238744808562 -0.059498242983985296 0.8868355043851661
    outer loop
      vertex 27.068469197043058 -152.3026596754969 89.66506350785494
      vertex 28.52157569454309 -161.99303116738415 89.76576946675777
      vertex 27.259063769258788 -152.26951916209958 89.76576946675777
    endloop
  endfacet
  facet normal -0.37979805380992215 -0.04931341390581861 0.9237540936478434
    outer loop
      vertex 27.259063769258788 -152.26951916209958 89.76576946675777
      vertex 28.722324950129504 -161.97570802688864 89.84923154860735
      vertex 27.45758042432307 -152.2350011598802 89.84923154860735
    endloop
  endfacet
  facet normal -0.2984540584574879 -0.03875161646813325 0.9536369787352842
    outer loop
      vertex 27.45758042432307 -152.2350011598802 89.84923154860735
      vertex 28.929557560566522 -161.95782542196758 89.91481456905603
      vertex 27.662508330650894 -152.19936837167333 89.91481456905603
    endloop
  endfacet
  facet normal -0.2940174345168735 -0.06426710658458586 0.9536369787352844
    outer loop
      vertex 25.360081567491775 -142.63909330652237 89.84923154860735
      vertex 27.45758042432307 -152.2350011598802 89.84923154860735
      vertex 27.662508330650894 -152.19936837167333 89.91481456905603
    endloop
  endfacet
  facet normal -0.21163404551792106 -0.046259528053417924 0.9762535976077086
    outer loop
      vertex 27.662508330650894 -152.19936837167333 89.91481456905603
      vertex 27.872287857405595 -152.16289198550936 89.96201938390732
      vertex 25.561187267725245 -142.58597419771104 89.91481456905603
    endloop
  endfacet
  facet normal -0.12763167827135513 -0.027898068985307167 0.9914291968913002
    outer loop
      vertex 27.872287857405595 -152.16289198550936 89.96201938390732
      vertex 28.085322473353642 -152.12584960564595 89.99048674851656
      vertex 25.767054098546993 -142.5315975063772 89.96201938390732
    endloop
  endfacet
  facet normal -0.04265267827958576 -0.009323134954960873 0.9990464594753288
    outer loop
      vertex 28.085322473353642 -152.12584960564595 89.99048674851656
      vertex 28.299990836571013 -152.08852315041443 90
      vertex 25.976115306373245 -142.47637706740477 89.99048674851656
    endloop
  endfacet
  facet normal -0.04265267827958524 -0.009323134954960746 0.9990464594753288
    outer loop
      vertex 28.299990836571013 -152.08852315041443 90
      vertex 26.18677978968543 -142.4207331468259 90
      vertex 25.976115306373245 -142.47637706740477 89.99048674851656
    endloop
  endfacet
  facet normal 0.04265267827958639 0.009323134954960977 0.9990464594753288
    outer loop
      vertex 28.51465919978837 -152.05119669518288 89.99048674851656
      vertex 26.397444272997618 -142.36508922624708 89.99048674851656
      vertex 26.18677978968543 -142.4207331468259 90
    endloop
  endfacet
  facet normal 0.12763167827135005 0.027898068985305908 0.9914291968913008
    outer loop
      vertex 28.72769381573643 -152.01415431531947 89.96201938390732
      vertex 26.60650548082387 -142.30986878727464 89.96201938390732
      vertex 26.397444272997618 -142.36508922624708 89.99048674851656
    endloop
  endfacet
  facet normal 0.21163404551793225 0.04625952805342067 0.9762535976077059
    outer loop
      vertex 28.93747334249113 -151.9776779291555 89.91481456905603
      vertex 26.812372311645618 -142.2554920959408 89.91481456905603
      vertex 26.60650548082387 -142.30986878727464 89.96201938390732
    endloop
  endfacet
  facet normal 0.0426526782795873 0.009323134954961195 0.9990464594753288
    outer loop
      vertex 28.299990836571013 -152.08852315041443 90
      vertex 28.51465919978837 -152.05119669518288 89.99048674851656
      vertex 26.18677978968543 -142.4207331468259 90
    endloop
  endfacet
  facet normal 0.1276316782713471 0.0278980689853052 0.9914291968913013
    outer loop
      vertex 28.51465919978837 -152.05119669518288 89.99048674851656
      vertex 28.72769381573643 -152.01415431531947 89.96201938390732
      vertex 26.397444272997618 -142.36508922624708 89.99048674851656
    endloop
  endfacet
  facet normal 0.21163404551792106 0.04625952805341795 0.9762535976077086
    outer loop
      vertex 28.72769381573643 -152.01415431531947 89.96201938390732
      vertex 28.93747334249113 -151.9776779291555 89.91481456905603
      vertex 26.60650548082387 -142.30986878727464 89.96201938390732
    endloop
  endfacet
  facet normal 0.2940174345168647 0.06426710658458369 0.9536369787352874
    outer loop
      vertex 29.142401248818956 -151.94204514094866 89.84923154860735
      vertex 27.013478011879087 -142.20237298712948 89.84923154860735
      vertex 26.812372311645618 -142.2554920959408 89.91481456905603
    endloop
  endfacet
  facet normal 0.3741522229345235 0.0817831800678905 0.9237540936478373
    outer loop
      vertex 29.340917903883224 -151.90752713872925 89.76576946675777
      vertex 27.20829204009074 -142.1509157308183 89.76576946675777
      vertex 27.013478011879087 -142.20237298712948 89.84923154860735
    endloop
  endfacet
  facet normal 0.45142686563276657 0.09867407535351908 0.8868355043851731
    outer loop
      vertex 29.531512476098953 -151.87438662533194 89.66506350785494
      vertex 27.395331743921147 -142.10151194779138 89.66506350785494
      vertex 27.20829204009074 -142.1509157308183 89.76576946675777
    endloop
  endfacet
  facet normal -0.6753044370937032 -0.029082789458372817 0.736965473138923
    outer loop
      vertex 27.812987710149628 -162.05417694434465 89.26776695251465
      vertex 28.23223304748535 -171.78908345800275 89.26776695251465
      vertex 28.39303097873926 -171.78908345800275 89.41511110961437
    endloop
  endfacet
  facet normal -0.608552329123845 -0.026208030467679284 0.7930808293339012
    outer loop
      vertex 27.973190282810705 -162.04035267552808 89.41511110961437
      vertex 28.39303097873926 -171.78908345800275 89.41511110961437
      vertex 28.566058911383152 -171.78908345800275 89.54788011312485
    endloop
  endfacet
  facet normal -0.5371558134718006 -0.02313325453150226 0.8431657515508021
    outer loop
      vertex 28.566058911383152 -171.78908345800275 89.54788011312485
      vertex 28.75 -171.78908345800275 89.66506350785494
      vertex 28.145577574958168 -162.025476957694 89.54788011312485
    endloop
  endfacet
  facet normal -0.46165734184238816 -0.019881822978235614 0.8868355043851606
    outer loop
      vertex 28.75 -171.78908345800275 89.66506350785494
      vertex 28.94345434755087 -171.78908345800275 89.76576946675777
      vertex 28.328837616830015 -162.00966300389732 89.66506350785494
    endloop
  endfacet
  facet normal -0.3826314600090145 -0.016478479305545836 0.9237540936478423
    outer loop
      vertex 28.94345434755087 -171.78908345800275 89.76576946675777
      vertex 29.144949644804 -171.78908345800275 89.84923154860735
      vertex 28.52157569454309 -161.99303116738415 89.76576946675777
    endloop
  endfacet
  facet normal -0.3006806143097181 -0.01294916858212545 0.953636978735285
    outer loop
      vertex 29.144949644804 -171.78908345800275 89.84923154860735
      vertex 29.352952390909195 -171.78908345800275 89.91481456905603
      vertex 28.722324950129504 -161.97570802688864 89.84923154860735
    endloop
  endfacet
  facet normal -0.21643020904438623 -0.009320824588623315 0.9762535976077074
    outer loop
      vertex 29.352952390909195 -171.78908345800275 89.91481456905603
      vertex 29.565879553556442 -171.78908345800275 89.96201938390732
      vertex 28.929557560566522 -161.95782542196758 89.91481456905603
    endloop
  endfacet
  facet normal -0.6085523291238741 -0.02620803046768136 0.7930808293338789
    outer loop
      vertex 27.973190282810705 -162.04035267552808 89.41511110961437
      vertex 28.566058911383152 -171.78908345800275 89.54788011312485
      vertex 28.145577574958168 -162.025476957694 89.54788011312485
    endloop
  endfacet
  facet normal -0.5371558134717824 -0.023133254531500988 0.8431657515508137
    outer loop
      vertex 28.75 -171.78908345800275 89.66506350785494
      vertex 28.328837616830015 -162.00966300389732 89.66506350785494
      vertex 28.145577574958168 -162.025476957694 89.54788011312485
    endloop
  endfacet
  facet normal -0.461657341842391 -0.01988182297823581 0.8868355043851592
    outer loop
      vertex 28.94345434755087 -171.78908345800275 89.76576946675777
      vertex 28.52157569454309 -161.99303116738415 89.76576946675777
      vertex 28.328837616830015 -162.00966300389732 89.66506350785494
    endloop
  endfacet
  facet normal -0.3797980538099275 -0.049313413905819434 0.9237540936478412
    outer loop
      vertex 27.259063769258788 -152.26951916209958 89.76576946675777
      vertex 28.52157569454309 -161.99303116738415 89.76576946675777
      vertex 28.722324950129504 -161.97570802688864 89.84923154860735
    endloop
  endfacet
  facet normal -0.29845405845748196 -0.03875161646813234 0.9536369787352862
    outer loop
      vertex 27.45758042432307 -152.2350011598802 89.84923154860735
      vertex 28.722324950129504 -161.97570802688864 89.84923154860735
      vertex 28.929557560566522 -161.95782542196758 89.91481456905603
    endloop
  endfacet
  facet normal -0.2148275318992244 -0.027893452566805067 0.9762535976077071
    outer loop
      vertex 27.662508330650894 -152.19936837167333 89.91481456905603
      vertex 28.929557560566522 -161.95782542196758 89.91481456905603
      vertex 29.141696354763113 -161.9395194505423 89.96201938390732
    endloop
  endfacet
  facet normal -0.38263146000901765 -0.016478479305546048 0.923754093647841
    outer loop
      vertex 29.144949644804 -171.78908345800275 89.84923154860735
      vertex 28.722324950129504 -161.97570802688864 89.84923154860735
      vertex 28.52157569454309 -161.99303116738415 89.76576946675777
    endloop
  endfacet
  facet normal -0.3006806143097129 -0.012949168582125106 0.9536369787352864
    outer loop
      vertex 29.352952390909195 -171.78908345800275 89.91481456905603
      vertex 28.929557560566522 -161.95782542196758 89.91481456905603
      vertex 28.722324950129504 -161.97570802688864 89.84923154860735
    endloop
  endfacet
  facet normal -0.21643020904438676 -0.00932082458862335 0.9762535976077071
    outer loop
      vertex 28.929557560566522 -161.95782542196758 89.91481456905603
      vertex 29.565879553556442 -171.78908345800275 89.96201938390732
      vertex 29.141696354763113 -161.9395194505423 89.96201938390732
    endloop
  endfacet
  facet normal -0.13052413538357174 -0.005621177264780536 0.9914291968913004
    outer loop
      vertex 29.141696354763113 -161.9395194505423 89.96201938390732
      vertex 29.782110646367073 -171.78908345800275 89.99048674851656
      vertex 29.35712684623428 -161.92092943057 89.99048674851656
    endloop
  endfacet
  facet normal -0.1295575972575162 -0.016821906679386815 0.9914291968913006
    outer loop
      vertex 27.872287857405595 -152.16289198550936 89.96201938390732
      vertex 29.141696354763113 -161.9395194505423 89.96201938390732
      vertex 29.35712684623428 -161.92092943057 89.99048674851656
    endloop
  endfacet
  facet normal -0.04329629281182544 -0.005621640202204999 0.9990464594753288
    outer loop
      vertex 28.085322473353642 -152.12584960564595 89.99048674851656
      vertex 29.35712684623428 -161.92092943057 89.99048674851656
      vertex 29.574209458773197 -161.902196845061 90
    endloop
  endfacet
  facet normal 0.04329629281182471 0.00562164020220487 0.9990464594753288
    outer loop
      vertex 29.574209458773197 -161.902196845061 90
      vertex 29.791292071312114 -161.883464259552 89.99048674851656
      vertex 28.299990836571013 -152.08852315041443 90
    endloop
  endfacet
  facet normal -0.13052413538357022 -0.005621177264780439 0.9914291968913006
    outer loop
      vertex 29.141696354763113 -161.9395194505423 89.96201938390732
      vertex 29.565879553556442 -171.78908345800275 89.96201938390732
      vertex 29.782110646367073 -171.78908345800275 89.99048674851656
    endloop
  endfacet
  facet normal -0.04361929600581136 -0.0018785169064177542 0.9990464594753288
    outer loop
      vertex 29.35712684623428 -161.92092943057 89.99048674851656
      vertex 29.782110646367073 -171.78908345800275 89.99048674851656
      vertex 30 -171.78908345800275 90
    endloop
  endfacet
  facet normal 0.04361929600581137 0.0018785169064177672 0.9990464594753288
    outer loop
      vertex 30 -171.78908345800275 90
      vertex 30.217889353632927 -171.78908345800275 89.99048674851656
      vertex 29.574209458773197 -161.902196845061 90
    endloop
  endfacet
  facet normal 0.13052413538357027 0.005621177264780535 0.9914291968913006
    outer loop
      vertex 30.217889353632927 -171.78908345800275 89.99048674851656
      vertex 30.434120446443558 -171.78908345800275 89.96201938390732
      vertex 29.791292071312114 -161.883464259552 89.99048674851656
    endloop
  endfacet
  facet normal 0.21643020904438623 0.009320824588623256 0.9762535976077074
    outer loop
      vertex 30.434120446443558 -171.78908345800275 89.96201938390732
      vertex 30.647047609090805 -171.78908345800275 89.91481456905603
      vertex 30.006722562783295 -161.86487423957973 89.96201938390732
    endloop
  endfacet
  facet normal 0.30068061430971815 0.012949168582125269 0.953636978735285
    outer loop
      vertex 30.647047609090805 -171.78908345800275 89.91481456905603
      vertex 30.855050355196 -171.78908345800275 89.84923154860735
      vertex 30.218861356979886 -161.84656826815444 89.91481456905603
    endloop
  endfacet
  facet normal -0.043619296005811964 -0.0018785169064177932 0.9990464594753288
    outer loop
      vertex 29.35712684623428 -161.92092943057 89.99048674851656
      vertex 30 -171.78908345800275 90
      vertex 29.574209458773197 -161.902196845061 90
    endloop
  endfacet
  facet normal 0.04361929600581173 0.0018785169064177906 0.9990464594753288
    outer loop
      vertex 30.217889353632927 -171.78908345800275 89.99048674851656
      vertex 29.791292071312114 -161.883464259552 89.99048674851656
      vertex 29.574209458773197 -161.902196845061 90
    endloop
  endfacet
  facet normal 0.130524135383564 0.005621177264780128 0.9914291968913015
    outer loop
      vertex 30.434120446443558 -171.78908345800275 89.96201938390732
      vertex 30.006722562783295 -161.86487423957973 89.96201938390732
      vertex 29.791292071312114 -161.883464259552 89.99048674851656
    endloop
  endfacet
  facet normal 0.12955759725750995 0.016821906679386062 0.9914291968913015
    outer loop
      vertex 29.791292071312114 -161.883464259552 89.99048674851656
      vertex 30.006722562783295 -161.86487423957973 89.96201938390732
      vertex 28.51465919978837 -152.05119669518288 89.99048674851656
    endloop
  endfacet
  facet normal 0.21482753189922446 0.02789345256680511 0.9762535976077071
    outer loop
      vertex 30.006722562783295 -161.86487423957973 89.96201938390732
      vertex 30.218861356979886 -161.84656826815444 89.91481456905603
      vertex 28.72769381573643 -152.01415431531947 89.96201938390732
    endloop
  endfacet
  facet normal 0.2984540584574957 0.03875161646813414 0.9536369787352819
    outer loop
      vertex 30.218861356979886 -161.84656826815444 89.91481456905603
      vertex 30.42609396741689 -161.82868566323336 89.84923154860735
      vertex 28.93747334249113 -151.9776779291555 89.91481456905603
    endloop
  endfacet
  facet normal 0.3797980538099276 0.04931341390581926 0.9237540936478411
    outer loop
      vertex 30.42609396741689 -161.82868566323336 89.84923154860735
      vertex 30.626843223003306 -161.81136252273785 89.76576946675777
      vertex 29.142401248818956 -151.94204514094866 89.84923154860735
    endloop
  endfacet
  facet normal 0.21643020904438676 0.00932082458862329 0.9762535976077074
    outer loop
      vertex 30.647047609090805 -171.78908345800275 89.91481456905603
      vertex 30.218861356979886 -161.84656826815444 89.91481456905603
      vertex 30.006722562783295 -161.86487423957973 89.96201938390732
    endloop
  endfacet
  facet normal 0.30068061430973 0.012949168582126051 0.9536369787352811
    outer loop
      vertex 30.218861356979886 -161.84656826815444 89.91481456905603
      vertex 30.855050355196 -171.78908345800275 89.84923154860735
      vertex 30.42609396741689 -161.82868566323336 89.84923154860735
    endloop
  endfacet
  facet normal 0.38263146000901777 0.016478479305546242 0.923754093647841
    outer loop
      vertex 30.42609396741689 -161.82868566323336 89.84923154860735
      vertex 31.05654565244913 -171.78908345800275 89.76576946675777
      vertex 30.626843223003306 -161.81136252273785 89.76576946675777
    endloop
  endfacet
  facet normal 0.45823874480855104 0.05949824298398396 0.8868355043851719
    outer loop
      vertex 30.626843223003306 -161.81136252273785 89.76576946675777
      vertex 30.819581300716393 -161.79473068622468 89.66506350785494
      vertex 29.340917903883224 -151.90752713872925 89.76576946675777
    endloop
  endfacet
  facet normal 0.5331781462624016 0.06922846062116457 0.8431657515507925
    outer loop
      vertex 29.531512476098953 -151.87438662533194 89.66506350785494
      vertex 30.819581300716393 -161.79473068622468 89.66506350785494
      vertex 31.002841342588226 -161.77891673242803 89.54788011312485
    endloop
  endfacet
  facet normal 0.6040459669397947 0.07843001955126012 0.7930808293339068
    outer loop
      vertex 29.712734420922928 -151.8428758209029 89.54788011312485
      vertex 31.002841342588226 -161.77891673242803 89.54788011312485
      vertex 31.175228634735703 -161.76404101459391 89.41511110961437
    endloop
  endfacet
  facet normal -0.21482753189921922 -0.027893452566804276 0.9762535976077084
    outer loop
      vertex 27.662508330650894 -152.19936837167333 89.91481456905603
      vertex 29.141696354763113 -161.9395194505423 89.96201938390732
      vertex 27.872287857405595 -152.16289198550936 89.96201938390732
    endloop
  endfacet
  facet normal -0.12955759725751975 -0.01682190667938736 0.9914291968913
    outer loop
      vertex 27.872287857405595 -152.16289198550936 89.96201938390732
      vertex 29.35712684623428 -161.92092943057 89.99048674851656
      vertex 28.085322473353642 -152.12584960564595 89.99048674851656
    endloop
  endfacet
  facet normal -0.04329629281182385 -0.005621640202204758 0.9990464594753288
    outer loop
      vertex 28.085322473353642 -152.12584960564595 89.99048674851656
      vertex 29.574209458773197 -161.902196845061 90
      vertex 28.299990836571013 -152.08852315041443 90
    endloop
  endfacet
  facet normal 0.04329629281182591 0.005621640202205053 0.9990464594753288
    outer loop
      vertex 29.791292071312114 -161.883464259552 89.99048674851656
      vertex 28.51465919978837 -152.05119669518288 89.99048674851656
      vertex 28.299990836571013 -152.08852315041443 90
    endloop
  endfacet
  facet normal 0.12955759725751145 0.01682190667938629 0.9914291968913013
    outer loop
      vertex 30.006722562783295 -161.86487423957973 89.96201938390732
      vertex 28.72769381573643 -152.01415431531947 89.96201938390732
      vertex 28.51465919978837 -152.05119669518288 89.99048674851656
    endloop
  endfacet
  facet normal 0.21482753189921927 0.027893452566804314 0.9762535976077085
    outer loop
      vertex 30.218861356979886 -161.84656826815444 89.91481456905603
      vertex 28.93747334249113 -151.9776779291555 89.91481456905603
      vertex 28.72769381573643 -152.01415431531947 89.96201938390732
    endloop
  endfacet
  facet normal 0.2940174345168814 0.06426710658458776 0.9536369787352819
    outer loop
      vertex 28.93747334249113 -151.9776779291555 89.91481456905603
      vertex 29.142401248818956 -151.94204514094866 89.84923154860735
      vertex 26.812372311645618 -142.2554920959408 89.91481456905603
    endloop
  endfacet
  facet normal 0.37415222293452327 0.08178318006789044 0.9237540936478376
    outer loop
      vertex 29.142401248818956 -151.94204514094866 89.84923154860735
      vertex 29.340917903883224 -151.90752713872925 89.76576946675777
      vertex 27.013478011879087 -142.20237298712948 89.84923154860735
    endloop
  endfacet
  facet normal 0.4514268656327793 0.09867407535352217 0.8868355043851662
    outer loop
      vertex 29.340917903883224 -151.90752713872925 89.76576946675777
      vertex 29.531512476098953 -151.87438662533194 89.66506350785494
      vertex 27.20829204009074 -142.1509157308183 89.76576946675777
    endloop
  endfacet
  facet normal 0.5252522666796452 0.11481102629836955 0.8431657515507908
    outer loop
      vertex 29.712734420922928 -151.8428758209029 89.54788011312485
      vertex 27.57317363361085 -142.0545376319034 89.54788011312485
      vertex 27.395331743921147 -142.10151194779138 89.66506350785494
    endloop
  endfacet
  facet normal 0.595066612422043 0.13007123019183098 0.7930808293338943
    outer loop
      vertex 29.883204535557923 -151.81323454071205 89.41511110961437
      vertex 27.740464230518157 -142.01035028460336 89.41511110961437
      vertex 27.57317363361085 -142.0545376319034 89.54788011312485
    endloop
  endfacet
  facet normal 0.7205758915500994 0.15750537957256822 0.6752499092354478
    outer loop
      vertex 30.186791455443384 -151.76044695988668 89.10696902126074
      vertex 28.03838880896781 -141.93165789506955 89.10696902126074
      vertex 27.895930353761344 -141.96928619786965 89.26776695251465
    endloop
  endfacet
  facet normal 0.6603394720606328 0.14433874407027447 0.7369654731389391
    outer loop
      vertex 30.04162544110234 -151.78568837252072 89.26776695251465
      vertex 27.895930353761344 -141.96928619786965 89.26776695251465
      vertex 27.740464230518157 -142.01035028460336 89.41511110961437
    endloop
  endfacet
  facet normal 0.5252522666796375 0.11481102629836767 0.8431657515507958
    outer loop
      vertex 29.531512476098953 -151.87438662533194 89.66506350785494
      vertex 29.712734420922928 -151.8428758209029 89.54788011312485
      vertex 27.395331743921147 -142.10151194779138 89.66506350785494
    endloop
  endfacet
  facet normal 0.5950666124220247 0.13007123019182648 0.7930808293339089
    outer loop
      vertex 29.712734420922928 -151.8428758209029 89.54788011312485
      vertex 29.883204535557923 -151.81323454071205 89.41511110961437
      vertex 27.57317363361085 -142.0545376319034 89.54788011312485
    endloop
  endfacet
  facet normal 0.7205758915501156 0.1575053795725723 0.6752499092354295
    outer loop
      vertex 30.04162544110234 -151.78568837252072 89.26776695251465
      vertex 30.186791455443384 -151.76044695988668 89.10696902126074
      vertex 27.895930353761344 -141.96928619786965 89.26776695251465
    endloop
  endfacet
  facet normal 0.6603394720606464 0.14433874407027786 0.7369654731389264
    outer loop
      vertex 30.04162544110234 -151.78568837252072 89.26776695251465
      vertex 27.740464230518157 -142.01035028460336 89.41511110961437
      vertex 29.883204535557923 -151.81323454071205 89.41511110961437
    endloop
  endfacet
  facet normal 0.9760060322120292 0.21333797365601143 0.04357905554367479
    outer loop
      vertex 28.60388369815685 -141.78229074875685 87.5
      vertex 28.594685891219697 -141.78472021399307 87.71788935363293
      vertex 30.763034115626894 -151.66025010024947 87.5
    endloop
  endfacet
  facet normal 0.9685916047422538 0.21171730853713336 0.13040737896536986
    outer loop
      vertex 28.594685891219697 -141.78472021399307 87.71788935363293
      vertex 28.567162459915338 -141.7919901230042 87.93412044644356
      vertex 30.7536614955756 -151.66187980794138 87.71788935363293
    endloop
  endfacet
  facet normal 0.9317966323493453 0.20367456639009854 0.30045250364778886
    outer loop
      vertex 30.67910795436289 -151.67484314998546 88.1470476090908
      vertex 28.521522882925055 -141.80404514508183 88.1470476090908
      vertex 28.45811449290271 -141.82079353742097 88.355050355196
    endloop
  endfacet
  facet normal 0.9538182588827889 0.2084881116205598 0.21624855221410838
    outer loop
      vertex 30.725614955146312 -151.66675652996992 87.93412044644356
      vertex 28.567162459915338 -141.7919901230042 87.93412044644356
      vertex 28.521522882925055 -141.80404514508183 88.1470476090908
    endloop
  endfacet
  facet normal 0.9026918322984654 0.19731276240365647 0.3823808699376544
    outer loop
      vertex 30.61449442726837 -151.68607812606808 88.355050355196
      vertex 28.45811449290271 -141.82079353742097 88.355050355196
      vertex 28.3774198832036 -141.84210783009453 88.55654565244913
    endloop
  endfacet
  facet normal 0.7753199626763995 0.16947148307840107 0.6084064200011976
    outer loop
      vertex 30.31759777614876 -151.73770240544636 88.93394108861685
      vertex 28.166755399891414 -141.89775175067336 88.93394108861685
      vertex 28.03838880896781 -141.93165789506955 89.10696902126074
    endloop
  endfacet
  facet normal 0.8241581620472243 0.18014666555362166 0.5369455305902574
    outer loop
      vertex 30.433048885271518 -151.71762780949047 88.75
      vertex 28.28005317645544 -141.86782581165522 88.75
      vertex 28.166755399891414 -141.89775175067336 88.93394108861685
    endloop
  endfacet
  facet normal 0.8667222330278568 0.18945043249139312 0.4614120765693391
    outer loop
      vertex 30.53226613936613 -151.70037595021483 88.55654565244913
      vertex 28.3774198832036 -141.84210783009453 88.55654565244913
      vertex 28.28005317645544 -141.86782581165522 88.75
    endloop
  endfacet
  facet normal 0.29845405845749273 0.03875161646813369 0.9536369787352826
    outer loop
      vertex 30.42609396741689 -161.82868566323336 89.84923154860735
      vertex 29.142401248818956 -151.94204514094866 89.84923154860735
      vertex 28.93747334249113 -151.9776779291555 89.91481456905603
    endloop
  endfacet
  facet normal 0.379798053809939 0.049313413905821 0.9237540936478366
    outer loop
      vertex 30.626843223003306 -161.81136252273785 89.76576946675777
      vertex 29.340917903883224 -151.90752713872925 89.76576946675777
      vertex 29.142401248818956 -151.94204514094866 89.84923154860735
    endloop
  endfacet
  facet normal 0.45823874480856197 0.05949824298398566 0.8868355043851662
    outer loop
      vertex 29.340917903883224 -151.90752713872925 89.76576946675777
      vertex 30.819581300716393 -161.79473068622468 89.66506350785494
      vertex 29.531512476098953 -151.87438662533194 89.66506350785494
    endloop
  endfacet
  facet normal 0.5331781462623978 0.06922846062116399 0.843165751550795
    outer loop
      vertex 29.531512476098953 -151.87438662533194 89.66506350785494
      vertex 31.002841342588226 -161.77891673242803 89.54788011312485
      vertex 29.712734420922928 -151.8428758209029 89.54788011312485
    endloop
  endfacet
  facet normal 0.60404596693979 0.07843001955125938 0.7930808293339106
    outer loop
      vertex 29.712734420922928 -151.8428758209029 89.54788011312485
      vertex 31.175228634735703 -161.76404101459391 89.41511110961437
      vertex 29.883204535557923 -151.81323454071205 89.41511110961437
    endloop
  endfacet
  facet normal 0.6703037720195586 0.08703300878096377 0.7369654731389282
    outer loop
      vertex 30.04162544110234 -151.78568837252072 89.26776695251465
      vertex 29.883204535557923 -151.81323454071205 89.41511110961437
      vertex 31.335431207396766 -161.75021674577738 89.26776695251465
    endloop
  endfacet
  facet normal 0.7314491387666768 0.09497219316744568 0.6752499092354267
    outer loop
      vertex 30.04162544110234 -151.78568837252072 89.26776695251465
      vertex 31.482229818858244 -161.73754913730497 89.10696902126074
      vertex 30.186791455443384 -151.76044695988668 89.10696902126074
    endloop
  endfacet
  facet normal 0.7870192794658633 0.10218748382418774 0.6084064200012316
    outer loop
      vertex 30.186791455443384 -151.76044695988668 89.10696902126074
      vertex 31.614507241622093 -161.72613459744915 88.93394108861685
      vertex 30.31759777614876 -151.73770240544636 88.93394108861685
    endloop
  endfacet
  facet normal 0.9760060322120304 0.21333797365601245 0.043579055543640936
    outer loop
      vertex 28.594685891219697 -141.78472021399307 87.71788935363293
      vertex 30.7536614955756 -151.66187980794138 87.71788935363293
      vertex 30.763034115626894 -151.66025010024947 87.5
    endloop
  endfacet
  facet normal 0.9685916047422619 0.21171730853713655 0.13040737896530627
    outer loop
      vertex 30.725614955146312 -151.66675652996992 87.93412044644356
      vertex 30.7536614955756 -151.66187980794138 87.71788935363293
      vertex 28.567162459915338 -141.7919901230042 87.93412044644356
    endloop
  endfacet
  facet normal 0.9026918322984708 0.197312762403658 0.38238086993764103
    outer loop
      vertex 30.53226613936613 -151.70037595021483 88.55654565244913
      vertex 30.61449442726837 -151.68607812606808 88.355050355196
      vertex 28.3774198832036 -141.84210783009453 88.55654565244913
    endloop
  endfacet
  facet normal 0.9317966323493471 0.20367456639009904 0.30045250364778314
    outer loop
      vertex 30.67910795436289 -151.67484314998546 88.1470476090908
      vertex 28.45811449290271 -141.82079353742097 88.355050355196
      vertex 30.61449442726837 -151.68607812606808 88.355050355196
    endloop
  endfacet
  facet normal 0.9538182588827768 0.20848811162055586 0.21624855221416528
    outer loop
      vertex 30.725614955146312 -151.66675652996992 87.93412044644356
      vertex 28.521522882925055 -141.80404514508183 88.1470476090908
      vertex 30.67910795436289 -151.67484314998546 88.1470476090908
    endloop
  endfacet
  facet normal 0.7753199626763735 0.1694714830783944 0.6084064200012324
    outer loop
      vertex 30.186791455443384 -151.76044695988668 89.10696902126074
      vertex 30.31759777614876 -151.73770240544636 88.93394108861685
      vertex 28.03838880896781 -141.93165789506955 89.10696902126074
    endloop
  endfacet
  facet normal 0.8241581620472399 0.18014666555362577 0.5369455305902319
    outer loop
      vertex 30.31759777614876 -151.73770240544636 88.93394108861685
      vertex 30.433048885271518 -151.71762780949047 88.75
      vertex 28.166755399891414 -141.89775175067336 88.93394108861685
    endloop
  endfacet
  facet normal 0.8667222330278365 0.18945043249138765 0.46141207656937955
    outer loop
      vertex 30.53226613936613 -151.70037595021483 88.55654565244913
      vertex 28.28005317645544 -141.86782581165522 88.75
      vertex 30.433048885271518 -151.71762780949047 88.75
    endloop
  endfacet
  facet normal 0.20687339783605804 0.06428304928809189 0.9762535976077061
    outer loop
      vertex 23.658865069857157 -132.82387840304875 89.96201938390732
      vertex 26.60650548082387 -142.30986878727464 89.96201938390732
      vertex 26.812372311645618 -142.2554920959408 89.91481456905603
    endloop
  endfacet
  facet normal 0.2874035959228082 0.08930669537763271 0.953636978735287
    outer loop
      vertex 23.859294749975263 -132.75200406882044 89.91481456905603
      vertex 26.812372311645618 -142.2554920959408 89.91481456905603
      vertex 27.013478011879087 -142.20237298712948 89.84923154860735
    endloop
  endfacet
  facet normal 0.3657357750590302 0.11364733745597232 0.9237540936478382
    outer loop
      vertex 24.05508904576746 -132.68179198921487 89.84923154860735
      vertex 27.013478011879087 -142.20237298712948 89.84923154860735
      vertex 27.20829204009074 -142.1509157308183 89.76576946675777
    endloop
  endfacet
  facet normal 0.44127214664059805 0.13711922097610224 0.8868355043851738
    outer loop
      vertex 24.244757838943713 -132.61377652251653 89.76576946675777
      vertex 27.20829204009074 -142.1509157308183 89.76576946675777
      vertex 27.395331743921147 -142.10151194779138 89.66506350785494
    endloop
  endfacet
  facet normal 0.5134368662810581 0.15954341025337893 0.8431657515507904
    outer loop
      vertex 24.426857635489228 -132.54847530748637 89.66506350785494
      vertex 27.395331743921147 -142.10151194779138 89.66506350785494
      vertex 27.57317363361085 -142.0545376319034 89.54788011312485
    endloop
  endfacet
  facet normal 0.5816807581656801 0.18074925649324566 0.7930808293338949
    outer loop
      vertex 24.600002541445292 -132.48638532743308 89.54788011312485
      vertex 27.57317363361085 -142.0545376319034 89.54788011312485
      vertex 27.740464230518157 -142.01035028460336 89.41511110961437
    endloop
  endfacet
  facet normal 0.6454853233851607 0.20057564332554192 0.7369654731389386
    outer loop
      vertex 24.762874824906675 -132.42797912266775 89.41511110961437
      vertex 27.740464230518157 -142.01035028460336 89.41511110961437
      vertex 27.895930353761344 -141.96928619786965 89.26776695251465
    endloop
  endfacet
  facet normal 0.5134368662810369 0.15954341025337174 0.8431657515508045
    outer loop
      vertex 24.426857635489228 -132.54847530748637 89.66506350785494
      vertex 27.57317363361085 -142.0545376319034 89.54788011312485
      vertex 24.600002541445292 -132.48638532743308 89.54788011312485
    endloop
  endfacet
  facet normal 0.5816807581656926 0.1807492564932499 0.7930808293338847
    outer loop
      vertex 24.600002541445292 -132.48638532743308 89.54788011312485
      vertex 27.740464230518157 -142.01035028460336 89.41511110961437
      vertex 24.762874824906675 -132.42797912266775 89.41511110961437
    endloop
  endfacet
  facet normal 0.7043667417447022 0.21887223031136008 0.6752499092354497
    outer loop
      vertex 24.914234930983255 -132.3737011991258 89.26776695251465
      vertex 28.03838880896781 -141.93165789506955 89.10696902126074
      vertex 25.052930914659584 -132.3239646457321 89.10696902126074
    endloop
  endfacet
  facet normal 0.757879360555918 0.23550053703691748 0.6084064200011999
    outer loop
      vertex 25.052930914659584 -132.3239646457321 89.10696902126074
      vertex 28.166755399891414 -141.89775175067336 88.93394108861685
      vertex 25.17790721440622 -132.27914798817264 88.93394108861685
    endloop
  endfacet
  facet normal 0.6454853233851661 0.20057564332554376 0.7369654731389332
    outer loop
      vertex 24.762874824906675 -132.42797912266775 89.41511110961437
      vertex 27.895930353761344 -141.96928619786965 89.26776695251465
      vertex 24.914234930983255 -132.3737011991258 89.26776695251465
    endloop
  endfacet
  facet normal 0.8823860361853616 0.2741892657468633 0.38238086993766013
    outer loop
      vertex 25.383007836172055 -132.20559864842141 88.55654565244913
      vertex 28.45811449290271 -141.82079353742097 88.355050355196
      vertex 25.461571219815198 -132.17742572068562 88.355050355196
    endloop
  endfacet
  facet normal 0.9540510540166528 0.2964581795930582 0.04357905554373425
    outer loop
      vertex 25.603490513290183 -132.12653328436252 87.5
      vertex 25.594535629714017 -132.12974451682447 87.71788935363293
      vertex 28.60388369815685 -141.78229074875685 87.5
    endloop
  endfacet
  facet normal 0.9468034119847415 0.2942060749975279 0.1304073789653062
    outer loop
      vertex 25.594535629714017 -132.12974451682447 87.71788935363293
      vertex 25.567739119999146 -132.13935377875742 87.93412044644356
      vertex 28.594685891219697 -141.78472021399307 87.71788935363293
    endloop
  endfacet
  facet normal 0.9323623883399994 0.2897187264817877 0.21624855221411984
    outer loop
      vertex 25.567739119999146 -132.13935377875742 87.93412044644356
      vertex 25.52330493028353 -132.15528793482108 88.1470476090908
      vertex 28.567162459915338 -141.7919901230042 87.93412044644356
    endloop
  endfacet
  facet normal 0.9108361320342064 0.2830297398379375 0.30045250364780623
    outer loop
      vertex 25.461571219815198 -132.17742572068562 88.355050355196
      vertex 28.521522882925055 -141.80404514508183 88.1470476090908
      vertex 25.52330493028353 -132.15528793482108 88.1470476090908
    endloop
  endfacet
  facet normal 0.8056189585176442 0.2503349573194103 0.5369455305902407
    outer loop
      vertex 25.17790721440622 -132.27914798817264 88.93394108861685
      vertex 28.28005317645544 -141.86782581165522 88.75
      vertex 25.288212682383616 -132.23959230925348 88.75
    endloop
  endfacet
  facet normal 0.8472255628234185 0.2632636345842255 0.46141207656935607
    outer loop
      vertex 25.383007836172055 -132.20559864842141 88.55654565244913
      vertex 25.288212682383616 -132.23959230925348 88.75
      vertex 28.3774198832036 -141.84210783009453 88.55654565244913
    endloop
  endfacet
  facet normal 0.882386036185362 0.27418926574686353 0.3823808699376589
    outer loop
      vertex 25.383007836172055 -132.20559864842141 88.55654565244913
      vertex 28.3774198832036 -141.84210783009453 88.55654565244913
      vertex 28.45811449290271 -141.82079353742097 88.355050355196
    endloop
  endfacet
  facet normal 0.704366741744701 0.21887223031135966 0.675249909235451
    outer loop
      vertex 24.914234930983255 -132.3737011991258 89.26776695251465
      vertex 27.895930353761344 -141.96928619786965 89.26776695251465
      vertex 28.03838880896781 -141.93165789506955 89.10696902126074
    endloop
  endfacet
  facet normal 0.7578793605559202 0.23550053703691823 0.6084064200011967
    outer loop
      vertex 25.052930914659584 -132.3239646457321 89.10696902126074
      vertex 28.03838880896781 -141.93165789506955 89.10696902126074
      vertex 28.166755399891414 -141.89775175067336 88.93394108861685
    endloop
  endfacet
  facet normal 0.8056189585176337 0.2503349573194066 0.5369455305902585
    outer loop
      vertex 25.17790721440622 -132.27914798817264 88.93394108861685
      vertex 28.166755399891414 -141.89775175067336 88.93394108861685
      vertex 28.28005317645544 -141.86782581165522 88.75
    endloop
  endfacet
  facet normal 0.84722556282343 0.26326363458422963 0.46141207656933253
    outer loop
      vertex 25.288212682383616 -132.23959230925348 88.75
      vertex 28.28005317645544 -141.86782581165522 88.75
      vertex 28.3774198832036 -141.84210783009453 88.55654565244913
    endloop
  endfacet
  facet normal 0.9540510540166547 0.29645817959306 0.043579055543679565
    outer loop
      vertex 25.594535629714017 -132.12974451682447 87.71788935363293
      vertex 28.594685891219697 -141.78472021399307 87.71788935363293
      vertex 28.60388369815685 -141.78229074875685 87.5
    endloop
  endfacet
  facet normal 0.9468034119847334 0.2942060749975238 0.13040737896537438
    outer loop
      vertex 25.567739119999146 -132.13935377875742 87.93412044644356
      vertex 28.567162459915338 -141.7919901230042 87.93412044644356
      vertex 28.594685891219697 -141.78472021399307 87.71788935363293
    endloop
  endfacet
  facet normal 0.9323623883400022 0.2897187264817889 0.21624855221410655
    outer loop
      vertex 25.52330493028353 -132.15528793482108 88.1470476090908
      vertex 28.521522882925055 -141.80404514508183 88.1470476090908
      vertex 28.567162459915338 -141.7919901230042 87.93412044644356
    endloop
  endfacet
  facet normal 0.9108361320342124 0.2830297398379398 0.30045250364778614
    outer loop
      vertex 25.461571219815198 -132.17742572068562 88.355050355196
      vertex 28.45811449290271 -141.82079353742097 88.355050355196
      vertex 28.521522882925055 -141.80404514508183 88.1470476090908
    endloop
  endfacet
  facet normal 0.3826314600090145 0.016478479305546023 0.9237540936478421
    outer loop
      vertex 30.42609396741689 -161.82868566323336 89.84923154860735
      vertex 30.855050355196 -171.78908345800275 89.84923154860735
      vertex 31.05654565244913 -171.78908345800275 89.76576946675777
    endloop
  endfacet
  facet normal 0.4616573418423883 0.01988182297823601 0.8868355043851608
    outer loop
      vertex 30.626843223003306 -161.81136252273785 89.76576946675777
      vertex 31.05654565244913 -171.78908345800275 89.76576946675777
      vertex 31.25 -171.78908345800275 89.66506350785494
    endloop
  endfacet
  facet normal 0.5371558134718007 0.023133254531501547 0.8431657515508021
    outer loop
      vertex 31.25 -171.78908345800275 89.66506350785494
      vertex 31.433941088616848 -171.78908345800275 89.54788011312485
      vertex 30.819581300716393 -161.79473068622468 89.66506350785494
    endloop
  endfacet
  facet normal 0.6085523291238452 0.0262080304676797 0.7930808293339012
    outer loop
      vertex 31.433941088616848 -171.78908345800275 89.54788011312485
      vertex 31.60696902126074 -171.78908345800275 89.41511110961437
      vertex 31.002841342588226 -161.77891673242803 89.54788011312485
    endloop
  endfacet
  facet normal 0.736905966423649 0.03173573264874612 0.675249909235444
    outer loop
      vertex 31.76776695251465 -171.78908345800275 89.26776695251465
      vertex 31.915111109614372 -171.78908345800275 89.10696902126074
      vertex 31.335431207396766 -161.75021674577738 89.26776695251465
    endloop
  endfacet
  facet normal 0.6753044370937034 0.029082789458372466 0.7369654731389229
    outer loop
      vertex 31.60696902126074 -171.78908345800275 89.41511110961437
      vertex 31.76776695251465 -171.78908345800275 89.26776695251465
      vertex 31.175228634735703 -161.76404101459391 89.41511110961437
    endloop
  endfacet
  facet normal 0.792890676864762 0.0341467808474728 0.6084064200012144
    outer loop
      vertex 32.04788011312485 -171.78908345800275 88.93394108861685
      vertex 31.482229818858244 -161.73754913730497 89.10696902126074
      vertex 31.915111109614372 -171.78908345800275 89.10696902126074
    endloop
  endfacet
  facet normal 0.8428356735372754 0.036297721583145634 0.5369455305902451
    outer loop
      vertex 32.04788011312485 -171.78908345800275 88.93394108861685
      vertex 32.16506350785494 -171.78908345800275 88.75
      vertex 31.614507241622093 -161.72613459744915 88.93394108861685
    endloop
  endfacet
  facet normal 0.8863643541782844 0.03817233603101047 0.46141207656935906
    outer loop
      vertex 31.73125676173423 -161.7160599980003 88.75
      vertex 32.16506350785494 -171.78908345800275 88.75
      vertex 32.265769466757774 -171.78908345800275 88.55654565244913
    endloop
  endfacet
  facet normal 0.4616573418423644 0.01988182297823439 0.8868355043851733
    outer loop
      vertex 30.626843223003306 -161.81136252273785 89.76576946675777
      vertex 31.25 -171.78908345800275 89.66506350785494
      vertex 30.819581300716393 -161.79473068622468 89.66506350785494
    endloop
  endfacet
  facet normal 0.5371558134718143 0.02313325453150249 0.8431657515507933
    outer loop
      vertex 31.433941088616848 -171.78908345800275 89.54788011312485
      vertex 31.002841342588226 -161.77891673242803 89.54788011312485
      vertex 30.819581300716393 -161.79473068622468 89.66506350785494
    endloop
  endfacet
  facet normal 0.6085523291238402 0.02620803046767935 0.7930808293339051
    outer loop
      vertex 31.60696902126074 -171.78908345800275 89.41511110961437
      vertex 31.175228634735703 -161.76404101459391 89.41511110961437
      vertex 31.002841342588226 -161.77891673242803 89.54788011312485
    endloop
  endfacet
  facet normal 0.7314491387666584 0.09497219316744268 0.6752499092354473
    outer loop
      vertex 30.04162544110234 -151.78568837252072 89.26776695251465
      vertex 31.335431207396766 -161.75021674577738 89.26776695251465
      vertex 31.482229818858244 -161.73754913730497 89.10696902126074
    endloop
  endfacet
  facet normal 0.67030377201958 0.0870330087809672 0.7369654731389085
    outer loop
      vertex 29.883204535557923 -151.81323454071205 89.41511110961437
      vertex 31.175228634735703 -161.76404101459391 89.41511110961437
      vertex 31.335431207396766 -161.75021674577738 89.26776695251465
    endloop
  endfacet
  facet normal 0.8365944307963885 0.10862437820129613 0.5369455305902531
    outer loop
      vertex 30.31759777614876 -151.73770240544636 88.93394108861685
      vertex 31.614507241622093 -161.72613459744915 88.93394108861685
      vertex 31.73125676173423 -161.7160599980003 88.75
    endloop
  endfacet
  facet normal 0.7870192794658646 0.10218748382418795 0.6084064200012296
    outer loop
      vertex 30.186791455443384 -151.76044695988668 89.10696902126074
      vertex 31.482229818858244 -161.73754913730497 89.10696902126074
      vertex 31.614507241622093 -161.72613459744915 88.93394108861685
    endloop
  endfacet
  facet normal 0.8798007792549919 0.11423433992575689 0.4614120765693455
    outer loop
      vertex 30.433048885271518 -151.71762780949047 88.75
      vertex 31.73125676173423 -161.7160599980003 88.75
      vertex 31.83158985416101 -161.70740201194013 88.55654565244913
    endloop
  endfacet
  facet normal 0.9231491156769942 0.03975651557312593 0.38238086993764164
    outer loop
      vertex 31.83158985416101 -161.70740201194013 88.55654565244913
      vertex 32.34923154860735 -171.78908345800275 88.355050355196
      vertex 31.914742915445345 -161.70022653246426 88.355050355196
    endloop
  endfacet
  facet normal 0.736905966423651 0.03173573264874628 0.6752499092354417
    outer loop
      vertex 31.915111109614372 -171.78908345800275 89.10696902126074
      vertex 31.482229818858244 -161.73754913730497 89.10696902126074
      vertex 31.335431207396766 -161.75021674577738 89.26776695251465
    endloop
  endfacet
  facet normal 0.7928906768647471 0.03414678084747163 0.608406420001234
    outer loop
      vertex 32.04788011312485 -171.78908345800275 88.93394108861685
      vertex 31.614507241622093 -161.72613459744915 88.93394108861685
      vertex 31.482229818858244 -161.73754913730497 89.10696902126074
    endloop
  endfacet
  facet normal 0.6753044370937168 0.029082789458373438 0.7369654731389105
    outer loop
      vertex 31.76776695251465 -171.78908345800275 89.26776695251465
      vertex 31.335431207396766 -161.75021674577738 89.26776695251465
      vertex 31.175228634735703 -161.76404101459391 89.41511110961437
    endloop
  endfacet
  facet normal 0.8428356735372714 0.0362977215831453 0.5369455305902514
    outer loop
      vertex 31.614507241622093 -161.72613459744915 88.93394108861685
      vertex 32.16506350785494 -171.78908345800275 88.75
      vertex 31.73125676173423 -161.7160599980003 88.75
    endloop
  endfacet
  facet normal 0.8863643541782915 0.038172336031011105 0.46141207656934574
    outer loop
      vertex 31.83158985416101 -161.70740201194013 88.55654565244913
      vertex 31.73125676173423 -161.7160599980003 88.75
      vertex 32.265769466757774 -171.78908345800275 88.55654565244913
    endloop
  endfacet
  facet normal 0.9907336341170323 0.12863798874040672 0.0435790555437057
    outer loop
      vertex 32.05547511424133 -161.68808240946433 87.71788935363293
      vertex 32.064953142659576 -161.68726452738835 87.5
      vertex 30.7536614955756 -151.66187980794138 87.71788935363293
    endloop
  endfacet
  facet normal 0.9832073254369837 0.12766076420910907 0.13040737896530102
    outer loop
      vertex 30.725614955146312 -151.66675652996992 87.93412044644356
      vertex 32.02711315080239 -161.69052983212572 87.93412044644356
      vertex 32.05547511424133 -161.68808240946433 87.71788935363293
    endloop
  endfacet
  facet normal 0.9682110547702306 0.12571363126565438 0.21624855221416048
    outer loop
      vertex 30.67910795436289 -151.67484314998546 88.1470476090908
      vertex 31.98008311302644 -161.69458816823024 88.1470476090908
      vertex 32.02711315080239 -161.69052983212572 87.93412044644356
    endloop
  endfacet
  facet normal 0.9163131476492187 0.11897514761880265 0.3823808699376387
    outer loop
      vertex 30.53226613936613 -151.70037595021483 88.55654565244913
      vertex 31.83158985416101 -161.70740201194013 88.55654565244913
      vertex 31.914742915445345 -161.70022653246426 88.355050355196
    endloop
  endfacet
  facet normal 0.945857129318366 0.1228111720056094 0.3004525036477951
    outer loop
      vertex 30.61449442726837 -151.68607812606808 88.355050355196
      vertex 31.914742915445345 -161.70022653246426 88.355050355196
      vertex 31.98008311302644 -161.69458816823024 88.1470476090908
    endloop
  endfacet
  facet normal 0.9981248010606067 0.042985432714397864 0.043579055543691965
    outer loop
      vertex 32.05547511424133 -161.68808240946433 87.71788935363293
      vertex 32.49048674851656 -171.78908345800275 87.71788935363293
      vertex 32.5 -171.78908345800275 87.5
    endloop
  endfacet
  facet normal 0.9905423438841199 0.04265888517001889 0.1304073789653235
    outer loop
      vertex 32.02711315080239 -161.69052983212572 87.93412044644356
      vertex 32.46201938390732 -171.78908345800275 87.93412044644356
      vertex 32.49048674851656 -171.78908345800275 87.71788935363293
    endloop
  endfacet
  facet normal 0.9529135042175436 0.04103835439682357 0.3004525036478178
    outer loop
      vertex 31.914742915445345 -161.70022653246426 88.355050355196
      vertex 32.34923154860735 -171.78908345800275 88.355050355196
      vertex 32.414814569056034 -171.78908345800275 88.1470476090908
    endloop
  endfacet
  facet normal 0.9231491156769943 0.03975651557312594 0.3823808699376411
    outer loop
      vertex 31.83158985416101 -161.70740201194013 88.55654565244913
      vertex 32.265769466757774 -171.78908345800275 88.55654565244913
      vertex 32.34923154860735 -171.78908345800275 88.355050355196
    endloop
  endfacet
  facet normal 0.9754341965875647 0.04200823482212227 0.21624855221411673
    outer loop
      vertex 31.98008311302644 -161.69458816823024 88.1470476090908
      vertex 32.414814569056034 -171.78908345800275 88.1470476090908
      vertex 32.46201938390732 -171.78908345800275 87.93412044644356
    endloop
  endfacet
  facet normal 0.9981248010606061 0.04298543271439756 0.04357905554370472
    outer loop
      vertex 32.05547511424133 -161.68808240946433 87.71788935363293
      vertex 32.5 -171.78908345800275 87.5
      vertex 32.064953142659576 -161.68726452738835 87.5
    endloop
  endfacet
  facet normal 0.9905423438841222 0.04265888517001941 0.13040737896530405
    outer loop
      vertex 32.05547511424133 -161.68808240946433 87.71788935363293
      vertex 32.02711315080239 -161.69052983212572 87.93412044644356
      vertex 32.49048674851656 -171.78908345800275 87.71788935363293
    endloop
  endfacet
  facet normal 0.9529135042175525 0.041038354396824586 0.30045250364778997
    outer loop
      vertex 31.98008311302644 -161.69458816823024 88.1470476090908
      vertex 31.914742915445345 -161.70022653246426 88.355050355196
      vertex 32.414814569056034 -171.78908345800275 88.1470476090908
    endloop
  endfacet
  facet normal 0.9754341965875554 0.04200823482212092 0.2162485522141597
    outer loop
      vertex 31.98008311302644 -161.69458816823024 88.1470476090908
      vertex 32.46201938390732 -171.78908345800275 87.93412044644356
      vertex 32.02711315080239 -161.69052983212572 87.93412044644356
    endloop
  endfacet
  facet normal 0.9163131476492201 0.1189751476188029 0.382380869937635
    outer loop
      vertex 30.53226613936613 -151.70037595021483 88.55654565244913
      vertex 31.914742915445345 -161.70022653246426 88.355050355196
      vertex 30.61449442726837 -151.68607812606808 88.355050355196
    endloop
  endfacet
  facet normal 0.9907336341170346 0.1286379887404083 0.043579055543647445
    outer loop
      vertex 32.064953142659576 -161.68726452738835 87.5
      vertex 30.763034115626894 -151.66025010024947 87.5
      vertex 30.7536614955756 -151.66187980794138 87.71788935363293
    endloop
  endfacet
  facet normal 0.9832073254369829 0.12766076420910885 0.13040737896530677
    outer loop
      vertex 30.725614955146312 -151.66675652996992 87.93412044644356
      vertex 32.05547511424133 -161.68808240946433 87.71788935363293
      vertex 30.7536614955756 -151.66187980794138 87.71788935363293
    endloop
  endfacet
  facet normal 0.9682110547702306 0.12571363126565438 0.21624855221416048
    outer loop
      vertex 30.725614955146312 -151.66675652996992 87.93412044644356
      vertex 30.67910795436289 -151.67484314998546 88.1470476090908
      vertex 32.02711315080239 -161.69052983212572 87.93412044644356
    endloop
  endfacet
  facet normal 0.9458571293183681 0.12281117200560983 0.3004525036477887
    outer loop
      vertex 30.67910795436289 -151.67484314998546 88.1470476090908
      vertex 30.61449442726837 -151.68607812606808 88.355050355196
      vertex 31.98008311302644 -161.69458816823024 88.1470476090908
    endloop
  endfacet
  facet normal 0.836594430796401 0.10862437820129824 0.5369455305902335
    outer loop
      vertex 30.31759777614876 -151.73770240544636 88.93394108861685
      vertex 31.73125676173423 -161.7160599980003 88.75
      vertex 30.433048885271518 -151.71762780949047 88.75
    endloop
  endfacet
  facet normal 0.8798007792549727 0.11423433992575346 0.46141207656938305
    outer loop
      vertex 30.53226613936613 -151.70037595021483 88.55654565244913
      vertex 30.433048885271518 -151.71762780949047 88.75
      vertex 31.83158985416101 -161.70740201194013 88.55654565244913
    endloop
  endfacet
  facet normal -0.493818117026111 0.8695652173913042 3.3751322041028266e-17
    outer loop
      vertex 9.782608695652172 -117.96290870215668 0
      vertex 17.165640650883958 -113.77015252336909 87.71788935363293
      vertex 20.217391304347828 -112.03709129784335 0
    endloop
  endfacet
  facet normal -0.49381811702908496 0.8695652173896155 -1.2725208584672458e-13
    outer loop
      vertex 20.217391304347828 -112.03709129784335 0
      vertex 17.165640650883958 -113.77015252336909 87.71788935363293
      vertex 17.17391304347825 -113.76545470743474 87.5
    endloop
  endfacet
  facet normal -0.4938181170261076 0.8695652173913062 0
    outer loop
      vertex 12.859113579211026 -116.2157897762429 87.93412044644356
      vertex 16.970234318919807 -113.88112198831044 88.55654565244913
      vertex 17.042810042267263 -113.8399069002084 88.355050355196
    endloop
  endfacet
  facet normal -0.49381811702610995 0.8695652173913048 -1.8763310925030317e-15
    outer loop
      vertex 12.900161244299099 -116.19247918345849 88.1470476090908
      vertex 16.882663919873863 -113.93085241530915 88.75
      vertex 16.970234318919807 -113.88112198831044 88.55654565244913
    endloop
  endfacet
  facet normal -0.493818117026119 0.8695652173912998 4.1560355290790015e-14
    outer loop
      vertex 13.91304347826086 -115.61727264628266 89.66506350785494
      vertex 15.4122280172121 -114.76589948726816 89.89204061001455
      vertex 15.743522047996521 -114.5777606436346 89.84923154860735
    endloop
  endfacet
  facet normal -0.49381811702603046 0.8695652173913501 -5.932108508484436e-13
    outer loop
      vertex 15 -115 89.9714239000302
      vertex 15.189469003159061 -114.89240228966896 89.99048674851656
      vertex 15.038183965444372 -114.97831567599623 89.96758213628132
    endloop
  endfacet
  facet normal -0.49381811702607553 0.8695652173913244 0
    outer loop
      vertex 15 -115 89.9714239000302
      vertex 15 -115 90
      vertex 15.189469003159061 -114.89240228966896 89.99048674851656
    endloop
  endfacet
  facet normal -0.49381811702611633 0.8695652173913012 3.171422222258252e-14
    outer loop
      vertex 13.602635633686319 -115.79355041619829 89.41511110961437
      vertex 15.918735349955767 -114.47825861535546 89.76576946675777
      vertex 16.086956521739125 -114.38272735371737 89.66506350785494
    endloop
  endfacet
  facet normal -0.49381811702611017 0.8695652173913048 6.819810190936932e-15
    outer loop
      vertex 13.334685991639674 -115.94571656204556 89.10696902126074
      vertex 16.246905294449434 -114.29189391169287 89.54788011312485
      vertex 16.39736436631368 -114.20644958380174 89.41511110961437
    endloop
  endfacet
  facet normal -0.4938181170261083 0.8695652173913058 -2.4977403023803283e-14
    outer loop
      vertex 13.462811345639437 -115.87295534783178 89.26776695251465
      vertex 16.086956521739125 -114.38272735371737 89.66506350785494
      vertex 16.246905294449434 -114.29189391169287 89.54788011312485
    endloop
  endfacet
  facet normal -0.49381811702610107 0.8695652173913098 2.3672856611822887e-14
    outer loop
      vertex 15.038183965444372 -114.97831567599623 89.96758213628132
      vertex 15.189469003159061 -114.89240228966896 89.99048674851656
      vertex 15.301418720358688 -114.82882707133747 89.95436509506916
    endloop
  endfacet
  facet normal -0.4938181170263004 0.8695652173911966 1.9645329625174237e-12
    outer loop
      vertex 15.301418720358688 -114.82882707133747 89.95436509506916
      vertex 15.377496040385694 -114.78562345857472 89.96201938390732
      vertex 15.296059006954458 -114.8318708034557 89.94968978659709
    endloop
  endfacet
  facet normal -0.4938181170261405 0.8695652173912873 -1.3808580311260074e-13
    outer loop
      vertex 15.189469003159061 -114.89240228966896 89.99048674851656
      vertex 15.377496040385694 -114.78562345857472 89.96201938390732
      vertex 15.301418720358688 -114.82882707133747 89.95436509506916
    endloop
  endfacet
  facet normal -0.4938181170261063 0.8695652173913068 -3.679889384947703e-14
    outer loop
      vertex 13.029765681080193 -116.11887801168959 88.55654565244913
      vertex 16.665314008360326 -114.05428343795445 89.10696902126074
      vertex 16.780765315760732 -113.98871969864149 88.93394108861685
    endloop
  endfacet
  facet normal -0.4938181170261103 0.8695652173913047 1.8747317771650534e-14
    outer loop
      vertex 13.219234684239268 -116.01128030135852 88.93394108861685
      vertex 16.39736436631368 -114.20644958380174 89.41511110961437
      vertex 16.537188654360563 -114.12704465216824 89.26776695251465
    endloop
  endfacet
  facet normal -0.4938181170261094 0.8695652173913051 -1.3786123068881515e-14
    outer loop
      vertex 13.117336080126137 -116.06914758469088 88.75
      vertex 16.537188654360563 -114.12704465216824 89.26776695251465
      vertex 16.665314008360326 -114.05428343795445 89.10696902126074
    endloop
  endfacet
  facet normal -0.49381811702610756 0.8695652173913062 -1.4184174086805035e-14
    outer loop
      vertex 12.957189957732737 -116.16009309979162 88.355050355196
      vertex 16.780765315760732 -113.98871969864149 88.93394108861685
      vertex 16.882663919873863 -113.93085241530915 88.75
    endloop
  endfacet
  facet normal -0.4938181170261092 0.8695652173913052 2.788819249152365e-13
    outer loop
      vertex 15.039947769244788 -114.97731402798397 89.73061392863798
      vertex 15.187757826071117 -114.89337405145355 89.75553365307616
      vertex 15.918735349955767 -114.47825861535546 89.76576946675777
    endloop
  endfacet
  facet normal -0.49381811702610345 0.8695652173913085 -2.6409818595902383e-13
    outer loop
      vertex 15.187757826071117 -114.89337405145355 89.75553365307616
      vertex 15.30702400577209 -114.82564388112598 89.78314558364669
      vertex 15.918735349955767 -114.47825861535546 89.76576946675777
    endloop
  endfacet
  facet normal -0.4938181170260929 0.8695652173913145 1.523942037805662e-13
    outer loop
      vertex 15.296059006954458 -114.8318708034557 89.94968978659709
      vertex 15.377496040385694 -114.78562345857472 89.96201938390732
      vertex 15.562650094861567 -114.68047616805254 89.91481456905603
    endloop
  endfacet
  facet normal -0.4938181170261089 0.8695652173913055 -1.6492931759082807e-15
    outer loop
      vertex 12.826086956521749 -116.23454529256527 87.5
      vertex 17.0998387557009 -113.80752081654154 88.1470476090908
      vertex 17.140886420788974 -113.78421022375711 87.93412044644356
    endloop
  endfacet
  facet normal -0.493818117026112 0.8695652173913037 4.2356266863592386e-14
    outer loop
      vertex 12.834359349116042 -116.22984747663092 87.71788935363293
      vertex 17.042810042267263 -113.8399069002084 88.355050355196
      vertex 17.0998387557009 -113.80752081654154 88.1470476090908
    endloop
  endfacet
  facet normal -0.49381811702609973 0.8695652173913107 -8.948270566320363e-14
    outer loop
      vertex 15.30702400577209 -114.82564388112598 89.78314558364669
      vertex 15.743522047996521 -114.5777606436346 89.84923154860735
      vertex 15.918735349955767 -114.47825861535546 89.76576946675777
    endloop
  endfacet
endsolid OpenSCAD_Model
