solid OpenSCAD_Model
  facet normal 0.9805127963855975 0.1961025592771195 -0.011766153537146294
    outer loop
      vertex -31.779947623822228 -229.15705872497867 15.72005237617777
      vertex -31.799999997019768 -230 0
      vertex -32.47860873490572 -226.60695631057024 0
    endloop
  endfacet
  facet normal 0.7372739113945941 0.6755870771397751 0.0030464370421479287
    outer loop
      vertex -32.28745672189211 -226.90437562485926 17.09665966272748
      vertex -32.545584410429 -226.545584410429 0
      vertex -32.75775999575853 -226.31403539329767 0
    endloop
  endfacet
  facet normal 0.6755799422376272 0.7372661250053112 0.005513852179482236
    outer loop
      vertex -32.24703108649954 -226.9455339053355 16.89790983500482
      vertex -32.47860873490572 -226.60695631057024 0
      vertex -32.545584410429 -226.545584410429 0
    endloop
  endfacet
  facet normal 0.6755799422376226 0.7372661250053153 0.005513852179482386
    outer loop
      vertex -32.20194015083004 -226.9856964400797 16.743379875537343
      vertex -32.47860873490572 -226.60695631057024 0
      vertex -32.24703108649954 -226.9455339053355 16.89790983500482
    endloop
  endfacet
  facet normal 0.9805127963855961 0.19610255927712647 -0.01176615353714573
    outer loop
      vertex -32.19306543087281 -227.03256546471215 16.701789461364115
      vertex -32.137731805619495 -227.32115140136332 16.503159287958116
      vertex -32.47860873490572 -226.60695631057024 0
    endloop
  endfacet
  facet normal 0.9805127963855992 0.19610255927711082 -0.011766153537146475
    outer loop
      vertex -32.06921723003261 -227.67559362404185 16.305336875228857
      vertex -32.47860873490572 -226.60695631057024 0
      vertex -32.137731805619495 -227.32115140136332 16.503159287958116
    endloop
  endfacet
  facet normal 0.9805127963856176 0.1961025592770188 -0.011766153537148842
    outer loop
      vertex -32.19306543087281 -227.03256546471215 16.701789461364115
      vertex -32.47860873490572 -226.60695631057024 0
      vertex -32.20194015083004 -226.9856964400797 16.743379875537343
    endloop
  endfacet
  facet normal 0.9805127963855954 0.19610255927712972 -0.011766153537145142
    outer loop
      vertex -32.06921723003261 -227.67559362404185 16.305336875228857
      vertex -31.987094748358 -228.09800896822532 16.108621278062802
      vertex -32.47860873490572 -226.60695631057024 0
    endloop
  endfacet
  facet normal 0.9805127963855969 0.19610255927712356 -0.011766153537145758
    outer loop
      vertex -31.8908629027301 -228.59088281488644 15.913377635712372
      vertex -32.47860873490572 -226.60695631057024 0
      vertex -31.987094748358 -228.09800896822532 16.108621278062802
    endloop
  endfacet
  facet normal 0.9805127963855981 0.1961025592771171 -0.011766153537146166
    outer loop
      vertex -31.779947623822228 -229.15705872497867 15.72005237617777
      vertex -31.653705602013847 -229.79972055210987 15.529190407706826
      vertex -31.799999997019768 -230 0
    endloop
  endfacet
  facet normal 0.9805127963855975 0.19610255927711986 -0.011766153537146242
    outer loop
      vertex -31.8908629027301 -228.59088281488644 15.913377635712372
      vertex -31.779947623822228 -229.15705872497867 15.72005237617777
      vertex -32.47860873490572 -226.60695631057024 0
    endloop
  endfacet
  facet normal 0.980512796385597 0.19610255927712203 -0.01176615353714622
    outer loop
      vertex -31.653705602013847 -229.79972055210987 15.529190407706826
      vertex -31.614274080757898 -230 15.477159714114306
      vertex -31.799999997019768 -230 0
    endloop
  endfacet
  facet normal 0.737273911394514 0.6755870771398625 0.0030464370421531533
    outer loop
      vertex -32.31170754493665 -226.8788172842399 17.2977517964307
      vertex -32.28745672189211 -226.90437562485926 17.09665966272748
      vertex -32.75775999575853 -226.31403539329767 0
    endloop
  endfacet
  facet normal 0.7372739113945743 0.6755870771397966 0.003046437042149445
    outer loop
      vertex -32.31170754493665 -226.8788172842399 17.2977517964307
      vertex -32.75775999575853 -226.31403539329767 0
      vertex -32.3198495214384 -226.87084387766487 17.5
    endloop
  endfacet
  facet normal 0.675579942237618 0.7372661250053195 0.005513852179482603
    outer loop
      vertex -32.24703108649954 -226.9455339053355 16.89790983500482
      vertex -32.545584410429 -226.545584410429 0
      vertex -32.25791910633048 -226.9359527309551 16.95084061561564
    endloop
  endfacet
  facet normal 0.7372739113947281 0.6755870771396288 0.0030464370421428404
    outer loop
      vertex -32.25791910633048 -226.9359527309551 16.95084061561564
      vertex -32.545584410429 -226.545584410429 0
      vertex -32.28745672189211 -226.90437562485926 17.09665966272748
    endloop
  endfacet
  facet normal -0.980512796385597 0.19610255927712203 -0.01176615353714622
    outer loop
      vertex -28.346294397986153 -229.79972055210987 15.529190407706826
      vertex -28.200000002980232 -230 0
      vertex -28.385725919242102 -230 15.477159714114306
    endloop
  endfacet
  facet normal -0.9805127963855975 0.19610255927711953 -0.011766153537146192
    outer loop
      vertex -28.346294397986153 -229.79972055210987 15.529190407706826
      vertex -27.52139126509428 -226.60695631057024 0
      vertex -28.200000002980232 -230 0
    endloop
  endfacet
  facet normal -0.6755799422376272 0.7372661250053114 0.005513852179482357
    outer loop
      vertex -27.798059849169956 -226.9856964400797 16.743379875537343
      vertex -27.454415589571 -226.545584410429 0
      vertex -27.52139126509428 -226.60695631057024 0
    endloop
  endfacet
  facet normal -0.7372739113945942 0.6755870771397751 0.0030464370421484812
    outer loop
      vertex -27.742080893669517 -226.9359527309551 16.95084061561564
      vertex -27.242240004241467 -226.31403539329767 0
      vertex -27.454415589571 -226.545584410429 0
    endloop
  endfacet
  facet normal -0.9805127963855979 0.19610255927711717 -0.01176615353714669
    outer loop
      vertex -28.346294397986153 -229.79972055210987 15.529190407706826
      vertex -28.220052376177772 -229.15705872497867 15.72005237617777
      vertex -27.52139126509428 -226.60695631057024 0
    endloop
  endfacet
  facet normal -0.9805127963855975 0.19610255927711984 -0.011766153537146246
    outer loop
      vertex -28.220052376177772 -229.15705872497867 15.72005237617777
      vertex -28.1091370972699 -228.59088281488644 15.913377635712372
      vertex -27.52139126509428 -226.60695631057024 0
    endloop
  endfacet
  facet normal -0.9805127963855969 0.19610255927712356 -0.011766153537145758
    outer loop
      vertex -28.1091370972699 -228.59088281488644 15.913377635712372
      vertex -28.012905251642 -228.09800896822532 16.108621278062802
      vertex -27.52139126509428 -226.60695631057024 0
    endloop
  endfacet
  facet normal -0.980512796385597 0.19610255927712214 -0.01176615353714589
    outer loop
      vertex -28.012905251642 -228.09800896822532 16.108621278062802
      vertex -27.93078276996739 -227.67559362404185 16.305336875228857
      vertex -27.52139126509428 -226.60695631057024 0
    endloop
  endfacet
  facet normal -0.9805127963855973 0.19610255927712003 -0.011766153537146036
    outer loop
      vertex -27.93078276996739 -227.67559362404185 16.305336875228857
      vertex -27.862268194380505 -227.32115140136332 16.503159287958116
      vertex -27.52139126509428 -226.60695631057024 0
    endloop
  endfacet
  facet normal -0.9805127963855961 0.19610255927712647 -0.01176615353714573
    outer loop
      vertex -27.862268194380505 -227.32115140136332 16.503159287958116
      vertex -27.806934569127193 -227.03256546471215 16.701789461364115
      vertex -27.52139126509428 -226.60695631057024 0
    endloop
  endfacet
  facet normal -0.9805127963856036 0.1961025592770887 -0.011766153537146825
    outer loop
      vertex -27.806934569127193 -227.03256546471215 16.701789461364115
      vertex -27.798059849169956 -226.9856964400797 16.743379875537343
      vertex -27.52139126509428 -226.60695631057024 0
    endloop
  endfacet
  facet normal -0.6755799422376229 0.737266125005315 0.005513852179482551
    outer loop
      vertex -27.798059849169956 -226.9856964400797 16.743379875537343
      vertex -27.752968913500457 -226.9455339053355 16.89790983500482
      vertex -27.454415589571 -226.545584410429 0
    endloop
  endfacet
  facet normal -0.6755799422377287 0.7372661250052182 0.00551385217947839
    outer loop
      vertex -27.752968913500457 -226.9455339053355 16.89790983500482
      vertex -27.742080893669517 -226.9359527309551 16.95084061561564
      vertex -27.454415589571 -226.545584410429 0
    endloop
  endfacet
  facet normal -0.7372739113947209 0.6755870771396367 0.003046437042139671
    outer loop
      vertex -27.742080893669517 -226.9359527309551 16.95084061561564
      vertex -27.712543278107887 -226.90437562485926 17.09665966272748
      vertex -27.242240004241467 -226.31403539329767 0
    endloop
  endfacet
  facet normal -0.7372739113944738 0.6755870771399063 0.0030464370421557697
    outer loop
      vertex -27.712543278107887 -226.90437562485926 17.09665966272748
      vertex -27.688292455063344 -226.8788172842399 17.2977517964307
      vertex -27.242240004241467 -226.31403539329767 0
    endloop
  endfacet
  facet normal -0.7372739113946649 0.6755870771396979 0.003046437042144035
    outer loop
      vertex -27.688292455063344 -226.8788172842399 17.2977517964307
      vertex -27.6801504785616 -226.87084387766487 17.5
      vertex -27.242240004241467 -226.31403539329767 0
    endloop
  endfacet
  facet normal 0.9988014082113542 0.043608627277488925 -0.022226888715895128
    outer loop
      vertex -31.500000000620883 -227.5 87.5
      vertex -33.586300909519196 -224.3137606754899 0
      vertex -33.600000001490116 -224 0
    endloop
  endfacet
  facet normal 0.9987178907158818 -0.04360498082354797 -0.02571342862004444
    outer loop
      vertex -31.494292045633 -227.36926638521254 87.5
      vertex -33.600000001490116 -224 0
      vertex -33.586300909519196 -223.6862393245101 0
    endloop
  endfacet
  facet normal 0.9912705182164527 0.13050322509170617 -0.0187528119371158
    outer loop
      vertex -31.494292045633 -227.63073361478746 87.5
      vertex -33.54530791193247 -224.6251334398985 0
      vertex -33.586300909519196 -224.3137606754899 0
    endloop
  endfacet
  facet normal 0.9761814614900965 0.21641423246779393 -0.015317774917876443
    outer loop
      vertex -31.477211629971862 -227.76047226662436 87.5
      vertex -33.47733297199011 -224.9317485615611 0
      vertex -33.54530791193247 -224.6251334398985 0
    endloop
  endfacet
  facet normal 0.9536488778720139 0.30068432165057823 -0.0119480729400277
    outer loop
      vertex -31.448888738329213 -227.88822856731713 87.5
      vertex -33.382893435657024 -225.2312725186348 0
      vertex -33.47733297199011 -224.9317485615611 0
    endloop
  endfacet
  facet normal 0.9910225124785402 -0.1304705745205008 -0.029185766137146022
    outer loop
      vertex -31.477211629971862 -227.23952773337564 87.5
      vertex -33.586300909519196 -223.6862393245101 0
      vertex -33.54530791193247 -223.3748665601015 0
    endloop
  endfacet
  facet normal 0.9757765288302851 -0.21632446105312222 -0.03261737779154047
    outer loop
      vertex -31.448888738329213 -227.11177143268287 87.5
      vertex -33.54530791193247 -223.3748665601015 0
      vertex -33.47733297199011 -223.0682514384389 0
    endloop
  endfacet
  facet normal 0.9530993617217011 -0.300511059882304 -0.03598207295446644
    outer loop
      vertex -31.40953893152376 -226.98696978390217 87.5
      vertex -33.47733297199011 -223.0682514384389 0
      vertex -33.382893435657024 -222.7687274813652 0
    endloop
  endfacet
  facet normal 0.8869973907385628 0.46174159477244753 -0.005507129922049418
    outer loop
      vertex -31.35946167943378 -228.13392739122114 87.5
      vertex -33.117691457271576 -225.79999999701977 0
      vertex -33.26270803064108 -225.5214257389307 0
    endloop
  endfacet
  facet normal 0.8433888431810664 0.5372979463486365 -0.002485165435188175
    outer loop
      vertex -31.29903810719649 -228.24999999875823 87.5
      vertex -32.94894736260176 -226.0648751705885 0
      vertex -33.117691457271576 -225.79999999701977 0
    endloop
  endfacet
  facet normal 0.7933532794345817 0.6087613938625126 0.00037330010116985236
    outer loop
      vertex -31.228728067750733 -228.36036465441188 87.5
      vertex -32.75775999575853 -226.31403539329767 0
      vertex -32.94894736260176 -226.0648751705885 0
    endloop
  endfacet
  facet normal 0.9238448056535746 0.38266906714362214 -0.008669493545700931
    outer loop
      vertex -31.40953893152376 -228.01303021609783 87.5
      vertex -33.26270803064108 -225.5214257389307 0
      vertex -33.382893435657024 -225.2312725186348 0
    endloop
  endfacet
  facet normal 0.9231674513384086 -0.38238849778573425 -0.03925421697749964
    outer loop
      vertex -31.35946167943378 -226.86607260877886 87.5
      vertex -33.382893435657024 -222.7687274813652 0
      vertex -33.26270803064108 -222.4785742610693 0
    endloop
  endfacet
  facet normal 0.8862128311594237 -0.4613331789247256 -0.04240891311512121
    outer loop
      vertex -31.29903810719649 -226.75000000124177 87.5
      vertex -33.26270803064108 -222.4785742610693 0
      vertex -33.117691457271576 -222.20000000298023 0
    endloop
  endfacet
  facet normal 0.8425209653176411 -0.5367450471758882 -0.045422211883435364
    outer loop
      vertex -31.228728067750733 -226.63963534558812 87.5
      vertex -33.117691457271576 -222.20000000298023 0
      vertex -32.94894736260176 -221.9351248294115 0
    endloop
  endfacet
  facet normal 0.7924284929115746 -0.6080517801918257 -0.04827127745815504
    outer loop
      vertex -31.14906666489939 -226.53581858612597 87.5
      vertex -32.94894736260176 -221.9351248294115 0
      vertex -32.75775999575853 -221.68596460670233 0
    endloop
  endfacet
  facet normal 0.7363203411933901 -0.674713291027012 -0.05093456641955562
    outer loop
      vertex -31.060660171012085 -226.43933982898793 87.5
      vertex -32.75775999575853 -221.68596460670233 0
      vertex -32.545584410429 -221.454415589571 0
    endloop
  endfacet
  facet normal 0.6746265710083769 -0.7362257029010087 -0.053391985141920714
    outer loop
      vertex -30.96418141387403 -226.35093333510062 87.5
      vertex -32.545584410429 -221.454415589571 0
      vertex -32.31403539329767 -221.24224000424147 0
    endloop
  endfacet
  facet normal 0.6078189087195949 -0.7921250089061108 -0.05562503454753686
    outer loop
      vertex -30.86036465441187 -226.27127193224928 87.5
      vertex -32.31403539329767 -221.24224000424147 0
      vertex -32.06487517058849 -221.05105263739824 0
    endloop
  endfacet
  facet normal 0.5364070242175814 -0.8419903755513625 -0.05761694064175054
    outer loop
      vertex -30.749999998758238 -226.20096189280352 87.5
      vertex -32.06487517058849 -221.05105263739824 0
      vertex -31.799999997019768 -220.88230854272842 0
    endloop
  endfacet
  facet normal 0.460934566577371 -0.8854471039301193 -0.05935277142556714
    outer loop
      vertex -30.633927391221125 -226.1405383205662 87.5
      vertex -31.799999997019768 -220.88230854272842 0
      vertex -31.521425738930702 -220.73729196935892 0
    endloop
  endfacet
  facet normal 0.38197501678466367 -0.9221692199477012 -0.060819539075894984
    outer loop
      vertex -30.51303021609783 -226.09046106847623 87.5
      vertex -31.521425738930702 -220.73729196935892 0
      vertex -31.231272518634796 -220.61710656434298 0
    endloop
  endfacet
  facet normal 0.30012715574509713 -0.9518817732965779 -0.062006290407673366
    outer loop
      vertex -30.388228567317128 -226.0511112616708 87.5
      vertex -31.231272518634796 -220.61710656434298 0
      vertex -30.931748561561108 -220.5226670280099 0
    endloop
  endfacet
  facet normal 0.7372739113945875 0.6755870771397823 0.003046437042148664
    outer loop
      vertex -32.3198495214384 -226.87084387766487 17.5
      vertex -32.75775999575853 -226.31403539329767 0
      vertex -31.14906666489939 -228.46418141387403 87.5
    endloop
  endfacet
  facet normal 0.7372739113953276 0.6755870771389748 0.0030464370421179054
    outer loop
      vertex -32.3198495214384 -226.87084387766487 17.5
      vertex -31.14906666489939 -228.46418141387403 87.5
      vertex -32.31185096202124 -226.88048483151263 17.702260750938358
    endloop
  endfacet
  facet normal 0.7372739113946895 0.6755870771396711 0.003046437042144333
    outer loop
      vertex -32.31185096202124 -226.88048483151263 17.702260750938358
      vertex -31.14906666489939 -228.46418141387403 87.5
      vertex -32.28773975331845 -226.90770455507894 17.90339024334937
    endloop
  endfacet
  facet normal 0.7372739113945754 0.6755870771397954 0.003046437042148976
    outer loop
      vertex -32.28773975331845 -226.90770455507894 17.90339024334937
      vertex -31.14906666489939 -228.46418141387403 87.5
      vertex -32.24760382209458 -226.95240193065462 18.102243629035346
    endloop
  endfacet
  facet normal 0.7372739113942828 0.6755870771401149 0.00304643704216057
    outer loop
      vertex -32.24760382209458 -226.95240193065462 18.102243629035346
      vertex -31.14906666489939 -228.46418141387403 87.5
      vertex -32.23779855546941 -226.96325677331194 18.13645544606307
    endloop
  endfacet
  facet normal 0.6755799422374853 0.7372661250054411 0.005513852179487399
    outer loop
      vertex -32.23779855546941 -226.96325677331194 18.13645544606307
      vertex -31.060660171012085 -228.56066017101207 87.5
      vertex -32.19101795213443 -227.00732745664652 18.297465317319826
    endloop
  endfacet
  facet normal 0.6755799422382863 0.7372661250047075 0.005513852179457847
    outer loop
      vertex -32.19101795213443 -227.00732745664652 18.297465317319826
      vertex -31.060660171012085 -228.56066017101207 87.5
      vertex -32.175591163131 -227.0217663793065 18.337963199317542
    endloop
  endfacet
  facet normal 0.980512796385595 0.196102559277132 -0.011766153537145867
    outer loop
      vertex -32.175591163131 -227.0217663793065 18.337963199317542
      vertex -31.03275363954405 -228.58623179607093 87.5
      vertex -32.13101470770386 -227.23530393974613 18.493708477843246
    endloop
  endfacet
  facet normal 0.9805127963855965 0.1961025592771247 -0.011766153537146036
    outer loop
      vertex -32.06142999085113 -227.57144000309188 18.69016716013347
      vertex -32.13101470770386 -227.23530393974613 18.493708477843246
      vertex -31.03275363954405 -228.58623179607093 87.5
    endloop
  endfacet
  facet normal 0.9805127963855971 0.19610255927712147 -0.011766153537146131
    outer loop
      vertex -31.881423822541514 -228.4481587521516 19.07870203558273
      vertex -31.978390588469072 -227.97493000441543 18.885284003569186
      vertex -31.03275363954405 -228.58623179607093 87.5
    endloop
  endfacet
  facet normal 0.9805127963855975 0.19610255927711928 -0.011766153537146128
    outer loop
      vertex -31.64346384924094 -229.61516450402928 19.4586039466316
      vertex -31.03275363954405 -228.58623179607093 87.5
      vertex -31.56527473170269 -230 19.56043880880916
    endloop
  endfacet
  facet normal 0.9805127963855974 0.19610255927712059 -0.011766153537146135
    outer loop
      vertex -31.881423822541514 -228.4481587521516 19.07870203558273
      vertex -31.03275363954405 -228.58623179607093 87.5
      vertex -31.76998562633395 -228.99387271776337 19.26998562633395
    endloop
  endfacet
  facet normal 0.9805127963855975 0.1961025592771196 -0.011766153537146131
    outer loop
      vertex -31.76998562633395 -228.99387271776337 19.26998562633395
      vertex -31.03275363954405 -228.58623179607093 87.5
      vertex -31.64346384924094 -229.61516450402928 19.4586039466316
    endloop
  endfacet
  facet normal 0.9805127963855984 0.1961025592771151 -0.011766153537146204
    outer loop
      vertex -32.06142999085113 -227.57144000309188 18.69016716013347
      vertex -31.03275363954405 -228.58623179607093 87.5
      vertex -31.978390588469072 -227.97493000441543 18.885284003569186
    endloop
  endfacet
  facet normal 0.21601098281651923 -0.9743625199656047 -0.06290417306441393
    outer loop
      vertex -30.260472266624372 -226.02278837002814 87.5
      vertex -30.931748561561108 -220.5226670280099 0
      vertex -30.62513343989849 -220.45469208806753 0
    endloop
  endfacet
  facet normal 0.13026261505190218 -0.9894435686500627 -0.06350650027255825
    outer loop
      vertex -30.250000000620883 -226.02140967113277 87.5
      vertex -30.62513343989849 -220.45469208806753 0
      vertex -30.600000001490116 -220.45138321071863 0
    endloop
  endfacet
  facet normal 0.999992000095959 0 -0.003999968010317851
    outer loop
      vertex -30.250000000620883 -225 87.5
      vertex -30.600000001490116 -220.45138321071863 0
      vertex -30.600000001490116 -218 0
    endloop
  endfacet
  facet normal 0 -0.996815278536125 -0.07974522228289
    outer loop
      vertex -29.749999999379117 -225 87.5
      vertex -30.600000001490116 -218 0
      vertex -29.399999998509884 -218 0
    endloop
  endfacet
  facet normal -0.13026261505190218 -0.9894435686500627 -0.06350650027255825
    outer loop
      vertex -29.749999999379117 -226.02140967113277 87.5
      vertex -29.399999998509884 -220.45138321071863 0
      vertex -29.37486656010151 -220.45469208806753 0
    endloop
  endfacet
  facet normal -0.999992000095959 0 -0.003999968010317851
    outer loop
      vertex -29.749999999379117 -225 87.5
      vertex -29.399999998509884 -218 0
      vertex -29.399999998509884 -220.45138321071863 0
    endloop
  endfacet
  facet normal -0.6078189087195949 -0.7921250089061108 -0.05562503454753686
    outer loop
      vertex -29.13963534558813 -226.27127193224928 87.5
      vertex -27.935124829411507 -221.05105263739824 0
      vertex -27.685964606702328 -221.24224000424147 0
    endloop
  endfacet
  facet normal -0.21601098281651923 -0.9743625199656047 -0.06290417306441393
    outer loop
      vertex -29.739527733375628 -226.02278837002814 87.5
      vertex -29.37486656010151 -220.45469208806753 0
      vertex -29.068251438438892 -220.5226670280099 0
    endloop
  endfacet
  facet normal -0.30012715574509713 -0.9518817732965779 -0.062006290407673366
    outer loop
      vertex -29.611771432682872 -226.0511112616708 87.5
      vertex -29.068251438438892 -220.5226670280099 0
      vertex -28.768727481365204 -220.61710656434298 0
    endloop
  endfacet
  facet normal -0.38197501678466367 -0.9221692199477012 -0.060819539075894984
    outer loop
      vertex -29.48696978390217 -226.09046106847623 87.5
      vertex -28.768727481365204 -220.61710656434298 0
      vertex -28.478574261069298 -220.73729196935892 0
    endloop
  endfacet
  facet normal -0.460934566577371 -0.8854471039301193 -0.05935277142556714
    outer loop
      vertex -29.366072608778875 -226.1405383205662 87.5
      vertex -28.478574261069298 -220.73729196935892 0
      vertex -28.200000002980232 -220.88230854272842 0
    endloop
  endfacet
  facet normal -0.5364070242175814 -0.8419903755513625 -0.05761694064175054
    outer loop
      vertex -29.250000001241762 -226.20096189280352 87.5
      vertex -28.200000002980232 -220.88230854272842 0
      vertex -27.935124829411507 -221.05105263739824 0
    endloop
  endfacet
  facet normal -0.7933532794345817 0.6087613938625126 0.00037330010116985236
    outer loop
      vertex -28.771271932249267 -228.36036465441188 87.5
      vertex -27.051052637398243 -226.0648751705885 0
      vertex -27.242240004241467 -226.31403539329767 0
    endloop
  endfacet
  facet normal -0.8433888431810664 0.5372979463486365 -0.002485165435188175
    outer loop
      vertex -28.70096189280351 -228.24999999875823 87.5
      vertex -26.882308542728424 -225.79999999701977 0
      vertex -27.051052637398243 -226.0648751705885 0
    endloop
  endfacet
  facet normal -0.6746265710083769 -0.7362257029010087 -0.053391985141920714
    outer loop
      vertex -29.03581858612597 -226.35093333510062 87.5
      vertex -27.685964606702328 -221.24224000424147 0
      vertex -27.454415589571 -221.454415589571 0
    endloop
  endfacet
  facet normal -0.7363203411933901 -0.674713291027012 -0.05093456641955562
    outer loop
      vertex -28.939339828987915 -226.43933982898793 87.5
      vertex -27.454415589571 -221.454415589571 0
      vertex -27.242240004241467 -221.68596460670233 0
    endloop
  endfacet
  facet normal -0.7924284929115746 -0.6080517801918257 -0.04827127745815504
    outer loop
      vertex -28.85093333510061 -226.53581858612597 87.5
      vertex -27.242240004241467 -221.68596460670233 0
      vertex -27.051052637398243 -221.9351248294115 0
    endloop
  endfacet
  facet normal -0.8425209653176411 -0.5367450471758882 -0.045422211883435364
    outer loop
      vertex -28.771271932249267 -226.63963534558812 87.5
      vertex -27.051052637398243 -221.9351248294115 0
      vertex -26.882308542728424 -222.20000000298023 0
    endloop
  endfacet
  facet normal -0.8869973907385628 0.46174159477244753 -0.005507129922049418
    outer loop
      vertex -28.64053832056622 -228.13392739122114 87.5
      vertex -26.73729196935892 -225.5214257389307 0
      vertex -26.882308542728424 -225.79999999701977 0
    endloop
  endfacet
  facet normal -0.9238448056535746 0.38266906714362214 -0.008669493545700931
    outer loop
      vertex -28.59046106847624 -228.01303021609783 87.5
      vertex -26.617106564342976 -225.2312725186348 0
      vertex -26.73729196935892 -225.5214257389307 0
    endloop
  endfacet
  facet normal -0.9536488778720139 0.30068432165057823 -0.0119480729400277
    outer loop
      vertex -28.551111261670787 -227.88822856731713 87.5
      vertex -26.52266702800989 -224.9317485615611 0
      vertex -26.617106564342976 -225.2312725186348 0
    endloop
  endfacet
  facet normal -0.9761814614900965 0.21641423246779393 -0.015317774917876443
    outer loop
      vertex -28.522788370028138 -227.76047226662436 87.5
      vertex -26.45469208806753 -224.6251334398985 0
      vertex -26.52266702800989 -224.9317485615611 0
    endloop
  endfacet
  facet normal -0.8862128311594237 -0.4613331789247256 -0.04240891311512121
    outer loop
      vertex -28.70096189280351 -226.75000000124177 87.5
      vertex -26.882308542728424 -222.20000000298023 0
      vertex -26.73729196935892 -222.4785742610693 0
    endloop
  endfacet
  facet normal -0.9231674513384086 -0.38238849778573425 -0.03925421697749964
    outer loop
      vertex -28.64053832056622 -226.86607260877886 87.5
      vertex -26.73729196935892 -222.4785742610693 0
      vertex -26.617106564342976 -222.7687274813652 0
    endloop
  endfacet
  facet normal -0.9530993617217011 -0.300511059882304 -0.03598207295446644
    outer loop
      vertex -28.59046106847624 -226.98696978390217 87.5
      vertex -26.617106564342976 -222.7687274813652 0
      vertex -26.52266702800989 -223.0682514384389 0
    endloop
  endfacet
  facet normal -0.9757765288302851 -0.21632446105312222 -0.03261737779154047
    outer loop
      vertex -28.551111261670787 -227.11177143268287 87.5
      vertex -26.52266702800989 -223.0682514384389 0
      vertex -26.45469208806753 -223.3748665601015 0
    endloop
  endfacet
  facet normal -0.9912705182164527 0.13050322509170617 -0.0187528119371158
    outer loop
      vertex -28.505707954367 -227.63073361478746 87.5
      vertex -26.413699090480804 -224.3137606754899 0
      vertex -26.45469208806753 -224.6251334398985 0
    endloop
  endfacet
  facet normal -0.9988014082113542 0.043608627277488925 -0.022226888715895128
    outer loop
      vertex -28.499999999379117 -227.5 87.5
      vertex -26.399999998509884 -224 0
      vertex -26.413699090480804 -224.3137606754899 0
    endloop
  endfacet
  facet normal -0.9987178907158818 -0.04360498082354797 -0.02571342862004444
    outer loop
      vertex -28.505707954367 -227.36926638521254 87.5
      vertex -26.413699090480804 -223.6862393245101 0
      vertex -26.399999998509884 -224 0
    endloop
  endfacet
  facet normal -0.9910225124785402 -0.1304705745205008 -0.029185766137146022
    outer loop
      vertex -28.522788370028138 -227.23952773337564 87.5
      vertex -26.45469208806753 -223.3748665601015 0
      vertex -26.413699090480804 -223.6862393245101 0
    endloop
  endfacet
  facet normal -0.9805127963855975 0.19610255927711928 -0.011766153537146128
    outer loop
      vertex -28.35653615075906 -229.61516450402928 19.4586039466316
      vertex -28.43472526829731 -230 19.56043880880916
      vertex -28.96724636045595 -228.58623179607093 87.5
    endloop
  endfacet
  facet normal -0.9805127963855975 0.1961025592771196 -0.011766153537146131
    outer loop
      vertex -28.35653615075906 -229.61516450402928 19.4586039466316
      vertex -28.96724636045595 -228.58623179607093 87.5
      vertex -28.23001437366605 -228.99387271776337 19.26998562633395
    endloop
  endfacet
  facet normal -0.9805127963855971 0.19610255927712147 -0.011766153537146131
    outer loop
      vertex -28.118576177458486 -228.4481587521516 19.07870203558273
      vertex -28.96724636045595 -228.58623179607093 87.5
      vertex -28.021609411530928 -227.97493000441543 18.885284003569186
    endloop
  endfacet
  facet normal -0.9805127963855974 0.19610255927712059 -0.011766153537146135
    outer loop
      vertex -28.118576177458486 -228.4481587521516 19.07870203558273
      vertex -28.23001437366605 -228.99387271776337 19.26998562633395
      vertex -28.96724636045595 -228.58623179607093 87.5
    endloop
  endfacet
  facet normal -0.9805127963855981 0.1961025592771161 -0.01176615353714623
    outer loop
      vertex -27.824408836869 -227.0217663793065 18.337963199317542
      vertex -27.868985292296138 -227.23530393974613 18.493708477843246
      vertex -28.96724636045595 -228.58623179607093 87.5
    endloop
  endfacet
  facet normal -0.6755799422381978 0.7372661250047884 0.005513852179461106
    outer loop
      vertex -27.824408836869 -227.0217663793065 18.337963199317542
      vertex -28.939339828987915 -228.56066017101207 87.5
      vertex -27.80898204786557 -227.00732745664652 18.297465317319826
    endloop
  endfacet
  facet normal -0.6755799422374853 0.737266125005441 0.005513852179487398
    outer loop
      vertex -27.80898204786557 -227.00732745664652 18.297465317319826
      vertex -28.939339828987915 -228.56066017101207 87.5
      vertex -27.76220144453059 -226.96325677331194 18.13645544606307
    endloop
  endfacet
  facet normal -0.9805127963856001 0.19610255927710676 -0.011766153537146301
    outer loop
      vertex -27.938570009148872 -227.57144000309188 18.69016716013347
      vertex -28.021609411530928 -227.97493000441543 18.885284003569186
      vertex -28.96724636045595 -228.58623179607093 87.5
    endloop
  endfacet
  facet normal -0.9805127963855944 0.19610255927713477 -0.011766153537145805
    outer loop
      vertex -27.938570009148872 -227.57144000309188 18.69016716013347
      vertex -28.96724636045595 -228.58623179607093 87.5
      vertex -27.868985292296138 -227.23530393974613 18.493708477843246
    endloop
  endfacet
  facet normal -0.7372739113945875 0.6755870771397823 0.003046437042148664
    outer loop
      vertex -27.6801504785616 -226.87084387766487 17.5
      vertex -28.85093333510061 -228.46418141387403 87.5
      vertex -27.242240004241467 -226.31403539329767 0
    endloop
  endfacet
  facet normal -0.7372739113950685 0.6755870771392574 0.003046437042128671
    outer loop
      vertex -27.6801504785616 -226.87084387766487 17.5
      vertex -27.688149037978764 -226.88048483151263 17.702260750938358
      vertex -28.85093333510061 -228.46418141387403 87.5
    endloop
  endfacet
  facet normal -0.737273911394747 0.6755870771396085 0.0030464370421419925
    outer loop
      vertex -27.688149037978764 -226.88048483151263 17.702260750938358
      vertex -27.712260246681552 -226.90770455507894 17.90339024334937
      vertex -28.85093333510061 -228.46418141387403 87.5
    endloop
  endfacet
  facet normal -0.737273911394543 0.6755870771398307 0.003046437042150297
    outer loop
      vertex -27.75239617790542 -226.95240193065462 18.102243629035346
      vertex -28.85093333510061 -228.46418141387403 87.5
      vertex -27.712260246681552 -226.90770455507894 17.90339024334937
    endloop
  endfacet
  facet normal -0.7372739113944118 0.6755870771399741 0.0030464370421555012
    outer loop
      vertex -27.75239617790542 -226.95240193065462 18.102243629035346
      vertex -27.76220144453059 -226.96325677331194 18.13645544606307
      vertex -28.85093333510061 -228.46418141387403 87.5
    endloop
  endfacet
  facet normal 0.9988014082113543 0.04360862727748893 -0.02222688871589513
    outer loop
      vertex -31.494292045633 -227.63073361478746 87.5
      vertex -33.586300909519196 -224.3137606754899 0
      vertex -31.500000000620883 -227.5 87.5
    endloop
  endfacet
  facet normal 0.9912705182164502 0.1305032250917244 -0.01875281193711514
    outer loop
      vertex -31.494292045633 -227.63073361478746 87.5
      vertex -31.477211629971862 -227.76047226662436 87.5
      vertex -33.54530791193247 -224.6251334398985 0
    endloop
  endfacet
  facet normal 0.9761814614901019 0.21641423246777 -0.015317774917877315
    outer loop
      vertex -31.477211629971862 -227.76047226662436 87.5
      vertex -31.448888738329213 -227.88822856731713 87.5
      vertex -33.47733297199011 -224.9317485615611 0
    endloop
  endfacet
  facet normal 0.9536488778720087 0.30068432165059467 -0.011948072940027081
    outer loop
      vertex -31.448888738329213 -227.88822856731713 87.5
      vertex -31.40953893152376 -228.01303021609783 87.5
      vertex -33.382893435657024 -225.2312725186348 0
    endloop
  endfacet
  facet normal 0.9987178907158817 -0.04360498082354797 -0.025713428620044432
    outer loop
      vertex -31.500000000620883 -227.5 87.5
      vertex -33.600000001490116 -224 0
      vertex -31.494292045633 -227.36926638521254 87.5
    endloop
  endfacet
  facet normal 0.9910225124785378 -0.13047057452051902 -0.029185766137146695
    outer loop
      vertex -31.494292045633 -227.36926638521254 87.5
      vertex -33.586300909519196 -223.6862393245101 0
      vertex -31.477211629971862 -227.23952773337564 87.5
    endloop
  endfacet
  facet normal 0.9757765288302905 -0.21632446105309833 -0.03261737779153956
    outer loop
      vertex -31.477211629971862 -227.23952773337564 87.5
      vertex -33.54530791193247 -223.3748665601015 0
      vertex -31.448888738329213 -227.11177143268287 87.5
    endloop
  endfacet
  facet normal 0.9530993617216957 -0.3005110598823204 -0.035982072954467044
    outer loop
      vertex -31.448888738329213 -227.11177143268287 87.5
      vertex -33.47733297199011 -223.0682514384389 0
      vertex -31.40953893152376 -226.98696978390217 87.5
    endloop
  endfacet
  facet normal 0.8869973907385393 0.46174159477249266 -0.005507129922047743
    outer loop
      vertex -31.29903810719649 -228.24999999875823 87.5
      vertex -33.117691457271576 -225.79999999701977 0
      vertex -31.35946167943378 -228.13392739122114 87.5
    endloop
  endfacet
  facet normal 0.9238448056535852 0.3826690671435965 -0.008669493545701897
    outer loop
      vertex -31.40953893152376 -228.01303021609783 87.5
      vertex -31.35946167943378 -228.13392739122114 87.5
      vertex -33.26270803064108 -225.5214257389307 0
    endloop
  endfacet
  facet normal 0.8433888431811082 0.5372979463485709 -0.0024851654351906185
    outer loop
      vertex -31.29903810719649 -228.24999999875823 87.5
      vertex -31.228728067750733 -228.36036465441188 87.5
      vertex -32.94894736260176 -226.0648751705885 0
    endloop
  endfacet
  facet normal 0.7933532794345548 0.6087613938625475 0.00037330010117113914
    outer loop
      vertex -31.228728067750733 -228.36036465441188 87.5
      vertex -31.14906666489939 -228.46418141387403 87.5
      vertex -32.75775999575853 -226.31403539329767 0
    endloop
  endfacet
  facet normal 0.9231674513384192 -0.38238849778570866 -0.03925421697749868
    outer loop
      vertex -31.40953893152376 -226.98696978390217 87.5
      vertex -33.382893435657024 -222.7687274813652 0
      vertex -31.35946167943378 -226.86607260877886 87.5
    endloop
  endfacet
  facet normal 0.8862128311594002 -0.46133317892477055 -0.04240891311512285
    outer loop
      vertex -31.35946167943378 -226.86607260877886 87.5
      vertex -33.26270803064108 -222.4785742610693 0
      vertex -31.29903810719649 -226.75000000124177 87.5
    endloop
  endfacet
  facet normal 0.842520965317683 -0.5367450471758228 -0.045422211883432935
    outer loop
      vertex -31.29903810719649 -226.75000000124177 87.5
      vertex -33.117691457271576 -222.20000000298023 0
      vertex -31.228728067750733 -226.63963534558812 87.5
    endloop
  endfacet
  facet normal 0.7924284929115477 -0.6080517801918606 -0.04827127745815634
    outer loop
      vertex -31.228728067750733 -226.63963534558812 87.5
      vertex -32.94894736260176 -221.9351248294115 0
      vertex -31.14906666489939 -226.53581858612597 87.5
    endloop
  endfacet
  facet normal 0.736320341193357 -0.674713291027048 -0.05093456641955695
    outer loop
      vertex -31.14906666489939 -226.53581858612597 87.5
      vertex -32.75775999575853 -221.68596460670233 0
      vertex -31.060660171012085 -226.43933982898793 87.5
    endloop
  endfacet
  facet normal 0.6746265710083723 -0.7362257029010129 -0.05339198514192083
    outer loop
      vertex -31.060660171012085 -226.43933982898793 87.5
      vertex -32.545584410429 -221.454415589571 0
      vertex -30.96418141387403 -226.35093333510062 87.5
    endloop
  endfacet
  facet normal 0.6078189087195904 -0.7921250089061141 -0.055625034547537006
    outer loop
      vertex -30.96418141387403 -226.35093333510062 87.5
      vertex -32.31403539329767 -221.24224000424147 0
      vertex -30.86036465441187 -226.27127193224928 87.5
    endloop
  endfacet
  facet normal 0.5364070242175895 -0.841990375551357 -0.057616940641750373
    outer loop
      vertex -30.86036465441187 -226.27127193224928 87.5
      vertex -32.06487517058849 -221.05105263739824 0
      vertex -30.749999998758238 -226.20096189280352 87.5
    endloop
  endfacet
  facet normal 0.46093456657747733 -0.885447103930064 -0.05935277142556522
    outer loop
      vertex -30.749999998758238 -226.20096189280352 87.5
      vertex -31.799999997019768 -220.88230854272842 0
      vertex -30.633927391221125 -226.1405383205662 87.5
    endloop
  endfacet
  facet normal 0.38197501678466683 -0.9221692199476998 -0.06081953907589495
    outer loop
      vertex -30.633927391221125 -226.1405383205662 87.5
      vertex -31.521425738930702 -220.73729196935892 0
      vertex -30.51303021609783 -226.09046106847623 87.5
    endloop
  endfacet
  facet normal 0.7372739113945613 0.675587077139811 0.0030464370421496223
    outer loop
      vertex -32.23779855546941 -226.96325677331194 18.13645544606307
      vertex -31.14906666489939 -228.46418141387403 87.5
      vertex -31.060660171012085 -228.56066017101207 87.5
    endloop
  endfacet
  facet normal 0.6755799422377593 0.7372661250051902 0.005513852179476928
    outer loop
      vertex -32.175591163131 -227.0217663793065 18.337963199317542
      vertex -31.060660171012085 -228.56066017101207 87.5
      vertex -31.03275363954405 -228.58623179607093 87.5
    endloop
  endfacet
  facet normal 0.9805127963855975 0.1961025592771195 -0.011766153537146131
    outer loop
      vertex -31.03275363954405 -228.58623179607093 87.5
      vertex -30.749999998758238 -230 87.5
      vertex -31.56527473170269 -230 19.56043880880916
    endloop
  endfacet
  facet normal 0.3001271557449656 -0.9518817732966192 -0.06200629040767468
    outer loop
      vertex -30.51303021609783 -226.09046106847623 87.5
      vertex -31.231272518634796 -220.61710656434298 0
      vertex -30.388228567317128 -226.0511112616708 87.5
    endloop
  endfacet
  facet normal 0.21601098281659004 -0.9743625199655891 -0.06290417306441348
    outer loop
      vertex -30.388228567317128 -226.0511112616708 87.5
      vertex -30.931748561561108 -220.5226670280099 0
      vertex -30.260472266624372 -226.02278837002814 87.5
    endloop
  endfacet
  facet normal 0.1302626150510223 -0.9894435686501784 -0.06350650027256176
    outer loop
      vertex -30.260472266624372 -226.02278837002814 87.5
      vertex -30.62513343989849 -220.45469208806753 0
      vertex -30.250000000620883 -226.02140967113277 87.5
    endloop
  endfacet
  facet normal 0.9999920000959589 0 -0.00399996801031785
    outer loop
      vertex -30.250000000620883 -226.02140967113277 87.5
      vertex -30.600000001490116 -220.45138321071863 0
      vertex -30.250000000620883 -225 87.5
    endloop
  endfacet
  facet normal -0.1302626150510223 -0.9894435686501784 -0.06350650027256176
    outer loop
      vertex -29.749999999379117 -226.02140967113277 87.5
      vertex -29.37486656010151 -220.45469208806753 0
      vertex -29.739527733375628 -226.02278837002814 87.5
    endloop
  endfacet
  facet normal -0.9999920000959589 0 -0.00399996801031785
    outer loop
      vertex -29.749999999379117 -226.02140967113277 87.5
      vertex -29.749999999379117 -225 87.5
      vertex -29.399999998509884 -220.45138321071863 0
    endloop
  endfacet
  facet normal -0.21601098281659004 -0.9743625199655891 -0.06290417306441348
    outer loop
      vertex -29.739527733375628 -226.02278837002814 87.5
      vertex -29.068251438438892 -220.5226670280099 0
      vertex -29.611771432682872 -226.0511112616708 87.5
    endloop
  endfacet
  facet normal 0 -0.9968152785361251 -0.07974522228289001
    outer loop
      vertex -30.250000000620883 -225 87.5
      vertex -30.600000001490116 -218 0
      vertex -29.749999999379117 -225 87.5
    endloop
  endfacet
  facet normal -0.3001271557449656 -0.9518817732966192 -0.06200629040767468
    outer loop
      vertex -29.611771432682872 -226.0511112616708 87.5
      vertex -28.768727481365204 -220.61710656434298 0
      vertex -29.48696978390217 -226.09046106847623 87.5
    endloop
  endfacet
  facet normal -0.38197501678466683 -0.9221692199476998 -0.06081953907589495
    outer loop
      vertex -29.48696978390217 -226.09046106847623 87.5
      vertex -28.478574261069298 -220.73729196935892 0
      vertex -29.366072608778875 -226.1405383205662 87.5
    endloop
  endfacet
  facet normal -0.46093456657747733 -0.885447103930064 -0.059352771425565214
    outer loop
      vertex -29.366072608778875 -226.1405383205662 87.5
      vertex -28.200000002980232 -220.88230854272842 0
      vertex -29.250000001241762 -226.20096189280352 87.5
    endloop
  endfacet
  facet normal -0.7933532794345548 0.6087613938625475 0.00037330010117113914
    outer loop
      vertex -28.85093333510061 -228.46418141387403 87.5
      vertex -28.771271932249267 -228.36036465441188 87.5
      vertex -27.242240004241467 -226.31403539329767 0
    endloop
  endfacet
  facet normal -0.8433888431811082 0.5372979463485709 -0.0024851654351906185
    outer loop
      vertex -28.771271932249267 -228.36036465441188 87.5
      vertex -28.70096189280351 -228.24999999875823 87.5
      vertex -27.051052637398243 -226.0648751705885 0
    endloop
  endfacet
  facet normal -0.6078189087195904 -0.7921250089061141 -0.055625034547537006
    outer loop
      vertex -29.13963534558813 -226.27127193224928 87.5
      vertex -27.685964606702328 -221.24224000424147 0
      vertex -29.03581858612597 -226.35093333510062 87.5
    endloop
  endfacet
  facet normal -0.6746265710083723 -0.7362257029010129 -0.05339198514192083
    outer loop
      vertex -29.03581858612597 -226.35093333510062 87.5
      vertex -27.454415589571 -221.454415589571 0
      vertex -28.939339828987915 -226.43933982898793 87.5
    endloop
  endfacet
  facet normal -0.5364070242175895 -0.841990375551357 -0.057616940641750373
    outer loop
      vertex -29.250000001241762 -226.20096189280352 87.5
      vertex -27.935124829411507 -221.05105263739824 0
      vertex -29.13963534558813 -226.27127193224928 87.5
    endloop
  endfacet
  facet normal -0.736320341193357 -0.674713291027048 -0.05093456641955695
    outer loop
      vertex -28.939339828987915 -226.43933982898793 87.5
      vertex -27.242240004241467 -221.68596460670233 0
      vertex -28.85093333510061 -226.53581858612597 87.5
    endloop
  endfacet
  facet normal -0.7924284929115477 -0.6080517801918606 -0.04827127745815634
    outer loop
      vertex -28.85093333510061 -226.53581858612597 87.5
      vertex -27.051052637398243 -221.9351248294115 0
      vertex -28.771271932249267 -226.63963534558812 87.5
    endloop
  endfacet
  facet normal -0.675579942237762 0.7372661250051877 0.0055138521794769494
    outer loop
      vertex -27.824408836869 -227.0217663793065 18.337963199317542
      vertex -28.96724636045595 -228.58623179607093 87.5
      vertex -28.939339828987915 -228.56066017101207 87.5
    endloop
  endfacet
  facet normal -0.7372739113945613 0.675587077139811 0.0030464370421496223
    outer loop
      vertex -27.76220144453059 -226.96325677331194 18.13645544606307
      vertex -28.939339828987915 -228.56066017101207 87.5
      vertex -28.85093333510061 -228.46418141387403 87.5
    endloop
  endfacet
  facet normal -0.9805127963855975 0.1961025592771195 -0.011766153537146131
    outer loop
      vertex -28.96724636045595 -228.58623179607093 87.5
      vertex -28.43472526829731 -230 19.56043880880916
      vertex -29.250000001241762 -230 87.5
    endloop
  endfacet
  facet normal -0.8869973907385393 0.46174159477249266 -0.005507129922047743
    outer loop
      vertex -28.70096189280351 -228.24999999875823 87.5
      vertex -28.64053832056622 -228.13392739122114 87.5
      vertex -26.882308542728424 -225.79999999701977 0
    endloop
  endfacet
  facet normal -0.9238448056535852 0.3826690671435965 -0.008669493545701897
    outer loop
      vertex -28.64053832056622 -228.13392739122114 87.5
      vertex -28.59046106847624 -228.01303021609783 87.5
      vertex -26.73729196935892 -225.5214257389307 0
    endloop
  endfacet
  facet normal -0.9536488778720087 0.30068432165059467 -0.011948072940027081
    outer loop
      vertex -28.59046106847624 -228.01303021609783 87.5
      vertex -28.551111261670787 -227.88822856731713 87.5
      vertex -26.617106564342976 -225.2312725186348 0
    endloop
  endfacet
  facet normal -0.9761814614901019 0.21641423246777 -0.015317774917877315
    outer loop
      vertex -28.551111261670787 -227.88822856731713 87.5
      vertex -28.522788370028138 -227.76047226662436 87.5
      vertex -26.52266702800989 -224.9317485615611 0
    endloop
  endfacet
  facet normal -0.9912705182164502 0.1305032250917244 -0.01875281193711514
    outer loop
      vertex -28.522788370028138 -227.76047226662436 87.5
      vertex -28.505707954367 -227.63073361478746 87.5
      vertex -26.45469208806753 -224.6251334398985 0
    endloop
  endfacet
  facet normal -0.9988014082113543 0.04360862727748893 -0.02222688871589513
    outer loop
      vertex -28.505707954367 -227.63073361478746 87.5
      vertex -28.499999999379117 -227.5 87.5
      vertex -26.413699090480804 -224.3137606754899 0
    endloop
  endfacet
  facet normal -0.842520965317683 -0.5367450471758228 -0.04542221188343295
    outer loop
      vertex -28.771271932249267 -226.63963534558812 87.5
      vertex -26.882308542728424 -222.20000000298023 0
      vertex -28.70096189280351 -226.75000000124177 87.5
    endloop
  endfacet
  facet normal -0.8862128311594002 -0.46133317892477055 -0.04240891311512286
    outer loop
      vertex -28.70096189280351 -226.75000000124177 87.5
      vertex -26.73729196935892 -222.4785742610693 0
      vertex -28.64053832056622 -226.86607260877886 87.5
    endloop
  endfacet
  facet normal -0.9231674513384192 -0.38238849778570866 -0.03925421697749868
    outer loop
      vertex -28.64053832056622 -226.86607260877886 87.5
      vertex -26.617106564342976 -222.7687274813652 0
      vertex -28.59046106847624 -226.98696978390217 87.5
    endloop
  endfacet
  facet normal -0.9530993617216957 -0.3005110598823204 -0.035982072954467044
    outer loop
      vertex -28.59046106847624 -226.98696978390217 87.5
      vertex -26.52266702800989 -223.0682514384389 0
      vertex -28.551111261670787 -227.11177143268287 87.5
    endloop
  endfacet
  facet normal -0.9987178907158817 -0.04360498082354797 -0.025713428620044432
    outer loop
      vertex -28.499999999379117 -227.5 87.5
      vertex -28.505707954367 -227.36926638521254 87.5
      vertex -26.399999998509884 -224 0
    endloop
  endfacet
  facet normal -0.9910225124785378 -0.13047057452051902 -0.029185766137146695
    outer loop
      vertex -28.522788370028138 -227.23952773337564 87.5
      vertex -26.413699090480804 -223.6862393245101 0
      vertex -28.505707954367 -227.36926638521254 87.5
    endloop
  endfacet
  facet normal -0.9757765288302905 -0.21632446105309833 -0.03261737779153956
    outer loop
      vertex -28.551111261670787 -227.11177143268287 87.5
      vertex -26.45469208806753 -223.3748665601015 0
      vertex -28.522788370028138 -227.23952773337564 87.5
    endloop
  endfacet
  facet normal 0 0 -1
    outer loop
      vertex -31.40953893152376 -228.01303021609783 87.5
      vertex -28.96724636045595 -228.58623179607093 87.5
      vertex -31.35946167943378 -228.13392739122114 87.5
    endloop
  endfacet
  facet normal 0 0 -1
    outer loop
      vertex -31.29903810719649 -228.24999999875823 87.5
      vertex -31.35946167943378 -228.13392739122114 87.5
      vertex -28.96724636045595 -228.58623179607093 87.5
    endloop
  endfacet
  facet normal 0 0 -1
    outer loop
      vertex -31.29903810719649 -228.24999999875823 87.5
      vertex -28.96724636045595 -228.58623179607093 87.5
      vertex -31.228728067750733 -228.36036465441188 87.5
    endloop
  endfacet
  facet normal 0 0 -1
    outer loop
      vertex -31.228728067750733 -228.36036465441188 87.5
      vertex -28.96724636045595 -228.58623179607093 87.5
      vertex -31.14906666489939 -228.46418141387403 87.5
    endloop
  endfacet
  facet normal 0 0 -1
    outer loop
      vertex -31.477211629971862 -227.76047226662436 87.5
      vertex -28.96724636045595 -228.58623179607093 87.5
      vertex -31.448888738329213 -227.88822856731713 87.5
    endloop
  endfacet
  facet normal 0 0 -1
    outer loop
      vertex -31.494292045633 -227.63073361478746 87.5
      vertex -28.96724636045595 -228.58623179607093 87.5
      vertex -31.477211629971862 -227.76047226662436 87.5
    endloop
  endfacet
  facet normal 0 0 -1
    outer loop
      vertex -31.494292045633 -227.63073361478746 87.5
      vertex -31.500000000620883 -227.5 87.5
      vertex -28.96724636045595 -228.58623179607093 87.5
    endloop
  endfacet
  facet normal 0 0 -1
    outer loop
      vertex -31.500000000620883 -227.5 87.5
      vertex -31.494292045633 -227.36926638521254 87.5
      vertex -28.96724636045595 -228.58623179607093 87.5
    endloop
  endfacet
  facet normal 0 0 -1
    outer loop
      vertex -31.448888738329213 -227.88822856731713 87.5
      vertex -28.96724636045595 -228.58623179607093 87.5
      vertex -31.40953893152376 -228.01303021609783 87.5
    endloop
  endfacet
  facet normal 0 0 -1
    outer loop
      vertex -31.494292045633 -227.36926638521254 87.5
      vertex -31.477211629971862 -227.23952773337564 87.5
      vertex -28.96724636045595 -228.58623179607093 87.5
    endloop
  endfacet
  facet normal 0 0 -1
    outer loop
      vertex -31.477211629971862 -227.23952773337564 87.5
      vertex -31.448888738329213 -227.11177143268287 87.5
      vertex -28.96724636045595 -228.58623179607093 87.5
    endloop
  endfacet
  facet normal 0 0 -1
    outer loop
      vertex -31.448888738329213 -227.11177143268287 87.5
      vertex -31.40953893152376 -226.98696978390217 87.5
      vertex -28.96724636045595 -228.58623179607093 87.5
    endloop
  endfacet
  facet normal 0 0 -1
    outer loop
      vertex -31.40953893152376 -226.98696978390217 87.5
      vertex -31.35946167943378 -226.86607260877886 87.5
      vertex -28.96724636045595 -228.58623179607093 87.5
    endloop
  endfacet
  facet normal 0 0 -1
    outer loop
      vertex -31.35946167943378 -226.86607260877886 87.5
      vertex -31.29903810719649 -226.75000000124177 87.5
      vertex -28.96724636045595 -228.58623179607093 87.5
    endloop
  endfacet
  facet normal 0 0 -1
    outer loop
      vertex -31.29903810719649 -226.75000000124177 87.5
      vertex -31.228728067750733 -226.63963534558812 87.5
      vertex -28.96724636045595 -228.58623179607093 87.5
    endloop
  endfacet
  facet normal 0 0 -1
    outer loop
      vertex -31.228728067750733 -226.63963534558812 87.5
      vertex -31.14906666489939 -226.53581858612597 87.5
      vertex -28.96724636045595 -228.58623179607093 87.5
    endloop
  endfacet
  facet normal 0 0 -1
    outer loop
      vertex -31.03275363954405 -228.58623179607093 87.5
      vertex -29.250000001241762 -230 87.5
      vertex -30.749999998758238 -230 87.5
    endloop
  endfacet
  facet normal 0 0 -1
    outer loop
      vertex -31.14906666489939 -228.46418141387403 87.5
      vertex -28.96724636045595 -228.58623179607093 87.5
      vertex -31.060660171012085 -228.56066017101207 87.5
    endloop
  endfacet
  facet normal 0 0 -1
    outer loop
      vertex -31.060660171012085 -228.56066017101207 87.5
      vertex -28.96724636045595 -228.58623179607093 87.5
      vertex -31.03275363954405 -228.58623179607093 87.5
    endloop
  endfacet
  facet normal 0 0 -1
    outer loop
      vertex -31.14906666489939 -226.53581858612597 87.5
      vertex -31.060660171012085 -226.43933982898793 87.5
      vertex -28.96724636045595 -228.58623179607093 87.5
    endloop
  endfacet
  facet normal 0 0 -1
    outer loop
      vertex -31.060660171012085 -226.43933982898793 87.5
      vertex -30.96418141387403 -226.35093333510062 87.5
      vertex -28.939339828987915 -228.56066017101207 87.5
    endloop
  endfacet
  facet normal 0 0 -1
    outer loop
      vertex -30.96418141387403 -226.35093333510062 87.5
      vertex -30.86036465441187 -226.27127193224928 87.5
      vertex -28.939339828987915 -228.56066017101207 87.5
    endloop
  endfacet
  facet normal 0 0 -1
    outer loop
      vertex -30.86036465441187 -226.27127193224928 87.5
      vertex -30.749999998758238 -226.20096189280352 87.5
      vertex -28.939339828987915 -228.56066017101207 87.5
    endloop
  endfacet
  facet normal 0 0 -1
    outer loop
      vertex -30.749999998758238 -226.20096189280352 87.5
      vertex -30.633927391221125 -226.1405383205662 87.5
      vertex -28.939339828987915 -228.56066017101207 87.5
    endloop
  endfacet
  facet normal 0 0 -1
    outer loop
      vertex -30.633927391221125 -226.1405383205662 87.5
      vertex -30.51303021609783 -226.09046106847623 87.5
      vertex -28.939339828987915 -228.56066017101207 87.5
    endloop
  endfacet
  facet normal 0 0 -1
    outer loop
      vertex -30.51303021609783 -226.09046106847623 87.5
      vertex -30.388228567317128 -226.0511112616708 87.5
      vertex -28.939339828987915 -228.56066017101207 87.5
    endloop
  endfacet
  facet normal 0 0 -1
    outer loop
      vertex -30.388228567317128 -226.0511112616708 87.5
      vertex -30.260472266624372 -226.02278837002814 87.5
      vertex -28.771271932249267 -228.36036465441188 87.5
    endloop
  endfacet
  facet normal 0 0 -1
    outer loop
      vertex -31.03275363954405 -228.58623179607093 87.5
      vertex -28.96724636045595 -228.58623179607093 87.5
      vertex -29.250000001241762 -230 87.5
    endloop
  endfacet
  facet normal 0 0 -1
    outer loop
      vertex -31.060660171012085 -226.43933982898793 87.5
      vertex -28.939339828987915 -228.56066017101207 87.5
      vertex -28.96724636045595 -228.58623179607093 87.5
    endloop
  endfacet
  facet normal 0 0 -1
    outer loop
      vertex -30.260472266624372 -226.02278837002814 87.5
      vertex -30.250000000620883 -226.02140967113277 87.5
      vertex -28.771271932249267 -228.36036465441188 87.5
    endloop
  endfacet
  facet normal 0 0 -1
    outer loop
      vertex -30.250000000620883 -226.02140967113277 87.5
      vertex -30.250000000620883 -225 87.5
      vertex -29.749999999379117 -226.02140967113277 87.5
    endloop
  endfacet
  facet normal 0 0 -1
    outer loop
      vertex -30.250000000620883 -225 87.5
      vertex -29.749999999379117 -225 87.5
      vertex -29.749999999379117 -226.02140967113277 87.5
    endloop
  endfacet
  facet normal 0 0 -1
    outer loop
      vertex -30.250000000620883 -226.02140967113277 87.5
      vertex -29.749999999379117 -226.02140967113277 87.5
      vertex -29.13963534558813 -226.27127193224928 87.5
    endloop
  endfacet
  facet normal 0 0 -1
    outer loop
      vertex -29.739527733375628 -226.02278837002814 87.5
      vertex -29.611771432682872 -226.0511112616708 87.5
      vertex -29.366072608778875 -226.1405383205662 87.5
    endloop
  endfacet
  facet normal 0 0 -1
    outer loop
      vertex -29.749999999379117 -226.02140967113277 87.5
      vertex -29.739527733375628 -226.02278837002814 87.5
      vertex -29.13963534558813 -226.27127193224928 87.5
    endloop
  endfacet
  facet normal 0 0 -1
    outer loop
      vertex -29.611771432682872 -226.0511112616708 87.5
      vertex -29.48696978390217 -226.09046106847623 87.5
      vertex -29.366072608778875 -226.1405383205662 87.5
    endloop
  endfacet
  facet normal 0 0 -1
    outer loop
      vertex -30.250000000620883 -226.02140967113277 87.5
      vertex -29.13963534558813 -226.27127193224928 87.5
      vertex -29.03581858612597 -226.35093333510062 87.5
    endloop
  endfacet
  facet normal 0 0 -1
    outer loop
      vertex -29.739527733375628 -226.02278837002814 87.5
      vertex -29.366072608778875 -226.1405383205662 87.5
      vertex -29.250000001241762 -226.20096189280352 87.5
    endloop
  endfacet
  facet normal 0 0 -1
    outer loop
      vertex -30.388228567317128 -226.0511112616708 87.5
      vertex -28.85093333510061 -228.46418141387403 87.5
      vertex -28.939339828987915 -228.56066017101207 87.5
    endloop
  endfacet
  facet normal 0 0 -1
    outer loop
      vertex -30.388228567317128 -226.0511112616708 87.5
      vertex -28.771271932249267 -228.36036465441188 87.5
      vertex -28.85093333510061 -228.46418141387403 87.5
    endloop
  endfacet
  facet normal 0 0 -1
    outer loop
      vertex -30.250000000620883 -226.02140967113277 87.5
      vertex -28.70096189280351 -228.24999999875823 87.5
      vertex -28.771271932249267 -228.36036465441188 87.5
    endloop
  endfacet
  facet normal 0 0 -1
    outer loop
      vertex -30.250000000620883 -226.02140967113277 87.5
      vertex -28.64053832056622 -228.13392739122114 87.5
      vertex -28.70096189280351 -228.24999999875823 87.5
    endloop
  endfacet
  facet normal 0 0 -1
    outer loop
      vertex -30.250000000620883 -226.02140967113277 87.5
      vertex -28.59046106847624 -228.01303021609783 87.5
      vertex -28.64053832056622 -228.13392739122114 87.5
    endloop
  endfacet
  facet normal 0 0 -1
    outer loop
      vertex -30.250000000620883 -226.02140967113277 87.5
      vertex -28.551111261670787 -227.88822856731713 87.5
      vertex -28.59046106847624 -228.01303021609783 87.5
    endloop
  endfacet
  facet normal 0 0 -1
    outer loop
      vertex -30.250000000620883 -226.02140967113277 87.5
      vertex -28.771271932249267 -226.63963534558812 87.5
      vertex -28.70096189280351 -226.75000000124177 87.5
    endloop
  endfacet
  facet normal 0 0 -1
    outer loop
      vertex -30.250000000620883 -226.02140967113277 87.5
      vertex -28.70096189280351 -226.75000000124177 87.5
      vertex -28.64053832056622 -226.86607260877886 87.5
    endloop
  endfacet
  facet normal 0 0 -1
    outer loop
      vertex -30.250000000620883 -226.02140967113277 87.5
      vertex -28.64053832056622 -226.86607260877886 87.5
      vertex -28.59046106847624 -226.98696978390217 87.5
    endloop
  endfacet
  facet normal 0 0 -1
    outer loop
      vertex -30.250000000620883 -226.02140967113277 87.5
      vertex -28.59046106847624 -226.98696978390217 87.5
      vertex -28.551111261670787 -227.11177143268287 87.5
    endloop
  endfacet
  facet normal 0 0 -1
    outer loop
      vertex -30.250000000620883 -226.02140967113277 87.5
      vertex -28.522788370028138 -227.76047226662436 87.5
      vertex -28.551111261670787 -227.88822856731713 87.5
    endloop
  endfacet
  facet normal 0 0 -1
    outer loop
      vertex -30.250000000620883 -226.02140967113277 87.5
      vertex -28.505707954367 -227.63073361478746 87.5
      vertex -28.522788370028138 -227.76047226662436 87.5
    endloop
  endfacet
  facet normal 0 0 -1
    outer loop
      vertex -30.250000000620883 -226.02140967113277 87.5
      vertex -28.499999999379117 -227.5 87.5
      vertex -28.505707954367 -227.63073361478746 87.5
    endloop
  endfacet
  facet normal 0 0 -1
    outer loop
      vertex -30.250000000620883 -226.02140967113277 87.5
      vertex -28.505707954367 -227.36926638521254 87.5
      vertex -28.499999999379117 -227.5 87.5
    endloop
  endfacet
  facet normal 0 0 -1
    outer loop
      vertex -30.250000000620883 -226.02140967113277 87.5
      vertex -28.522788370028138 -227.23952773337564 87.5
      vertex -28.505707954367 -227.36926638521254 87.5
    endloop
  endfacet
  facet normal 0 0 -1
    outer loop
      vertex -30.250000000620883 -226.02140967113277 87.5
      vertex -28.551111261670787 -227.11177143268287 87.5
      vertex -28.522788370028138 -227.23952773337564 87.5
    endloop
  endfacet
  facet normal 0 0 -1
    outer loop
      vertex -30.250000000620883 -226.02140967113277 87.5
      vertex -29.03581858612597 -226.35093333510062 87.5
      vertex -28.939339828987915 -226.43933982898793 87.5
    endloop
  endfacet
  facet normal 0 0 -1
    outer loop
      vertex -29.739527733375628 -226.02278837002814 87.5
      vertex -29.250000001241762 -226.20096189280352 87.5
      vertex -29.13963534558813 -226.27127193224928 87.5
    endloop
  endfacet
  facet normal 0 0 -1
    outer loop
      vertex -30.250000000620883 -226.02140967113277 87.5
      vertex -28.939339828987915 -226.43933982898793 87.5
      vertex -28.85093333510061 -226.53581858612597 87.5
    endloop
  endfacet
  facet normal 0 0 -1
    outer loop
      vertex -30.250000000620883 -226.02140967113277 87.5
      vertex -28.85093333510061 -226.53581858612597 87.5
      vertex -28.771271932249267 -226.63963534558812 87.5
    endloop
  endfacet
  facet normal 0.6755799422376273 -0.7372661250053111 0.005513852179482125
    outer loop
      vertex -2.201940150830043 -3.014303559920312 16.743379875537343
      vertex -2.545584410429001 -3.454415589570999 0
      vertex -2.4786087349057198 -3.39304368942976 0
    endloop
  endfacet
  facet normal 0.9805127963855975 -0.1961025592771195 -0.011766153537146138
    outer loop
      vertex -1.6537056020138479 -0.20027944789012408 15.529190407706826
      vertex -2.4786087349057198 -3.39304368942976 0
      vertex -1.7999999970197678 0 0
    endloop
  endfacet
  facet normal 0.7372739113945941 -0.6755870771397752 0.003046437042148351
    outer loop
      vertex -2.2579191063304815 -3.064047269044893 16.95084061561564
      vertex -2.7577599957585335 -3.6859646067023277 0
      vertex -2.545584410429001 -3.454415589570999 0
    endloop
  endfacet
  facet normal 0.6755799422376262 -0.7372661250053121 0.005513852179482171
    outer loop
      vertex -2.2470310864995424 -3.054466094664496 16.89790983500482
      vertex -2.545584410429001 -3.454415589570999 0
      vertex -2.201940150830043 -3.014303559920312 16.743379875537343
    endloop
  endfacet
  facet normal 0.980512796385598 -0.19610255927711676 -0.011766153537146197
    outer loop
      vertex -2.1930654308728053 -2.9674345352878597 16.701789461364115
      vertex -2.201940150830043 -3.014303559920312 16.743379875537343
      vertex -2.4786087349057198 -3.39304368942976 0
    endloop
  endfacet
  facet normal 0.9805127963855974 -0.19610255927712003 -0.011766153537146103
    outer loop
      vertex -2.1930654308728053 -2.9674345352878597 16.701789461364115
      vertex -2.4786087349057198 -3.39304368942976 0
      vertex -2.137731805619494 -2.6788485986366757 16.503159287958116
    endloop
  endfacet
  facet normal 0.9805127963855975 -0.19610255927711895 -0.01176615353714616
    outer loop
      vertex -2.069217230032611 -2.324406375958156 16.305336875228857
      vertex -2.137731805619494 -2.6788485986366757 16.503159287958116
      vertex -2.4786087349057198 -3.39304368942976 0
    endloop
  endfacet
  facet normal 0.9805127963855975 -0.1961025592771196 -0.011766153537146114
    outer loop
      vertex -1.7799476238222285 -0.8429412750213223 15.72005237617777
      vertex -1.8908629027300998 -1.4091171851135498 15.913377635712372
      vertex -2.4786087349057198 -3.39304368942976 0
    endloop
  endfacet
  facet normal 0.9805127963855974 -0.19610255927711975 -0.011766153537146103
    outer loop
      vertex -2.069217230032611 -2.324406375958156 16.305336875228857
      vertex -2.4786087349057198 -3.39304368942976 0
      vertex -1.9870947483579997 -1.9019910317746795 16.108621278062802
    endloop
  endfacet
  facet normal 0.9805127963855975 -0.19610255927711936 -0.011766153537146133
    outer loop
      vertex -1.9870947483579997 -1.9019910317746795 16.108621278062802
      vertex -2.4786087349057198 -3.39304368942976 0
      vertex -1.8908629027300998 -1.4091171851135498 15.913377635712372
    endloop
  endfacet
  facet normal 0.9805127963855975 -0.1961025592771198 -0.011766153537146072
    outer loop
      vertex -1.7799476238222285 -0.8429412750213223 15.72005237617777
      vertex -2.4786087349057198 -3.39304368942976 0
      vertex -1.6537056020138479 -0.20027944789012408 15.529190407706826
    endloop
  endfacet
  facet normal 0.9805127963855976 -0.1961025592771188 -0.01176615353714613
    outer loop
      vertex -1.6537056020138479 -0.20027944789012408 15.529190407706826
      vertex -1.7999999970197678 0 0
      vertex -1.6142740807578997 0 15.477159714114306
    endloop
  endfacet
  facet normal 0.7372739113945926 -0.6755870771397766 0.0030464370421484565
    outer loop
      vertex -2.2874567218921147 -3.0956243751407353 17.09665966272748
      vertex -2.311707544936655 -3.121182715760113 17.2977517964307
      vertex -2.7577599957585335 -3.6859646067023277 0
    endloop
  endfacet
  facet normal 0.7372739113946107 -0.675587077139757 0.0030464370421473437
    outer loop
      vertex -2.311707544936655 -3.121182715760113 17.2977517964307
      vertex -2.3198495214384 -3.129156122335131 17.5
      vertex -2.7577599957585335 -3.6859646067023277 0
    endloop
  endfacet
  facet normal 0.7372739113945922 -0.6755870771397772 0.003046437042148483
    outer loop
      vertex -2.2579191063304815 -3.064047269044893 16.95084061561564
      vertex -2.2874567218921147 -3.0956243751407353 17.09665966272748
      vertex -2.7577599957585335 -3.6859646067023277 0
    endloop
  endfacet
  facet normal 0.6755799422376353 -0.7372661250053039 0.005513852179481819
    outer loop
      vertex -2.2470310864995424 -3.054466094664496 16.89790983500482
      vertex -2.2579191063304815 -3.064047269044893 16.95084061561564
      vertex -2.545584410429001 -3.454415589570999 0
    endloop
  endfacet
  facet normal -0.9805127963855976 -0.1961025592771195 -0.011766153537146124
    outer loop
      vertex 1.7799476238222285 -0.8429412750213223 15.72005237617777
      vertex 1.7999999970197678 0 0
      vertex 2.4786087349057198 -3.39304368942976 0
    endloop
  endfacet
  facet normal -0.9805127963855976 -0.1961025592771188 -0.01176615353714613
    outer loop
      vertex 1.6537056020138479 -0.20027944789012408 15.529190407706826
      vertex 1.6142740807578997 0 15.477159714114306
      vertex 1.7999999970197678 0 0
    endloop
  endfacet
  facet normal -0.9805127963855975 -0.1961025592771196 -0.011766153537146114
    outer loop
      vertex 1.7799476238222285 -0.8429412750213223 15.72005237617777
      vertex 2.4786087349057198 -3.39304368942976 0
      vertex 1.8908629027300998 -1.4091171851135498 15.913377635712372
    endloop
  endfacet
  facet normal -0.9805127963855974 -0.1961025592771198 -0.01176615353714614
    outer loop
      vertex 1.6537056020138479 -0.20027944789012408 15.529190407706826
      vertex 1.7999999970197678 0 0
      vertex 1.7799476238222285 -0.8429412750213223 15.72005237617777
    endloop
  endfacet
  facet normal -0.6755799422376269 -0.7372661250053115 0.005513852179482134
    outer loop
      vertex 2.2470310864995424 -3.054466094664496 16.89790983500482
      vertex 2.4786087349057198 -3.39304368942976 0
      vertex 2.545584410429001 -3.454415589570999 0
    endloop
  endfacet
  facet normal -0.7372739113945942 -0.675587077139775 0.003046437042148357
    outer loop
      vertex 2.2874567218921147 -3.0956243751407353 17.09665966272748
      vertex 2.545584410429001 -3.454415589570999 0
      vertex 2.7577599957585335 -3.6859646067023277 0
    endloop
  endfacet
  facet normal -0.9805127963855975 -0.19610255927711936 -0.011766153537146133
    outer loop
      vertex 1.9870947483579997 -1.9019910317746795 16.108621278062802
      vertex 1.8908629027300998 -1.4091171851135498 15.913377635712372
      vertex 2.4786087349057198 -3.39304368942976 0
    endloop
  endfacet
  facet normal -0.9805127963855974 -0.1961025592771197 -0.0117661535371461
    outer loop
      vertex 1.9870947483579997 -1.9019910317746795 16.108621278062802
      vertex 2.4786087349057198 -3.39304368942976 0
      vertex 2.069217230032611 -2.324406375958156 16.305336875228857
    endloop
  endfacet
  facet normal -0.9805127963855975 -0.19610255927711895 -0.01176615353714616
    outer loop
      vertex 2.069217230032611 -2.324406375958156 16.305336875228857
      vertex 2.4786087349057198 -3.39304368942976 0
      vertex 2.137731805619494 -2.6788485986366757 16.503159287958116
    endloop
  endfacet
  facet normal -0.9805127963855974 -0.19610255927712003 -0.011766153537146103
    outer loop
      vertex 2.137731805619494 -2.6788485986366757 16.503159287958116
      vertex 2.4786087349057198 -3.39304368942976 0
      vertex 2.1930654308728053 -2.9674345352878597 16.701789461364115
    endloop
  endfacet
  facet normal -0.980512796385598 -0.19610255927711676 -0.011766153537146197
    outer loop
      vertex 2.1930654308728053 -2.9674345352878597 16.701789461364115
      vertex 2.4786087349057198 -3.39304368942976 0
      vertex 2.201940150830043 -3.014303559920312 16.743379875537343
    endloop
  endfacet
  facet normal -0.6755799422376262 -0.7372661250053121 0.005513852179482164
    outer loop
      vertex 2.201940150830043 -3.014303559920312 16.743379875537343
      vertex 2.4786087349057198 -3.39304368942976 0
      vertex 2.2470310864995424 -3.054466094664496 16.89790983500482
    endloop
  endfacet
  facet normal -0.6755799422376353 -0.7372661250053039 0.005513852179481819
    outer loop
      vertex 2.2470310864995424 -3.054466094664496 16.89790983500482
      vertex 2.545584410429001 -3.454415589570999 0
      vertex 2.2579191063304815 -3.064047269044893 16.95084061561564
    endloop
  endfacet
  facet normal -0.7372739113945921 -0.6755870771397773 0.003046437042148436
    outer loop
      vertex 2.2579191063304815 -3.064047269044893 16.95084061561564
      vertex 2.545584410429001 -3.454415589570999 0
      vertex 2.2874567218921147 -3.0956243751407353 17.09665966272748
    endloop
  endfacet
  facet normal -0.7372739113945926 -0.6755870771397766 0.0030464370421484565
    outer loop
      vertex 2.2874567218921147 -3.0956243751407353 17.09665966272748
      vertex 2.7577599957585335 -3.6859646067023277 0
      vertex 2.311707544936655 -3.121182715760113 17.2977517964307
    endloop
  endfacet
  facet normal -0.7372739113946107 -0.675587077139757 0.0030464370421473437
    outer loop
      vertex 2.311707544936655 -3.121182715760113 17.2977517964307
      vertex 2.7577599957585335 -3.6859646067023277 0
      vertex 2.3198495214384 -3.129156122335131 17.5
    endloop
  endfacet
  facet normal 0.9910225124785402 0.1304705745205008 -0.02918576613714599
    outer loop
      vertex -1.477211629971862 -2.7604722666243715 87.5
      vertex -3.5453079119324684 -6.625133439898491 0
      vertex -3.5863009095191956 -6.3137606754899025 0
    endloop
  endfacet
  facet normal 0.9987178907158818 0.04360498082354797 -0.02571342862004447
    outer loop
      vertex -1.4942920456329984 -2.63073361478746 87.5
      vertex -3.5863009095191956 -6.3137606754899025 0
      vertex -3.600000001490116 -6 0
    endloop
  endfacet
  facet normal 0.9988014082113542 -0.043608627277488925 -0.022226888715895128
    outer loop
      vertex -1.500000000620882 -2.5000000000000004 87.5
      vertex -3.600000001490116 -6 0
      vertex -3.5863009095191956 -5.6862393245100975 0
    endloop
  endfacet
  facet normal 0.9912705182164527 -0.13050322509170617 -0.018752811937115834
    outer loop
      vertex -1.4942920456329984 -2.369266385212541 87.5
      vertex -3.5863009095191956 -5.6862393245100975 0
      vertex -3.5453079119324684 -5.374866560101509 0
    endloop
  endfacet
  facet normal 0.9757765288302851 0.21632446105312178 -0.03261737779154043
    outer loop
      vertex -1.4488887383292122 -2.8882285673171286 87.5
      vertex -3.4773329719901085 -6.931748561561108 0
      vertex -3.5453079119324684 -6.625133439898491 0
    endloop
  endfacet
  facet normal 0.9530993617217013 0.3005110598823034 -0.035982072954466406
    outer loop
      vertex -1.4095389315237603 -3.013030216097832 87.5
      vertex -3.3828934356570244 -7.231272518634796 0
      vertex -3.4773329719901085 -6.931748561561108 0
    endloop
  endfacet
  facet normal 0.9231674513384086 0.38238849778573425 -0.039254216977499666
    outer loop
      vertex -1.359461679433783 -3.1339273912211265 87.5
      vertex -3.262708030641079 -7.521425738930702 0
      vertex -3.3828934356570244 -7.231272518634796 0
    endloop
  endfacet
  facet normal 0.8862128311594237 0.4613331789247256 -0.042408913115121114
    outer loop
      vertex -1.2990381071964903 -3.2499999987582373 87.5
      vertex -3.117691457271576 -7.799999997019768 0
      vertex -3.262708030641079 -7.521425738930702 0
    endloop
  endfacet
  facet normal 0.9761814614900965 -0.21641423246779415 -0.015317774917876427
    outer loop
      vertex -1.477211629971862 -2.2395277333756294 87.5
      vertex -3.5453079119324684 -5.374866560101509 0
      vertex -3.4773329719901085 -5.068251438438892 0
    endloop
  endfacet
  facet normal 0.9536488778720139 -0.30068432165057857 -0.011948072940027744
    outer loop
      vertex -1.4488887383292122 -2.1117714326828723 87.5
      vertex -3.4773329719901085 -5.068251438438892 0
      vertex -3.3828934356570244 -4.768727481365204 0
    endloop
  endfacet
  facet normal 0.9238448056535746 -0.38266906714362214 -0.008669493545700931
    outer loop
      vertex -1.4095389315237603 -1.9869697839021687 87.5
      vertex -3.3828934356570244 -4.768727481365204 0
      vertex -3.262708030641079 -4.478574261069298 0
    endloop
  endfacet
  facet normal 0.8869973907385628 -0.46174159477244753 -0.00550712992204945
    outer loop
      vertex -1.359461679433783 -1.8660726087788744 87.5
      vertex -3.262708030641079 -4.478574261069298 0
      vertex -3.117691457271576 -4.200000002980232 0
    endloop
  endfacet
  facet normal 0.8425209653176411 0.5367450471758882 -0.04542221188343543
    outer loop
      vertex -1.2287280677507324 -3.360364654411873 87.5
      vertex -2.948947362601757 -8.064875170588493 0
      vertex -3.117691457271576 -7.799999997019768 0
    endloop
  endfacet
  facet normal 0.7924284929115746 0.6080517801918257 -0.04827127745815504
    outer loop
      vertex -1.1490666648993892 -3.4641814138740306 87.5
      vertex -2.7577599957585335 -8.314035393297672 0
      vertex -2.948947362601757 -8.064875170588493 0
    endloop
  endfacet
  facet normal 0.7363203411933901 0.674713291027012 -0.05093456641955556
    outer loop
      vertex -1.060660171012084 -3.5606601710120844 87.5
      vertex -2.545584410429001 -8.545584410429 0
      vertex -2.7577599957585335 -8.314035393297672 0
    endloop
  endfacet
  facet normal 0.6746265710083771 0.7362257029010085 -0.053391985141920575
    outer loop
      vertex -0.9641814138740303 -3.6490666648993897 87.5
      vertex -2.3140353932976723 -8.757759995758533 0
      vertex -2.545584410429001 -8.545584410429 0
    endloop
  endfacet
  facet normal 0.8433888431810664 -0.5372979463486365 -0.0024851654351881426
    outer loop
      vertex -1.2990381071964903 -1.7500000012417638 87.5
      vertex -3.117691457271576 -4.200000002980232 0
      vertex -2.948947362601757 -3.9351248294115067 0
    endloop
  endfacet
  facet normal 0.7933532794345817 -0.6087613938625126 0.00037330010116978774
    outer loop
      vertex -1.2287280677507324 -1.639635345588128 87.5
      vertex -2.948947362601757 -3.9351248294115067 0
      vertex -2.7577599957585335 -3.6859646067023277 0
    endloop
  endfacet
  facet normal 0.5364070242175814 0.8419903755513625 -0.05761694064175048
    outer loop
      vertex -0.7499999987582368 -3.7990381071964907 87.5
      vertex -1.7999999970197678 -9.117691457271576 0
      vertex -2.0648751705884933 -8.948947362601757 0
    endloop
  endfacet
  facet normal 0.460934566577371 0.8854471039301193 -0.059352771425567205
    outer loop
      vertex -0.6339273912211261 -3.8594616794337835 87.5
      vertex -1.5214257389307022 -9.262708030641079 0
      vertex -1.7999999970197678 -9.117691457271576 0
    endloop
  endfacet
  facet normal 0.38197501678466356 0.9221692199477012 -0.06081953907589509
    outer loop
      vertex -0.5130302160978318 -3.9095389315237608 87.5
      vertex -1.2312725186347961 -9.382893435657024 0
      vertex -1.5214257389307022 -9.262708030641079 0
    endloop
  endfacet
  facet normal 0.30012715574509713 0.9518817732965779 -0.06200629040767325
    outer loop
      vertex -0.38822856731712824 -3.9488887383292126 87.5
      vertex -0.9317485615611076 -9.477332971990108 0
      vertex -1.2312725186347961 -9.382893435657024 0
    endloop
  endfacet
  facet normal 0.21601098281651926 0.9743625199656047 -0.06290417306441393
    outer loop
      vertex -0.2604722666243713 -3.9772116299718627 87.5
      vertex -0.6251334398984909 -9.545307911932468 0
      vertex -0.9317485615611076 -9.477332971990108 0
    endloop
  endfacet
  facet normal 0.6078189087195949 0.7921250089061108 -0.05562503454753676
    outer loop
      vertex -0.8603646544118724 -3.728728067750733 87.5
      vertex -2.0648751705884933 -8.948947362601757 0
      vertex -2.3140353932976723 -8.757759995758533 0
    endloop
  endfacet
  facet normal 0.999992000095959 0 -0.003999968010317865
    outer loop
      vertex -0.25000000062088173 -5.000000000000001 87.5
      vertex -0.6000000014901161 -12 0
      vertex -0.6000000014901161 -9.548616789281368 0
    endloop
  endfacet
  facet normal 0.13026261505190218 0.9894435686500627 -0.06350650027255804
    outer loop
      vertex -0.25000000062088173 -3.9785903288672375 87.5
      vertex -0.6000000014901161 -9.548616789281368 0
      vertex -0.6251334398984909 -9.545307911932468 0
    endloop
  endfacet
  facet normal 0 0.996815278536125 -0.07974522228289
    outer loop
      vertex -0.25000000062088173 -5.000000000000001 87.5
      vertex 0.6000000014901161 -12 0
      vertex -0.6000000014901161 -12 0
    endloop
  endfacet
  facet normal -0.999992000095959 0 -0.003999968010317865
    outer loop
      vertex 0.25000000062088173 -5.000000000000001 87.5
      vertex 0.6000000014901161 -9.548616789281368 0
      vertex 0.6000000014901161 -12 0
    endloop
  endfacet
  facet normal -0.13026261505190218 0.9894435686500627 -0.06350650027255804
    outer loop
      vertex 0.25000000062088173 -3.9785903288672375 87.5
      vertex 0.6251334398984909 -9.545307911932468 0
      vertex 0.6000000014901161 -9.548616789281368 0
    endloop
  endfacet
  facet normal -0.21601098281651926 0.9743625199656047 -0.06290417306441393
    outer loop
      vertex 0.2604722666243713 -3.9772116299718627 87.5
      vertex 0.9317485615611076 -9.477332971990108 0
      vertex 0.6251334398984909 -9.545307911932468 0
    endloop
  endfacet
  facet normal 0.7372739113945929 -0.6755870771397763 0.0030464370421484097
    outer loop
      vertex -2.3198495214384 -3.129156122335131 17.5
      vertex -1.1490666648993892 -1.53581858612597 87.5
      vertex -2.7577599957585335 -3.6859646067023277 0
    endloop
  endfacet
  facet normal 0.7372739113945999 -0.675587077139769 0.0030464370421481243
    outer loop
      vertex -2.3198495214384 -3.129156122335131 17.5
      vertex -2.311850962021237 -3.1195151684873745 17.702260750938358
      vertex -1.1490666648993892 -1.53581858612597 87.5
    endloop
  endfacet
  facet normal 0.7372739113946045 -0.6755870771397636 0.003046437042147928
    outer loop
      vertex -2.311850962021237 -3.1195151684873745 17.702260750938358
      vertex -2.2877397533184465 -3.092295444921077 17.90339024334937
      vertex -1.1490666648993892 -1.53581858612597 87.5
    endloop
  endfacet
  facet normal 0.7372739113945893 -0.6755870771397802 0.003046437042148544
    outer loop
      vertex -2.2877397533184465 -3.092295444921077 17.90339024334937
      vertex -2.24760382209458 -3.047598069345394 18.102243629035346
      vertex -1.1490666648993892 -1.53581858612597 87.5
    endloop
  endfacet
  facet normal 0.737273911394589 -0.6755870771397806 0.0030464370421485584
    outer loop
      vertex -2.24760382209458 -3.047598069345394 18.102243629035346
      vertex -2.237798555469412 -3.036743226688065 18.13645544606307
      vertex -1.1490666648993892 -1.53581858612597 87.5
    endloop
  endfacet
  facet normal 0.675579942237633 -0.737266125005306 0.005513852179481916
    outer loop
      vertex -2.237798555469412 -3.036743226688065 18.13645544606307
      vertex -2.1910179521344286 -2.9926725433534647 18.297465317319826
      vertex -1.060660171012084 -1.4393398289879165 87.5
    endloop
  endfacet
  facet normal 0.6755799422376153 -0.7372661250053222 0.005513852179482564
    outer loop
      vertex -2.1910179521344286 -2.9926725433534647 18.297465317319826
      vertex -2.175591163130999 -2.9782336206934965 18.337963199317542
      vertex -1.060660171012084 -1.4393398289879165 87.5
    endloop
  endfacet
  facet normal 0.9805127963855974 -0.1961025592771201 -0.011766153537146117
    outer loop
      vertex -2.175591163130999 -2.9782336206934965 18.337963199317542
      vertex -2.131014707703861 -2.7646960602538755 18.493708477843246
      vertex -1.03275363954405 -1.4137682039290669 87.5
    endloop
  endfacet
  facet normal 0.9805127963855976 -0.19610255927711862 -0.01176615353714615
    outer loop
      vertex -2.131014707703861 -2.7646960602538755 18.493708477843246
      vertex -2.061429990851128 -2.428559996908108 18.69016716013347
      vertex -1.03275363954405 -1.4137682039290669 87.5
    endloop
  endfacet
  facet normal 0.9805127963855973 -0.1961025592771201 -0.01176615353714612
    outer loop
      vertex -2.061429990851128 -2.428559996908108 18.69016716013347
      vertex -1.9783905884690705 -2.0250699955845803 18.885284003569186
      vertex -1.03275363954405 -1.4137682039290669 87.5
    endloop
  endfacet
  facet normal 0.9805127963855976 -0.19610255927711936 -0.011766153537146135
    outer loop
      vertex -1.9783905884690705 -2.0250699955845803 18.885284003569186
      vertex -1.881423822541512 -1.5518412478483863 19.07870203558273
      vertex -1.03275363954405 -1.4137682039290669 87.5
    endloop
  endfacet
  facet normal 0.9805127963855975 -0.19610255927711942 -0.011766153537146131
    outer loop
      vertex -1.881423822541512 -1.5518412478483863 19.07870203558273
      vertex -1.7699856263339466 -1.0061272822366296 19.26998562633395
      vertex -1.03275363954405 -1.4137682039290669 87.5
    endloop
  endfacet
  facet normal 0.9805127963855974 -0.1961025592771196 -0.011766153537146131
    outer loop
      vertex -1.7699856263339466 -1.0061272822366296 19.26998562633395
      vertex -1.643463849240941 -0.38483549597072353 19.4586039466316
      vertex -1.03275363954405 -1.4137682039290669 87.5
    endloop
  endfacet
  facet normal 0.9805127963855975 -0.19610255927711942 -0.01176615353714613
    outer loop
      vertex -1.643463849240941 -0.38483549597072353 19.4586039466316
      vertex -1.565274731702689 0 19.56043880880916
      vertex -1.03275363954405 -1.4137682039290669 87.5
    endloop
  endfacet
  facet normal -0.30012715574509713 0.9518817732965779 -0.06200629040767325
    outer loop
      vertex 0.38822856731712824 -3.9488887383292126 87.5
      vertex 1.2312725186347961 -9.382893435657024 0
      vertex 0.9317485615611076 -9.477332971990108 0
    endloop
  endfacet
  facet normal -0.38197501678466356 0.9221692199477012 -0.06081953907589509
    outer loop
      vertex 0.5130302160978318 -3.9095389315237608 87.5
      vertex 1.5214257389307022 -9.262708030641079 0
      vertex 1.2312725186347961 -9.382893435657024 0
    endloop
  endfacet
  facet normal -0.460934566577371 0.8854471039301193 -0.059352771425567205
    outer loop
      vertex 0.6339273912211261 -3.8594616794337835 87.5
      vertex 1.7999999970197678 -9.117691457271576 0
      vertex 1.5214257389307022 -9.262708030641079 0
    endloop
  endfacet
  facet normal -0.5364070242175814 0.8419903755513625 -0.05761694064175048
    outer loop
      vertex 0.7499999987582368 -3.7990381071964907 87.5
      vertex 2.0648751705884933 -8.948947362601757 0
      vertex 1.7999999970197678 -9.117691457271576 0
    endloop
  endfacet
  facet normal -0.6078189087195949 0.7921250089061108 -0.05562503454753676
    outer loop
      vertex 0.8603646544118724 -3.728728067750733 87.5
      vertex 2.3140353932976723 -8.757759995758533 0
      vertex 2.0648751705884933 -8.948947362601757 0
    endloop
  endfacet
  facet normal -0.6746265710083771 0.7362257029010085 -0.053391985141920575
    outer loop
      vertex 0.9641814138740303 -3.6490666648993897 87.5
      vertex 2.545584410429001 -8.545584410429 0
      vertex 2.3140353932976723 -8.757759995758533 0
    endloop
  endfacet
  facet normal -0.7363203411933901 0.674713291027012 -0.05093456641955556
    outer loop
      vertex 1.060660171012084 -3.5606601710120844 87.5
      vertex 2.7577599957585335 -8.314035393297672 0
      vertex 2.545584410429001 -8.545584410429 0
    endloop
  endfacet
  facet normal -0.7924284929115746 0.6080517801918257 -0.04827127745815504
    outer loop
      vertex 1.1490666648993892 -3.4641814138740306 87.5
      vertex 2.948947362601757 -8.064875170588493 0
      vertex 2.7577599957585335 -8.314035393297672 0
    endloop
  endfacet
  facet normal -0.8425209653176411 0.5367450471758882 -0.04542221188343543
    outer loop
      vertex 1.2287280677507324 -3.360364654411873 87.5
      vertex 3.117691457271576 -7.799999997019768 0
      vertex 2.948947362601757 -8.064875170588493 0
    endloop
  endfacet
  facet normal -0.8862128311594237 0.4613331789247256 -0.042408913115121114
    outer loop
      vertex 1.2990381071964903 -3.2499999987582373 87.5
      vertex 3.262708030641079 -7.521425738930702 0
      vertex 3.117691457271576 -7.799999997019768 0
    endloop
  endfacet
  facet normal -0.9231674513384086 0.38238849778573425 -0.039254216977499666
    outer loop
      vertex 1.359461679433783 -3.1339273912211265 87.5
      vertex 3.3828934356570244 -7.231272518634796 0
      vertex 3.262708030641079 -7.521425738930702 0
    endloop
  endfacet
  facet normal -0.9238448056535746 -0.38266906714362214 -0.008669493545700931
    outer loop
      vertex 1.4095389315237603 -1.9869697839021687 87.5
      vertex 3.262708030641079 -4.478574261069298 0
      vertex 3.3828934356570244 -4.768727481365204 0
    endloop
  endfacet
  facet normal -0.7933532794345817 -0.6087613938625126 0.00037330010116978774
    outer loop
      vertex 1.2287280677507324 -1.639635345588128 87.5
      vertex 2.7577599957585335 -3.6859646067023277 0
      vertex 2.948947362601757 -3.9351248294115067 0
    endloop
  endfacet
  facet normal -0.8433888431810664 -0.5372979463486365 -0.0024851654351881426
    outer loop
      vertex 1.2990381071964903 -1.7500000012417638 87.5
      vertex 2.948947362601757 -3.9351248294115067 0
      vertex 3.117691457271576 -4.200000002980232 0
    endloop
  endfacet
  facet normal -0.8869973907385628 -0.46174159477244753 -0.00550712992204945
    outer loop
      vertex 1.359461679433783 -1.8660726087788744 87.5
      vertex 3.117691457271576 -4.200000002980232 0
      vertex 3.262708030641079 -4.478574261069298 0
    endloop
  endfacet
  facet normal -0.9530993617217013 0.3005110598823034 -0.035982072954466406
    outer loop
      vertex 1.4095389315237603 -3.013030216097832 87.5
      vertex 3.4773329719901085 -6.931748561561108 0
      vertex 3.3828934356570244 -7.231272518634796 0
    endloop
  endfacet
  facet normal -0.9757765288302851 0.21632446105312178 -0.03261737779154043
    outer loop
      vertex 1.4488887383292122 -2.8882285673171286 87.5
      vertex 3.5453079119324684 -6.625133439898491 0
      vertex 3.4773329719901085 -6.931748561561108 0
    endloop
  endfacet
  facet normal -0.9910225124785402 0.1304705745205008 -0.02918576613714599
    outer loop
      vertex 1.477211629971862 -2.7604722666243715 87.5
      vertex 3.5863009095191956 -6.3137606754899025 0
      vertex 3.5453079119324684 -6.625133439898491 0
    endloop
  endfacet
  facet normal -0.9536488778720139 -0.30068432165057857 -0.011948072940027744
    outer loop
      vertex 1.4488887383292122 -2.1117714326828723 87.5
      vertex 3.3828934356570244 -4.768727481365204 0
      vertex 3.4773329719901085 -5.068251438438892 0
    endloop
  endfacet
  facet normal -0.9761814614900965 -0.21641423246779415 -0.015317774917876427
    outer loop
      vertex 1.477211629971862 -2.2395277333756294 87.5
      vertex 3.4773329719901085 -5.068251438438892 0
      vertex 3.5453079119324684 -5.374866560101509 0
    endloop
  endfacet
  facet normal -0.9912705182164527 -0.13050322509170617 -0.018752811937115834
    outer loop
      vertex 1.4942920456329984 -2.369266385212541 87.5
      vertex 3.5453079119324684 -5.374866560101509 0
      vertex 3.5863009095191956 -5.6862393245100975 0
    endloop
  endfacet
  facet normal -0.9987178907158818 0.04360498082354797 -0.02571342862004447
    outer loop
      vertex 1.4942920456329984 -2.63073361478746 87.5
      vertex 3.600000001490116 -6 0
      vertex 3.5863009095191956 -6.3137606754899025 0
    endloop
  endfacet
  facet normal -0.9988014082113542 -0.043608627277488925 -0.022226888715895128
    outer loop
      vertex 1.500000000620882 -2.5000000000000004 87.5
      vertex 3.5863009095191956 -5.6862393245100975 0
      vertex 3.600000001490116 -6 0
    endloop
  endfacet
  facet normal -0.7372739113945929 -0.6755870771397763 0.0030464370421484097
    outer loop
      vertex 2.3198495214384 -3.129156122335131 17.5
      vertex 2.7577599957585335 -3.6859646067023277 0
      vertex 1.1490666648993892 -1.53581858612597 87.5
    endloop
  endfacet
  facet normal -0.9805127963855973 -0.19610255927712006 -0.01176615353714612
    outer loop
      vertex 1.9783905884690705 -2.0250699955845803 18.885284003569186
      vertex 2.061429990851128 -2.428559996908108 18.69016716013347
      vertex 1.03275363954405 -1.4137682039290669 87.5
    endloop
  endfacet
  facet normal -0.9805127963855975 -0.19610255927711956 -0.01176615353714613
    outer loop
      vertex 1.643463849240941 -0.38483549597072353 19.4586039466316
      vertex 1.7699856263339466 -1.0061272822366296 19.26998562633395
      vertex 1.03275363954405 -1.4137682039290669 87.5
    endloop
  endfacet
  facet normal -0.9805127963855975 -0.19610255927711942 -0.011766153537146131
    outer loop
      vertex 1.881423822541512 -1.5518412478483863 19.07870203558273
      vertex 1.03275363954405 -1.4137682039290669 87.5
      vertex 1.7699856263339466 -1.0061272822366296 19.26998562633395
    endloop
  endfacet
  facet normal -0.9805127963855975 -0.19610255927711942 -0.01176615353714613
    outer loop
      vertex 1.643463849240941 -0.38483549597072353 19.4586039466316
      vertex 1.03275363954405 -1.4137682039290669 87.5
      vertex 1.565274731702689 0 19.56043880880916
    endloop
  endfacet
  facet normal -0.9805127963855976 -0.19610255927711936 -0.011766153537146135
    outer loop
      vertex 1.9783905884690705 -2.0250699955845803 18.885284003569186
      vertex 1.03275363954405 -1.4137682039290669 87.5
      vertex 1.881423822541512 -1.5518412478483863 19.07870203558273
    endloop
  endfacet
  facet normal -0.6755799422376153 -0.7372661250053221 0.005513852179482565
    outer loop
      vertex 2.175591163130999 -2.9782336206934965 18.337963199317542
      vertex 2.1910179521344286 -2.9926725433534647 18.297465317319826
      vertex 1.060660171012084 -1.4393398289879165 87.5
    endloop
  endfacet
  facet normal -0.9805127963855974 -0.19610255927712006 -0.011766153537146115
    outer loop
      vertex 2.131014707703861 -2.7646960602538755 18.493708477843246
      vertex 2.175591163130999 -2.9782336206934965 18.337963199317542
      vertex 1.03275363954405 -1.4137682039290669 87.5
    endloop
  endfacet
  facet normal -0.7372739113945893 -0.6755870771397802 0.003046437042148544
    outer loop
      vertex 2.2877397533184465 -3.092295444921077 17.90339024334937
      vertex 1.1490666648993892 -1.53581858612597 87.5
      vertex 2.24760382209458 -3.047598069345394 18.102243629035346
    endloop
  endfacet
  facet normal -0.737273911394589 -0.6755870771397806 0.0030464370421485584
    outer loop
      vertex 2.24760382209458 -3.047598069345394 18.102243629035346
      vertex 1.1490666648993892 -1.53581858612597 87.5
      vertex 2.237798555469412 -3.036743226688065 18.13645544606307
    endloop
  endfacet
  facet normal -0.675579942237633 -0.737266125005306 0.005513852179481916
    outer loop
      vertex 2.1910179521344286 -2.9926725433534647 18.297465317319826
      vertex 2.237798555469412 -3.036743226688065 18.13645544606307
      vertex 1.060660171012084 -1.4393398289879165 87.5
    endloop
  endfacet
  facet normal -0.7372739113945999 -0.675587077139769 0.0030464370421481243
    outer loop
      vertex 2.3198495214384 -3.129156122335131 17.5
      vertex 1.1490666648993892 -1.53581858612597 87.5
      vertex 2.311850962021237 -3.1195151684873745 17.702260750938358
    endloop
  endfacet
  facet normal -0.7372739113946045 -0.6755870771397636 0.003046437042147928
    outer loop
      vertex 2.311850962021237 -3.1195151684873745 17.702260750938358
      vertex 1.1490666648993892 -1.53581858612597 87.5
      vertex 2.2877397533184465 -3.092295444921077 17.90339024334937
    endloop
  endfacet
  facet normal -0.9805127963855976 -0.19610255927711862 -0.01176615353714615
    outer loop
      vertex 2.131014707703861 -2.7646960602538755 18.493708477843246
      vertex 1.03275363954405 -1.4137682039290669 87.5
      vertex 2.061429990851128 -2.428559996908108 18.69016716013347
    endloop
  endfacet
  facet normal 0.9757765288302853 0.21632446105312145 -0.032617377791540426
    outer loop
      vertex -1.477211629971862 -2.7604722666243715 87.5
      vertex -1.4488887383292122 -2.8882285673171286 87.5
      vertex -3.5453079119324684 -6.625133439898491 0
    endloop
  endfacet
  facet normal 0.9910225124785401 0.13047057452050148 -0.029185766137146026
    outer loop
      vertex -1.4942920456329984 -2.63073361478746 87.5
      vertex -1.477211629971862 -2.7604722666243715 87.5
      vertex -3.5863009095191956 -6.3137606754899025 0
    endloop
  endfacet
  facet normal 0.9987178907158817 0.04360498082354797 -0.025713428620044443
    outer loop
      vertex -1.500000000620882 -2.5000000000000004 87.5
      vertex -1.4942920456329984 -2.63073361478746 87.5
      vertex -3.600000001490116 -6 0
    endloop
  endfacet
  facet normal 0.9530993617217005 0.3005110598823049 -0.03598207295446645
    outer loop
      vertex -1.4488887383292122 -2.8882285673171286 87.5
      vertex -1.4095389315237603 -3.013030216097832 87.5
      vertex -3.4773329719901085 -6.931748561561108 0
    endloop
  endfacet
  facet normal 0.9231674513384088 0.3823884977857338 -0.03925421697749965
    outer loop
      vertex -1.4095389315237603 -3.013030216097832 87.5
      vertex -1.359461679433783 -3.1339273912211265 87.5
      vertex -3.3828934356570244 -7.231272518634796 0
    endloop
  endfacet
  facet normal 0.8862128311594245 0.46133317892472425 -0.04240891311512109
    outer loop
      vertex -1.359461679433783 -3.1339273912211265 87.5
      vertex -1.2990381071964903 -3.2499999987582373 87.5
      vertex -3.262708030641079 -7.521425738930702 0
    endloop
  endfacet
  facet normal 0.8425209653176408 0.5367450471758888 -0.04542221188343545
    outer loop
      vertex -1.2990381071964903 -3.2499999987582373 87.5
      vertex -1.2287280677507324 -3.360364654411873 87.5
      vertex -3.117691457271576 -7.799999997019768 0
    endloop
  endfacet
  facet normal 0.9988014082113543 -0.04360862727748893 -0.022226888715895145
    outer loop
      vertex -1.500000000620882 -2.5000000000000004 87.5
      vertex -3.5863009095191956 -5.6862393245100975 0
      vertex -1.4942920456329984 -2.369266385212541 87.5
    endloop
  endfacet
  facet normal 0.9912705182164526 -0.13050322509170686 -0.018752811937115813
    outer loop
      vertex -1.4942920456329984 -2.369266385212541 87.5
      vertex -3.5453079119324684 -5.374866560101509 0
      vertex -1.477211629971862 -2.2395277333756294 87.5
    endloop
  endfacet
  facet normal 0.9761814614900968 -0.21641423246779312 -0.015317774917876427
    outer loop
      vertex -1.477211629971862 -2.2395277333756294 87.5
      vertex -3.4773329719901085 -5.068251438438892 0
      vertex -1.4488887383292122 -2.1117714326828723 87.5
    endloop
  endfacet
  facet normal 0.9536488778720136 -0.30068432165057923 -0.01194807294002767
    outer loop
      vertex -1.4488887383292122 -2.1117714326828723 87.5
      vertex -3.3828934356570244 -4.768727481365204 0
      vertex -1.4095389315237603 -1.9869697839021687 87.5
    endloop
  endfacet
  facet normal 0.9238448056535747 -0.3826690671436217 -0.008669493545700947
    outer loop
      vertex -1.4095389315237603 -1.9869697839021687 87.5
      vertex -3.262708030641079 -4.478574261069298 0
      vertex -1.359461679433783 -1.8660726087788744 87.5
    endloop
  endfacet
  facet normal 0.8869973907385631 -0.46174159477244686 -0.00550712992204948
    outer loop
      vertex -1.359461679433783 -1.8660726087788744 87.5
      vertex -3.117691457271576 -4.200000002980232 0
      vertex -1.2990381071964903 -1.7500000012417638 87.5
    endloop
  endfacet
  facet normal 0.7924284929115742 0.6080517801918263 -0.04827127745815509
    outer loop
      vertex -1.2287280677507324 -3.360364654411873 87.5
      vertex -1.1490666648993892 -3.4641814138740306 87.5
      vertex -2.948947362601757 -8.064875170588493 0
    endloop
  endfacet
  facet normal 0.7363203411933911 0.674713291027011 -0.05093456641955554
    outer loop
      vertex -1.1490666648993892 -3.4641814138740306 87.5
      vertex -1.060660171012084 -3.5606601710120844 87.5
      vertex -2.7577599957585335 -8.314035393297672 0
    endloop
  endfacet
  facet normal 0.5364070242175814 0.8419903755513622 -0.05761694064175046
    outer loop
      vertex -0.8603646544118724 -3.728728067750733 87.5
      vertex -0.7499999987582368 -3.7990381071964907 87.5
      vertex -2.0648751705884933 -8.948947362601757 0
    endloop
  endfacet
  facet normal 0.6746265710083766 0.736225702901009 -0.05339198514192061
    outer loop
      vertex -1.060660171012084 -3.5606601710120844 87.5
      vertex -0.9641814138740303 -3.6490666648993897 87.5
      vertex -2.545584410429001 -8.545584410429 0
    endloop
  endfacet
  facet normal 0.6078189087195945 0.792125008906111 -0.0556250345475368
    outer loop
      vertex -0.9641814138740303 -3.6490666648993897 87.5
      vertex -0.8603646544118724 -3.728728067750733 87.5
      vertex -2.3140353932976723 -8.757759995758533 0
    endloop
  endfacet
  facet normal 0.8433888431810665 -0.5372979463486363 -0.002485165435188153
    outer loop
      vertex -1.2990381071964903 -1.7500000012417638 87.5
      vertex -2.948947362601757 -3.9351248294115067 0
      vertex -1.2287280677507324 -1.639635345588128 87.5
    endloop
  endfacet
  facet normal 0.7933532794345819 -0.6087613938625124 0.0003733001011697674
    outer loop
      vertex -1.2287280677507324 -1.639635345588128 87.5
      vertex -2.7577599957585335 -3.6859646067023277 0
      vertex -1.1490666648993892 -1.53581858612597 87.5
    endloop
  endfacet
  facet normal 0.46093456657737 0.8854471039301197 -0.05935277142556722
    outer loop
      vertex -0.7499999987582368 -3.7990381071964907 87.5
      vertex -0.6339273912211261 -3.8594616794337835 87.5
      vertex -1.7999999970197678 -9.117691457271576 0
    endloop
  endfacet
  facet normal 0.3819750167846636 0.9221692199477013 -0.0608195390758951
    outer loop
      vertex -0.6339273912211261 -3.8594616794337835 87.5
      vertex -0.5130302160978318 -3.9095389315237608 87.5
      vertex -1.5214257389307022 -9.262708030641079 0
    endloop
  endfacet
  facet normal 0.30012715574509796 0.9518817732965774 -0.062006290407673255
    outer loop
      vertex -0.5130302160978318 -3.9095389315237608 87.5
      vertex -0.38822856731712824 -3.9488887383292126 87.5
      vertex -1.2312725186347961 -9.382893435657024 0
    endloop
  endfacet
  facet normal 0 0.9968152785361251 -0.07974522228288998
    outer loop
      vertex -0.25000000062088173 -5.000000000000001 87.5
      vertex 0.25000000062088173 -5.000000000000001 87.5
      vertex 0.6000000014901161 -12 0
    endloop
  endfacet
  facet normal 0.21601098281652034 0.9743625199656046 -0.06290417306441393
    outer loop
      vertex -0.38822856731712824 -3.9488887383292126 87.5
      vertex -0.2604722666243713 -3.9772116299718627 87.5
      vertex -0.9317485615611076 -9.477332971990108 0
    endloop
  endfacet
  facet normal 0.9999920000959589 0 -0.003999968010317863
    outer loop
      vertex -0.25000000062088173 -5.000000000000001 87.5
      vertex -0.6000000014901161 -9.548616789281368 0
      vertex -0.25000000062088173 -3.9785903288672375 87.5
    endloop
  endfacet
  facet normal 0.13026261505188777 0.9894435686500648 -0.06350650027255812
    outer loop
      vertex -0.2604722666243713 -3.9772116299718627 87.5
      vertex -0.25000000062088173 -3.9785903288672375 87.5
      vertex -0.6251334398984909 -9.545307911932468 0
    endloop
  endfacet
  facet normal -0.9999920000959589 0 -0.003999968010317863
    outer loop
      vertex 0.25000000062088173 -5.000000000000001 87.5
      vertex 0.25000000062088173 -3.9785903288672375 87.5
      vertex 0.6000000014901161 -9.548616789281368 0
    endloop
  endfacet
  facet normal -0.13026261505188777 0.9894435686500648 -0.06350650027255811
    outer loop
      vertex 0.25000000062088173 -3.9785903288672375 87.5
      vertex 0.2604722666243713 -3.9772116299718627 87.5
      vertex 0.6251334398984909 -9.545307911932468 0
    endloop
  endfacet
  facet normal -0.21601098281652034 0.9743625199656046 -0.06290417306441393
    outer loop
      vertex 0.2604722666243713 -3.9772116299718627 87.5
      vertex 0.38822856731712824 -3.9488887383292126 87.5
      vertex 0.9317485615611076 -9.477332971990108 0
    endloop
  endfacet
  facet normal -0.30012715574509796 0.9518817732965774 -0.06200629040767325
    outer loop
      vertex 0.38822856731712824 -3.9488887383292126 87.5
      vertex 0.5130302160978318 -3.9095389315237608 87.5
      vertex 1.2312725186347961 -9.382893435657024 0
    endloop
  endfacet
  facet normal 0.7372739113945941 -0.6755870771397752 0.0030464370421483524
    outer loop
      vertex -2.237798555469412 -3.036743226688065 18.13645544606307
      vertex -1.060660171012084 -1.4393398289879165 87.5
      vertex -1.1490666648993892 -1.53581858612597 87.5
    endloop
  endfacet
  facet normal 0.6755799422376235 -0.7372661250053146 0.005513852179482269
    outer loop
      vertex -2.175591163130999 -2.9782336206934965 18.337963199317542
      vertex -1.03275363954405 -1.4137682039290669 87.5
      vertex -1.060660171012084 -1.4393398289879165 87.5
    endloop
  endfacet
  facet normal 0.9805127963855975 -0.1961025592771194 -0.01176615353714613
    outer loop
      vertex -1.03275363954405 -1.4137682039290669 87.5
      vertex -1.565274731702689 0 19.56043880880916
      vertex -0.7499999987582368 0 87.5
    endloop
  endfacet
  facet normal -0.3819750167846636 0.9221692199477013 -0.0608195390758951
    outer loop
      vertex 0.5130302160978318 -3.9095389315237608 87.5
      vertex 0.6339273912211261 -3.8594616794337835 87.5
      vertex 1.5214257389307022 -9.262708030641079 0
    endloop
  endfacet
  facet normal -0.46093456657737 0.8854471039301197 -0.05935277142556722
    outer loop
      vertex 0.6339273912211261 -3.8594616794337835 87.5
      vertex 0.7499999987582368 -3.7990381071964907 87.5
      vertex 1.7999999970197678 -9.117691457271576 0
    endloop
  endfacet
  facet normal -0.5364070242175814 0.8419903755513622 -0.057616940641750464
    outer loop
      vertex 0.7499999987582368 -3.7990381071964907 87.5
      vertex 0.8603646544118724 -3.728728067750733 87.5
      vertex 2.0648751705884933 -8.948947362601757 0
    endloop
  endfacet
  facet normal -0.6078189087195945 0.792125008906111 -0.055625034547536784
    outer loop
      vertex 0.8603646544118724 -3.728728067750733 87.5
      vertex 0.9641814138740303 -3.6490666648993897 87.5
      vertex 2.3140353932976723 -8.757759995758533 0
    endloop
  endfacet
  facet normal -0.6746265710083766 0.736225702901009 -0.0533919851419206
    outer loop
      vertex 0.9641814138740303 -3.6490666648993897 87.5
      vertex 1.060660171012084 -3.5606601710120844 87.5
      vertex 2.545584410429001 -8.545584410429 0
    endloop
  endfacet
  facet normal -0.7363203411933911 0.674713291027011 -0.05093456641955554
    outer loop
      vertex 1.060660171012084 -3.5606601710120844 87.5
      vertex 1.1490666648993892 -3.4641814138740306 87.5
      vertex 2.7577599957585335 -8.314035393297672 0
    endloop
  endfacet
  facet normal -0.7924284929115742 0.6080517801918263 -0.04827127745815509
    outer loop
      vertex 1.1490666648993892 -3.4641814138740306 87.5
      vertex 1.2287280677507324 -3.360364654411873 87.5
      vertex 2.948947362601757 -8.064875170588493 0
    endloop
  endfacet
  facet normal -0.8425209653176408 0.5367450471758888 -0.04542221188343545
    outer loop
      vertex 1.2287280677507324 -3.360364654411873 87.5
      vertex 1.2990381071964903 -3.2499999987582373 87.5
      vertex 3.117691457271576 -7.799999997019768 0
    endloop
  endfacet
  facet normal -0.8862128311594245 0.46133317892472425 -0.04240891311512109
    outer loop
      vertex 1.2990381071964903 -3.2499999987582373 87.5
      vertex 1.359461679433783 -3.1339273912211265 87.5
      vertex 3.262708030641079 -7.521425738930702 0
    endloop
  endfacet
  facet normal -0.9231674513384088 0.3823884977857338 -0.03925421697749965
    outer loop
      vertex 1.359461679433783 -3.1339273912211265 87.5
      vertex 1.4095389315237603 -3.013030216097832 87.5
      vertex 3.3828934356570244 -7.231272518634796 0
    endloop
  endfacet
  facet normal -0.7933532794345819 -0.6087613938625124 0.00037330010116976985
    outer loop
      vertex 1.1490666648993892 -1.53581858612597 87.5
      vertex 2.7577599957585335 -3.6859646067023277 0
      vertex 1.2287280677507324 -1.639635345588128 87.5
    endloop
  endfacet
  facet normal -0.8433888431810665 -0.5372979463486363 -0.002485165435188153
    outer loop
      vertex 1.2287280677507324 -1.639635345588128 87.5
      vertex 2.948947362601757 -3.9351248294115067 0
      vertex 1.2990381071964903 -1.7500000012417638 87.5
    endloop
  endfacet
  facet normal -0.9238448056535747 -0.3826690671436217 -0.008669493545700947
    outer loop
      vertex 1.359461679433783 -1.8660726087788744 87.5
      vertex 3.262708030641079 -4.478574261069298 0
      vertex 1.4095389315237603 -1.9869697839021687 87.5
    endloop
  endfacet
  facet normal -0.8869973907385631 -0.46174159477244686 -0.00550712992204948
    outer loop
      vertex 1.359461679433783 -1.8660726087788744 87.5
      vertex 1.2990381071964903 -1.7500000012417638 87.5
      vertex 3.117691457271576 -4.200000002980232 0
    endloop
  endfacet
  facet normal -0.9530993617217005 0.3005110598823049 -0.03598207295446645
    outer loop
      vertex 1.4095389315237603 -3.013030216097832 87.5
      vertex 1.4488887383292122 -2.8882285673171286 87.5
      vertex 3.4773329719901085 -6.931748561561108 0
    endloop
  endfacet
  facet normal -0.9757765288302853 0.21632446105312145 -0.032617377791540426
    outer loop
      vertex 1.4488887383292122 -2.8882285673171286 87.5
      vertex 1.477211629971862 -2.7604722666243715 87.5
      vertex 3.5453079119324684 -6.625133439898491 0
    endloop
  endfacet
  facet normal -0.9910225124785401 0.13047057452050148 -0.029185766137146026
    outer loop
      vertex 1.477211629971862 -2.7604722666243715 87.5
      vertex 1.4942920456329984 -2.63073361478746 87.5
      vertex 3.5863009095191956 -6.3137606754899025 0
    endloop
  endfacet
  facet normal -0.9987178907158817 0.04360498082354797 -0.025713428620044443
    outer loop
      vertex 1.500000000620882 -2.5000000000000004 87.5
      vertex 3.600000001490116 -6 0
      vertex 1.4942920456329984 -2.63073361478746 87.5
    endloop
  endfacet
  facet normal -0.9536488778720136 -0.30068432165057923 -0.011948072940027669
    outer loop
      vertex 1.4095389315237603 -1.9869697839021687 87.5
      vertex 3.3828934356570244 -4.768727481365204 0
      vertex 1.4488887383292122 -2.1117714326828723 87.5
    endloop
  endfacet
  facet normal -0.9761814614900968 -0.21641423246779312 -0.015317774917876425
    outer loop
      vertex 1.4488887383292122 -2.1117714326828723 87.5
      vertex 3.4773329719901085 -5.068251438438892 0
      vertex 1.477211629971862 -2.2395277333756294 87.5
    endloop
  endfacet
  facet normal -0.9912705182164526 -0.13050322509170686 -0.018752811937115817
    outer loop
      vertex 1.477211629971862 -2.2395277333756294 87.5
      vertex 3.5453079119324684 -5.374866560101509 0
      vertex 1.4942920456329984 -2.369266385212541 87.5
    endloop
  endfacet
  facet normal -0.9988014082113543 -0.04360862727748893 -0.022226888715895145
    outer loop
      vertex 1.500000000620882 -2.5000000000000004 87.5
      vertex 1.4942920456329984 -2.369266385212541 87.5
      vertex 3.5863009095191956 -5.6862393245100975 0
    endloop
  endfacet
  facet normal -0.6755799422376235 -0.7372661250053146 0.005513852179482269
    outer loop
      vertex 2.175591163130999 -2.9782336206934965 18.337963199317542
      vertex 1.060660171012084 -1.4393398289879165 87.5
      vertex 1.03275363954405 -1.4137682039290669 87.5
    endloop
  endfacet
  facet normal -0.7372739113945941 -0.6755870771397752 0.0030464370421483524
    outer loop
      vertex 2.237798555469412 -3.036743226688065 18.13645544606307
      vertex 1.1490666648993892 -1.53581858612597 87.5
      vertex 1.060660171012084 -1.4393398289879165 87.5
    endloop
  endfacet
  facet normal -0.9805127963855975 -0.1961025592771194 -0.01176615353714613
    outer loop
      vertex 1.03275363954405 -1.4137682039290669 87.5
      vertex 0.7499999987582368 0 87.5
      vertex 1.565274731702689 0 19.56043880880916
    endloop
  endfacet
  facet normal 0 0 -1
    outer loop
      vertex -1.2287280677507324 -3.360364654411873 87.5
      vertex 0.25000000062088173 -3.9785903288672375 87.5
      vertex -1.1490666648993892 -3.4641814138740306 87.5
    endloop
  endfacet
  facet normal 0 0 -1
    outer loop
      vertex -1.1490666648993892 -3.4641814138740306 87.5
      vertex 0.25000000062088173 -3.9785903288672375 87.5
      vertex -1.060660171012084 -3.5606601710120844 87.5
    endloop
  endfacet
  facet normal 0 0 -1
    outer loop
      vertex -0.8603646544118724 -3.728728067750733 87.5
      vertex -0.2604722666243713 -3.9772116299718627 87.5
      vertex -0.7499999987582368 -3.7990381071964907 87.5
    endloop
  endfacet
  facet normal 0 0 -1
    outer loop
      vertex -1.060660171012084 -3.5606601710120844 87.5
      vertex 0.25000000062088173 -3.9785903288672375 87.5
      vertex -0.9641814138740303 -3.6490666648993897 87.5
    endloop
  endfacet
  facet normal 0 0 -1
    outer loop
      vertex -1.477211629971862 -2.7604722666243715 87.5
      vertex 0.25000000062088173 -3.9785903288672375 87.5
      vertex -1.4488887383292122 -2.8882285673171286 87.5
    endloop
  endfacet
  facet normal 0 0 -1
    outer loop
      vertex -1.500000000620882 -2.5000000000000004 87.5
      vertex -1.4942920456329984 -2.369266385212541 87.5
      vertex 0.25000000062088173 -3.9785903288672375 87.5
    endloop
  endfacet
  facet normal 0 0 -1
    outer loop
      vertex -1.500000000620882 -2.5000000000000004 87.5
      vertex 0.25000000062088173 -3.9785903288672375 87.5
      vertex -1.4942920456329984 -2.63073361478746 87.5
    endloop
  endfacet
  facet normal 0 0 -1
    outer loop
      vertex -1.4942920456329984 -2.63073361478746 87.5
      vertex 0.25000000062088173 -3.9785903288672375 87.5
      vertex -1.477211629971862 -2.7604722666243715 87.5
    endloop
  endfacet
  facet normal 0 0 -1
    outer loop
      vertex -1.4942920456329984 -2.369266385212541 87.5
      vertex -1.477211629971862 -2.2395277333756294 87.5
      vertex 0.25000000062088173 -3.9785903288672375 87.5
    endloop
  endfacet
  facet normal 0 0 -1
    outer loop
      vertex -1.477211629971862 -2.2395277333756294 87.5
      vertex -1.4488887383292122 -2.1117714326828723 87.5
      vertex 0.25000000062088173 -3.9785903288672375 87.5
    endloop
  endfacet
  facet normal 0 0 -1
    outer loop
      vertex -1.4488887383292122 -2.8882285673171286 87.5
      vertex 0.25000000062088173 -3.9785903288672375 87.5
      vertex -1.4095389315237603 -3.013030216097832 87.5
    endloop
  endfacet
  facet normal 0 0 -1
    outer loop
      vertex -1.4095389315237603 -3.013030216097832 87.5
      vertex 0.25000000062088173 -3.9785903288672375 87.5
      vertex -1.359461679433783 -3.1339273912211265 87.5
    endloop
  endfacet
  facet normal 0 0 -1
    outer loop
      vertex -1.359461679433783 -3.1339273912211265 87.5
      vertex 0.25000000062088173 -3.9785903288672375 87.5
      vertex -1.2990381071964903 -3.2499999987582373 87.5
    endloop
  endfacet
  facet normal 0 0 -1
    outer loop
      vertex -1.2990381071964903 -3.2499999987582373 87.5
      vertex 0.25000000062088173 -3.9785903288672375 87.5
      vertex -1.2287280677507324 -3.360364654411873 87.5
    endloop
  endfacet
  facet normal 0 0 -1
    outer loop
      vertex -1.4488887383292122 -2.1117714326828723 87.5
      vertex -1.4095389315237603 -1.9869697839021687 87.5
      vertex 0.25000000062088173 -3.9785903288672375 87.5
    endloop
  endfacet
  facet normal 0 0 -1
    outer loop
      vertex -1.4095389315237603 -1.9869697839021687 87.5
      vertex -1.359461679433783 -1.8660726087788744 87.5
      vertex 0.25000000062088173 -3.9785903288672375 87.5
    endloop
  endfacet
  facet normal 0 0 -1
    outer loop
      vertex -1.359461679433783 -1.8660726087788744 87.5
      vertex -1.2990381071964903 -1.7500000012417638 87.5
      vertex 0.25000000062088173 -3.9785903288672375 87.5
    endloop
  endfacet
  facet normal 0 0 -1
    outer loop
      vertex -1.2990381071964903 -1.7500000012417638 87.5
      vertex -1.2287280677507324 -1.639635345588128 87.5
      vertex 0.25000000062088173 -3.9785903288672375 87.5
    endloop
  endfacet
  facet normal 0 0 -1
    outer loop
      vertex -1.2287280677507324 -1.639635345588128 87.5
      vertex -1.1490666648993892 -1.53581858612597 87.5
      vertex 0.38822856731712824 -3.9488887383292126 87.5
    endloop
  endfacet
  facet normal 0 0 -1
    outer loop
      vertex -1.1490666648993892 -1.53581858612597 87.5
      vertex -1.060660171012084 -1.4393398289879165 87.5
      vertex 0.38822856731712824 -3.9488887383292126 87.5
    endloop
  endfacet
  facet normal 0 0 -1
    outer loop
      vertex -0.7499999987582368 -3.7990381071964907 87.5
      vertex -0.2604722666243713 -3.9772116299718627 87.5
      vertex -0.6339273912211261 -3.8594616794337835 87.5
    endloop
  endfacet
  facet normal 0 0 -1
    outer loop
      vertex -0.9641814138740303 -3.6490666648993897 87.5
      vertex 0.25000000062088173 -3.9785903288672375 87.5
      vertex -0.8603646544118724 -3.728728067750733 87.5
    endloop
  endfacet
  facet normal 0 0 -1
    outer loop
      vertex -0.6339273912211261 -3.8594616794337835 87.5
      vertex -0.38822856731712824 -3.9488887383292126 87.5
      vertex -0.5130302160978318 -3.9095389315237608 87.5
    endloop
  endfacet
  facet normal 0 0 -1
    outer loop
      vertex -0.8603646544118724 -3.728728067750733 87.5
      vertex -0.25000000062088173 -3.9785903288672375 87.5
      vertex -0.2604722666243713 -3.9772116299718627 87.5
    endloop
  endfacet
  facet normal 0 0 -1
    outer loop
      vertex -0.6339273912211261 -3.8594616794337835 87.5
      vertex -0.2604722666243713 -3.9772116299718627 87.5
      vertex -0.38822856731712824 -3.9488887383292126 87.5
    endloop
  endfacet
  facet normal 0 0 -1
    outer loop
      vertex -0.8603646544118724 -3.728728067750733 87.5
      vertex 0.25000000062088173 -3.9785903288672375 87.5
      vertex -0.25000000062088173 -3.9785903288672375 87.5
    endloop
  endfacet
  facet normal 0 0 -1
    outer loop
      vertex -0.25000000062088173 -5.000000000000001 87.5
      vertex -0.25000000062088173 -3.9785903288672375 87.5
      vertex 0.25000000062088173 -5.000000000000001 87.5
    endloop
  endfacet
  facet normal 0 0 -1
    outer loop
      vertex -0.25000000062088173 -3.9785903288672375 87.5
      vertex 0.25000000062088173 -3.9785903288672375 87.5
      vertex 0.25000000062088173 -5.000000000000001 87.5
    endloop
  endfacet
  facet normal 0 0 -1
    outer loop
      vertex -1.2287280677507324 -1.639635345588128 87.5
      vertex 0.2604722666243713 -3.9772116299718627 87.5
      vertex 0.25000000062088173 -3.9785903288672375 87.5
    endloop
  endfacet
  facet normal 0 0 -1
    outer loop
      vertex -1.060660171012084 -1.4393398289879165 87.5
      vertex -1.03275363954405 -1.4137682039290669 87.5
      vertex 1.060660171012084 -3.5606601710120844 87.5
    endloop
  endfacet
  facet normal 0 0 -1
    outer loop
      vertex -1.03275363954405 -1.4137682039290669 87.5
      vertex -0.7499999987582368 0 87.5
      vertex 1.03275363954405 -1.4137682039290669 87.5
    endloop
  endfacet
  facet normal 0 0 -1
    outer loop
      vertex -1.2287280677507324 -1.639635345588128 87.5
      vertex 0.38822856731712824 -3.9488887383292126 87.5
      vertex 0.2604722666243713 -3.9772116299718627 87.5
    endloop
  endfacet
  facet normal 0 0 -1
    outer loop
      vertex -1.060660171012084 -1.4393398289879165 87.5
      vertex 0.5130302160978318 -3.9095389315237608 87.5
      vertex 0.38822856731712824 -3.9488887383292126 87.5
    endloop
  endfacet
  facet normal 0 0 -1
    outer loop
      vertex -1.060660171012084 -1.4393398289879165 87.5
      vertex 0.6339273912211261 -3.8594616794337835 87.5
      vertex 0.5130302160978318 -3.9095389315237608 87.5
    endloop
  endfacet
  facet normal 0 0 -1
    outer loop
      vertex -1.060660171012084 -1.4393398289879165 87.5
      vertex 0.7499999987582368 -3.7990381071964907 87.5
      vertex 0.6339273912211261 -3.8594616794337835 87.5
    endloop
  endfacet
  facet normal 0 0 -1
    outer loop
      vertex -1.060660171012084 -1.4393398289879165 87.5
      vertex 0.8603646544118724 -3.728728067750733 87.5
      vertex 0.7499999987582368 -3.7990381071964907 87.5
    endloop
  endfacet
  facet normal 0 0 -1
    outer loop
      vertex -1.060660171012084 -1.4393398289879165 87.5
      vertex 0.9641814138740303 -3.6490666648993897 87.5
      vertex 0.8603646544118724 -3.728728067750733 87.5
    endloop
  endfacet
  facet normal 0 0 -1
    outer loop
      vertex -1.060660171012084 -1.4393398289879165 87.5
      vertex 1.060660171012084 -3.5606601710120844 87.5
      vertex 0.9641814138740303 -3.6490666648993897 87.5
    endloop
  endfacet
  facet normal 0 0 -1
    outer loop
      vertex -1.03275363954405 -1.4137682039290669 87.5
      vertex 1.1490666648993892 -3.4641814138740306 87.5
      vertex 1.060660171012084 -3.5606601710120844 87.5
    endloop
  endfacet
  facet normal 0 0 -1
    outer loop
      vertex -1.03275363954405 -1.4137682039290669 87.5
      vertex 1.03275363954405 -1.4137682039290669 87.5
      vertex 1.060660171012084 -1.4393398289879165 87.5
    endloop
  endfacet
  facet normal 0 0 -1
    outer loop
      vertex -1.03275363954405 -1.4137682039290669 87.5
      vertex 1.060660171012084 -1.4393398289879165 87.5
      vertex 1.1490666648993892 -1.53581858612597 87.5
    endloop
  endfacet
  facet normal 0 0 -1
    outer loop
      vertex 1.03275363954405 -1.4137682039290669 87.5
      vertex -0.7499999987582368 0 87.5
      vertex 0.7499999987582368 0 87.5
    endloop
  endfacet
  facet normal 0 0 -1
    outer loop
      vertex -1.03275363954405 -1.4137682039290669 87.5
      vertex 1.2287280677507324 -3.360364654411873 87.5
      vertex 1.1490666648993892 -3.4641814138740306 87.5
    endloop
  endfacet
  facet normal 0 0 -1
    outer loop
      vertex -1.03275363954405 -1.4137682039290669 87.5
      vertex 1.2990381071964903 -3.2499999987582373 87.5
      vertex 1.2287280677507324 -3.360364654411873 87.5
    endloop
  endfacet
  facet normal 0 0 -1
    outer loop
      vertex -1.03275363954405 -1.4137682039290669 87.5
      vertex 1.359461679433783 -3.1339273912211265 87.5
      vertex 1.2990381071964903 -3.2499999987582373 87.5
    endloop
  endfacet
  facet normal 0 0 -1
    outer loop
      vertex -1.03275363954405 -1.4137682039290669 87.5
      vertex 1.4095389315237603 -3.013030216097832 87.5
      vertex 1.359461679433783 -3.1339273912211265 87.5
    endloop
  endfacet
  facet normal 0 0 -1
    outer loop
      vertex -1.03275363954405 -1.4137682039290669 87.5
      vertex 1.4488887383292122 -2.8882285673171286 87.5
      vertex 1.4095389315237603 -3.013030216097832 87.5
    endloop
  endfacet
  facet normal 0 0 -1
    outer loop
      vertex -1.03275363954405 -1.4137682039290669 87.5
      vertex 1.4942920456329984 -2.63073361478746 87.5
      vertex 1.477211629971862 -2.7604722666243715 87.5
    endloop
  endfacet
  facet normal 0 0 -1
    outer loop
      vertex -1.03275363954405 -1.4137682039290669 87.5
      vertex 1.477211629971862 -2.7604722666243715 87.5
      vertex 1.4488887383292122 -2.8882285673171286 87.5
    endloop
  endfacet
  facet normal 0 0 -1
    outer loop
      vertex -1.03275363954405 -1.4137682039290669 87.5
      vertex 1.4095389315237603 -1.9869697839021687 87.5
      vertex 1.4488887383292122 -2.1117714326828723 87.5
    endloop
  endfacet
  facet normal 0 0 -1
    outer loop
      vertex -1.03275363954405 -1.4137682039290669 87.5
      vertex 1.4942920456329984 -2.369266385212541 87.5
      vertex 1.500000000620882 -2.5000000000000004 87.5
    endloop
  endfacet
  facet normal 0 0 -1
    outer loop
      vertex -1.03275363954405 -1.4137682039290669 87.5
      vertex 1.500000000620882 -2.5000000000000004 87.5
      vertex 1.4942920456329984 -2.63073361478746 87.5
    endloop
  endfacet
  facet normal 0 0 -1
    outer loop
      vertex -1.03275363954405 -1.4137682039290669 87.5
      vertex 1.4488887383292122 -2.1117714326828723 87.5
      vertex 1.477211629971862 -2.2395277333756294 87.5
    endloop
  endfacet
  facet normal 0 0 -1
    outer loop
      vertex -1.03275363954405 -1.4137682039290669 87.5
      vertex 1.477211629971862 -2.2395277333756294 87.5
      vertex 1.4942920456329984 -2.369266385212541 87.5
    endloop
  endfacet
  facet normal 0 0 -1
    outer loop
      vertex -1.03275363954405 -1.4137682039290669 87.5
      vertex 1.1490666648993892 -1.53581858612597 87.5
      vertex 1.2287280677507324 -1.639635345588128 87.5
    endloop
  endfacet
  facet normal 0 0 -1
    outer loop
      vertex -1.03275363954405 -1.4137682039290669 87.5
      vertex 1.2287280677507324 -1.639635345588128 87.5
      vertex 1.2990381071964903 -1.7500000012417638 87.5
    endloop
  endfacet
  facet normal 0 0 -1
    outer loop
      vertex -1.03275363954405 -1.4137682039290669 87.5
      vertex 1.2990381071964903 -1.7500000012417638 87.5
      vertex 1.359461679433783 -1.8660726087788744 87.5
    endloop
  endfacet
  facet normal 0 0 -1
    outer loop
      vertex -1.03275363954405 -1.4137682039290669 87.5
      vertex 1.359461679433783 -1.8660726087788744 87.5
      vertex 1.4095389315237603 -1.9869697839021687 87.5
    endloop
  endfacet
  facet normal 0.840271735871178 -0.08593211956781986 0.5353121339205932
    outer loop
      vertex -31.987094748358 -228.09800896822532 16.108621278062802
      vertex -32.24300579580169 -230 16.205
      vertex -32.12160379470849 -230 16.01443702985079
    endloop
  endfacet
  facet normal 0.9204620966612598 -0.0859321195678179 0.38126788408747475
    outer loop
      vertex -32.137731805619495 -227.32115140136332 16.503159287958116
      vertex -32.4338038878355 -230 16.614167828786517
      vertex -32.34733716842492 -230 16.405418702091588
    endloop
  endfacet
  facet normal 0.950189146111832 -0.08593211956781868 0.29959348697501725
    outer loop
      vertex -32.19306543087281 -227.03256546471215 16.701789461364115
      vertex -32.50174789008869 -230 16.829658673184472
      vertex -32.4338038878355 -230 16.614167828786517
    endloop
  endfacet
  facet normal 0.8837297748648884 -0.08593211956781684 0.4600406023861767
    outer loop
      vertex -32.06921723003261 -227.67559362404185 16.305336875228857
      vertex -32.34733716842492 -230 16.405418702091588
      vertex -32.24300579580169 -230 16.205
    endloop
  endfacet
  facet normal 0.8837297748648937 -0.08593211956781795 0.46004060238616606
    outer loop
      vertex -32.06921723003261 -227.67559362404185 16.305336875228857
      vertex -32.137731805619495 -227.32115140136332 16.503159287958116
      vertex -32.34733716842492 -230 16.405418702091588
    endloop
  endfacet
  facet normal 0.840271735871164 -0.08593211956781685 0.5353121339206156
    outer loop
      vertex -32.06921723003261 -227.67559362404185 16.305336875228857
      vertex -32.24300579580169 -230 16.205
      vertex -31.987094748358 -228.09800896822532 16.108621278062802
    endloop
  endfacet
  facet normal 0.9501891461118334 -0.08593211956782017 0.29959348697501226
    outer loop
      vertex -32.20194015083004 -226.9856964400797 16.743379875537343
      vertex -32.24703108649954 -226.9455339053355 16.89790983500482
      vertex -32.50174789008869 -230 16.829658673184472
    endloop
  endfacet
  facet normal 0.9204620966612638 -0.08593211956781874 0.381267884087465
    outer loop
      vertex -32.19306543087281 -227.03256546471215 16.701789461364115
      vertex -32.4338038878355 -230 16.614167828786517
      vertex -32.137731805619495 -227.32115140136332 16.503159287958116
    endloop
  endfacet
  facet normal 0.9501891461118556 -0.08593211956782441 0.29959348697494104
    outer loop
      vertex -32.19306543087281 -227.03256546471215 16.701789461364115
      vertex -32.20194015083004 -226.9856964400797 16.743379875537343
      vertex -32.50174789008869 -230 16.829658673184472
    endloop
  endfacet
  facet normal 0.7904187215975094 -0.08593211956781817 0.6065096168856196
    outer loop
      vertex -31.8908629027301 -228.59088281488644 15.913377635712372
      vertex -32.12160379470849 -230 16.01443702985079
      vertex -31.984055107678152 -230 15.835180090911864
    endloop
  endfacet
  facet normal 0.7904187215975161 -0.08593211956781992 0.6065096168856107
    outer loop
      vertex -31.8908629027301 -228.59088281488644 15.913377635712372
      vertex -31.987094748358 -228.09800896822532 16.108621278062802
      vertex -32.12160379470849 -230 16.01443702985079
    endloop
  endfacet
  facet normal 0.7345501435846504 -0.08593211956781945 0.6730911954455737
    outer loop
      vertex -31.779947623822228 -229.15705872497867 15.72005237617777
      vertex -31.984055107678152 -230 15.835180090911864
      vertex -31.83140656327316 -230 15.668593436726841
    endloop
  endfacet
  facet normal 0.6730911954455776 -0.08593211956781933 0.7345501435846469
    outer loop
      vertex -31.779947623822228 -229.15705872497867 15.72005237617777
      vertex -31.83140656327316 -230 15.668593436726841
      vertex -31.664819909088138 -230 15.515944892321848
    endloop
  endfacet
  facet normal 0.734550143584647 -0.08593211956781809 0.6730911954455776
    outer loop
      vertex -31.8908629027301 -228.59088281488644 15.913377635712372
      vertex -31.984055107678152 -230 15.835180090911864
      vertex -31.779947623822228 -229.15705872497867 15.72005237617777
    endloop
  endfacet
  facet normal 0.673091195445562 -0.0859321195678248 0.7345501435846605
    outer loop
      vertex -31.779947623822228 -229.15705872497867 15.72005237617777
      vertex -31.664819909088138 -230 15.515944892321848
      vertex -31.653705602013847 -229.79972055210987 15.529190407706826
    endloop
  endfacet
  facet normal 0.6065096168855814 -0.08593211956782391 0.7904187215975381
    outer loop
      vertex -31.653705602013847 -229.79972055210987 15.529190407706826
      vertex -31.664819909088138 -230 15.515944892321848
      vertex -31.614274080757898 -230 15.477159714114306
    endloop
  endfacet
  facet normal 0.9877775009730729 -0.08593211956781893 0.13004337506375688
    outer loop
      vertex -32.28745672189211 -226.90437562485926 17.09665966272748
      vertex -32.58014426805762 -230 17.274266626283566
      vertex -32.55065208030162 -230 17.05025121984265
    endloop
  endfacet
  facet normal 0.9726846824206 -0.08593211956782013 0.2156390025271828
    outer loop
      vertex -32.24703108649954 -226.9455339053355 16.89790983500482
      vertex -32.55065208030162 -230 17.05025121984265
      vertex -32.50174789008869 -230 16.829658673184472
    endloop
  endfacet
  facet normal 0.9953527363067836 -0.08593211956782026 0.043458038993727854
    outer loop
      vertex -32.3198495214384 -226.87084387766487 17.5
      vertex -32.59 -230 17.5
      vertex -32.58014426805762 -230 17.274266626283566
    endloop
  endfacet
  facet normal 0.9953527363067837 -0.08593211956781932 -0.043458038993727896
    outer loop
      vertex -32.31185096202124 -226.88048483151263 17.702260750938358
      vertex -32.58014426805762 -230 17.725733373716434
      vertex -32.59 -230 17.5
    endloop
  endfacet
  facet normal 0.9877775009730729 -0.08593211956781857 -0.1300433750637569
    outer loop
      vertex -32.28773975331845 -226.90770455507894 17.90339024334937
      vertex -32.55065208030162 -230 17.94974878015735
      vertex -32.58014426805762 -230 17.725733373716434
    endloop
  endfacet
  facet normal 0.9726846824206001 -0.08593211956781877 -0.21563900252718268
    outer loop
      vertex -32.24760382209458 -226.95240193065462 18.102243629035346
      vertex -32.50174789008869 -230 18.170341326815528
      vertex -32.55065208030162 -230 17.94974878015735
    endloop
  endfacet
  facet normal 0.9877775009730759 -0.08593211956782057 0.1300433750637333
    outer loop
      vertex -32.31170754493665 -226.8788172842399 17.2977517964307
      vertex -32.58014426805762 -230 17.274266626283566
      vertex -32.28745672189211 -226.90437562485926 17.09665966272748
    endloop
  endfacet
  facet normal 0.9953527363067833 -0.08593211956782056 0.043458038993732157
    outer loop
      vertex -32.31170754493665 -226.8788172842399 17.2977517964307
      vertex -32.3198495214384 -226.87084387766487 17.5
      vertex -32.58014426805762 -230 17.274266626283566
    endloop
  endfacet
  facet normal 0.9953527363067843 -0.08593211956782033 -0.043458038993713186
    outer loop
      vertex -32.3198495214384 -226.87084387766487 17.5
      vertex -32.31185096202124 -226.88048483151263 17.702260750938358
      vertex -32.59 -230 17.5
    endloop
  endfacet
  facet normal 0.9877775009730743 -0.0859321195678193 -0.1300433750637461
    outer loop
      vertex -32.31185096202124 -226.88048483151263 17.702260750938358
      vertex -32.28773975331845 -226.90770455507894 17.90339024334937
      vertex -32.58014426805762 -230 17.725733373716434
    endloop
  endfacet
  facet normal 0.972684682420602 -0.0859321195678189 0.21563900252717408
    outer loop
      vertex -32.25791910633048 -226.9359527309551 16.95084061561564
      vertex -32.28745672189211 -226.90437562485926 17.09665966272748
      vertex -32.55065208030162 -230 17.05025121984265
    endloop
  endfacet
  facet normal 0.97268468242058 -0.0859321195678135 0.21563900252727555
    outer loop
      vertex -32.24703108649954 -226.9455339053355 16.89790983500482
      vertex -32.25791910633048 -226.9359527309551 16.95084061561564
      vertex -32.55065208030162 -230 17.05025121984265
    endloop
  endfacet
  facet normal 0.9726846824205995 -0.08593211956781853 -0.21563900252718615
    outer loop
      vertex -32.28773975331845 -226.90770455507894 17.90339024334937
      vertex -32.24760382209458 -226.95240193065462 18.102243629035346
      vertex -32.55065208030162 -230 17.94974878015735
    endloop
  endfacet
  facet normal 0.9501891461118425 -0.0859321195678202 -0.2995934869749829
    outer loop
      vertex -32.23779855546941 -226.96325677331194 18.13645544606307
      vertex -32.19101795213443 -227.00732745664652 18.297465317319826
      vertex -32.50174789008869 -230 18.170341326815528
    endloop
  endfacet
  facet normal 0.9501891461118105 -0.08593211956781856 -0.2995934869750852
    outer loop
      vertex -32.24760382209458 -226.95240193065462 18.102243629035346
      vertex -32.23779855546941 -226.96325677331194 18.13645544606307
      vertex -32.50174789008869 -230 18.170341326815528
    endloop
  endfacet
  facet normal 0.950189146111832 -0.08593211956781766 -0.2995934869750172
    outer loop
      vertex -32.19101795213443 -227.00732745664652 18.297465317319826
      vertex -32.4338038878355 -230 18.385832171213483
      vertex -32.50174789008869 -230 18.170341326815528
    endloop
  endfacet
  facet normal 0.9204620966612597 -0.08593211956781845 -0.3812678840874746
    outer loop
      vertex -32.13101470770386 -227.23530393974613 18.493708477843246
      vertex -32.34733716842492 -230 18.594581297908412
      vertex -32.4338038878355 -230 18.385832171213483
    endloop
  endfacet
  facet normal 0.8837297748648882 -0.08593211956781614 -0.4600406023861768
    outer loop
      vertex -32.06142999085113 -227.57144000309188 18.69016716013347
      vertex -32.24300579580169 -230 18.795
      vertex -32.34733716842492 -230 18.594581297908412
    endloop
  endfacet
  facet normal 0.8402717358711781 -0.08593211956782026 -0.5353121339205932
    outer loop
      vertex -31.978390588469072 -227.97493000441543 18.885284003569186
      vertex -32.12160379470849 -230 18.98556297014921
      vertex -32.24300579580169 -230 18.795
    endloop
  endfacet
  facet normal 0.883729774864901 -0.08593211956781861 -0.4600406023861519
    outer loop
      vertex -32.06142999085113 -227.57144000309188 18.69016716013347
      vertex -32.34733716842492 -230 18.594581297908412
      vertex -32.13101470770386 -227.23530393974613 18.493708477843246
    endloop
  endfacet
  facet normal 0.8402717358711576 -0.08593211956781611 -0.5353121339206258
    outer loop
      vertex -32.06142999085113 -227.57144000309188 18.69016716013347
      vertex -31.978390588469072 -227.97493000441543 18.885284003569186
      vertex -32.24300579580169 -230 18.795
    endloop
  endfacet
  facet normal 0.9204620966612483 -0.08593211956781747 -0.3812678840875026
    outer loop
      vertex -32.19101795213443 -227.00732745664652 18.297465317319826
      vertex -32.175591163131 -227.0217663793065 18.337963199317542
      vertex -32.4338038878355 -230 18.385832171213483
    endloop
  endfacet
  facet normal 0.9204620966612569 -0.08593211956781789 -0.38126788408748125
    outer loop
      vertex -32.175591163131 -227.0217663793065 18.337963199317542
      vertex -32.13101470770386 -227.23530393974613 18.493708477843246
      vertex -32.4338038878355 -230 18.385832171213483
    endloop
  endfacet
  facet normal 0.7904187215975191 -0.08593211956782035 -0.6065096168856066
    outer loop
      vertex -31.881423822541514 -228.4481587521516 19.07870203558273
      vertex -32.12160379470849 -230 18.98556297014921
      vertex -31.978390588469072 -227.97493000441543 18.885284003569186
    endloop
  endfacet
  facet normal 0.7904187215975123 -0.08593211956781871 -0.6065096168856158
    outer loop
      vertex -31.881423822541514 -228.4481587521516 19.07870203558273
      vertex -31.984055107678152 -230 19.164819909088138
      vertex -32.12160379470849 -230 18.98556297014921
    endloop
  endfacet
  facet normal 0.7345501435846469 -0.08593211956781738 -0.6730911954455778
    outer loop
      vertex -31.76998562633395 -228.99387271776337 19.26998562633395
      vertex -31.83140656327316 -230 19.33140656327316
      vertex -31.984055107678152 -230 19.164819909088138
    endloop
  endfacet
  facet normal 0.7345501435846516 -0.08593211956781893 -0.6730911954455724
    outer loop
      vertex -31.881423822541514 -228.4481587521516 19.07870203558273
      vertex -31.76998562633395 -228.99387271776337 19.26998562633395
      vertex -31.984055107678152 -230 19.164819909088138
    endloop
  endfacet
  facet normal 0.6730911954455766 -0.08593211956781739 -0.7345501435846481
    outer loop
      vertex -31.76998562633395 -228.99387271776337 19.26998562633395
      vertex -31.64346384924094 -229.61516450402928 19.4586039466316
      vertex -31.83140656327316 -230 19.33140656327316
    endloop
  endfacet
  facet normal 0.6730911954455777 -0.0859321195678183 -0.7345501435846469
    outer loop
      vertex -31.64346384924094 -229.61516450402928 19.4586039466316
      vertex -31.664819909088138 -230 19.484055107678152
      vertex -31.83140656327316 -230 19.33140656327316
    endloop
  endfacet
  facet normal 0.606509616885608 -0.0859321195678179 -0.7904187215975185
    outer loop
      vertex -31.64346384924094 -229.61516450402928 19.4586039466316
      vertex -31.56527473170269 -230 19.56043880880916
      vertex -31.664819909088138 -230 19.484055107678152
    endloop
  endfacet
  facet normal -0.6065096168855814 -0.08593211956782391 0.7904187215975381
    outer loop
      vertex -28.346294397986153 -229.79972055210987 15.529190407706826
      vertex -28.385725919242102 -230 15.477159714114306
      vertex -28.335180090911862 -230 15.515944892321848
    endloop
  endfacet
  facet normal -0.6730911954455773 -0.08593211956782469 0.7345501435846465
    outer loop
      vertex -28.346294397986153 -229.79972055210987 15.529190407706826
      vertex -28.335180090911862 -230 15.515944892321848
      vertex -28.16859343672684 -230 15.668593436726841
    endloop
  endfacet
  facet normal -0.6730911954455742 -0.08593211956781932 0.7345501435846501
    outer loop
      vertex -28.346294397986153 -229.79972055210987 15.529190407706826
      vertex -28.16859343672684 -230 15.668593436726841
      vertex -28.220052376177772 -229.15705872497867 15.72005237617777
    endloop
  endfacet
  facet normal -0.7345501435846504 -0.08593211956781945 0.6730911954455737
    outer loop
      vertex -28.220052376177772 -229.15705872497867 15.72005237617777
      vertex -28.16859343672684 -230 15.668593436726841
      vertex -28.015944892321848 -230 15.835180090911864
    endloop
  endfacet
  facet normal -0.606509616885608 -0.0859321195678179 -0.7904187215975185
    outer loop
      vertex -28.35653615075906 -229.61516450402928 19.4586039466316
      vertex -28.335180090911862 -230 19.484055107678152
      vertex -28.43472526829731 -230 19.56043880880916
    endloop
  endfacet
  facet normal -0.6730911954455746 -0.08593211956781832 -0.7345501435846498
    outer loop
      vertex -28.35653615075906 -229.61516450402928 19.4586039466316
      vertex -28.23001437366605 -228.99387271776337 19.26998562633395
      vertex -28.335180090911862 -230 19.484055107678152
    endloop
  endfacet
  facet normal -0.7345501435846469 -0.08593211956781738 -0.6730911954455778
    outer loop
      vertex -28.23001437366605 -228.99387271776337 19.26998562633395
      vertex -28.015944892321848 -230 19.164819909088138
      vertex -28.16859343672684 -230 19.33140656327316
    endloop
  endfacet
  facet normal -0.6730911954455778 -0.08593211956781738 -0.7345501435846469
    outer loop
      vertex -28.23001437366605 -228.99387271776337 19.26998562633395
      vertex -28.16859343672684 -230 19.33140656327316
      vertex -28.335180090911862 -230 19.484055107678152
    endloop
  endfacet
  facet normal -0.734550143584647 -0.08593211956781811 0.6730911954455776
    outer loop
      vertex -28.220052376177772 -229.15705872497867 15.72005237617777
      vertex -28.015944892321848 -230 15.835180090911864
      vertex -28.1091370972699 -228.59088281488644 15.913377635712372
    endloop
  endfacet
  facet normal -0.790418721597517 -0.08593211956781813 0.6065096168856097
    outer loop
      vertex -28.1091370972699 -228.59088281488644 15.913377635712372
      vertex -28.015944892321848 -230 15.835180090911864
      vertex -27.878396205291512 -230 16.01443702985079
    endloop
  endfacet
  facet normal -0.7904187215975182 -0.08593211956781846 0.606509616885608
    outer loop
      vertex -28.1091370972699 -228.59088281488644 15.913377635712372
      vertex -27.878396205291512 -230 16.01443702985079
      vertex -28.012905251642 -228.09800896822532 16.108621278062802
    endloop
  endfacet
  facet normal -0.840271735871164 -0.08593211956781842 0.5353121339206155
    outer loop
      vertex -28.012905251642 -228.09800896822532 16.108621278062802
      vertex -27.878396205291512 -230 16.01443702985079
      vertex -27.756994204198303 -230 16.205
    endloop
  endfacet
  facet normal -0.8402717358711688 -0.08593211956781946 0.535312133920608
    outer loop
      vertex -28.012905251642 -228.09800896822532 16.108621278062802
      vertex -27.756994204198303 -230 16.205
      vertex -27.93078276996739 -227.67559362404185 16.305336875228857
    endloop
  endfacet
  facet normal -0.8837297748648868 -0.08593211956781789 0.46004060238617944
    outer loop
      vertex -27.93078276996739 -227.67559362404185 16.305336875228857
      vertex -27.65266283157508 -230 16.405418702091588
      vertex -27.862268194380505 -227.32115140136332 16.503159287958116
    endloop
  endfacet
  facet normal -0.8837297748648947 -0.08593211956781947 0.46004060238616423
    outer loop
      vertex -27.93078276996739 -227.67559362404185 16.305336875228857
      vertex -27.756994204198303 -230 16.205
      vertex -27.65266283157508 -230 16.405418702091588
    endloop
  endfacet
  facet normal -0.9204620966612598 -0.0859321195678179 0.38126788408747475
    outer loop
      vertex -27.862268194380505 -227.32115140136332 16.503159287958116
      vertex -27.65266283157508 -230 16.405418702091588
      vertex -27.566196112164498 -230 16.614167828786517
    endloop
  endfacet
  facet normal -0.950189146111832 -0.08593211956781868 0.29959348697501725
    outer loop
      vertex -27.806934569127193 -227.03256546471215 16.701789461364115
      vertex -27.566196112164498 -230 16.614167828786517
      vertex -27.498252109911313 -230 16.829658673184472
    endloop
  endfacet
  facet normal -0.9204620966612638 -0.08593211956781874 0.381267884087465
    outer loop
      vertex -27.862268194380505 -227.32115140136332 16.503159287958116
      vertex -27.566196112164498 -230 16.614167828786517
      vertex -27.806934569127193 -227.03256546471215 16.701789461364115
    endloop
  endfacet
  facet normal -0.9501891461118337 -0.0859321195678191 0.2995934869750116
    outer loop
      vertex -27.806934569127193 -227.03256546471215 16.701789461364115
      vertex -27.498252109911313 -230 16.829658673184472
      vertex -27.798059849169956 -226.9856964400797 16.743379875537343
    endloop
  endfacet
  facet normal -0.9501891461118335 -0.08593211956781907 0.29959348697501204
    outer loop
      vertex -27.798059849169956 -226.9856964400797 16.743379875537343
      vertex -27.498252109911313 -230 16.829658673184472
      vertex -27.752968913500457 -226.9455339053355 16.89790983500482
    endloop
  endfacet
  facet normal -0.9726846824206 -0.085932119567819 0.2156390025271828
    outer loop
      vertex -27.752968913500457 -226.9455339053355 16.89790983500482
      vertex -27.498252109911313 -230 16.829658673184472
      vertex -27.449347919698383 -230 17.05025121984265
    endloop
  endfacet
  facet normal -0.9877775009730749 -0.08593211956781888 0.13004337506374133
    outer loop
      vertex -27.712543278107887 -226.90437562485926 17.09665966272748
      vertex -27.449347919698383 -230 17.05025121984265
      vertex -27.41985573194238 -230 17.274266626283566
    endloop
  endfacet
  facet normal -0.9953527363067837 -0.08593211956781828 0.04345803899372792
    outer loop
      vertex -27.688292455063344 -226.8788172842399 17.2977517964307
      vertex -27.41985573194238 -230 17.274266626283566
      vertex -27.41 -230 17.5
    endloop
  endfacet
  facet normal -0.9953527363067837 -0.08593211956781915 -0.04345803899372786
    outer loop
      vertex -27.6801504785616 -226.87084387766487 17.5
      vertex -27.41 -230 17.5
      vertex -27.41985573194238 -230 17.725733373716434
    endloop
  endfacet
  facet normal -0.987777500973075 -0.08593211956781852 -0.1300433750637415
    outer loop
      vertex -27.712260246681552 -226.90770455507894 17.90339024334937
      vertex -27.41985573194238 -230 17.725733373716434
      vertex -27.449347919698383 -230 17.94974878015735
    endloop
  endfacet
  facet normal -0.9726846824206 -0.0859321195678199 -0.21563900252718282
    outer loop
      vertex -27.75239617790542 -226.95240193065462 18.102243629035346
      vertex -27.449347919698383 -230 17.94974878015735
      vertex -27.498252109911313 -230 18.170341326815528
    endloop
  endfacet
  facet normal -0.9726846824205936 -0.08593211956781678 0.21563900252721366
    outer loop
      vertex -27.752968913500457 -226.9455339053355 16.89790983500482
      vertex -27.449347919698383 -230 17.05025121984265
      vertex -27.742080893669517 -226.9359527309551 16.95084061561564
    endloop
  endfacet
  facet normal -0.972684682420602 -0.0859321195678189 0.21563900252717408
    outer loop
      vertex -27.742080893669517 -226.9359527309551 16.95084061561564
      vertex -27.449347919698383 -230 17.05025121984265
      vertex -27.712543278107887 -226.90437562485926 17.09665966272748
    endloop
  endfacet
  facet normal -0.9877775009730738 -0.08593211956781827 0.13004337506375022
    outer loop
      vertex -27.712543278107887 -226.90437562485926 17.09665966272748
      vertex -27.41985573194238 -230 17.274266626283566
      vertex -27.688292455063344 -226.8788172842399 17.2977517964307
    endloop
  endfacet
  facet normal -0.9953527363067842 -0.08593211956781918 0.04345803899371466
    outer loop
      vertex -27.688292455063344 -226.8788172842399 17.2977517964307
      vertex -27.41 -230 17.5
      vertex -27.6801504785616 -226.87084387766487 17.5
    endloop
  endfacet
  facet normal -0.9726846824205958 -0.08593211956781847 -0.2156390025272028
    outer loop
      vertex -27.75239617790542 -226.95240193065462 18.102243629035346
      vertex -27.712260246681552 -226.90770455507894 17.90339024334937
      vertex -27.449347919698383 -230 17.94974878015735
    endloop
  endfacet
  facet normal -0.9501891461118425 -0.0859321195678202 -0.2995934869749829
    outer loop
      vertex -27.80898204786557 -227.00732745664652 18.297465317319826
      vertex -27.76220144453059 -226.96325677331194 18.13645544606307
      vertex -27.498252109911313 -230 18.170341326815528
    endloop
  endfacet
  facet normal -0.9501891461118388 -0.08593211956782003 -0.2995934869749951
    outer loop
      vertex -27.75239617790542 -226.95240193065462 18.102243629035346
      vertex -27.498252109911313 -230 18.170341326815528
      vertex -27.76220144453059 -226.96325677331194 18.13645544606307
    endloop
  endfacet
  facet normal -0.9953527363067836 -0.08593211956781935 -0.04345803899373059
    outer loop
      vertex -27.6801504785616 -226.87084387766487 17.5
      vertex -27.41985573194238 -230 17.725733373716434
      vertex -27.688149037978764 -226.88048483151263 17.702260750938358
    endloop
  endfacet
  facet normal -0.9877775009730766 -0.08593211956781938 -0.13004337506372896
    outer loop
      vertex -27.688149037978764 -226.88048483151263 17.702260750938358
      vertex -27.41985573194238 -230 17.725733373716434
      vertex -27.712260246681552 -226.90770455507894 17.90339024334937
    endloop
  endfacet
  facet normal -0.7904187215975211 -0.08593211956781899 -0.6065096168856043
    outer loop
      vertex -28.118576177458486 -228.4481587521516 19.07870203558273
      vertex -28.021609411530928 -227.97493000441543 18.885284003569186
      vertex -27.878396205291512 -230 18.98556297014921
    endloop
  endfacet
  facet normal -0.840271735871164 -0.0859321195678189 -0.5353121339206155
    outer loop
      vertex -28.021609411530928 -227.97493000441543 18.885284003569186
      vertex -27.756994204198303 -230 18.795
      vertex -27.878396205291512 -230 18.98556297014921
    endloop
  endfacet
  facet normal -0.8837297748648939 -0.08593211956781853 -0.4600406023861653
    outer loop
      vertex -27.938570009148872 -227.57144000309188 18.69016716013347
      vertex -27.868985292296138 -227.23530393974613 18.493708477843246
      vertex -27.65266283157508 -230 18.594581297908412
    endloop
  endfacet
  facet normal -0.8402717358711624 -0.08593211956781859 -0.5353121339206177
    outer loop
      vertex -27.938570009148872 -227.57144000309188 18.69016716013347
      vertex -27.756994204198303 -230 18.795
      vertex -28.021609411530928 -227.97493000441543 18.885284003569186
    endloop
  endfacet
  facet normal -0.7345501435846516 -0.08593211956781893 -0.6730911954455724
    outer loop
      vertex -28.118576177458486 -228.4481587521516 19.07870203558273
      vertex -28.015944892321848 -230 19.164819909088138
      vertex -28.23001437366605 -228.99387271776337 19.26998562633395
    endloop
  endfacet
  facet normal -0.7904187215975198 -0.08593211956781867 -0.606509616885606
    outer loop
      vertex -28.118576177458486 -228.4481587521516 19.07870203558273
      vertex -27.878396205291512 -230 18.98556297014921
      vertex -28.015944892321848 -230 19.164819909088138
    endloop
  endfacet
  facet normal -0.8837297748648946 -0.08593211956781865 -0.4600406023861644
    outer loop
      vertex -27.938570009148872 -227.57144000309188 18.69016716013347
      vertex -27.65266283157508 -230 18.594581297908412
      vertex -27.756994204198303 -230 18.795
    endloop
  endfacet
  facet normal -0.9204620966612597 -0.08593211956781845 -0.3812678840874746
    outer loop
      vertex -27.868985292296138 -227.23530393974613 18.493708477843246
      vertex -27.566196112164498 -230 18.385832171213483
      vertex -27.65266283157508 -230 18.594581297908412
    endloop
  endfacet
  facet normal -0.950189146111832 -0.08593211956781766 -0.2995934869750172
    outer loop
      vertex -27.80898204786557 -227.00732745664652 18.297465317319826
      vertex -27.498252109911313 -230 18.170341326815528
      vertex -27.566196112164498 -230 18.385832171213483
    endloop
  endfacet
  facet normal -0.9204620966612194 -0.0859321195678172 -0.3812678840875723
    outer loop
      vertex -27.824408836869 -227.0217663793065 18.337963199317542
      vertex -27.80898204786557 -227.00732745664652 18.297465317319826
      vertex -27.566196112164498 -230 18.385832171213483
    endloop
  endfacet
  facet normal -0.9204620966612639 -0.0859321195678193 -0.3812678840874642
    outer loop
      vertex -27.824408836869 -227.0217663793065 18.337963199317542
      vertex -27.566196112164498 -230 18.385832171213483
      vertex -27.868985292296138 -227.23530393974613 18.493708477843246
    endloop
  endfacet
  facet normal 0.9501891461118335 0.08593211956781908 0.29959348697501226
    outer loop
      vertex -2.2470310864995424 -3.054466094664496 16.89790983500482
      vertex -2.201940150830043 -3.014303559920312 16.743379875537343
      vertex -2.5017478900886867 0 16.829658673184472
    endloop
  endfacet
  facet normal 0.9501891461118336 0.0859321195678191 0.2995934869750116
    outer loop
      vertex -2.1930654308728053 -2.9674345352878597 16.701789461364115
      vertex -2.5017478900886867 0 16.829658673184472
      vertex -2.201940150830043 -3.014303559920312 16.743379875537343
    endloop
  endfacet
  facet normal 0.9204620966612619 0.085932119567819 0.3812678840874693
    outer loop
      vertex -2.1930654308728053 -2.9674345352878597 16.701789461364115
      vertex -2.137731805619494 -2.6788485986366757 16.503159287958116
      vertex -2.4338038878355026 0 16.614167828786517
    endloop
  endfacet
  facet normal 0.950189146111833 0.08593211956781896 0.29959348697501365
    outer loop
      vertex -2.1930654308728053 -2.9674345352878597 16.701789461364115
      vertex -2.4338038878355026 0 16.614167828786517
      vertex -2.5017478900886867 0 16.829658673184472
    endloop
  endfacet
  facet normal 0.9204620966612618 0.08593211956781896 0.38126788408746964
    outer loop
      vertex -2.137731805619494 -2.6788485986366757 16.503159287958116
      vertex -2.3473371684249233 0 16.405418702091588
      vertex -2.4338038878355026 0 16.614167828786517
    endloop
  endfacet
  facet normal 0.8837297748648896 0.08593211956781854 0.46004060238617356
    outer loop
      vertex -2.069217230032611 -2.324406375958156 16.305336875228857
      vertex -2.243005795801696 0 16.205
      vertex -2.3473371684249233 0 16.405418702091588
    endloop
  endfacet
  facet normal 0.8402717358711673 0.0859321195678193 0.53531213392061
    outer loop
      vertex -1.9870947483579997 -1.9019910317746795 16.108621278062802
      vertex -2.1216037947084887 0 16.01443702985079
      vertex -2.243005795801696 0 16.205
    endloop
  endfacet
  facet normal 0.7904187215975197 0.08593211956781935 0.6065096168856062
    outer loop
      vertex -1.9870947483579997 -1.9019910317746795 16.108621278062802
      vertex -1.8908629027300998 -1.4091171851135498 15.913377635712372
      vertex -2.1216037947084887 0 16.01443702985079
    endloop
  endfacet
  facet normal 0.7904187215975165 0.08593211956781853 0.6065096168856102
    outer loop
      vertex -1.8908629027300998 -1.4091171851135498 15.913377635712372
      vertex -1.984055107678153 0 15.835180090911864
      vertex -2.1216037947084887 0 16.01443702985079
    endloop
  endfacet
  facet normal 0.734550143584646 0.08593211956781849 0.6730911954455786
    outer loop
      vertex -1.7799476238222285 -0.8429412750213223 15.72005237617777
      vertex -1.984055107678153 0 15.835180090911864
      vertex -1.8908629027300998 -1.4091171851135498 15.913377635712372
    endloop
  endfacet
  facet normal 0.8837297748648918 0.08593211956781897 0.4600406023861694
    outer loop
      vertex -2.069217230032611 -2.324406375958156 16.305336875228857
      vertex -2.3473371684249233 0 16.405418702091588
      vertex -2.137731805619494 -2.6788485986366757 16.503159287958116
    endloop
  endfacet
  facet normal 0.8402717358711635 0.08593211956781846 0.535312133920616
    outer loop
      vertex -2.069217230032611 -2.324406375958156 16.305336875228857
      vertex -1.9870947483579997 -1.9019910317746795 16.108621278062802
      vertex -2.243005795801696 0 16.205
    endloop
  endfacet
  facet normal 0.987777500973075 0.08593211956781902 0.13004337506374097
    outer loop
      vertex -2.2874567218921147 -3.0956243751407353 17.09665966272748
      vertex -2.5801442680576208 0 17.274266626283566
      vertex -2.311707544936655 -3.121182715760113 17.2977517964307
    endloop
  endfacet
  facet normal 0.995352736306784 0.08593211956781907 0.04345803899372083
    outer loop
      vertex -2.311707544936655 -3.121182715760113 17.2977517964307
      vertex -2.59 0 17.5
      vertex -2.3198495214384 -3.129156122335131 17.5
    endloop
  endfacet
  facet normal 0.9726846824205982 0.08593211956781893 0.21563900252719095
    outer loop
      vertex -2.2579191063304815 -3.064047269044893 16.95084061561564
      vertex -2.5506520803016186 0 17.05025121984265
      vertex -2.2874567218921147 -3.0956243751407353 17.09665966272748
    endloop
  endfacet
  facet normal 0.972684682420598 0.08593211956781885 0.21563900252719287
    outer loop
      vertex -2.2470310864995424 -3.054466094664496 16.89790983500482
      vertex -2.5506520803016186 0 17.05025121984265
      vertex -2.2579191063304815 -3.064047269044893 16.95084061561564
    endloop
  endfacet
  facet normal 0.9953527363067839 0.08593211956781913 -0.04345803899372282
    outer loop
      vertex -2.3198495214384 -3.129156122335131 17.5
      vertex -2.5801442680576208 0 17.725733373716434
      vertex -2.311850962021237 -3.1195151684873745 17.702260750938358
    endloop
  endfacet
  facet normal 0.9877775009730754 0.08593211956781917 -0.13004337506373903
    outer loop
      vertex -2.311850962021237 -3.1195151684873745 17.702260750938358
      vertex -2.5801442680576208 0 17.725733373716434
      vertex -2.2877397533184465 -3.092295444921077 17.90339024334937
    endloop
  endfacet
  facet normal 0.9726846824205981 0.08593211956781896 -0.21563900252719145
    outer loop
      vertex -2.2877397533184465 -3.092295444921077 17.90339024334937
      vertex -2.5506520803016186 0 17.94974878015735
      vertex -2.24760382209458 -3.047598069345394 18.102243629035346
    endloop
  endfacet
  facet normal 0.9501891461118351 0.08593211956781911 -0.2995934869750071
    outer loop
      vertex -2.24760382209458 -3.047598069345394 18.102243629035346
      vertex -2.5017478900886867 0 18.170341326815528
      vertex -2.237798555469412 -3.036743226688065 18.13645544606307
    endloop
  endfacet
  facet normal 0.9501891461118346 0.08593211956781908 -0.2995934869750088
    outer loop
      vertex -2.237798555469412 -3.036743226688065 18.13645544606307
      vertex -2.5017478900886867 0 18.170341326815528
      vertex -2.1910179521344286 -2.9926725433534647 18.297465317319826
    endloop
  endfacet
  facet normal 0.9877775009730749 0.085932119567819 0.13004337506374142
    outer loop
      vertex -2.2874567218921147 -3.0956243751407353 17.09665966272748
      vertex -2.5506520803016186 0 17.05025121984265
      vertex -2.5801442680576208 0 17.274266626283566
    endloop
  endfacet
  facet normal 0.9726846824205985 0.08593211956781903 0.2156390025271903
    outer loop
      vertex -2.2470310864995424 -3.054466094664496 16.89790983500482
      vertex -2.5017478900886867 0 16.829658673184472
      vertex -2.5506520803016186 0 17.05025121984265
    endloop
  endfacet
  facet normal 0.9953527363067839 0.08593211956781897 0.04345803899372213
    outer loop
      vertex -2.311707544936655 -3.121182715760113 17.2977517964307
      vertex -2.5801442680576208 0 17.274266626283566
      vertex -2.59 0 17.5
    endloop
  endfacet
  facet normal 0.995352736306784 0.08593211956781906 -0.0434580389937221
    outer loop
      vertex -2.3198495214384 -3.129156122335131 17.5
      vertex -2.59 0 17.5
      vertex -2.5801442680576208 0 17.725733373716434
    endloop
  endfacet
  facet normal 0.987777500973075 0.08593211956781897 -0.13004337506374142
    outer loop
      vertex -2.2877397533184465 -3.092295444921077 17.90339024334937
      vertex -2.5801442680576208 0 17.725733373716434
      vertex -2.5506520803016186 0 17.94974878015735
    endloop
  endfacet
  facet normal 0.9726846824205985 0.08593211956781907 -0.21563900252719026
    outer loop
      vertex -2.24760382209458 -3.047598069345394 18.102243629035346
      vertex -2.5506520803016186 0 17.94974878015735
      vertex -2.5017478900886867 0 18.170341326815528
    endloop
  endfacet
  facet normal 0.9204620966612511 0.08593211956781857 -0.3812678840874954
    outer loop
      vertex -2.1910179521344286 -2.9926725433534647 18.297465317319826
      vertex -2.4338038878355026 0 18.385832171213483
      vertex -2.175591163130999 -2.9782336206934965 18.337963199317542
    endloop
  endfacet
  facet normal 0.9204620966612607 0.08593211956781903 -0.38126788408747203
    outer loop
      vertex -2.175591163130999 -2.9782336206934965 18.337963199317542
      vertex -2.4338038878355026 0 18.385832171213483
      vertex -2.131014707703861 -2.7646960602538755 18.493708477843246
    endloop
  endfacet
  facet normal 0.950189146111833 0.08593211956781872 -0.29959348697501365
    outer loop
      vertex -2.1910179521344286 -2.9926725433534647 18.297465317319826
      vertex -2.5017478900886867 0 18.170341326815528
      vertex -2.4338038878355026 0 18.385832171213483
    endloop
  endfacet
  facet normal 0.9204620966612618 0.08593211956781925 -0.38126788408746953
    outer loop
      vertex -2.131014707703861 -2.7646960602538755 18.493708477843246
      vertex -2.4338038878355026 0 18.385832171213483
      vertex -2.3473371684249233 0 18.594581297908412
    endloop
  endfacet
  facet normal 0.8837297748648897 0.08593211956781864 -0.46004060238617356
    outer loop
      vertex -2.061429990851128 -2.428559996908108 18.69016716013347
      vertex -2.3473371684249233 0 18.594581297908412
      vertex -2.243005795801696 0 18.795
    endloop
  endfacet
  facet normal 0.8837297748648931 0.08593211956781932 -0.46004060238616695
    outer loop
      vertex -2.131014707703861 -2.7646960602538755 18.493708477843246
      vertex -2.3473371684249233 0 18.594581297908412
      vertex -2.061429990851128 -2.428559996908108 18.69016716013347
    endloop
  endfacet
  facet normal 0.840271735871163 0.08593211956781859 -0.535312133920617
    outer loop
      vertex -2.061429990851128 -2.428559996908108 18.69016716013347
      vertex -2.243005795801696 0 18.795
      vertex -1.9783905884690705 -2.0250699955845803 18.885284003569186
    endloop
  endfacet
  facet normal 0.8402717358711675 0.08593211956781949 -0.53531213392061
    outer loop
      vertex -1.9783905884690705 -2.0250699955845803 18.885284003569186
      vertex -2.243005795801696 0 18.795
      vertex -2.1216037947084887 0 18.98556297014921
    endloop
  endfacet
  facet normal 0.7904187215975176 0.08593211956781953 -0.6065096168856089
    outer loop
      vertex -1.9783905884690705 -2.0250699955845803 18.885284003569186
      vertex -2.1216037947084887 0 18.98556297014921
      vertex -1.881423822541512 -1.5518412478483863 19.07870203558273
    endloop
  endfacet
  facet normal 0.7904187215975192 0.08593211956781995 -0.6065096168856066
    outer loop
      vertex -1.881423822541512 -1.5518412478483863 19.07870203558273
      vertex -2.1216037947084887 0 18.98556297014921
      vertex -1.984055107678153 0 19.164819909088138
    endloop
  endfacet
  facet normal 0.7345501435846487 0.08593211956782008 -0.6730911954455755
    outer loop
      vertex -1.881423822541512 -1.5518412478483863 19.07870203558273
      vertex -1.984055107678153 0 19.164819909088138
      vertex -1.7699856263339466 -1.0061272822366296 19.26998562633395
    endloop
  endfacet
  facet normal 0.7345501435846469 0.08593211956781885 0.6730911954455775
    outer loop
      vertex -1.7799476238222285 -0.8429412750213223 15.72005237617777
      vertex -1.8314065632731582 0 15.668593436726841
      vertex -1.984055107678153 0 15.835180090911864
    endloop
  endfacet
  facet normal 0.6730911954455769 0.08593211956781886 0.7345501435846474
    outer loop
      vertex -1.7799476238222285 -0.8429412750213223 15.72005237617777
      vertex -1.6537056020138479 -0.20027944789012408 15.529190407706826
      vertex -1.8314065632731582 0 15.668593436726841
    endloop
  endfacet
  facet normal 0.6730911954455773 0.0859321195678192 0.7345501435846473
    outer loop
      vertex -1.6537056020138479 -0.20027944789012408 15.529190407706826
      vertex -1.6648199090881366 0 15.515944892321848
      vertex -1.8314065632731582 0 15.668593436726841
    endloop
  endfacet
  facet normal 0.6065096168856017 0.0859321195678191 0.790418721597523
    outer loop
      vertex -1.6537056020138479 -0.20027944789012408 15.529190407706826
      vertex -1.6142740807578997 0 15.477159714114306
      vertex -1.6648199090881366 0 15.515944892321848
    endloop
  endfacet
  facet normal 0.7345501435846435 0.08593211956781838 -0.6730911954455814
    outer loop
      vertex -1.7699856263339466 -1.0061272822366296 19.26998562633395
      vertex -1.984055107678153 0 19.164819909088138
      vertex -1.8314065632731582 0 19.33140656327316
    endloop
  endfacet
  facet normal 0.6730911954455772 0.0859321195678183 -0.7345501435846473
    outer loop
      vertex -1.7699856263339466 -1.0061272822366296 19.26998562633395
      vertex -1.8314065632731582 0 19.33140656327316
      vertex -1.6648199090881366 0 19.484055107678152
    endloop
  endfacet
  facet normal 0.6730911954455858 0.08593211956781575 -0.7345501435846397
    outer loop
      vertex -1.7699856263339466 -1.0061272822366296 19.26998562633395
      vertex -1.6648199090881366 0 19.484055107678152
      vertex -1.643463849240941 -0.38483549597072353 19.4586039466316
    endloop
  endfacet
  facet normal 0.606509616885608 0.0859321195678156 -0.7904187215975186
    outer loop
      vertex -1.643463849240941 -0.38483549597072353 19.4586039466316
      vertex -1.6648199090881366 0 19.484055107678152
      vertex -1.565274731702689 0 19.56043880880916
    endloop
  endfacet
  facet normal -0.6065096168856017 0.0859321195678191 0.790418721597523
    outer loop
      vertex 1.6537056020138479 -0.20027944789012408 15.529190407706826
      vertex 1.6648199090881366 0 15.515944892321848
      vertex 1.6142740807578997 0 15.477159714114306
    endloop
  endfacet
  facet normal -0.6730911954455762 0.0859321195678192 0.7345501435846481
    outer loop
      vertex 1.6537056020138479 -0.20027944789012408 15.529190407706826
      vertex 1.7799476238222285 -0.8429412750213223 15.72005237617777
      vertex 1.6648199090881366 0 15.515944892321848
    endloop
  endfacet
  facet normal -0.6730911954455772 0.08593211956781885 0.7345501435846472
    outer loop
      vertex 1.7799476238222285 -0.8429412750213223 15.72005237617777
      vertex 1.8314065632731582 0 15.668593436726841
      vertex 1.6648199090881366 0 15.515944892321848
    endloop
  endfacet
  facet normal -0.7345501435846469 0.08593211956781885 0.6730911954455775
    outer loop
      vertex 1.7799476238222285 -0.8429412750213223 15.72005237617777
      vertex 1.984055107678153 0 15.835180090911864
      vertex 1.8314065632731582 0 15.668593436726841
    endloop
  endfacet
  facet normal -0.734550143584646 0.08593211956781849 0.6730911954455786
    outer loop
      vertex 1.7799476238222285 -0.8429412750213223 15.72005237617777
      vertex 1.8908629027300998 -1.4091171851135498 15.913377635712372
      vertex 1.984055107678153 0 15.835180090911864
    endloop
  endfacet
  facet normal -0.7904187215975197 0.08593211956781935 0.6065096168856062
    outer loop
      vertex 1.9870947483579997 -1.9019910317746795 16.108621278062802
      vertex 2.1216037947084887 0 16.01443702985079
      vertex 1.8908629027300998 -1.4091171851135498 15.913377635712372
    endloop
  endfacet
  facet normal -0.7904187215975165 0.08593211956781853 0.6065096168856102
    outer loop
      vertex 1.8908629027300998 -1.4091171851135498 15.913377635712372
      vertex 2.1216037947084887 0 16.01443702985079
      vertex 1.984055107678153 0 15.835180090911864
    endloop
  endfacet
  facet normal -0.9204620966612619 0.085932119567819 0.3812678840874693
    outer loop
      vertex 2.137731805619494 -2.6788485986366757 16.503159287958116
      vertex 2.1930654308728053 -2.9674345352878597 16.701789461364115
      vertex 2.4338038878355026 0 16.614167828786517
    endloop
  endfacet
  facet normal -0.9501891461118336 0.0859321195678191 0.2995934869750116
    outer loop
      vertex 2.1930654308728053 -2.9674345352878597 16.701789461364115
      vertex 2.201940150830043 -3.014303559920312 16.743379875537343
      vertex 2.5017478900886867 0 16.829658673184472
    endloop
  endfacet
  facet normal -0.9501891461118335 0.08593211956781907 0.29959348697501226
    outer loop
      vertex 2.201940150830043 -3.014303559920312 16.743379875537343
      vertex 2.2470310864995424 -3.054466094664496 16.89790983500482
      vertex 2.5017478900886867 0 16.829658673184472
    endloop
  endfacet
  facet normal -0.8402717358711673 0.0859321195678193 0.53531213392061
    outer loop
      vertex 1.9870947483579997 -1.9019910317746795 16.108621278062802
      vertex 2.243005795801696 0 16.205
      vertex 2.1216037947084887 0 16.01443702985079
    endloop
  endfacet
  facet normal -0.8402717358711635 0.08593211956781846 0.535312133920616
    outer loop
      vertex 1.9870947483579997 -1.9019910317746795 16.108621278062802
      vertex 2.069217230032611 -2.324406375958156 16.305336875228857
      vertex 2.243005795801696 0 16.205
    endloop
  endfacet
  facet normal -0.8837297748648918 0.08593211956781897 0.4600406023861694
    outer loop
      vertex 2.069217230032611 -2.324406375958156 16.305336875228857
      vertex 2.137731805619494 -2.6788485986366757 16.503159287958116
      vertex 2.3473371684249233 0 16.405418702091588
    endloop
  endfacet
  facet normal -0.8837297748648896 0.08593211956781854 0.46004060238617356
    outer loop
      vertex 2.069217230032611 -2.324406375958156 16.305336875228857
      vertex 2.3473371684249233 0 16.405418702091588
      vertex 2.243005795801696 0 16.205
    endloop
  endfacet
  facet normal -0.950189146111833 0.08593211956781896 0.29959348697501365
    outer loop
      vertex 2.1930654308728053 -2.9674345352878597 16.701789461364115
      vertex 2.5017478900886867 0 16.829658673184472
      vertex 2.4338038878355026 0 16.614167828786517
    endloop
  endfacet
  facet normal -0.9204620966612618 0.08593211956781896 0.38126788408746964
    outer loop
      vertex 2.137731805619494 -2.6788485986366757 16.503159287958116
      vertex 2.4338038878355026 0 16.614167828786517
      vertex 2.3473371684249233 0 16.405418702091588
    endloop
  endfacet
  facet normal -0.606509616885608 0.0859321195678156 -0.7904187215975186
    outer loop
      vertex 1.643463849240941 -0.38483549597072353 19.4586039466316
      vertex 1.565274731702689 0 19.56043880880916
      vertex 1.6648199090881366 0 19.484055107678152
    endloop
  endfacet
  facet normal -0.6730911954455774 0.08593211956781587 -0.7345501435846475
    outer loop
      vertex 1.643463849240941 -0.38483549597072353 19.4586039466316
      vertex 1.6648199090881366 0 19.484055107678152
      vertex 1.8314065632731582 0 19.33140656327316
    endloop
  endfacet
  facet normal -0.7904187215975176 0.08593211956781953 -0.6065096168856089
    outer loop
      vertex 1.9783905884690705 -2.0250699955845803 18.885284003569186
      vertex 1.881423822541512 -1.5518412478483863 19.07870203558273
      vertex 2.1216037947084887 0 18.98556297014921
    endloop
  endfacet
  facet normal -0.7345501435846487 0.08593211956782008 -0.6730911954455755
    outer loop
      vertex 1.881423822541512 -1.5518412478483863 19.07870203558273
      vertex 1.7699856263339466 -1.0061272822366296 19.26998562633395
      vertex 1.984055107678153 0 19.164819909088138
    endloop
  endfacet
  facet normal -0.7345501435846435 0.08593211956781838 -0.6730911954455814
    outer loop
      vertex 1.7699856263339466 -1.0061272822366296 19.26998562633395
      vertex 1.8314065632731582 0 19.33140656327316
      vertex 1.984055107678153 0 19.164819909088138
    endloop
  endfacet
  facet normal -0.6730911954455803 0.08593211956781831 -0.7345501435846445
    outer loop
      vertex 1.643463849240941 -0.38483549597072353 19.4586039466316
      vertex 1.8314065632731582 0 19.33140656327316
      vertex 1.7699856263339466 -1.0061272822366296 19.26998562633395
    endloop
  endfacet
  facet normal -0.7904187215975192 0.08593211956781995 -0.6065096168856066
    outer loop
      vertex 1.881423822541512 -1.5518412478483863 19.07870203558273
      vertex 1.984055107678153 0 19.164819909088138
      vertex 2.1216037947084887 0 18.98556297014921
    endloop
  endfacet
  facet normal -0.972684682420598 0.08593211956781885 0.21563900252719287
    outer loop
      vertex 2.2470310864995424 -3.054466094664496 16.89790983500482
      vertex 2.2579191063304815 -3.064047269044893 16.95084061561564
      vertex 2.5506520803016186 0 17.05025121984265
    endloop
  endfacet
  facet normal -0.9726846824205982 0.08593211956781893 0.21563900252719095
    outer loop
      vertex 2.2579191063304815 -3.064047269044893 16.95084061561564
      vertex 2.2874567218921147 -3.0956243751407353 17.09665966272748
      vertex 2.5506520803016186 0 17.05025121984265
    endloop
  endfacet
  facet normal -0.9726846824205981 0.08593211956781896 -0.21563900252719145
    outer loop
      vertex 2.2877397533184465 -3.092295444921077 17.90339024334937
      vertex 2.24760382209458 -3.047598069345394 18.102243629035346
      vertex 2.5506520803016186 0 17.94974878015735
    endloop
  endfacet
  facet normal -0.9501891461118351 0.08593211956781911 -0.2995934869750071
    outer loop
      vertex 2.24760382209458 -3.047598069345394 18.102243629035346
      vertex 2.237798555469412 -3.036743226688065 18.13645544606307
      vertex 2.5017478900886867 0 18.170341326815528
    endloop
  endfacet
  facet normal -0.9501891461118346 0.08593211956781908 -0.2995934869750088
    outer loop
      vertex 2.1910179521344286 -2.9926725433534647 18.297465317319826
      vertex 2.5017478900886867 0 18.170341326815528
      vertex 2.237798555469412 -3.036743226688065 18.13645544606307
    endloop
  endfacet
  facet normal -0.987777500973075 0.08593211956781902 0.13004337506374097
    outer loop
      vertex 2.2874567218921147 -3.0956243751407353 17.09665966272748
      vertex 2.311707544936655 -3.121182715760113 17.2977517964307
      vertex 2.5801442680576208 0 17.274266626283566
    endloop
  endfacet
  facet normal -0.9953527363067841 0.08593211956781899 0.043458038993720825
    outer loop
      vertex 2.311707544936655 -3.121182715760113 17.2977517964307
      vertex 2.3198495214384 -3.129156122335131 17.5
      vertex 2.5801442680576208 0 17.274266626283566
    endloop
  endfacet
  facet normal -0.995352736306784 0.08593211956781906 -0.04345803899372282
    outer loop
      vertex 2.3198495214384 -3.129156122335131 17.5
      vertex 2.311850962021237 -3.1195151684873745 17.702260750938358
      vertex 2.59 0 17.5
    endloop
  endfacet
  facet normal -0.9877775009730754 0.08593211956781917 -0.13004337506373903
    outer loop
      vertex 2.311850962021237 -3.1195151684873745 17.702260750938358
      vertex 2.2877397533184465 -3.092295444921077 17.90339024334937
      vertex 2.5801442680576208 0 17.725733373716434
    endloop
  endfacet
  facet normal -0.9726846824205985 0.08593211956781903 0.2156390025271903
    outer loop
      vertex 2.2470310864995424 -3.054466094664496 16.89790983500482
      vertex 2.5506520803016186 0 17.05025121984265
      vertex 2.5017478900886867 0 16.829658673184472
    endloop
  endfacet
  facet normal -0.9877775009730749 0.085932119567819 0.13004337506374142
    outer loop
      vertex 2.2874567218921147 -3.0956243751407353 17.09665966272748
      vertex 2.5801442680576208 0 17.274266626283566
      vertex 2.5506520803016186 0 17.05025121984265
    endloop
  endfacet
  facet normal -0.995352736306784 0.08593211956781906 0.0434580389937221
    outer loop
      vertex 2.3198495214384 -3.129156122335131 17.5
      vertex 2.59 0 17.5
      vertex 2.5801442680576208 0 17.274266626283566
    endloop
  endfacet
  facet normal -0.995352736306784 0.08593211956781911 -0.04345803899372201
    outer loop
      vertex 2.311850962021237 -3.1195151684873745 17.702260750938358
      vertex 2.5801442680576208 0 17.725733373716434
      vertex 2.59 0 17.5
    endloop
  endfacet
  facet normal -0.987777500973075 0.08593211956781897 -0.13004337506374142
    outer loop
      vertex 2.2877397533184465 -3.092295444921077 17.90339024334937
      vertex 2.5506520803016186 0 17.94974878015735
      vertex 2.5801442680576208 0 17.725733373716434
    endloop
  endfacet
  facet normal -0.9726846824205985 0.08593211956781907 -0.21563900252719026
    outer loop
      vertex 2.24760382209458 -3.047598069345394 18.102243629035346
      vertex 2.5017478900886867 0 18.170341326815528
      vertex 2.5506520803016186 0 17.94974878015735
    endloop
  endfacet
  facet normal -0.9204620966612511 0.08593211956781857 -0.3812678840874954
    outer loop
      vertex 2.175591163130999 -2.9782336206934965 18.337963199317542
      vertex 2.4338038878355026 0 18.385832171213483
      vertex 2.1910179521344286 -2.9926725433534647 18.297465317319826
    endloop
  endfacet
  facet normal -0.9204620966612607 0.08593211956781904 -0.38126788408747203
    outer loop
      vertex 2.131014707703861 -2.7646960602538755 18.493708477843246
      vertex 2.4338038878355026 0 18.385832171213483
      vertex 2.175591163130999 -2.9782336206934965 18.337963199317542
    endloop
  endfacet
  facet normal -0.8837297748648931 0.08593211956781932 -0.46004060238616695
    outer loop
      vertex 2.131014707703861 -2.7646960602538755 18.493708477843246
      vertex 2.061429990851128 -2.428559996908108 18.69016716013347
      vertex 2.3473371684249233 0 18.594581297908412
    endloop
  endfacet
  facet normal -0.840271735871163 0.0859321195678186 -0.5353121339206172
    outer loop
      vertex 1.9783905884690705 -2.0250699955845803 18.885284003569186
      vertex 2.243005795801696 0 18.795
      vertex 2.061429990851128 -2.428559996908108 18.69016716013347
    endloop
  endfacet
  facet normal -0.8402717358711675 0.08593211956781949 -0.53531213392061
    outer loop
      vertex 1.9783905884690705 -2.0250699955845803 18.885284003569186
      vertex 2.1216037947084887 0 18.98556297014921
      vertex 2.243005795801696 0 18.795
    endloop
  endfacet
  facet normal -0.8837297748648897 0.08593211956781864 -0.46004060238617356
    outer loop
      vertex 2.061429990851128 -2.428559996908108 18.69016716013347
      vertex 2.243005795801696 0 18.795
      vertex 2.3473371684249233 0 18.594581297908412
    endloop
  endfacet
  facet normal -0.9204620966612618 0.08593211956781925 -0.38126788408746953
    outer loop
      vertex 2.131014707703861 -2.7646960602538755 18.493708477843246
      vertex 2.3473371684249233 0 18.594581297908412
      vertex 2.4338038878355026 0 18.385832171213483
    endloop
  endfacet
  facet normal -0.950189146111833 0.08593211956781872 -0.29959348697501365
    outer loop
      vertex 2.1910179521344286 -2.9926725433534647 18.297465317319826
      vertex 2.4338038878355026 0 18.385832171213483
      vertex 2.5017478900886867 0 18.170341326815528
    endloop
  endfacet
  facet normal 0 0 -1
    outer loop
      vertex -6 -58.21091654199731 0
      vertex -6 0 0
      vertex -3.5863009095191956 -5.6862393245100975 0
    endloop
  endfacet
  facet normal -0.9992009587217894 0 0.039968038348871575
    outer loop
      vertex -6 -58.21091654199731 0
      vertex -2.5 -58.21091654199731 87.5
      vertex -6 0 0
    endloop
  endfacet
  facet normal 0 0 -1
    outer loop
      vertex -6 -58.21091654199731 0
      vertex -3.5453079119324684 -6.625133439898491 0
      vertex -3.4773329719901085 -6.931748561561108 0
    endloop
  endfacet
  facet normal 0 0 -1
    outer loop
      vertex -6 -58.21091654199731 0
      vertex -3.5863009095191956 -6.3137606754899025 0
      vertex -3.5453079119324684 -6.625133439898491 0
    endloop
  endfacet
  facet normal 0 0 -1
    outer loop
      vertex -6 -58.21091654199731 0
      vertex -3.600000001490116 -6 0
      vertex -3.5863009095191956 -6.3137606754899025 0
    endloop
  endfacet
  facet normal 0 0 -1
    outer loop
      vertex -6 -58.21091654199731 0
      vertex -3.3828934356570244 -7.231272518634796 0
      vertex -3.262708030641079 -7.521425738930702 0
    endloop
  endfacet
  facet normal 0 0 -1
    outer loop
      vertex -6 -58.21091654199731 0
      vertex -3.4773329719901085 -6.931748561561108 0
      vertex -3.3828934356570244 -7.231272518634796 0
    endloop
  endfacet
  facet normal 0 0 -1
    outer loop
      vertex -6 -58.21091654199731 0
      vertex -3.5863009095191956 -5.6862393245100975 0
      vertex -3.600000001490116 -6 0
    endloop
  endfacet
  facet normal 0 0 -1
    outer loop
      vertex -6 -58.21091654199731 0
      vertex -3.262708030641079 -7.521425738930702 0
      vertex -3.117691457271576 -7.799999997019768 0
    endloop
  endfacet
  facet normal 0 0 -1
    outer loop
      vertex -6 -58.21091654199731 0
      vertex -3.117691457271576 -7.799999997019768 0
      vertex -2.948947362601757 -8.064875170588493 0
    endloop
  endfacet
  facet normal 0 0 -1
    outer loop
      vertex -6 -58.21091654199731 0
      vertex -2.948947362601757 -8.064875170588493 0
      vertex -2.7577599957585335 -8.314035393297672 0
    endloop
  endfacet
  facet normal 0 0 -1
    outer loop
      vertex -6 -58.21091654199731 0
      vertex -2.545584410429001 -8.545584410429 0
      vertex -2.3140353932976723 -8.757759995758533 0
    endloop
  endfacet
  facet normal 0 0 -1
    outer loop
      vertex -6 -58.21091654199731 0
      vertex -2.3140353932976723 -8.757759995758533 0
      vertex -2.0648751705884933 -8.948947362601757 0
    endloop
  endfacet
  facet normal 0 0 -1
    outer loop
      vertex -6 -58.21091654199731 0
      vertex -2.7577599957585335 -8.314035393297672 0
      vertex -2.545584410429001 -8.545584410429 0
    endloop
  endfacet
  facet normal 0 0 -1
    outer loop
      vertex -6 -58.21091654199731 0
      vertex -2.0648751705884933 -8.948947362601757 0
      vertex -0.6000000014901161 -12 0
    endloop
  endfacet
  facet normal 0 0 -1
    outer loop
      vertex -6 -58.21091654199731 0
      vertex -0.6000000014901161 -12 0
      vertex 0.6000000014901161 -12 0
    endloop
  endfacet
  facet normal 0 0 -1
    outer loop
      vertex -6 0 0
      vertex -3.5453079119324684 -5.374866560101509 0
      vertex -3.5863009095191956 -5.6862393245100975 0
    endloop
  endfacet
  facet normal 0 0 -1
    outer loop
      vertex -6 0 0
      vertex -3.4773329719901085 -5.068251438438892 0
      vertex -3.5453079119324684 -5.374866560101509 0
    endloop
  endfacet
  facet normal 0 0 -1
    outer loop
      vertex -6 0 0
      vertex -3.3828934356570244 -4.768727481365204 0
      vertex -3.4773329719901085 -5.068251438438892 0
    endloop
  endfacet
  facet normal 0 0 -1
    outer loop
      vertex -6 0 0
      vertex -3.262708030641079 -4.478574261069298 0
      vertex -3.3828934356570244 -4.768727481365204 0
    endloop
  endfacet
  facet normal 0 0 -1
    outer loop
      vertex -6 0 0
      vertex -3.117691457271576 -4.200000002980232 0
      vertex -3.262708030641079 -4.478574261069298 0
    endloop
  endfacet
  facet normal 0 0 -1
    outer loop
      vertex -6 0 0
      vertex -2.948947362601757 -3.9351248294115067 0
      vertex -3.117691457271576 -4.200000002980232 0
    endloop
  endfacet
  facet normal 0 0 -1
    outer loop
      vertex -6 0 0
      vertex -2.7577599957585335 -3.6859646067023277 0
      vertex -2.948947362601757 -3.9351248294115067 0
    endloop
  endfacet
  facet normal 0 0 -1
    outer loop
      vertex -6 0 0
      vertex -2.545584410429001 -3.454415589570999 0
      vertex -2.7577599957585335 -3.6859646067023277 0
    endloop
  endfacet
  facet normal 0 0 -1
    outer loop
      vertex -6 0 0
      vertex -2.4786087349057198 -3.39304368942976 0
      vertex -2.545584410429001 -3.454415589570999 0
    endloop
  endfacet
  facet normal 0 0 -1
    outer loop
      vertex -6 0 0
      vertex -1.7999999970197678 0 0
      vertex -2.4786087349057198 -3.39304368942976 0
    endloop
  endfacet
  facet normal 0 1 0
    outer loop
      vertex -6 0 0
      vertex -1.6142740807578997 0 15.477159714114306
      vertex -1.7999999970197678 0 0
    endloop
  endfacet
  facet normal 0 1 0
    outer loop
      vertex -6 0 0
      vertex -2.3473371684249233 0 16.405418702091588
      vertex -2.243005795801696 0 16.205
    endloop
  endfacet
  facet normal 0 1 0
    outer loop
      vertex -6 0 0
      vertex -2.5017478900886867 0 16.829658673184472
      vertex -2.4338038878355026 0 16.614167828786517
    endloop
  endfacet
  facet normal 0 1 0
    outer loop
      vertex -6 0 0
      vertex -2.4338038878355026 0 16.614167828786517
      vertex -2.3473371684249233 0 16.405418702091588
    endloop
  endfacet
  facet normal 0 1 0
    outer loop
      vertex -6 0 0
      vertex -1.984055107678153 0 15.835180090911864
      vertex -1.8314065632731582 0 15.668593436726841
    endloop
  endfacet
  facet normal 0 1 0
    outer loop
      vertex -6 0 0
      vertex -2.243005795801696 0 16.205
      vertex -2.1216037947084887 0 16.01443702985079
    endloop
  endfacet
  facet normal 0 1 0
    outer loop
      vertex -6 0 0
      vertex -2.1216037947084887 0 16.01443702985079
      vertex -1.984055107678153 0 15.835180090911864
    endloop
  endfacet
  facet normal 0 1 0
    outer loop
      vertex -6 0 0
      vertex -1.8314065632731582 0 15.668593436726841
      vertex -1.6648199090881366 0 15.515944892321848
    endloop
  endfacet
  facet normal 0 1 0
    outer loop
      vertex -6 0 0
      vertex -1.6648199090881366 0 15.515944892321848
      vertex -1.6142740807578997 0 15.477159714114306
    endloop
  endfacet
  facet normal 0 0 -1
    outer loop
      vertex -6 -58.21091654199731 0
      vertex 0.6000000014901161 -12 0
      vertex 2.3140353932976723 -8.757759995758533 0
    endloop
  endfacet
  facet normal 0 0 -1
    outer loop
      vertex -6 -58.21091654199731 0
      vertex 2.3140353932976723 -8.757759995758533 0
      vertex 2.545584410429001 -8.545584410429 0
    endloop
  endfacet
  facet normal 0 0 -1
    outer loop
      vertex -6 -58.21091654199731 0
      vertex 2.545584410429001 -8.545584410429 0
      vertex 2.7577599957585335 -8.314035393297672 0
    endloop
  endfacet
  facet normal 0 0 -1
    outer loop
      vertex -6 -58.21091654199731 0
      vertex 2.7577599957585335 -8.314035393297672 0
      vertex 2.948947362601757 -8.064875170588493 0
    endloop
  endfacet
  facet normal 0 0 -1
    outer loop
      vertex -6 -58.21091654199731 0
      vertex 2.948947362601757 -8.064875170588493 0
      vertex 3.117691457271576 -7.799999997019768 0
    endloop
  endfacet
  facet normal 0 0 -1
    outer loop
      vertex -6 -58.21091654199731 0
      vertex 3.117691457271576 -7.799999997019768 0
      vertex 3.262708030641079 -7.521425738930702 0
    endloop
  endfacet
  facet normal 0 0 -1
    outer loop
      vertex -6 -58.21091654199731 0
      vertex 3.262708030641079 -7.521425738930702 0
      vertex 3.3828934356570244 -7.231272518634796 0
    endloop
  endfacet
  facet normal 0 0 -1
    outer loop
      vertex -6 -58.21091654199731 0
      vertex 3.3828934356570244 -7.231272518634796 0
      vertex 3.4773329719901085 -6.931748561561108 0
    endloop
  endfacet
  facet normal 0 0 -1
    outer loop
      vertex -6 -58.21091654199731 0
      vertex 3.4773329719901085 -6.931748561561108 0
      vertex 3.5453079119324684 -6.625133439898491 0
    endloop
  endfacet
  facet normal 0 0 -1
    outer loop
      vertex -0.6000000014901161 -12 0
      vertex -2.0648751705884933 -8.948947362601757 0
      vertex -1.7999999970197678 -9.117691457271576 0
    endloop
  endfacet
  facet normal 0 0 -1
    outer loop
      vertex -0.6000000014901161 -12 0
      vertex -1.7999999970197678 -9.117691457271576 0
      vertex -1.5214257389307022 -9.262708030641079 0
    endloop
  endfacet
  facet normal 0 0 -1
    outer loop
      vertex -0.6000000014901161 -12 0
      vertex -1.5214257389307022 -9.262708030641079 0
      vertex -1.2312725186347961 -9.382893435657024 0
    endloop
  endfacet
  facet normal 0 0 -1
    outer loop
      vertex -0.6000000014901161 -12 0
      vertex -1.2312725186347961 -9.382893435657024 0
      vertex -0.9317485615611076 -9.477332971990108 0
    endloop
  endfacet
  facet normal 0 0 -1
    outer loop
      vertex -0.6000000014901161 -12 0
      vertex -0.9317485615611076 -9.477332971990108 0
      vertex -0.6251334398984909 -9.545307911932468 0
    endloop
  endfacet
  facet normal 0 0 -1
    outer loop
      vertex -0.6000000014901161 -12 0
      vertex -0.6251334398984909 -9.545307911932468 0
      vertex -0.6000000014901161 -9.548616789281368 0
    endloop
  endfacet
  facet normal 0 0 -1
    outer loop
      vertex 0.6000000014901161 -12 0
      vertex 0.6000000014901161 -9.548616789281368 0
      vertex 0.6251334398984909 -9.545307911932468 0
    endloop
  endfacet
  facet normal 0 0 -1
    outer loop
      vertex 0.6000000014901161 -12 0
      vertex 0.6251334398984909 -9.545307911932468 0
      vertex 0.9317485615611076 -9.477332971990108 0
    endloop
  endfacet
  facet normal 0 1 0
    outer loop
      vertex -6 0 0
      vertex -2.5506520803016186 0 17.05025121984265
      vertex -2.5017478900886867 0 16.829658673184472
    endloop
  endfacet
  facet normal 0 1 0
    outer loop
      vertex -6 0 0
      vertex -2.59 0 17.5
      vertex -2.5801442680576208 0 17.274266626283566
    endloop
  endfacet
  facet normal 0 1 0
    outer loop
      vertex -6 0 0
      vertex -2.5801442680576208 0 17.274266626283566
      vertex -2.5506520803016186 0 17.05025121984265
    endloop
  endfacet
  facet normal 0 0 -1
    outer loop
      vertex -6 -58.21091654199731 0
      vertex 6 0 0
      vertex 6 -58.21091654199731 0
    endloop
  endfacet
  facet normal 0 0 -1
    outer loop
      vertex -6 -58.21091654199731 0
      vertex 3.5453079119324684 -6.625133439898491 0
      vertex 6 0 0
    endloop
  endfacet
  facet normal 0 0 -1
    outer loop
      vertex 0.6000000014901161 -12 0
      vertex 0.9317485615611076 -9.477332971990108 0
      vertex 1.2312725186347961 -9.382893435657024 0
    endloop
  endfacet
  facet normal 0 0 -1
    outer loop
      vertex 0.6000000014901161 -12 0
      vertex 1.2312725186347961 -9.382893435657024 0
      vertex 1.5214257389307022 -9.262708030641079 0
    endloop
  endfacet
  facet normal 0 0 -1
    outer loop
      vertex 0.6000000014901161 -12 0
      vertex 1.5214257389307022 -9.262708030641079 0
      vertex 1.7999999970197678 -9.117691457271576 0
    endloop
  endfacet
  facet normal 0 0 -1
    outer loop
      vertex 0.6000000014901161 -12 0
      vertex 1.7999999970197678 -9.117691457271576 0
      vertex 2.0648751705884933 -8.948947362601757 0
    endloop
  endfacet
  facet normal 0 0 -1
    outer loop
      vertex 0.6000000014901161 -12 0
      vertex 2.0648751705884933 -8.948947362601757 0
      vertex 2.3140353932976723 -8.757759995758533 0
    endloop
  endfacet
  facet normal 0 1 0
    outer loop
      vertex 6 0 0
      vertex 1.7999999970197678 0 0
      vertex 1.6142740807578997 0 15.477159714114306
    endloop
  endfacet
  facet normal 0 1 0
    outer loop
      vertex 6 0 0
      vertex 1.6142740807578997 0 15.477159714114306
      vertex 1.6648199090881366 0 15.515944892321848
    endloop
  endfacet
  facet normal 0 1 0
    outer loop
      vertex 6 0 0
      vertex 1.6648199090881366 0 15.515944892321848
      vertex 1.8314065632731582 0 15.668593436726841
    endloop
  endfacet
  facet normal 0 1 0
    outer loop
      vertex 6 0 0
      vertex 1.8314065632731582 0 15.668593436726841
      vertex 1.984055107678153 0 15.835180090911864
    endloop
  endfacet
  facet normal 0 1 0
    outer loop
      vertex 6 0 0
      vertex 1.984055107678153 0 15.835180090911864
      vertex 2.1216037947084887 0 16.01443702985079
    endloop
  endfacet
  facet normal 0 0 -1
    outer loop
      vertex 6 0 0
      vertex 2.545584410429001 -3.454415589570999 0
      vertex 2.4786087349057198 -3.39304368942976 0
    endloop
  endfacet
  facet normal 0 0 -1
    outer loop
      vertex 6 0 0
      vertex 2.4786087349057198 -3.39304368942976 0
      vertex 1.7999999970197678 0 0
    endloop
  endfacet
  facet normal 0 0 -1
    outer loop
      vertex 6 0 0
      vertex 2.7577599957585335 -3.6859646067023277 0
      vertex 2.545584410429001 -3.454415589570999 0
    endloop
  endfacet
  facet normal 0 0 -1
    outer loop
      vertex 6 0 0
      vertex 3.117691457271576 -4.200000002980232 0
      vertex 2.948947362601757 -3.9351248294115067 0
    endloop
  endfacet
  facet normal 0 0 -1
    outer loop
      vertex 6 0 0
      vertex 2.948947362601757 -3.9351248294115067 0
      vertex 2.7577599957585335 -3.6859646067023277 0
    endloop
  endfacet
  facet normal 0 0 -1
    outer loop
      vertex 6 0 0
      vertex 3.5453079119324684 -6.625133439898491 0
      vertex 3.5863009095191956 -6.3137606754899025 0
    endloop
  endfacet
  facet normal 0 0 -1
    outer loop
      vertex 6 0 0
      vertex 3.5863009095191956 -6.3137606754899025 0
      vertex 3.600000001490116 -6 0
    endloop
  endfacet
  facet normal 0 0 -1
    outer loop
      vertex 6 0 0
      vertex 3.600000001490116 -6 0
      vertex 3.5863009095191956 -5.6862393245100975 0
    endloop
  endfacet
  facet normal 0 0 -1
    outer loop
      vertex 6 0 0
      vertex 3.5863009095191956 -5.6862393245100975 0
      vertex 3.5453079119324684 -5.374866560101509 0
    endloop
  endfacet
  facet normal 0 0 -1
    outer loop
      vertex 6 0 0
      vertex 3.262708030641079 -4.478574261069298 0
      vertex 3.117691457271576 -4.200000002980232 0
    endloop
  endfacet
  facet normal 0 0 -1
    outer loop
      vertex 6 0 0
      vertex 3.3828934356570244 -4.768727481365204 0
      vertex 3.262708030641079 -4.478574261069298 0
    endloop
  endfacet
  facet normal 0 0 -1
    outer loop
      vertex 6 0 0
      vertex 3.4773329719901085 -5.068251438438892 0
      vertex 3.3828934356570244 -4.768727481365204 0
    endloop
  endfacet
  facet normal 0 0 -1
    outer loop
      vertex 6 0 0
      vertex 3.5453079119324684 -5.374866560101509 0
      vertex 3.4773329719901085 -5.068251438438892 0
    endloop
  endfacet
  facet normal 0 1 0
    outer loop
      vertex 6 0 0
      vertex 2.1216037947084887 0 16.01443702985079
      vertex 2.243005795801696 0 16.205
    endloop
  endfacet
  facet normal 0 1 0
    outer loop
      vertex 6 0 0
      vertex 2.243005795801696 0 16.205
      vertex 2.3473371684249233 0 16.405418702091588
    endloop
  endfacet
  facet normal 0 1 0
    outer loop
      vertex 6 0 0
      vertex 2.3473371684249233 0 16.405418702091588
      vertex 2.4338038878355026 0 16.614167828786517
    endloop
  endfacet
  facet normal 0 1 0
    outer loop
      vertex 6 0 0
      vertex 2.4338038878355026 0 16.614167828786517
      vertex 2.5017478900886867 0 16.829658673184472
    endloop
  endfacet
  facet normal 0 1 0
    outer loop
      vertex 6 0 0
      vertex 2.5017478900886867 0 16.829658673184472
      vertex 2.5506520803016186 0 17.05025121984265
    endloop
  endfacet
  facet normal 0 1 0
    outer loop
      vertex 6 0 0
      vertex 2.5506520803016186 0 17.05025121984265
      vertex 2.5801442680576208 0 17.274266626283566
    endloop
  endfacet
  facet normal 0 1 0
    outer loop
      vertex 6 0 0
      vertex 2.5801442680576208 0 17.274266626283566
      vertex 2.59 0 17.5
    endloop
  endfacet
  facet normal 0 1 0
    outer loop
      vertex -6 0 0
      vertex -0.7499999987582368 0 87.5
      vertex -2.59 0 17.5
    endloop
  endfacet
  facet normal 0 1 0
    outer loop
      vertex -0.7499999987582368 0 87.5
      vertex -2.5801442680576208 0 17.725733373716434
      vertex -2.59 0 17.5
    endloop
  endfacet
  facet normal 0 1 0
    outer loop
      vertex -0.7499999987582368 0 87.5
      vertex -2.5506520803016186 0 17.94974878015735
      vertex -2.5801442680576208 0 17.725733373716434
    endloop
  endfacet
  facet normal 0 1 0
    outer loop
      vertex -0.7499999987582368 0 87.5
      vertex -2.5017478900886867 0 18.170341326815528
      vertex -2.5506520803016186 0 17.94974878015735
    endloop
  endfacet
  facet normal 0 1 0
    outer loop
      vertex -0.7499999987582368 0 87.5
      vertex -2.4338038878355026 0 18.385832171213483
      vertex -2.5017478900886867 0 18.170341326815528
    endloop
  endfacet
  facet normal 0 1 0
    outer loop
      vertex -0.7499999987582368 0 87.5
      vertex -2.3473371684249233 0 18.594581297908412
      vertex -2.4338038878355026 0 18.385832171213483
    endloop
  endfacet
  facet normal 0 1 0
    outer loop
      vertex -0.7499999987582368 0 87.5
      vertex -2.243005795801696 0 18.795
      vertex -2.3473371684249233 0 18.594581297908412
    endloop
  endfacet
  facet normal 0 1 0
    outer loop
      vertex -0.7499999987582368 0 87.5
      vertex -2.1216037947084887 0 18.98556297014921
      vertex -2.243005795801696 0 18.795
    endloop
  endfacet
  facet normal 0 1 0
    outer loop
      vertex -0.7499999987582368 0 87.5
      vertex -1.984055107678153 0 19.164819909088138
      vertex -2.1216037947084887 0 18.98556297014921
    endloop
  endfacet
  facet normal 0 1 0
    outer loop
      vertex -0.7499999987582368 0 87.5
      vertex -1.8314065632731582 0 19.33140656327316
      vertex -1.984055107678153 0 19.164819909088138
    endloop
  endfacet
  facet normal 0 1 0
    outer loop
      vertex -0.7499999987582368 0 87.5
      vertex -1.6648199090881366 0 19.484055107678152
      vertex -1.8314065632731582 0 19.33140656327316
    endloop
  endfacet
  facet normal 0 1 0
    outer loop
      vertex -0.7499999987582368 0 87.5
      vertex -1.565274731702689 0 19.56043880880916
      vertex -1.6648199090881366 0 19.484055107678152
    endloop
  endfacet
  facet normal 0.9992009587217894 0 0.039968038348871575
    outer loop
      vertex 6 -58.21091654199731 0
      vertex 6 0 0
      vertex 2.5 0 87.5
    endloop
  endfacet
  facet normal 0 1 0
    outer loop
      vertex 6 0 0
      vertex 2.59 0 17.5
      vertex 0.7499999987582368 0 87.5
    endloop
  endfacet
  facet normal 0 1 0
    outer loop
      vertex 0.7499999987582368 0 87.5
      vertex 1.6648199090881366 0 19.484055107678152
      vertex 1.565274731702689 0 19.56043880880916
    endloop
  endfacet
  facet normal 0 1 0
    outer loop
      vertex 0.7499999987582368 0 87.5
      vertex 1.8314065632731582 0 19.33140656327316
      vertex 1.6648199090881366 0 19.484055107678152
    endloop
  endfacet
  facet normal 0 1 0
    outer loop
      vertex 0.7499999987582368 0 87.5
      vertex 1.984055107678153 0 19.164819909088138
      vertex 1.8314065632731582 0 19.33140656327316
    endloop
  endfacet
  facet normal 0 1 0
    outer loop
      vertex 0.7499999987582368 0 87.5
      vertex 2.243005795801696 0 18.795
      vertex 2.1216037947084887 0 18.98556297014921
    endloop
  endfacet
  facet normal 0 1 0
    outer loop
      vertex 0.7499999987582368 0 87.5
      vertex 2.1216037947084887 0 18.98556297014921
      vertex 1.984055107678153 0 19.164819909088138
    endloop
  endfacet
  facet normal 0 1 0
    outer loop
      vertex 0.7499999987582368 0 87.5
      vertex 2.5017478900886867 0 18.170341326815528
      vertex 2.4338038878355026 0 18.385832171213483
    endloop
  endfacet
  facet normal 0 1 0
    outer loop
      vertex 0.7499999987582368 0 87.5
      vertex 2.59 0 17.5
      vertex 2.5801442680576208 0 17.725733373716434
    endloop
  endfacet
  facet normal 0 1 0
    outer loop
      vertex 0.7499999987582368 0 87.5
      vertex 2.5801442680576208 0 17.725733373716434
      vertex 2.5506520803016186 0 17.94974878015735
    endloop
  endfacet
  facet normal 0 1 0
    outer loop
      vertex 0.7499999987582368 0 87.5
      vertex 2.5506520803016186 0 17.94974878015735
      vertex 2.5017478900886867 0 18.170341326815528
    endloop
  endfacet
  facet normal 0 1 0
    outer loop
      vertex 0.7499999987582368 0 87.5
      vertex 2.3473371684249233 0 18.594581297908412
      vertex 2.243005795801696 0 18.795
    endloop
  endfacet
  facet normal 0 1 0
    outer loop
      vertex 0.7499999987582368 0 87.5
      vertex 2.4338038878355026 0 18.385832171213483
      vertex 2.3473371684249233 0 18.594581297908412
    endloop
  endfacet
  facet normal -0.9992009587217894 0 0.039968038348871575
    outer loop
      vertex -6 0 0
      vertex -2.5 -58.21091654199731 87.5
      vertex -2.5 0 87.5
    endloop
  endfacet
  facet normal 0 1 0
    outer loop
      vertex -6 0 0
      vertex -2.5 0 87.5
      vertex -0.7499999987582368 0 87.5
    endloop
  endfacet
  facet normal 0.9992009587217894 0 0.039968038348871575
    outer loop
      vertex 6 -58.21091654199731 0
      vertex 2.5 0 87.5
      vertex 2.5 -58.21091654199731 87.5
    endloop
  endfacet
  facet normal 0 1 0
    outer loop
      vertex 6 0 0
      vertex 0.7499999987582368 0 87.5
      vertex 2.4904867485165596 0 87.71788935363293
    endloop
  endfacet
  facet normal 0 1 0
    outer loop
      vertex 6 0 0
      vertex 2.4904867485165596 0 87.71788935363293
      vertex 2.5 0 87.5
    endloop
  endfacet
  facet normal -0.9990482222104388 0 0.04361937296846292
    outer loop
      vertex -2.5 -58.21091654199731 87.5
      vertex -2.4904867485165596 -58.21091654199731 87.71788935363293
      vertex -2.5 0 87.5
    endloop
  endfacet
  facet normal -0.9914448606708772 0 0.130526197559359
    outer loop
      vertex -2.4904867485165596 -58.21091654199731 87.71788935363293
      vertex -2.462019383907318 -58.21091654199731 87.93412044644356
      vertex -2.4904867485165596 0 87.71788935363293
    endloop
  endfacet
  facet normal -0.9762960077393519 0 0.21643961114408647
    outer loop
      vertex -2.462019383907318 -58.21091654199731 87.93412044644356
      vertex -2.414814569056034 -58.21091654199731 88.1470476090908
      vertex -2.462019383907318 0 87.93412044644356
    endloop
  endfacet
  facet normal -0.9537169421770514 0 0.3007058266885675
    outer loop
      vertex -2.414814569056034 -58.21091654199731 88.1470476090908
      vertex -2.3492315486073494 -58.21091654199731 88.355050355196
      vertex -2.414814569056034 0 88.1470476090908
    endloop
  endfacet
  facet normal -0.9238795374184212 0 0.382683420518219
    outer loop
      vertex -2.3492315486073494 -58.21091654199731 88.355050355196
      vertex -2.2657694667577744 -58.21091654199731 88.55654565244913
      vertex -2.3492315486073494 0 88.355050355196
    endloop
  endfacet
  facet normal -0.8870108335878645 0 0.46174861244811755
    outer loop
      vertex -2.2657694667577744 -58.21091654199731 88.55654565244913
      vertex -2.1650635078549385 -58.21091654199731 88.75
      vertex -2.2657694667577744 0 88.55654565244913
    endloop
  endfacet
  facet normal -0.8433914511491198 0 0.5372995999706138
    outer loop
      vertex -2.1650635078549385 -58.21091654199731 88.75
      vertex -2.0478801131248474 -58.21091654199731 88.93394108861685
      vertex -2.1650635078549385 0 88.75
    endloop
  endfacet
  facet normal -0.7933533378141335 0 0.6087614322369423
    outer loop
      vertex -2.0478801131248474 -58.21091654199731 88.93394108861685
      vertex -1.9151111096143723 -58.21091654199731 89.10696902126074
      vertex -2.0478801131248474 0 88.93394108861685
    endloop
  endfacet
  facet normal -0.7372773368689202 0 0.6755902075514953
    outer loop
      vertex -1.9151111096143723 -58.21091654199731 89.10696902126074
      vertex -1.7677669525146484 -58.21091654199731 89.26776695251465
      vertex -1.9151111096143723 0 89.10696902126074
    endloop
  endfacet
  facet normal -0.6755902075514953 0 0.7372773368689202
    outer loop
      vertex -1.7677669525146484 -58.21091654199731 89.26776695251465
      vertex -1.6069690212607384 -58.21091654199731 89.41511110961437
      vertex -1.7677669525146484 0 89.26776695251465
    endloop
  endfacet
  facet normal -0.6087614322369423 0 0.7933533378141335
    outer loop
      vertex -1.6069690212607384 -58.21091654199731 89.41511110961437
      vertex -1.433941088616848 -58.21091654199731 89.54788011312485
      vertex -1.6069690212607384 0 89.41511110961437
    endloop
  endfacet
  facet normal -0.5372995999706138 0 0.8433914511491198
    outer loop
      vertex -1.433941088616848 -58.21091654199731 89.54788011312485
      vertex -1.25 -58.21091654199731 89.66506350785494
      vertex -1.433941088616848 0 89.54788011312485
    endloop
  endfacet
  facet normal -0.46174861244811755 0 0.8870108335878645
    outer loop
      vertex -1.25 -58.21091654199731 89.66506350785494
      vertex -1.056545652449131 -58.21091654199731 89.76576946675777
      vertex -1.25 0 89.66506350785494
    endloop
  endfacet
  facet normal -0.382683420518219 0 0.9238795374184212
    outer loop
      vertex -1.056545652449131 -58.21091654199731 89.76576946675777
      vertex -0.8550503551959991 -58.21091654199731 89.84923154860735
      vertex -1.056545652449131 0 89.76576946675777
    endloop
  endfacet
  facet normal -0.3007058266885675 0 0.9537169421770514
    outer loop
      vertex -0.8550503551959991 -58.21091654199731 89.84923154860735
      vertex -0.647047609090805 -58.21091654199731 89.91481456905603
      vertex -0.8550503551959991 0 89.84923154860735
    endloop
  endfacet
  facet normal -0.21643961114408647 0 0.9762960077393519
    outer loop
      vertex -0.647047609090805 -58.21091654199731 89.91481456905603
      vertex -0.43412044644355774 -58.21091654199731 89.96201938390732
      vertex -0.647047609090805 0 89.91481456905603
    endloop
  endfacet
  facet normal -0.130526197559359 0 0.9914448606708772
    outer loop
      vertex -0.43412044644355774 -58.21091654199731 89.96201938390732
      vertex -0.21788935363292694 -58.21091654199731 89.99048674851656
      vertex -0.43412044644355774 0 89.96201938390732
    endloop
  endfacet
  facet normal -0.04361937296846292 0 0.9990482222104388
    outer loop
      vertex -0.21788935363292694 -58.21091654199731 89.99048674851656
      vertex 0 -58.21091654199731 90
      vertex -0.21788935363292694 0 89.99048674851656
    endloop
  endfacet
  facet normal 0.04361937296846292 0 0.9990482222104388
    outer loop
      vertex 0 -58.21091654199731 90
      vertex 0.21788935363292694 -58.21091654199731 89.99048674851656
      vertex 0 0 90
    endloop
  endfacet
  facet normal 0.130526197559359 0 0.9914448606708772
    outer loop
      vertex 0.21788935363292694 -58.21091654199731 89.99048674851656
      vertex 0.43412044644355774 -58.21091654199731 89.96201938390732
      vertex 0.21788935363292694 0 89.99048674851656
    endloop
  endfacet
  facet normal 0.21643961114408647 0 0.9762960077393519
    outer loop
      vertex 0.43412044644355774 -58.21091654199731 89.96201938390732
      vertex 0.647047609090805 -58.21091654199731 89.91481456905603
      vertex 0.43412044644355774 0 89.96201938390732
    endloop
  endfacet
  facet normal 0.3007058266885675 0 0.9537169421770514
    outer loop
      vertex 0.647047609090805 -58.21091654199731 89.91481456905603
      vertex 0.8550503551959991 -58.21091654199731 89.84923154860735
      vertex 0.647047609090805 0 89.91481456905603
    endloop
  endfacet
  facet normal -0.9990482222104388 0 0.04361937296846292
    outer loop
      vertex -2.4904867485165596 -58.21091654199731 87.71788935363293
      vertex -2.4904867485165596 0 87.71788935363293
      vertex -2.5 0 87.5
    endloop
  endfacet
  facet normal -0.9914448606708772 0 0.130526197559359
    outer loop
      vertex -2.462019383907318 -58.21091654199731 87.93412044644356
      vertex -2.462019383907318 0 87.93412044644356
      vertex -2.4904867485165596 0 87.71788935363293
    endloop
  endfacet
  facet normal -0.9762960077393519 0 0.21643961114408647
    outer loop
      vertex -2.414814569056034 -58.21091654199731 88.1470476090908
      vertex -2.414814569056034 0 88.1470476090908
      vertex -2.462019383907318 0 87.93412044644356
    endloop
  endfacet
  facet normal -0.9537169421770514 0 0.3007058266885675
    outer loop
      vertex -2.3492315486073494 -58.21091654199731 88.355050355196
      vertex -2.3492315486073494 0 88.355050355196
      vertex -2.414814569056034 0 88.1470476090908
    endloop
  endfacet
  facet normal -0.9238795374184212 0 0.382683420518219
    outer loop
      vertex -2.2657694667577744 -58.21091654199731 88.55654565244913
      vertex -2.2657694667577744 0 88.55654565244913
      vertex -2.3492315486073494 0 88.355050355196
    endloop
  endfacet
  facet normal -0.8870108335878645 0 0.46174861244811755
    outer loop
      vertex -2.1650635078549385 -58.21091654199731 88.75
      vertex -2.1650635078549385 0 88.75
      vertex -2.2657694667577744 0 88.55654565244913
    endloop
  endfacet
  facet normal -0.8433914511491198 0 0.5372995999706138
    outer loop
      vertex -2.0478801131248474 -58.21091654199731 88.93394108861685
      vertex -2.0478801131248474 0 88.93394108861685
      vertex -2.1650635078549385 0 88.75
    endloop
  endfacet
  facet normal -0.7933533378141335 0 0.6087614322369423
    outer loop
      vertex -1.9151111096143723 -58.21091654199731 89.10696902126074
      vertex -1.9151111096143723 0 89.10696902126074
      vertex -2.0478801131248474 0 88.93394108861685
    endloop
  endfacet
  facet normal -0.7372773368689202 0 0.6755902075514953
    outer loop
      vertex -1.7677669525146484 -58.21091654199731 89.26776695251465
      vertex -1.7677669525146484 0 89.26776695251465
      vertex -1.9151111096143723 0 89.10696902126074
    endloop
  endfacet
  facet normal -0.6755902075514953 0 0.7372773368689202
    outer loop
      vertex -1.6069690212607384 -58.21091654199731 89.41511110961437
      vertex -1.6069690212607384 0 89.41511110961437
      vertex -1.7677669525146484 0 89.26776695251465
    endloop
  endfacet
  facet normal -0.6087614322369423 0 0.7933533378141335
    outer loop
      vertex -1.433941088616848 -58.21091654199731 89.54788011312485
      vertex -1.433941088616848 0 89.54788011312485
      vertex -1.6069690212607384 0 89.41511110961437
    endloop
  endfacet
  facet normal -0.5372995999706138 0 0.8433914511491198
    outer loop
      vertex -1.25 -58.21091654199731 89.66506350785494
      vertex -1.25 0 89.66506350785494
      vertex -1.433941088616848 0 89.54788011312485
    endloop
  endfacet
  facet normal -0.46174861244811755 0 0.8870108335878645
    outer loop
      vertex -1.056545652449131 -58.21091654199731 89.76576946675777
      vertex -1.056545652449131 0 89.76576946675777
      vertex -1.25 0 89.66506350785494
    endloop
  endfacet
  facet normal -0.382683420518219 0 0.9238795374184212
    outer loop
      vertex -0.8550503551959991 -58.21091654199731 89.84923154860735
      vertex -0.8550503551959991 0 89.84923154860735
      vertex -1.056545652449131 0 89.76576946675777
    endloop
  endfacet
  facet normal -0.3007058266885675 0 0.9537169421770514
    outer loop
      vertex -0.647047609090805 -58.21091654199731 89.91481456905603
      vertex -0.647047609090805 0 89.91481456905603
      vertex -0.8550503551959991 0 89.84923154860735
    endloop
  endfacet
  facet normal -0.21643961114408647 0 0.9762960077393519
    outer loop
      vertex -0.43412044644355774 -58.21091654199731 89.96201938390732
      vertex -0.43412044644355774 0 89.96201938390732
      vertex -0.647047609090805 0 89.91481456905603
    endloop
  endfacet
  facet normal -0.130526197559359 0 0.9914448606708772
    outer loop
      vertex -0.21788935363292694 -58.21091654199731 89.99048674851656
      vertex -0.21788935363292694 0 89.99048674851656
      vertex -0.43412044644355774 0 89.96201938390732
    endloop
  endfacet
  facet normal -0.04361937296846292 0 0.9990482222104388
    outer loop
      vertex 0 -58.21091654199731 90
      vertex 0 0 90
      vertex -0.21788935363292694 0 89.99048674851656
    endloop
  endfacet
  facet normal 0.04361937296846292 0 0.9990482222104388
    outer loop
      vertex 0.21788935363292694 -58.21091654199731 89.99048674851656
      vertex 0.21788935363292694 0 89.99048674851656
      vertex 0 0 90
    endloop
  endfacet
  facet normal 0.130526197559359 0 0.9914448606708772
    outer loop
      vertex 0.43412044644355774 -58.21091654199731 89.96201938390732
      vertex 0.43412044644355774 0 89.96201938390732
      vertex 0.21788935363292694 0 89.99048674851656
    endloop
  endfacet
  facet normal 0.21643961114408647 0 0.9762960077393519
    outer loop
      vertex 0.647047609090805 -58.21091654199731 89.91481456905603
      vertex 0.647047609090805 0 89.91481456905603
      vertex 0.43412044644355774 0 89.96201938390732
    endloop
  endfacet
  facet normal 0 1 0
    outer loop
      vertex -2.5 0 87.5
      vertex -2.4904867485165596 0 87.71788935363293
      vertex 2.414814569056034 0 88.1470476090908
    endloop
  endfacet
  facet normal 0 1 0
    outer loop
      vertex -2.4904867485165596 0 87.71788935363293
      vertex -2.462019383907318 0 87.93412044644356
      vertex 2.3492315486073494 0 88.355050355196
    endloop
  endfacet
  facet normal 0 1 0
    outer loop
      vertex -2.462019383907318 0 87.93412044644356
      vertex -2.414814569056034 0 88.1470476090908
      vertex 2.2657694667577744 0 88.55654565244913
    endloop
  endfacet
  facet normal 0 1 0
    outer loop
      vertex -2.414814569056034 0 88.1470476090908
      vertex -2.3492315486073494 0 88.355050355196
      vertex 2.1650635078549385 0 88.75
    endloop
  endfacet
  facet normal 0 1 0
    outer loop
      vertex -2.3492315486073494 0 88.355050355196
      vertex -2.2657694667577744 0 88.55654565244913
      vertex 2.0478801131248474 0 88.93394108861685
    endloop
  endfacet
  facet normal 0 1 0
    outer loop
      vertex -2.2657694667577744 0 88.55654565244913
      vertex -2.1650635078549385 0 88.75
      vertex 1.9151111096143723 0 89.10696902126074
    endloop
  endfacet
  facet normal 0 1 0
    outer loop
      vertex -2.1650635078549385 0 88.75
      vertex -2.0478801131248474 0 88.93394108861685
      vertex 1.7677669525146484 0 89.26776695251465
    endloop
  endfacet
  facet normal 0 1 0
    outer loop
      vertex -2.0478801131248474 0 88.93394108861685
      vertex -1.9151111096143723 0 89.10696902126074
      vertex 1.6069690212607384 0 89.41511110961437
    endloop
  endfacet
  facet normal 0 1 0
    outer loop
      vertex -1.9151111096143723 0 89.10696902126074
      vertex -1.7677669525146484 0 89.26776695251465
      vertex 1.433941088616848 0 89.54788011312485
    endloop
  endfacet
  facet normal 0 1 0
    outer loop
      vertex -1.7677669525146484 0 89.26776695251465
      vertex -1.6069690212607384 0 89.41511110961437
      vertex 1.25 0 89.66506350785494
    endloop
  endfacet
  facet normal 0 1 0
    outer loop
      vertex -1.6069690212607384 0 89.41511110961437
      vertex -1.433941088616848 0 89.54788011312485
      vertex 1.056545652449131 0 89.76576946675777
    endloop
  endfacet
  facet normal 0 1 0
    outer loop
      vertex -1.433941088616848 0 89.54788011312485
      vertex -1.25 0 89.66506350785494
      vertex 0.8550503551959991 0 89.84923154860735
    endloop
  endfacet
  facet normal 0 1 0
    outer loop
      vertex -2.5 0 87.5
      vertex 2.462019383907318 0 87.93412044644356
      vertex -0.7499999987582368 0 87.5
    endloop
  endfacet
  facet normal 0 1 0
    outer loop
      vertex -1.25 0 89.66506350785494
      vertex -1.056545652449131 0 89.76576946675777
      vertex 0.647047609090805 0 89.91481456905603
    endloop
  endfacet
  facet normal 0 1 0
    outer loop
      vertex -1.056545652449131 0 89.76576946675777
      vertex -0.8550503551959991 0 89.84923154860735
      vertex 0.43412044644355774 0 89.96201938390732
    endloop
  endfacet
  facet normal 0 1 0
    outer loop
      vertex -0.8550503551959991 0 89.84923154860735
      vertex -0.647047609090805 0 89.91481456905603
      vertex 0.21788935363292694 0 89.99048674851656
    endloop
  endfacet
  facet normal 0 1 0
    outer loop
      vertex -0.647047609090805 0 89.91481456905603
      vertex -0.43412044644355774 0 89.96201938390732
      vertex 0 0 90
    endloop
  endfacet
  facet normal 0 1 0
    outer loop
      vertex -0.43412044644355774 0 89.96201938390732
      vertex -0.21788935363292694 0 89.99048674851656
      vertex 0 0 90
    endloop
  endfacet
  facet normal 0 1 0
    outer loop
      vertex -0.647047609090805 0 89.91481456905603
      vertex 0 0 90
      vertex 0.21788935363292694 0 89.99048674851656
    endloop
  endfacet
  facet normal 0 1 0
    outer loop
      vertex -0.8550503551959991 0 89.84923154860735
      vertex 0.21788935363292694 0 89.99048674851656
      vertex 0.43412044644355774 0 89.96201938390732
    endloop
  endfacet
  facet normal 0 1 0
    outer loop
      vertex -1.056545652449131 0 89.76576946675777
      vertex 0.43412044644355774 0 89.96201938390732
      vertex 0.647047609090805 0 89.91481456905603
    endloop
  endfacet
  facet normal 0 1 0
    outer loop
      vertex -1.25 0 89.66506350785494
      vertex 0.647047609090805 0 89.91481456905603
      vertex 0.8550503551959991 0 89.84923154860735
    endloop
  endfacet
  facet normal 0 1 0
    outer loop
      vertex -2.462019383907318 0 87.93412044644356
      vertex 2.2657694667577744 0 88.55654565244913
      vertex 2.3492315486073494 0 88.355050355196
    endloop
  endfacet
  facet normal 0 1 0
    outer loop
      vertex -2.414814569056034 0 88.1470476090908
      vertex 2.1650635078549385 0 88.75
      vertex 2.2657694667577744 0 88.55654565244913
    endloop
  endfacet
  facet normal 0 1 0
    outer loop
      vertex -1.6069690212607384 0 89.41511110961437
      vertex 1.056545652449131 0 89.76576946675777
      vertex 1.25 0 89.66506350785494
    endloop
  endfacet
  facet normal 0 1 0
    outer loop
      vertex -1.433941088616848 0 89.54788011312485
      vertex 0.8550503551959991 0 89.84923154860735
      vertex 1.056545652449131 0 89.76576946675777
    endloop
  endfacet
  facet normal 0 1 0
    outer loop
      vertex -1.7677669525146484 0 89.26776695251465
      vertex 1.25 0 89.66506350785494
      vertex 1.433941088616848 0 89.54788011312485
    endloop
  endfacet
  facet normal 0 1 0
    outer loop
      vertex -1.9151111096143723 0 89.10696902126074
      vertex 1.433941088616848 0 89.54788011312485
      vertex 1.6069690212607384 0 89.41511110961437
    endloop
  endfacet
  facet normal 0 1 0
    outer loop
      vertex -2.2657694667577744 0 88.55654565244913
      vertex 1.9151111096143723 0 89.10696902126074
      vertex 2.0478801131248474 0 88.93394108861685
    endloop
  endfacet
  facet normal 0 1 0
    outer loop
      vertex -2.0478801131248474 0 88.93394108861685
      vertex 1.6069690212607384 0 89.41511110961437
      vertex 1.7677669525146484 0 89.26776695251465
    endloop
  endfacet
  facet normal 0 1 0
    outer loop
      vertex -2.1650635078549385 0 88.75
      vertex 1.7677669525146484 0 89.26776695251465
      vertex 1.9151111096143723 0 89.10696902126074
    endloop
  endfacet
  facet normal 0 1 0
    outer loop
      vertex -2.3492315486073494 0 88.355050355196
      vertex 2.0478801131248474 0 88.93394108861685
      vertex 2.1650635078549385 0 88.75
    endloop
  endfacet
  facet normal 0.382683420518219 0 0.9238795374184212
    outer loop
      vertex 0.8550503551959991 -58.21091654199731 89.84923154860735
      vertex 1.056545652449131 -58.21091654199731 89.76576946675777
      vertex 0.8550503551959991 0 89.84923154860735
    endloop
  endfacet
  facet normal 0.46174861244811755 0 0.8870108335878645
    outer loop
      vertex 1.056545652449131 -58.21091654199731 89.76576946675777
      vertex 1.25 -58.21091654199731 89.66506350785494
      vertex 1.056545652449131 0 89.76576946675777
    endloop
  endfacet
  facet normal 0.5372995999706138 0 0.8433914511491198
    outer loop
      vertex 1.25 -58.21091654199731 89.66506350785494
      vertex 1.433941088616848 -58.21091654199731 89.54788011312485
      vertex 1.25 0 89.66506350785494
    endloop
  endfacet
  facet normal 0.6087614322369423 0 0.7933533378141335
    outer loop
      vertex 1.433941088616848 -58.21091654199731 89.54788011312485
      vertex 1.6069690212607384 -58.21091654199731 89.41511110961437
      vertex 1.433941088616848 0 89.54788011312485
    endloop
  endfacet
  facet normal 0.6755902075514953 0 0.7372773368689202
    outer loop
      vertex 1.6069690212607384 -58.21091654199731 89.41511110961437
      vertex 1.7677669525146484 -58.21091654199731 89.26776695251465
      vertex 1.6069690212607384 0 89.41511110961437
    endloop
  endfacet
  facet normal 0.7372773368689202 0 0.6755902075514953
    outer loop
      vertex 1.7677669525146484 -58.21091654199731 89.26776695251465
      vertex 1.9151111096143723 -58.21091654199731 89.10696902126074
      vertex 1.7677669525146484 0 89.26776695251465
    endloop
  endfacet
  facet normal 0.7933533378141335 0 0.6087614322369423
    outer loop
      vertex 2.0478801131248474 -58.21091654199731 88.93394108861685
      vertex 1.9151111096143723 0 89.10696902126074
      vertex 1.9151111096143723 -58.21091654199731 89.10696902126074
    endloop
  endfacet
  facet normal 0.9238795374184212 0 0.382683420518219
    outer loop
      vertex 2.2657694667577744 -58.21091654199731 88.55654565244913
      vertex 2.3492315486073494 -58.21091654199731 88.355050355196
      vertex 2.2657694667577744 0 88.55654565244913
    endloop
  endfacet
  facet normal 0.9537169421770514 0 0.3007058266885675
    outer loop
      vertex 2.3492315486073494 -58.21091654199731 88.355050355196
      vertex 2.414814569056034 -58.21091654199731 88.1470476090908
      vertex 2.3492315486073494 0 88.355050355196
    endloop
  endfacet
  facet normal 0.9914448606708772 0 0.130526197559359
    outer loop
      vertex 2.4904867485165596 -58.21091654199731 87.71788935363293
      vertex 2.462019383907318 0 87.93412044644356
      vertex 2.462019383907318 -58.21091654199731 87.93412044644356
    endloop
  endfacet
  facet normal 0.9990482222104388 0 0.04361937296846292
    outer loop
      vertex 2.5 -58.21091654199731 87.5
      vertex 2.4904867485165596 0 87.71788935363293
      vertex 2.4904867485165596 -58.21091654199731 87.71788935363293
    endloop
  endfacet
  facet normal 0.9762960077393519 0 0.21643961114408647
    outer loop
      vertex 2.462019383907318 -58.21091654199731 87.93412044644356
      vertex 2.414814569056034 0 88.1470476090908
      vertex 2.414814569056034 -58.21091654199731 88.1470476090908
    endloop
  endfacet
  facet normal 0.8433914511491198 0 0.5372995999706138
    outer loop
      vertex 2.0478801131248474 -58.21091654199731 88.93394108861685
      vertex 2.1650635078549385 -58.21091654199731 88.75
      vertex 2.0478801131248474 0 88.93394108861685
    endloop
  endfacet
  facet normal 0.8870108335878645 0 0.46174861244811755
    outer loop
      vertex 2.2657694667577744 -58.21091654199731 88.55654565244913
      vertex 2.1650635078549385 0 88.75
      vertex 2.1650635078549385 -58.21091654199731 88.75
    endloop
  endfacet
  facet normal 0.3007058266885675 0 0.9537169421770514
    outer loop
      vertex 0.8550503551959991 -58.21091654199731 89.84923154860735
      vertex 0.8550503551959991 0 89.84923154860735
      vertex 0.647047609090805 0 89.91481456905603
    endloop
  endfacet
  facet normal 0.382683420518219 0 0.9238795374184212
    outer loop
      vertex 1.056545652449131 -58.21091654199731 89.76576946675777
      vertex 1.056545652449131 0 89.76576946675777
      vertex 0.8550503551959991 0 89.84923154860735
    endloop
  endfacet
  facet normal 0.46174861244811755 0 0.8870108335878645
    outer loop
      vertex 1.25 -58.21091654199731 89.66506350785494
      vertex 1.25 0 89.66506350785494
      vertex 1.056545652449131 0 89.76576946675777
    endloop
  endfacet
  facet normal 0.5372995999706138 0 0.8433914511491198
    outer loop
      vertex 1.433941088616848 -58.21091654199731 89.54788011312485
      vertex 1.433941088616848 0 89.54788011312485
      vertex 1.25 0 89.66506350785494
    endloop
  endfacet
  facet normal 0.6087614322369423 0 0.7933533378141335
    outer loop
      vertex 1.6069690212607384 -58.21091654199731 89.41511110961437
      vertex 1.6069690212607384 0 89.41511110961437
      vertex 1.433941088616848 0 89.54788011312485
    endloop
  endfacet
  facet normal 0.6755902075514953 0 0.7372773368689202
    outer loop
      vertex 1.7677669525146484 -58.21091654199731 89.26776695251465
      vertex 1.7677669525146484 0 89.26776695251465
      vertex 1.6069690212607384 0 89.41511110961437
    endloop
  endfacet
  facet normal 0.7372773368689202 0 0.6755902075514953
    outer loop
      vertex 1.9151111096143723 -58.21091654199731 89.10696902126074
      vertex 1.9151111096143723 0 89.10696902126074
      vertex 1.7677669525146484 0 89.26776695251465
    endloop
  endfacet
  facet normal 0.7933533378141335 0 0.6087614322369423
    outer loop
      vertex 2.0478801131248474 -58.21091654199731 88.93394108861685
      vertex 2.0478801131248474 0 88.93394108861685
      vertex 1.9151111096143723 0 89.10696902126074
    endloop
  endfacet
  facet normal 0.9238795374184212 0 0.382683420518219
    outer loop
      vertex 2.3492315486073494 -58.21091654199731 88.355050355196
      vertex 2.3492315486073494 0 88.355050355196
      vertex 2.2657694667577744 0 88.55654565244913
    endloop
  endfacet
  facet normal 0.9990482222104388 0 0.04361937296846292
    outer loop
      vertex 2.5 -58.21091654199731 87.5
      vertex 2.5 0 87.5
      vertex 2.4904867485165596 0 87.71788935363293
    endloop
  endfacet
  facet normal 0.9914448606708772 0 0.130526197559359
    outer loop
      vertex 2.4904867485165596 -58.21091654199731 87.71788935363293
      vertex 2.4904867485165596 0 87.71788935363293
      vertex 2.462019383907318 0 87.93412044644356
    endloop
  endfacet
  facet normal 0.9762960077393519 0 0.21643961114408647
    outer loop
      vertex 2.462019383907318 -58.21091654199731 87.93412044644356
      vertex 2.462019383907318 0 87.93412044644356
      vertex 2.414814569056034 0 88.1470476090908
    endloop
  endfacet
  facet normal 0.9537169421770514 0 0.3007058266885675
    outer loop
      vertex 2.414814569056034 -58.21091654199731 88.1470476090908
      vertex 2.414814569056034 0 88.1470476090908
      vertex 2.3492315486073494 0 88.355050355196
    endloop
  endfacet
  facet normal 0.8433914511491198 0 0.5372995999706138
    outer loop
      vertex 2.1650635078549385 -58.21091654199731 88.75
      vertex 2.1650635078549385 0 88.75
      vertex 2.0478801131248474 0 88.93394108861685
    endloop
  endfacet
  facet normal 0.8870108335878645 0 0.46174861244811755
    outer loop
      vertex 2.2657694667577744 -58.21091654199731 88.55654565244913
      vertex 2.2657694667577744 0 88.55654565244913
      vertex 2.1650635078549385 0 88.75
    endloop
  endfacet
  facet normal 0 1 0
    outer loop
      vertex 2.462019383907318 0 87.93412044644356
      vertex 0.7499999987582368 0 87.5
      vertex -0.7499999987582368 0 87.5
    endloop
  endfacet
  facet normal 0 1 0
    outer loop
      vertex -2.5 0 87.5
      vertex 2.414814569056034 0 88.1470476090908
      vertex 2.462019383907318 0 87.93412044644356
    endloop
  endfacet
  facet normal 0 1 0
    outer loop
      vertex -2.4904867485165596 0 87.71788935363293
      vertex 2.3492315486073494 0 88.355050355196
      vertex 2.414814569056034 0 88.1470476090908
    endloop
  endfacet
  facet normal 0 1 0
    outer loop
      vertex 2.4904867485165596 0 87.71788935363293
      vertex 0.7499999987582368 0 87.5
      vertex 2.462019383907318 0 87.93412044644356
    endloop
  endfacet
  facet normal 0 0 -1
    outer loop
      vertex -36 -230 0
      vertex -33.54530791193247 -224.6251334398985 0
      vertex -33.47733297199011 -224.9317485615611 0
    endloop
  endfacet
  facet normal 0 0 -1
    outer loop
      vertex -36 -230 0
      vertex -33.47733297199011 -224.9317485615611 0
      vertex -33.382893435657024 -225.2312725186348 0
    endloop
  endfacet
  facet normal 0 0 -1
    outer loop
      vertex -36 -230 0
      vertex -33.382893435657024 -225.2312725186348 0
      vertex -33.26270803064108 -225.5214257389307 0
    endloop
  endfacet
  facet normal 0 0 -1
    outer loop
      vertex -36 -230 0
      vertex -33.26270803064108 -225.5214257389307 0
      vertex -33.117691457271576 -225.79999999701977 0
    endloop
  endfacet
  facet normal 0 0 -1
    outer loop
      vertex -36 -230 0
      vertex -33.586300909519196 -224.3137606754899 0
      vertex -33.54530791193247 -224.6251334398985 0
    endloop
  endfacet
  facet normal 0 0 -1
    outer loop
      vertex -36 -230 0
      vertex -33.600000001490116 -224 0
      vertex -33.586300909519196 -224.3137606754899 0
    endloop
  endfacet
  facet normal 0 0 -1
    outer loop
      vertex -36 -230 0
      vertex -33.586300909519196 -223.6862393245101 0
      vertex -33.600000001490116 -224 0
    endloop
  endfacet
  facet normal 0 0 -1
    outer loop
      vertex -36 -230 0
      vertex -33.54530791193247 -223.3748665601015 0
      vertex -33.586300909519196 -223.6862393245101 0
    endloop
  endfacet
  facet normal 0 0 -1
    outer loop
      vertex -36 -230 0
      vertex -32.94894736260176 -226.0648751705885 0
      vertex -32.75775999575853 -226.31403539329767 0
    endloop
  endfacet
  facet normal 0 0 -1
    outer loop
      vertex -36 -230 0
      vertex -33.117691457271576 -225.79999999701977 0
      vertex -32.94894736260176 -226.0648751705885 0
    endloop
  endfacet
  facet normal 0 0 -1
    outer loop
      vertex -36 -230 0
      vertex -32.75775999575853 -226.31403539329767 0
      vertex -32.545584410429 -226.545584410429 0
    endloop
  endfacet
  facet normal 0 0 -1
    outer loop
      vertex -36 -230 0
      vertex -32.47860873490572 -226.60695631057024 0
      vertex -31.799999997019768 -230 0
    endloop
  endfacet
  facet normal 0 0 -1
    outer loop
      vertex -36 -230 0
      vertex -32.545584410429 -226.545584410429 0
      vertex -32.47860873490572 -226.60695631057024 0
    endloop
  endfacet
  facet normal 0 -1 0
    outer loop
      vertex -36 -230 0
      vertex -32.4338038878355 -230 16.614167828786517
      vertex -32.50174789008869 -230 16.829658673184472
    endloop
  endfacet
  facet normal 0 -1 0
    outer loop
      vertex -36 -230 0
      vertex -32.34733716842492 -230 16.405418702091588
      vertex -32.4338038878355 -230 16.614167828786517
    endloop
  endfacet
  facet normal 0 -1 0
    outer loop
      vertex -36 -230 0
      vertex -32.24300579580169 -230 16.205
      vertex -32.34733716842492 -230 16.405418702091588
    endloop
  endfacet
  facet normal 0 -1 0
    outer loop
      vertex -36 -230 0
      vertex -32.12160379470849 -230 16.01443702985079
      vertex -32.24300579580169 -230 16.205
    endloop
  endfacet
  facet normal 0 -1 0
    outer loop
      vertex -36 -230 0
      vertex -31.799999997019768 -230 0
      vertex -31.614274080757898 -230 15.477159714114306
    endloop
  endfacet
  facet normal 0 0 -1
    outer loop
      vertex -32.31403539329767 -221.24224000424147 0
      vertex -30.600000001490116 -218 0
      vertex -32.06487517058849 -221.05105263739824 0
    endloop
  endfacet
  facet normal 0 0 -1
    outer loop
      vertex -32.06487517058849 -221.05105263739824 0
      vertex -30.600000001490116 -218 0
      vertex -31.799999997019768 -220.88230854272842 0
    endloop
  endfacet
  facet normal 0 0 -1
    outer loop
      vertex -31.799999997019768 -220.88230854272842 0
      vertex -30.600000001490116 -218 0
      vertex -31.521425738930702 -220.73729196935892 0
    endloop
  endfacet
  facet normal 0 0 -1
    outer loop
      vertex -31.521425738930702 -220.73729196935892 0
      vertex -30.600000001490116 -218 0
      vertex -31.231272518634796 -220.61710656434298 0
    endloop
  endfacet
  facet normal 0 0 -1
    outer loop
      vertex -31.231272518634796 -220.61710656434298 0
      vertex -30.600000001490116 -218 0
      vertex -30.931748561561108 -220.5226670280099 0
    endloop
  endfacet
  facet normal 0 -1 0
    outer loop
      vertex -36 -230 0
      vertex -31.83140656327316 -230 15.668593436726841
      vertex -31.984055107678152 -230 15.835180090911864
    endloop
  endfacet
  facet normal 0 -1 0
    outer loop
      vertex -36 -230 0
      vertex -31.664819909088138 -230 15.515944892321848
      vertex -31.83140656327316 -230 15.668593436726841
    endloop
  endfacet
  facet normal 0 -1 0
    outer loop
      vertex -36 -230 0
      vertex -31.614274080757898 -230 15.477159714114306
      vertex -31.664819909088138 -230 15.515944892321848
    endloop
  endfacet
  facet normal 0 -1 0
    outer loop
      vertex -36 -230 0
      vertex -31.984055107678152 -230 15.835180090911864
      vertex -32.12160379470849 -230 16.01443702985079
    endloop
  endfacet
  facet normal 0 0 -1
    outer loop
      vertex -36 -230 0
      vertex -24 -171.7890834580027 0
      vertex -33.54530791193247 -223.3748665601015 0
    endloop
  endfacet
  facet normal 0 -1 0
    outer loop
      vertex -36 -230 0
      vertex -32.55065208030162 -230 17.05025121984265
      vertex -32.58014426805762 -230 17.274266626283566
    endloop
  endfacet
  facet normal 0 -1 0
    outer loop
      vertex -36 -230 0
      vertex -32.58014426805762 -230 17.274266626283566
      vertex -32.59 -230 17.5
    endloop
  endfacet
  facet normal 0 -1 0
    outer loop
      vertex -36 -230 0
      vertex -32.50174789008869 -230 16.829658673184472
      vertex -32.55065208030162 -230 17.05025121984265
    endloop
  endfacet
  facet normal 0 0 -1
    outer loop
      vertex -36 -230 0
      vertex -36 -171.7890834580027 0
      vertex -24 -171.7890834580027 0
    endloop
  endfacet
  facet normal 0 0 -1
    outer loop
      vertex -30.931748561561108 -220.5226670280099 0
      vertex -30.600000001490116 -218 0
      vertex -30.62513343989849 -220.45469208806753 0
    endloop
  endfacet
  facet normal 0 0 -1
    outer loop
      vertex -30.62513343989849 -220.45469208806753 0
      vertex -30.600000001490116 -218 0
      vertex -30.600000001490116 -220.45138321071863 0
    endloop
  endfacet
  facet normal 0 0 -1
    outer loop
      vertex -29.399999998509884 -218 0
      vertex -29.37486656010151 -220.45469208806753 0
      vertex -29.399999998509884 -220.45138321071863 0
    endloop
  endfacet
  facet normal 0 0 -1
    outer loop
      vertex -29.399999998509884 -218 0
      vertex -29.068251438438892 -220.5226670280099 0
      vertex -29.37486656010151 -220.45469208806753 0
    endloop
  endfacet
  facet normal 0 0 -1
    outer loop
      vertex -29.399999998509884 -218 0
      vertex -28.768727481365204 -220.61710656434298 0
      vertex -29.068251438438892 -220.5226670280099 0
    endloop
  endfacet
  facet normal 0 0 -1
    outer loop
      vertex -29.399999998509884 -218 0
      vertex -28.478574261069298 -220.73729196935892 0
      vertex -28.768727481365204 -220.61710656434298 0
    endloop
  endfacet
  facet normal 0 0 -1
    outer loop
      vertex -29.399999998509884 -218 0
      vertex -28.200000002980232 -220.88230854272842 0
      vertex -28.478574261069298 -220.73729196935892 0
    endloop
  endfacet
  facet normal 0 0 -1
    outer loop
      vertex -29.399999998509884 -218 0
      vertex -27.935124829411507 -221.05105263739824 0
      vertex -28.200000002980232 -220.88230854272842 0
    endloop
  endfacet
  facet normal 0 0 -1
    outer loop
      vertex -24 -171.7890834580027 0
      vertex -33.47733297199011 -223.0682514384389 0
      vertex -33.54530791193247 -223.3748665601015 0
    endloop
  endfacet
  facet normal 0 0 -1
    outer loop
      vertex -24 -171.7890834580027 0
      vertex -33.382893435657024 -222.7687274813652 0
      vertex -33.47733297199011 -223.0682514384389 0
    endloop
  endfacet
  facet normal 0 0 -1
    outer loop
      vertex -24 -171.7890834580027 0
      vertex -33.26270803064108 -222.4785742610693 0
      vertex -33.382893435657024 -222.7687274813652 0
    endloop
  endfacet
  facet normal 0 0 -1
    outer loop
      vertex -24 -171.7890834580027 0
      vertex -33.117691457271576 -222.20000000298023 0
      vertex -33.26270803064108 -222.4785742610693 0
    endloop
  endfacet
  facet normal 0 0 -1
    outer loop
      vertex -24 -171.7890834580027 0
      vertex -32.94894736260176 -221.9351248294115 0
      vertex -33.117691457271576 -222.20000000298023 0
    endloop
  endfacet
  facet normal 0 0 -1
    outer loop
      vertex -24 -171.7890834580027 0
      vertex -32.75775999575853 -221.68596460670233 0
      vertex -32.94894736260176 -221.9351248294115 0
    endloop
  endfacet
  facet normal 0 0 -1
    outer loop
      vertex -24 -171.7890834580027 0
      vertex -32.545584410429 -221.454415589571 0
      vertex -32.75775999575853 -221.68596460670233 0
    endloop
  endfacet
  facet normal 0 0 -1
    outer loop
      vertex -24 -171.7890834580027 0
      vertex -32.31403539329767 -221.24224000424147 0
      vertex -32.545584410429 -221.454415589571 0
    endloop
  endfacet
  facet normal 0 0 -1
    outer loop
      vertex -24 -171.7890834580027 0
      vertex -30.600000001490116 -218 0
      vertex -32.31403539329767 -221.24224000424147 0
    endloop
  endfacet
  facet normal 0 -1 0
    outer loop
      vertex -24 -230 0
      vertex -28.385725919242102 -230 15.477159714114306
      vertex -28.200000002980232 -230 0
    endloop
  endfacet
  facet normal 0 0 -1
    outer loop
      vertex -24 -230 0
      vertex -28.200000002980232 -230 0
      vertex -27.52139126509428 -226.60695631057024 0
    endloop
  endfacet
  facet normal 0 0 -1
    outer loop
      vertex -24 -230 0
      vertex -27.52139126509428 -226.60695631057024 0
      vertex -27.454415589571 -226.545584410429 0
    endloop
  endfacet
  facet normal 0 0 -1
    outer loop
      vertex -24 -230 0
      vertex -27.454415589571 -226.545584410429 0
      vertex -27.242240004241467 -226.31403539329767 0
    endloop
  endfacet
  facet normal 0 0 -1
    outer loop
      vertex -24 -230 0
      vertex -27.242240004241467 -226.31403539329767 0
      vertex -27.051052637398243 -226.0648751705885 0
    endloop
  endfacet
  facet normal 0 0 -1
    outer loop
      vertex -24 -230 0
      vertex -27.051052637398243 -226.0648751705885 0
      vertex -26.882308542728424 -225.79999999701977 0
    endloop
  endfacet
  facet normal 0 0 -1
    outer loop
      vertex -24 -230 0
      vertex -26.882308542728424 -225.79999999701977 0
      vertex -26.73729196935892 -225.5214257389307 0
    endloop
  endfacet
  facet normal 0 0 -1
    outer loop
      vertex -24 -230 0
      vertex -26.73729196935892 -225.5214257389307 0
      vertex -26.617106564342976 -225.2312725186348 0
    endloop
  endfacet
  facet normal 0 0 -1
    outer loop
      vertex -24 -230 0
      vertex -26.617106564342976 -225.2312725186348 0
      vertex -26.52266702800989 -224.9317485615611 0
    endloop
  endfacet
  facet normal 0 0 -1
    outer loop
      vertex -24 -230 0
      vertex -26.52266702800989 -224.9317485615611 0
      vertex -26.45469208806753 -224.6251334398985 0
    endloop
  endfacet
  facet normal 0 0 -1
    outer loop
      vertex -24 -230 0
      vertex -26.45469208806753 -224.6251334398985 0
      vertex -26.413699090480804 -224.3137606754899 0
    endloop
  endfacet
  facet normal 0 -1 0
    outer loop
      vertex -24 -230 0
      vertex -28.335180090911862 -230 15.515944892321848
      vertex -28.385725919242102 -230 15.477159714114306
    endloop
  endfacet
  facet normal 0 -1 0
    outer loop
      vertex -24 -230 0
      vertex -28.16859343672684 -230 15.668593436726841
      vertex -28.335180090911862 -230 15.515944892321848
    endloop
  endfacet
  facet normal 0 -1 0
    outer loop
      vertex -24 -230 0
      vertex -28.015944892321848 -230 15.835180090911864
      vertex -28.16859343672684 -230 15.668593436726841
    endloop
  endfacet
  facet normal 0 -1 0
    outer loop
      vertex -24 -230 0
      vertex -27.878396205291512 -230 16.01443702985079
      vertex -28.015944892321848 -230 15.835180090911864
    endloop
  endfacet
  facet normal 0 -1 0
    outer loop
      vertex -24 -230 0
      vertex -27.756994204198303 -230 16.205
      vertex -27.878396205291512 -230 16.01443702985079
    endloop
  endfacet
  facet normal 0 -1 0
    outer loop
      vertex -24 -230 0
      vertex -27.65266283157508 -230 16.405418702091588
      vertex -27.756994204198303 -230 16.205
    endloop
  endfacet
  facet normal 0 -1 0
    outer loop
      vertex -24 -230 0
      vertex -27.566196112164498 -230 16.614167828786517
      vertex -27.65266283157508 -230 16.405418702091588
    endloop
  endfacet
  facet normal 0 -1 0
    outer loop
      vertex -24 -230 0
      vertex -27.498252109911313 -230 16.829658673184472
      vertex -27.566196112164498 -230 16.614167828786517
    endloop
  endfacet
  facet normal 0 0 -1
    outer loop
      vertex -24 -171.7890834580027 0
      vertex -29.399999998509884 -218 0
      vertex -30.600000001490116 -218 0
    endloop
  endfacet
  facet normal 0 0 -1
    outer loop
      vertex -24 -171.7890834580027 0
      vertex -27.935124829411507 -221.05105263739824 0
      vertex -29.399999998509884 -218 0
    endloop
  endfacet
  facet normal 0 0 -1
    outer loop
      vertex -24 -171.7890834580027 0
      vertex -27.242240004241467 -221.68596460670233 0
      vertex -27.454415589571 -221.454415589571 0
    endloop
  endfacet
  facet normal 0 0 -1
    outer loop
      vertex -24 -171.7890834580027 0
      vertex -27.685964606702328 -221.24224000424147 0
      vertex -27.935124829411507 -221.05105263739824 0
    endloop
  endfacet
  facet normal 0 0 -1
    outer loop
      vertex -24 -171.7890834580027 0
      vertex -27.454415589571 -221.454415589571 0
      vertex -27.685964606702328 -221.24224000424147 0
    endloop
  endfacet
  facet normal 0 0 -1
    outer loop
      vertex -24 -171.7890834580027 0
      vertex -27.051052637398243 -221.9351248294115 0
      vertex -27.242240004241467 -221.68596460670233 0
    endloop
  endfacet
  facet normal 0 0 -1
    outer loop
      vertex -24 -171.7890834580027 0
      vertex -26.882308542728424 -222.20000000298023 0
      vertex -27.051052637398243 -221.9351248294115 0
    endloop
  endfacet
  facet normal 0 0 -1
    outer loop
      vertex -24 -171.7890834580027 0
      vertex -26.73729196935892 -222.4785742610693 0
      vertex -26.882308542728424 -222.20000000298023 0
    endloop
  endfacet
  facet normal 0 0 -1
    outer loop
      vertex -24 -171.7890834580027 0
      vertex -26.413699090480804 -224.3137606754899 0
      vertex -26.399999998509884 -224 0
    endloop
  endfacet
  facet normal 0 0 -1
    outer loop
      vertex -24 -171.7890834580027 0
      vertex -26.52266702800989 -223.0682514384389 0
      vertex -26.617106564342976 -222.7687274813652 0
    endloop
  endfacet
  facet normal 0 0 -1
    outer loop
      vertex -24 -171.7890834580027 0
      vertex -26.617106564342976 -222.7687274813652 0
      vertex -26.73729196935892 -222.4785742610693 0
    endloop
  endfacet
  facet normal 0 0 -1
    outer loop
      vertex -24 -171.7890834580027 0
      vertex -26.399999998509884 -224 0
      vertex -26.413699090480804 -223.6862393245101 0
    endloop
  endfacet
  facet normal 0 0 -1
    outer loop
      vertex -24 -171.7890834580027 0
      vertex -26.413699090480804 -223.6862393245101 0
      vertex -26.45469208806753 -223.3748665601015 0
    endloop
  endfacet
  facet normal 0 0 -1
    outer loop
      vertex -24 -171.7890834580027 0
      vertex -26.45469208806753 -223.3748665601015 0
      vertex -26.52266702800989 -223.0682514384389 0
    endloop
  endfacet
  facet normal 0 -1 0
    outer loop
      vertex -24 -230 0
      vertex -27.449347919698383 -230 17.05025121984265
      vertex -27.498252109911313 -230 16.829658673184472
    endloop
  endfacet
  facet normal 0 -1 0
    outer loop
      vertex -24 -230 0
      vertex -27.41985573194238 -230 17.274266626283566
      vertex -27.449347919698383 -230 17.05025121984265
    endloop
  endfacet
  facet normal 0 -1 0
    outer loop
      vertex -24 -230 0
      vertex -27.41 -230 17.5
      vertex -27.41985573194238 -230 17.274266626283566
    endloop
  endfacet
  facet normal -0.9992009587217894 0 0.039968038348871575
    outer loop
      vertex -36 -230 0
      vertex -32.5 -230 87.5
      vertex -36 -171.7890834580027 0
    endloop
  endfacet
  facet normal 0 -1 0
    outer loop
      vertex -36 -230 0
      vertex -32.59 -230 17.5
      vertex -30.749999998758238 -230 87.5
    endloop
  endfacet
  facet normal 0 -1 0
    outer loop
      vertex -30.749999998758238 -230 87.5
      vertex -32.59 -230 17.5
      vertex -32.58014426805762 -230 17.725733373716434
    endloop
  endfacet
  facet normal 0 -1 0
    outer loop
      vertex -30.749999998758238 -230 87.5
      vertex -32.58014426805762 -230 17.725733373716434
      vertex -32.55065208030162 -230 17.94974878015735
    endloop
  endfacet
  facet normal 0 -1 0
    outer loop
      vertex -30.749999998758238 -230 87.5
      vertex -32.55065208030162 -230 17.94974878015735
      vertex -32.50174789008869 -230 18.170341326815528
    endloop
  endfacet
  facet normal 0 -1 0
    outer loop
      vertex -30.749999998758238 -230 87.5
      vertex -32.50174789008869 -230 18.170341326815528
      vertex -32.4338038878355 -230 18.385832171213483
    endloop
  endfacet
  facet normal 0 -1 0
    outer loop
      vertex -30.749999998758238 -230 87.5
      vertex -32.4338038878355 -230 18.385832171213483
      vertex -32.34733716842492 -230 18.594581297908412
    endloop
  endfacet
  facet normal 0 -1 0
    outer loop
      vertex -30.749999998758238 -230 87.5
      vertex -32.34733716842492 -230 18.594581297908412
      vertex -32.24300579580169 -230 18.795
    endloop
  endfacet
  facet normal 0 -1 0
    outer loop
      vertex -30.749999998758238 -230 87.5
      vertex -32.24300579580169 -230 18.795
      vertex -32.12160379470849 -230 18.98556297014921
    endloop
  endfacet
  facet normal 0 -1 0
    outer loop
      vertex -30.749999998758238 -230 87.5
      vertex -32.12160379470849 -230 18.98556297014921
      vertex -31.984055107678152 -230 19.164819909088138
    endloop
  endfacet
  facet normal 0 -1 0
    outer loop
      vertex -30.749999998758238 -230 87.5
      vertex -31.984055107678152 -230 19.164819909088138
      vertex -31.83140656327316 -230 19.33140656327316
    endloop
  endfacet
  facet normal 0 -1 0
    outer loop
      vertex -30.749999998758238 -230 87.5
      vertex -31.83140656327316 -230 19.33140656327316
      vertex -31.664819909088138 -230 19.484055107678152
    endloop
  endfacet
  facet normal 0 -1 0
    outer loop
      vertex -30.749999998758238 -230 87.5
      vertex -31.664819909088138 -230 19.484055107678152
      vertex -31.56527473170269 -230 19.56043880880916
    endloop
  endfacet
  facet normal 0 -1 0
    outer loop
      vertex -29.250000001241762 -230 87.5
      vertex -28.43472526829731 -230 19.56043880880916
      vertex -28.335180090911862 -230 19.484055107678152
    endloop
  endfacet
  facet normal 0 -1 0
    outer loop
      vertex -29.250000001241762 -230 87.5
      vertex -28.335180090911862 -230 19.484055107678152
      vertex -28.16859343672684 -230 19.33140656327316
    endloop
  endfacet
  facet normal 0 -1 0
    outer loop
      vertex -29.250000001241762 -230 87.5
      vertex -28.16859343672684 -230 19.33140656327316
      vertex -28.015944892321848 -230 19.164819909088138
    endloop
  endfacet
  facet normal 0 -1 0
    outer loop
      vertex -29.250000001241762 -230 87.5
      vertex -27.878396205291512 -230 18.98556297014921
      vertex -27.756994204198303 -230 18.795
    endloop
  endfacet
  facet normal 0 -1 0
    outer loop
      vertex -29.250000001241762 -230 87.5
      vertex -28.015944892321848 -230 19.164819909088138
      vertex -27.878396205291512 -230 18.98556297014921
    endloop
  endfacet
  facet normal 0 -1 0
    outer loop
      vertex -29.250000001241762 -230 87.5
      vertex -27.756994204198303 -230 18.795
      vertex -27.65266283157508 -230 18.594581297908412
    endloop
  endfacet
  facet normal 0 -1 0
    outer loop
      vertex -29.250000001241762 -230 87.5
      vertex -27.65266283157508 -230 18.594581297908412
      vertex -27.566196112164498 -230 18.385832171213483
    endloop
  endfacet
  facet normal 0 -1 0
    outer loop
      vertex -24 -230 0
      vertex -29.250000001241762 -230 87.5
      vertex -27.41 -230 17.5
    endloop
  endfacet
  facet normal 0 -1 0
    outer loop
      vertex -29.250000001241762 -230 87.5
      vertex -27.41985573194238 -230 17.725733373716434
      vertex -27.41 -230 17.5
    endloop
  endfacet
  facet normal 0 -1 0
    outer loop
      vertex -29.250000001241762 -230 87.5
      vertex -27.449347919698383 -230 17.94974878015735
      vertex -27.41985573194238 -230 17.725733373716434
    endloop
  endfacet
  facet normal 0 -1 0
    outer loop
      vertex -29.250000001241762 -230 87.5
      vertex -27.498252109911313 -230 18.170341326815528
      vertex -27.449347919698383 -230 17.94974878015735
    endloop
  endfacet
  facet normal 0 -1 0
    outer loop
      vertex -29.250000001241762 -230 87.5
      vertex -27.566196112164498 -230 18.385832171213483
      vertex -27.498252109911313 -230 18.170341326815528
    endloop
  endfacet
  facet normal 0 0 -1
    outer loop
      vertex -24 -230 0
      vertex -26.413699090480804 -224.3137606754899 0
      vertex -24 -171.7890834580027 0
    endloop
  endfacet
  facet normal 0.9992009587217894 0 0.039968038348871575
    outer loop
      vertex -24 -230 0
      vertex -24 -171.7890834580027 0
      vertex -27.5 -171.7890834580027 87.5
    endloop
  endfacet
  facet normal 0 -1 0
    outer loop
      vertex -36 -230 0
      vertex -30.749999998758238 -230 87.5
      vertex -32.5 -230 87.5
    endloop
  endfacet
  facet normal -0.9992009587217894 0 0.039968038348871575
    outer loop
      vertex -36 -171.7890834580027 0
      vertex -32.5 -230 87.5
      vertex -32.5 -171.7890834580027 87.5
    endloop
  endfacet
  facet normal 0 -1 0
    outer loop
      vertex -24 -230 0
      vertex -27.50951325148344 -230 87.71788935363293
      vertex -29.250000001241762 -230 87.5
    endloop
  endfacet
  facet normal 0 -1 0
    outer loop
      vertex -24 -230 0
      vertex -27.5 -230 87.5
      vertex -27.50951325148344 -230 87.71788935363293
    endloop
  endfacet
  facet normal 0.9992009587217894 0 0.039968038348871575
    outer loop
      vertex -24 -230 0
      vertex -27.5 -171.7890834580027 87.5
      vertex -27.5 -230 87.5
    endloop
  endfacet
  facet normal 0 -1 0
    outer loop
      vertex -32.5 -230 87.5
      vertex -27.585185430943966 -230 88.1470476090908
      vertex -32.49048674851656 -230 87.71788935363293
    endloop
  endfacet
  facet normal 0 -1 0
    outer loop
      vertex -32.49048674851656 -230 87.71788935363293
      vertex -27.65076845139265 -230 88.355050355196
      vertex -32.46201938390732 -230 87.93412044644356
    endloop
  endfacet
  facet normal 0 -1 0
    outer loop
      vertex -32.46201938390732 -230 87.93412044644356
      vertex -27.734230533242226 -230 88.55654565244913
      vertex -32.414814569056034 -230 88.1470476090908
    endloop
  endfacet
  facet normal 0 -1 0
    outer loop
      vertex -32.414814569056034 -230 88.1470476090908
      vertex -27.83493649214506 -230 88.75
      vertex -32.34923154860735 -230 88.355050355196
    endloop
  endfacet
  facet normal 0 -1 0
    outer loop
      vertex -32.34923154860735 -230 88.355050355196
      vertex -27.952119886875153 -230 88.93394108861685
      vertex -32.265769466757774 -230 88.55654565244913
    endloop
  endfacet
  facet normal 0 -1 0
    outer loop
      vertex -32.265769466757774 -230 88.55654565244913
      vertex -28.084888890385628 -230 89.10696902126074
      vertex -32.16506350785494 -230 88.75
    endloop
  endfacet
  facet normal 0 -1 0
    outer loop
      vertex -32.16506350785494 -230 88.75
      vertex -28.23223304748535 -230 89.26776695251465
      vertex -32.04788011312485 -230 88.93394108861685
    endloop
  endfacet
  facet normal 0 -1 0
    outer loop
      vertex -32.04788011312485 -230 88.93394108861685
      vertex -28.39303097873926 -230 89.41511110961437
      vertex -31.915111109614372 -230 89.10696902126074
    endloop
  endfacet
  facet normal -0.9990482222104388 0 0.04361937296846292
    outer loop
      vertex -32.5 -230 87.5
      vertex -32.49048674851656 -230 87.71788935363293
      vertex -32.5 -171.7890834580027 87.5
    endloop
  endfacet
  facet normal -0.9914448606708772 0 0.130526197559359
    outer loop
      vertex -32.49048674851656 -230 87.71788935363293
      vertex -32.46201938390732 -230 87.93412044644356
      vertex -32.49048674851656 -171.7890834580027 87.71788935363293
    endloop
  endfacet
  facet normal -0.9762960077393519 0 0.21643961114408647
    outer loop
      vertex -32.46201938390732 -230 87.93412044644356
      vertex -32.414814569056034 -230 88.1470476090908
      vertex -32.46201938390732 -171.7890834580027 87.93412044644356
    endloop
  endfacet
  facet normal -0.9537169421770514 0 0.3007058266885675
    outer loop
      vertex -32.414814569056034 -230 88.1470476090908
      vertex -32.34923154860735 -230 88.355050355196
      vertex -32.414814569056034 -171.7890834580027 88.1470476090908
    endloop
  endfacet
  facet normal -0.9238795374184212 0 0.382683420518219
    outer loop
      vertex -32.34923154860735 -230 88.355050355196
      vertex -32.265769466757774 -230 88.55654565244913
      vertex -32.34923154860735 -171.7890834580027 88.355050355196
    endloop
  endfacet
  facet normal -0.8870108335878645 0 0.46174861244811755
    outer loop
      vertex -32.265769466757774 -230 88.55654565244913
      vertex -32.16506350785494 -230 88.75
      vertex -32.265769466757774 -171.7890834580027 88.55654565244913
    endloop
  endfacet
  facet normal -0.8433914511491198 0 0.5372995999706138
    outer loop
      vertex -32.16506350785494 -230 88.75
      vertex -32.04788011312485 -230 88.93394108861685
      vertex -32.16506350785494 -171.7890834580027 88.75
    endloop
  endfacet
  facet normal -0.7933533378141335 0 0.6087614322369423
    outer loop
      vertex -32.04788011312485 -230 88.93394108861685
      vertex -31.915111109614372 -230 89.10696902126074
      vertex -32.04788011312485 -171.7890834580027 88.93394108861685
    endloop
  endfacet
  facet normal -0.7372773368689202 0 0.6755902075514953
    outer loop
      vertex -31.915111109614372 -230 89.10696902126074
      vertex -31.76776695251465 -230 89.26776695251465
      vertex -31.915111109614372 -171.7890834580027 89.10696902126074
    endloop
  endfacet
  facet normal -0.6755902075514953 0 0.7372773368689202
    outer loop
      vertex -31.76776695251465 -230 89.26776695251465
      vertex -31.60696902126074 -230 89.41511110961437
      vertex -31.76776695251465 -171.7890834580027 89.26776695251465
    endloop
  endfacet
  facet normal -0.6087614322369423 0 0.7933533378141335
    outer loop
      vertex -31.60696902126074 -230 89.41511110961437
      vertex -31.433941088616848 -230 89.54788011312485
      vertex -31.60696902126074 -171.7890834580027 89.41511110961437
    endloop
  endfacet
  facet normal -0.5372995999706138 0 0.8433914511491198
    outer loop
      vertex -31.433941088616848 -230 89.54788011312485
      vertex -31.25 -230 89.66506350785494
      vertex -31.433941088616848 -171.7890834580027 89.54788011312485
    endloop
  endfacet
  facet normal -0.46174861244811755 0 0.8870108335878645
    outer loop
      vertex -31.25 -230 89.66506350785494
      vertex -31.05654565244913 -230 89.76576946675777
      vertex -31.25 -171.7890834580027 89.66506350785494
    endloop
  endfacet
  facet normal -0.382683420518219 0 0.9238795374184212
    outer loop
      vertex -31.05654565244913 -230 89.76576946675777
      vertex -30.855050355196 -230 89.84923154860735
      vertex -31.05654565244913 -171.7890834580027 89.76576946675777
    endloop
  endfacet
  facet normal -0.3007058266885675 0 0.9537169421770514
    outer loop
      vertex -30.855050355196 -230 89.84923154860735
      vertex -30.647047609090805 -230 89.91481456905603
      vertex -30.855050355196 -171.7890834580027 89.84923154860735
    endloop
  endfacet
  facet normal -0.9990482222104388 0 0.04361937296846292
    outer loop
      vertex -32.49048674851656 -230 87.71788935363293
      vertex -32.49048674851656 -171.7890834580027 87.71788935363293
      vertex -32.5 -171.7890834580027 87.5
    endloop
  endfacet
  facet normal -0.9914448606708772 0 0.130526197559359
    outer loop
      vertex -32.46201938390732 -230 87.93412044644356
      vertex -32.46201938390732 -171.7890834580027 87.93412044644356
      vertex -32.49048674851656 -171.7890834580027 87.71788935363293
    endloop
  endfacet
  facet normal -0.9762960077393519 0 0.21643961114408647
    outer loop
      vertex -32.414814569056034 -230 88.1470476090908
      vertex -32.414814569056034 -171.7890834580027 88.1470476090908
      vertex -32.46201938390732 -171.7890834580027 87.93412044644356
    endloop
  endfacet
  facet normal -0.9537169421770514 0 0.3007058266885675
    outer loop
      vertex -32.34923154860735 -230 88.355050355196
      vertex -32.34923154860735 -171.7890834580027 88.355050355196
      vertex -32.414814569056034 -171.7890834580027 88.1470476090908
    endloop
  endfacet
  facet normal -0.9238795374184212 0 0.382683420518219
    outer loop
      vertex -32.265769466757774 -230 88.55654565244913
      vertex -32.265769466757774 -171.7890834580027 88.55654565244913
      vertex -32.34923154860735 -171.7890834580027 88.355050355196
    endloop
  endfacet
  facet normal -0.8870108335878645 0 0.46174861244811755
    outer loop
      vertex -32.16506350785494 -230 88.75
      vertex -32.16506350785494 -171.7890834580027 88.75
      vertex -32.265769466757774 -171.7890834580027 88.55654565244913
    endloop
  endfacet
  facet normal -0.8433914511491198 0 0.5372995999706138
    outer loop
      vertex -32.04788011312485 -230 88.93394108861685
      vertex -32.04788011312485 -171.7890834580027 88.93394108861685
      vertex -32.16506350785494 -171.7890834580027 88.75
    endloop
  endfacet
  facet normal -0.7933533378141335 0 0.6087614322369423
    outer loop
      vertex -31.915111109614372 -230 89.10696902126074
      vertex -31.915111109614372 -171.7890834580027 89.10696902126074
      vertex -32.04788011312485 -171.7890834580027 88.93394108861685
    endloop
  endfacet
  facet normal -0.7372773368689202 0 0.6755902075514953
    outer loop
      vertex -31.76776695251465 -230 89.26776695251465
      vertex -31.76776695251465 -171.7890834580027 89.26776695251465
      vertex -31.915111109614372 -171.7890834580027 89.10696902126074
    endloop
  endfacet
  facet normal -0.6755902075514953 0 0.7372773368689202
    outer loop
      vertex -31.60696902126074 -230 89.41511110961437
      vertex -31.60696902126074 -171.7890834580027 89.41511110961437
      vertex -31.76776695251465 -171.7890834580027 89.26776695251465
    endloop
  endfacet
  facet normal -0.6087614322369423 0 0.7933533378141335
    outer loop
      vertex -31.433941088616848 -230 89.54788011312485
      vertex -31.433941088616848 -171.7890834580027 89.54788011312485
      vertex -31.60696902126074 -171.7890834580027 89.41511110961437
    endloop
  endfacet
  facet normal -0.5372995999706138 0 0.8433914511491198
    outer loop
      vertex -31.25 -230 89.66506350785494
      vertex -31.25 -171.7890834580027 89.66506350785494
      vertex -31.433941088616848 -171.7890834580027 89.54788011312485
    endloop
  endfacet
  facet normal -0.46174861244811755 0 0.8870108335878645
    outer loop
      vertex -31.05654565244913 -230 89.76576946675777
      vertex -31.05654565244913 -171.7890834580027 89.76576946675777
      vertex -31.25 -171.7890834580027 89.66506350785494
    endloop
  endfacet
  facet normal -0.382683420518219 0 0.9238795374184212
    outer loop
      vertex -30.855050355196 -230 89.84923154860735
      vertex -30.855050355196 -171.7890834580027 89.84923154860735
      vertex -31.05654565244913 -171.7890834580027 89.76576946675777
    endloop
  endfacet
  facet normal 0 -1 0
    outer loop
      vertex -32.5 -230 87.5
      vertex -30.749999998758238 -230 87.5
      vertex -27.537980616092682 -230 87.93412044644356
    endloop
  endfacet
  facet normal 0 -1 0
    outer loop
      vertex -31.915111109614372 -230 89.10696902126074
      vertex -28.566058911383152 -230 89.54788011312485
      vertex -31.76776695251465 -230 89.26776695251465
    endloop
  endfacet
  facet normal 0 -1 0
    outer loop
      vertex -31.76776695251465 -230 89.26776695251465
      vertex -28.75 -230 89.66506350785494
      vertex -31.60696902126074 -230 89.41511110961437
    endloop
  endfacet
  facet normal 0 -1 0
    outer loop
      vertex -31.60696902126074 -230 89.41511110961437
      vertex -28.94345434755087 -230 89.76576946675777
      vertex -31.433941088616848 -230 89.54788011312485
    endloop
  endfacet
  facet normal 0 -1 0
    outer loop
      vertex -31.433941088616848 -230 89.54788011312485
      vertex -29.144949644804 -230 89.84923154860735
      vertex -31.25 -230 89.66506350785494
    endloop
  endfacet
  facet normal 0 -1 0
    outer loop
      vertex -31.25 -230 89.66506350785494
      vertex -29.352952390909195 -230 89.91481456905603
      vertex -31.05654565244913 -230 89.76576946675777
    endloop
  endfacet
  facet normal 0 -1 0
    outer loop
      vertex -31.05654565244913 -230 89.76576946675777
      vertex -29.565879553556442 -230 89.96201938390732
      vertex -30.855050355196 -230 89.84923154860735
    endloop
  endfacet
  facet normal 0 -1 0
    outer loop
      vertex -30.855050355196 -230 89.84923154860735
      vertex -29.782110646367073 -230 89.99048674851656
      vertex -30.647047609090805 -230 89.91481456905603
    endloop
  endfacet
  facet normal 0 -1 0
    outer loop
      vertex -30.647047609090805 -230 89.91481456905603
      vertex -30 -230 90
      vertex -30.434120446443558 -230 89.96201938390732
    endloop
  endfacet
  facet normal 0 -1 0
    outer loop
      vertex -30.434120446443558 -230 89.96201938390732
      vertex -30 -230 90
      vertex -30.217889353632927 -230 89.99048674851656
    endloop
  endfacet
  facet normal 0 -1 0
    outer loop
      vertex -30.647047609090805 -230 89.91481456905603
      vertex -29.782110646367073 -230 89.99048674851656
      vertex -30 -230 90
    endloop
  endfacet
  facet normal 0 -1 0
    outer loop
      vertex -30.855050355196 -230 89.84923154860735
      vertex -29.565879553556442 -230 89.96201938390732
      vertex -29.782110646367073 -230 89.99048674851656
    endloop
  endfacet
  facet normal 0 -1 0
    outer loop
      vertex -31.05654565244913 -230 89.76576946675777
      vertex -29.352952390909195 -230 89.91481456905603
      vertex -29.565879553556442 -230 89.96201938390732
    endloop
  endfacet
  facet normal 0 -1 0
    outer loop
      vertex -31.60696902126074 -230 89.41511110961437
      vertex -28.75 -230 89.66506350785494
      vertex -28.94345434755087 -230 89.76576946675777
    endloop
  endfacet
  facet normal 0 -1 0
    outer loop
      vertex -31.25 -230 89.66506350785494
      vertex -29.144949644804 -230 89.84923154860735
      vertex -29.352952390909195 -230 89.91481456905603
    endloop
  endfacet
  facet normal 0 -1 0
    outer loop
      vertex -31.433941088616848 -230 89.54788011312485
      vertex -28.94345434755087 -230 89.76576946675777
      vertex -29.144949644804 -230 89.84923154860735
    endloop
  endfacet
  facet normal 0 -1 0
    outer loop
      vertex -32.04788011312485 -230 88.93394108861685
      vertex -28.23223304748535 -230 89.26776695251465
      vertex -28.39303097873926 -230 89.41511110961437
    endloop
  endfacet
  facet normal 0 -1 0
    outer loop
      vertex -32.16506350785494 -230 88.75
      vertex -28.084888890385628 -230 89.10696902126074
      vertex -28.23223304748535 -230 89.26776695251465
    endloop
  endfacet
  facet normal 0 -1 0
    outer loop
      vertex -31.76776695251465 -230 89.26776695251465
      vertex -28.566058911383152 -230 89.54788011312485
      vertex -28.75 -230 89.66506350785494
    endloop
  endfacet
  facet normal 0 -1 0
    outer loop
      vertex -31.915111109614372 -230 89.10696902126074
      vertex -28.39303097873926 -230 89.41511110961437
      vertex -28.566058911383152 -230 89.54788011312485
    endloop
  endfacet
  facet normal 0 -1 0
    outer loop
      vertex -32.5 -230 87.5
      vertex -27.537980616092682 -230 87.93412044644356
      vertex -27.585185430943966 -230 88.1470476090908
    endloop
  endfacet
  facet normal 0 -1 0
    outer loop
      vertex -27.537980616092682 -230 87.93412044644356
      vertex -30.749999998758238 -230 87.5
      vertex -29.250000001241762 -230 87.5
    endloop
  endfacet
  facet normal 0 -1 0
    outer loop
      vertex -32.46201938390732 -230 87.93412044644356
      vertex -27.65076845139265 -230 88.355050355196
      vertex -27.734230533242226 -230 88.55654565244913
    endloop
  endfacet
  facet normal 0 -1 0
    outer loop
      vertex -32.414814569056034 -230 88.1470476090908
      vertex -27.734230533242226 -230 88.55654565244913
      vertex -27.83493649214506 -230 88.75
    endloop
  endfacet
  facet normal 0 -1 0
    outer loop
      vertex -32.49048674851656 -230 87.71788935363293
      vertex -27.585185430943966 -230 88.1470476090908
      vertex -27.65076845139265 -230 88.355050355196
    endloop
  endfacet
  facet normal 0 -1 0
    outer loop
      vertex -32.34923154860735 -230 88.355050355196
      vertex -27.83493649214506 -230 88.75
      vertex -27.952119886875153 -230 88.93394108861685
    endloop
  endfacet
  facet normal 0 -1 0
    outer loop
      vertex -32.265769466757774 -230 88.55654565244913
      vertex -27.952119886875153 -230 88.93394108861685
      vertex -28.084888890385628 -230 89.10696902126074
    endloop
  endfacet
  facet normal -0.21643961114408647 0 0.9762960077393519
    outer loop
      vertex -30.647047609090805 -230 89.91481456905603
      vertex -30.434120446443558 -230 89.96201938390732
      vertex -30.647047609090805 -171.7890834580027 89.91481456905603
    endloop
  endfacet
  facet normal -0.130526197559359 0 0.9914448606708772
    outer loop
      vertex -30.434120446443558 -230 89.96201938390732
      vertex -30.217889353632927 -230 89.99048674851656
      vertex -30.434120446443558 -171.7890834580027 89.96201938390732
    endloop
  endfacet
  facet normal -0.04361937296846292 0 0.9990482222104388
    outer loop
      vertex -30.217889353632927 -230 89.99048674851656
      vertex -30 -230 90
      vertex -30.217889353632927 -171.7890834580027 89.99048674851656
    endloop
  endfacet
  facet normal 0.04361937296846292 0 0.9990482222104388
    outer loop
      vertex -30 -230 90
      vertex -29.782110646367073 -230 89.99048674851656
      vertex -30 -171.7890834580027 90
    endloop
  endfacet
  facet normal 0.130526197559359 0 0.9914448606708772
    outer loop
      vertex -29.782110646367073 -230 89.99048674851656
      vertex -29.565879553556442 -230 89.96201938390732
      vertex -29.782110646367073 -171.7890834580027 89.99048674851656
    endloop
  endfacet
  facet normal 0.21643961114408647 0 0.9762960077393519
    outer loop
      vertex -29.565879553556442 -230 89.96201938390732
      vertex -29.352952390909195 -230 89.91481456905603
      vertex -29.565879553556442 -171.7890834580027 89.96201938390732
    endloop
  endfacet
  facet normal 0.3007058266885675 0 0.9537169421770514
    outer loop
      vertex -29.352952390909195 -230 89.91481456905603
      vertex -29.144949644804 -230 89.84923154860735
      vertex -29.352952390909195 -171.7890834580027 89.91481456905603
    endloop
  endfacet
  facet normal 0.382683420518219 0 0.9238795374184212
    outer loop
      vertex -29.144949644804 -230 89.84923154860735
      vertex -28.94345434755087 -230 89.76576946675777
      vertex -29.144949644804 -171.7890834580027 89.84923154860735
    endloop
  endfacet
  facet normal 0.46174861244811755 0 0.8870108335878645
    outer loop
      vertex -28.94345434755087 -230 89.76576946675777
      vertex -28.75 -230 89.66506350785494
      vertex -28.94345434755087 -171.7890834580027 89.76576946675777
    endloop
  endfacet
  facet normal 0.5372995999706138 0 0.8433914511491198
    outer loop
      vertex -28.75 -230 89.66506350785494
      vertex -28.566058911383152 -230 89.54788011312485
      vertex -28.75 -171.7890834580027 89.66506350785494
    endloop
  endfacet
  facet normal 0.6087614322369423 0 0.7933533378141335
    outer loop
      vertex -28.566058911383152 -230 89.54788011312485
      vertex -28.39303097873926 -230 89.41511110961437
      vertex -28.566058911383152 -171.7890834580027 89.54788011312485
    endloop
  endfacet
  facet normal 0.7372773368689202 0 0.6755902075514953
    outer loop
      vertex -28.23223304748535 -230 89.26776695251465
      vertex -28.084888890385628 -230 89.10696902126074
      vertex -28.23223304748535 -171.7890834580027 89.26776695251465
    endloop
  endfacet
  facet normal 0.6755902075514953 0 0.7372773368689202
    outer loop
      vertex -28.23223304748535 -230 89.26776695251465
      vertex -28.39303097873926 -171.7890834580027 89.41511110961437
      vertex -28.39303097873926 -230 89.41511110961437
    endloop
  endfacet
  facet normal 0 -1 0
    outer loop
      vertex -27.50951325148344 -230 87.71788935363293
      vertex -27.537980616092682 -230 87.93412044644356
      vertex -29.250000001241762 -230 87.5
    endloop
  endfacet
  facet normal 0.9990482222104388 0 0.04361937296846292
    outer loop
      vertex -27.5 -230 87.5
      vertex -27.50951325148344 -171.7890834580027 87.71788935363293
      vertex -27.50951325148344 -230 87.71788935363293
    endloop
  endfacet
  facet normal 0.9914448606708772 0 0.130526197559359
    outer loop
      vertex -27.50951325148344 -230 87.71788935363293
      vertex -27.537980616092682 -171.7890834580027 87.93412044644356
      vertex -27.537980616092682 -230 87.93412044644356
    endloop
  endfacet
  facet normal 0.9238795374184212 0 0.382683420518219
    outer loop
      vertex -27.734230533242226 -230 88.55654565244913
      vertex -27.65076845139265 -230 88.355050355196
      vertex -27.734230533242226 -171.7890834580027 88.55654565244913
    endloop
  endfacet
  facet normal 0.9762960077393519 0 0.21643961114408647
    outer loop
      vertex -27.585185430943966 -230 88.1470476090908
      vertex -27.537980616092682 -230 87.93412044644356
      vertex -27.585185430943966 -171.7890834580027 88.1470476090908
    endloop
  endfacet
  facet normal 0.9537169421770514 0 0.3007058266885675
    outer loop
      vertex -27.65076845139265 -230 88.355050355196
      vertex -27.585185430943966 -230 88.1470476090908
      vertex -27.65076845139265 -171.7890834580027 88.355050355196
    endloop
  endfacet
  facet normal 0.7933533378141335 0 0.6087614322369423
    outer loop
      vertex -28.084888890385628 -230 89.10696902126074
      vertex -27.952119886875153 -230 88.93394108861685
      vertex -28.084888890385628 -171.7890834580027 89.10696902126074
    endloop
  endfacet
  facet normal 0.8433914511491198 0 0.5372995999706138
    outer loop
      vertex -27.952119886875153 -230 88.93394108861685
      vertex -27.83493649214506 -230 88.75
      vertex -27.952119886875153 -171.7890834580027 88.93394108861685
    endloop
  endfacet
  facet normal 0.8870108335878645 0 0.46174861244811755
    outer loop
      vertex -27.734230533242226 -230 88.55654565244913
      vertex -27.83493649214506 -171.7890834580027 88.75
      vertex -27.83493649214506 -230 88.75
    endloop
  endfacet
  facet normal -0.3007058266885675 0 0.9537169421770514
    outer loop
      vertex -30.647047609090805 -230 89.91481456905603
      vertex -30.647047609090805 -171.7890834580027 89.91481456905603
      vertex -30.855050355196 -171.7890834580027 89.84923154860735
    endloop
  endfacet
  facet normal -0.21643961114408647 0 0.9762960077393519
    outer loop
      vertex -30.434120446443558 -230 89.96201938390732
      vertex -30.434120446443558 -171.7890834580027 89.96201938390732
      vertex -30.647047609090805 -171.7890834580027 89.91481456905603
    endloop
  endfacet
  facet normal -0.130526197559359 0 0.9914448606708772
    outer loop
      vertex -30.217889353632927 -230 89.99048674851656
      vertex -30.217889353632927 -171.7890834580027 89.99048674851656
      vertex -30.434120446443558 -171.7890834580027 89.96201938390732
    endloop
  endfacet
  facet normal -0.04361937296846292 0 0.9990482222104388
    outer loop
      vertex -30 -230 90
      vertex -30 -171.7890834580027 90
      vertex -30.217889353632927 -171.7890834580027 89.99048674851656
    endloop
  endfacet
  facet normal 0.04361937296846292 0 0.9990482222104388
    outer loop
      vertex -29.782110646367073 -230 89.99048674851656
      vertex -29.782110646367073 -171.7890834580027 89.99048674851656
      vertex -30 -171.7890834580027 90
    endloop
  endfacet
  facet normal 0.130526197559359 0 0.9914448606708772
    outer loop
      vertex -29.565879553556442 -230 89.96201938390732
      vertex -29.565879553556442 -171.7890834580027 89.96201938390732
      vertex -29.782110646367073 -171.7890834580027 89.99048674851656
    endloop
  endfacet
  facet normal 0.21643961114408647 0 0.9762960077393519
    outer loop
      vertex -29.352952390909195 -230 89.91481456905603
      vertex -29.352952390909195 -171.7890834580027 89.91481456905603
      vertex -29.565879553556442 -171.7890834580027 89.96201938390732
    endloop
  endfacet
  facet normal 0.3007058266885675 0 0.9537169421770514
    outer loop
      vertex -29.144949644804 -230 89.84923154860735
      vertex -29.144949644804 -171.7890834580027 89.84923154860735
      vertex -29.352952390909195 -171.7890834580027 89.91481456905603
    endloop
  endfacet
  facet normal 0.382683420518219 0 0.9238795374184212
    outer loop
      vertex -28.94345434755087 -230 89.76576946675777
      vertex -28.94345434755087 -171.7890834580027 89.76576946675777
      vertex -29.144949644804 -171.7890834580027 89.84923154860735
    endloop
  endfacet
  facet normal 0.46174861244811755 0 0.8870108335878645
    outer loop
      vertex -28.75 -230 89.66506350785494
      vertex -28.75 -171.7890834580027 89.66506350785494
      vertex -28.94345434755087 -171.7890834580027 89.76576946675777
    endloop
  endfacet
  facet normal 0.5372995999706138 0 0.8433914511491198
    outer loop
      vertex -28.566058911383152 -230 89.54788011312485
      vertex -28.566058911383152 -171.7890834580027 89.54788011312485
      vertex -28.75 -171.7890834580027 89.66506350785494
    endloop
  endfacet
  facet normal 0.7372773368689202 0 0.6755902075514953
    outer loop
      vertex -28.084888890385628 -230 89.10696902126074
      vertex -28.084888890385628 -171.7890834580027 89.10696902126074
      vertex -28.23223304748535 -171.7890834580027 89.26776695251465
    endloop
  endfacet
  facet normal 0.6087614322369423 0 0.7933533378141335
    outer loop
      vertex -28.39303097873926 -230 89.41511110961437
      vertex -28.39303097873926 -171.7890834580027 89.41511110961437
      vertex -28.566058911383152 -171.7890834580027 89.54788011312485
    endloop
  endfacet
  facet normal 0.6755902075514953 0 0.7372773368689202
    outer loop
      vertex -28.23223304748535 -230 89.26776695251465
      vertex -28.23223304748535 -171.7890834580027 89.26776695251465
      vertex -28.39303097873926 -171.7890834580027 89.41511110961437
    endloop
  endfacet
  facet normal 0.9990482222104388 0 0.04361937296846292
    outer loop
      vertex -27.5 -230 87.5
      vertex -27.5 -171.7890834580027 87.5
      vertex -27.50951325148344 -171.7890834580027 87.71788935363293
    endloop
  endfacet
  facet normal 0.9914448606708772 0 0.130526197559359
    outer loop
      vertex -27.50951325148344 -230 87.71788935363293
      vertex -27.50951325148344 -171.7890834580027 87.71788935363293
      vertex -27.537980616092682 -171.7890834580027 87.93412044644356
    endloop
  endfacet
  facet normal 0.9238795374184212 0 0.382683420518219
    outer loop
      vertex -27.65076845139265 -230 88.355050355196
      vertex -27.65076845139265 -171.7890834580027 88.355050355196
      vertex -27.734230533242226 -171.7890834580027 88.55654565244913
    endloop
  endfacet
  facet normal 0.9762960077393519 0 0.21643961114408647
    outer loop
      vertex -27.537980616092682 -230 87.93412044644356
      vertex -27.537980616092682 -171.7890834580027 87.93412044644356
      vertex -27.585185430943966 -171.7890834580027 88.1470476090908
    endloop
  endfacet
  facet normal 0.9537169421770514 0 0.3007058266885675
    outer loop
      vertex -27.585185430943966 -230 88.1470476090908
      vertex -27.585185430943966 -171.7890834580027 88.1470476090908
      vertex -27.65076845139265 -171.7890834580027 88.355050355196
    endloop
  endfacet
  facet normal 0.7933533378141335 0 0.6087614322369423
    outer loop
      vertex -27.952119886875153 -230 88.93394108861685
      vertex -27.952119886875153 -171.7890834580027 88.93394108861685
      vertex -28.084888890385628 -171.7890834580027 89.10696902126074
    endloop
  endfacet
  facet normal 0.8433914511491198 0 0.5372995999706138
    outer loop
      vertex -27.83493649214506 -230 88.75
      vertex -27.83493649214506 -171.7890834580027 88.75
      vertex -27.952119886875153 -171.7890834580027 88.93394108861685
    endloop
  endfacet
  facet normal 0.8870108335878645 0 0.46174861244811755
    outer loop
      vertex -27.734230533242226 -230 88.55654565244913
      vertex -27.734230533242226 -171.7890834580027 88.55654565244913
      vertex -27.83493649214506 -171.7890834580027 88.75
    endloop
  endfacet
  facet normal -0.889297280647791 0.4555829837879234 0.03993108457501121
    outer loop
      vertex -20.2173913043478 -112.03709129784335 0
      vertex -17.173913043478237 -113.76545470743473 87.5
      vertex -15.940732622921516 -103.68906015754601 0
    endloop
  endfacet
  facet normal -0.49381811702611 -0.8695652173913047 2.0301221021717148e-17
    outer loop
      vertex -20.2173913043478 -112.03709129784335 0
      vertex -9.782608695652144 -117.96290870215667 0
      vertex -17.173913043478237 -113.76545470743473 87.5
    endloop
  endfacet
  facet normal -0.8892972806477905 0.4555829837879244 0.03993108457501133
    outer loop
      vertex -15.940732622921516 -103.68906015754601 0
      vertex -17.173913043478237 -113.76545470743473 87.5
      vertex -12.759930459437342 -105.14936752134804 87.5
    endloop
  endfacet
  facet normal -0.4938181170261177 -0.8695652173913003 -5.405536243496764e-14
    outer loop
      vertex -17.140886420788945 -113.7842102237571 87.93412044644356
      vertex -15.006193871960727 -114.99648255688294 87.82819348736633
      vertex -17.099838755700873 -113.80752081654154 88.1470476090908
    endloop
  endfacet
  facet normal -0.4938181170261136 -0.8695652173913028 -1.9084495201719648e-14
    outer loop
      vertex -16.882663919873835 -113.93085241530913 88.75
      vertex -15.382068424416634 -114.78302684359136 88.72217785827705
      vertex -16.780765315760718 -113.98871969864148 88.93394108861685
    endloop
  endfacet
  facet normal -0.4938181170262455 -0.8695652173912278 -1.1766533093136762e-12
    outer loop
      vertex -17.099838755700873 -113.80752081654154 88.1470476090908
      vertex -15.006193871960727 -114.99648255688294 87.82819348736633
      vertex -15 -115 87.82913124188076
    endloop
  endfacet
  facet normal -0.4938181170261097 -0.869565217391305 1.5910072740636915e-14
    outer loop
      vertex -17.099838755700873 -113.80752081654154 88.1470476090908
      vertex -12.834359349116014 -116.22984747663094 87.71788935363293
      vertex -17.042810042267234 -113.83990690020839 88.355050355196
    endloop
  endfacet
  facet normal -0.49381811702610834 -0.8695652173913058 7.832215218513356e-14
    outer loop
      vertex -16.780765315760718 -113.98871969864148 88.93394108861685
      vertex -15.024236172842738 -114.98623649957732 88.75721324361686
      vertex -16.665314008360298 -114.05428343795444 89.10696902126074
    endloop
  endfacet
  facet normal -0.4938181170261228 -0.8695652173912976 -8.75471138475744e-14
    outer loop
      vertex -16.53718865436055 -114.12704465216822 89.26776695251465
      vertex -15.311630703974785 -114.823027779439 89.24316575802295
      vertex -16.397364366313667 -114.20644958380174 89.41511110961437
    endloop
  endfacet
  facet normal -0.4938181170260979 -0.8695652173913115 1.2066043570872227e-13
    outer loop
      vertex -16.397364366313667 -114.20644958380174 89.41511110961437
      vertex -15.311630703974785 -114.823027779439 89.24316575802295
      vertex -16.246905294449405 -114.29189391169285 89.54788011312485
    endloop
  endfacet
  facet normal -0.49381811702612244 -0.8695652173912977 -6.484181719769756e-13
    outer loop
      vertex -16.882663919873835 -113.93085241530913 88.75
      vertex -15.379655805842667 -114.78439694756685 88.71657687883257
      vertex -15.382068424416634 -114.78302684359136 88.72217785827705
    endloop
  endfacet
  facet normal -0.49381811702610817 -0.8695652173913058 1.944330952904605e-13
    outer loop
      vertex -16.882663919873835 -113.93085241530913 88.75
      vertex -15.021708325025443 -114.98767204118397 88.6610459080117
      vertex -15.379655805842667 -114.78439694756685 88.71657687883257
    endloop
  endfacet
  facet normal -0.49381811702612 -0.8695652173912991 -7.582193834908618e-14
    outer loop
      vertex -16.780765315760718 -113.98871969864148 88.93394108861685
      vertex -15.382068424416634 -114.78302684359136 88.72217785827705
      vertex -15.024236172842738 -114.98623649957732 88.75721324361686
    endloop
  endfacet
  facet normal -0.8891615950604961 0.45551347267385517 0.04357905554368191
    outer loop
      vertex -17.173913043478237 -113.76545470743473 87.5
      vertex -17.165640650883944 -113.77015252336908 87.71788935363293
      vertex -12.759930459437342 -105.14936752134804 87.5
    endloop
  endfacet
  facet normal -0.8824068989439786 0.4520530723349462 0.13040737896532964
    outer loop
      vertex -17.165640650883944 -113.77015252336908 87.71788935363293
      vertex -17.140886420788945 -113.7842102237571 87.93412044644356
      vertex -12.751284810608695 -105.15333674168946 87.71788935363293
    endloop
  endfacet
  facet normal -0.4938181170261099 -0.8695652173913048 1.1327947915966716e-15
    outer loop
      vertex -17.042810042267234 -113.83990690020839 88.355050355196
      vertex -12.859113579210998 -116.2157897762429 87.93412044644356
      vertex -16.97023431891978 -113.88112198831043 88.55654565244913
    endloop
  endfacet
  facet normal -0.49381811702611 -0.8695652173913048 1.348612972736554e-15
    outer loop
      vertex -16.97023431891978 -113.88112198831043 88.55654565244913
      vertex -12.90016124429907 -116.19247918345847 88.1470476090908
      vertex -16.882663919873835 -113.93085241530913 88.75
    endloop
  endfacet
  facet normal -0.49381811702599476 -0.8695652173913702 7.972260681174271e-13
    outer loop
      vertex -16.665314008360298 -114.05428343795444 89.10696902126074
      vertex -15.024236172842738 -114.98623649957732 88.75721324361686
      vertex -14.975763827157262 -115.01376350042268 88.75721324361686
    endloop
  endfacet
  facet normal -0.49381811702612316 -0.8695652173912973 -1.097739077229152e-13
    outer loop
      vertex -16.53718865436055 -114.12704465216822 89.26776695251465
      vertex -15.031430470391419 -114.98215092393818 89.19879103763738
      vertex -15.311630703974785 -114.823027779439 89.24316575802295
    endloop
  endfacet
  facet normal -0.4938181170261328 -0.8695652173912918 -9.952715843519649e-14
    outer loop
      vertex -16.665314008360298 -114.05428343795444 89.10696902126074
      vertex -14.975763827157262 -115.01376350042268 88.75721324361686
      vertex -14.617931575583366 -115.21697315640864 88.72217785827705
    endloop
  endfacet
  facet normal -0.4938181170261163 -0.8695652173913012 -2.2559110476351733e-14
    outer loop
      vertex -16.665314008360298 -114.05428343795444 89.10696902126074
      vertex -13.117336080126123 -116.06914758469088 88.75
      vertex -16.53718865436055 -114.12704465216822 89.26776695251465
    endloop
  endfacet
  facet normal -0.4938181170258919 -0.8695652173914287 9.689880971182306e-13
    outer loop
      vertex -16.246905294449405 -114.29189391169285 89.54788011312485
      vertex -15.311630703974785 -114.823027779439 89.24316575802295
      vertex -15.314693557097941 -114.82128841322269 89.25119434468749
    endloop
  endfacet
  facet normal -0.4938181170261116 -0.8695652173913038 4.3769406361675767e-14
    outer loop
      vertex -16.246905294449405 -114.29189391169285 89.54788011312485
      vertex -15.314693557097941 -114.82128841322269 89.25119434468749
      vertex -15.034653486891104 -114.9803206024083 89.27800609079169
    endloop
  endfacet
  facet normal -0.4938181170261998 -0.8695652173912538 -4.903407381169904e-13
    outer loop
      vertex -16.246905294449405 -114.29189391169285 89.54788011312485
      vertex -15.034653486891104 -114.9803206024083 89.27800609079169
      vertex -14.965346513108896 -115.0196793975917 89.27800609079169
    endloop
  endfacet
  facet normal -0.4938181170260956 -0.8695652173913129 1.733372271920872e-13
    outer loop
      vertex -16.246905294449405 -114.29189391169285 89.54788011312485
      vertex -14.965346513108896 -115.0196793975917 89.27800609079169
      vertex -14.685306442902059 -115.17871158677731 89.25119434468749
    endloop
  endfacet
  facet normal -0.4938181170261222 -0.8695652173912978 -1.1539039834434134e-13
    outer loop
      vertex -16.246905294449405 -114.29189391169285 89.54788011312485
      vertex -13.462811345639409 -115.87295534783178 89.26776695251465
      vertex -16.08695652173911 -114.38272735371737 89.66506350785494
    endloop
  endfacet
  facet normal -0.49381811702610684 -0.8695652173913065 1.6517824074261557e-14
    outer loop
      vertex -16.08695652173911 -114.38272735371737 89.66506350785494
      vertex -13.60263563368629 -115.79355041619827 89.41511110961437
      vertex -15.918735349955739 -114.47825861535546 89.76576946675777
    endloop
  endfacet
  facet normal -0.4938181170261011 -0.8695652173913097 9.348693648409763e-14
    outer loop
      vertex -15.918735349955739 -114.47825861535546 89.76576946675777
      vertex -13.753094705550538 -115.70810608830715 89.54788011312485
      vertex -15.743522047996493 -114.5777606436346 89.84923154860735
    endloop
  endfacet
  facet normal -0.49381811702612133 -0.8695652173912984 -1.0386916735796213e-13
    outer loop
      vertex -15.743522047996493 -114.5777606436346 89.84923154860735
      vertex -13.913043478260846 -115.61727264628264 89.66506350785494
      vertex -15.562650094861553 -114.68047616805254 89.91481456905603
    endloop
  endfacet
  facet normal -0.49381811702611134 -0.8695652173913041 -5.716749642009156e-14
    outer loop
      vertex -15.562650094861553 -114.68047616805254 89.91481456905603
      vertex -14.081264650044204 -115.52174138464456 89.76576946675777
      vertex -15.37749604038568 -114.78562345857472 89.96201938390732
    endloop
  endfacet
  facet normal -0.8689480766260241 0.44515817839642235 0.21624855221414083
    outer loop
      vertex -17.140886420788945 -113.7842102237571 87.93412044644356
      vertex -17.099838755700873 -113.80752081654154 88.1470476090908
      vertex -12.725413652055039 -105.16521419945144 87.93412044644356
    endloop
  endfacet
  facet normal -0.8488859213441313 0.4348804267790048 0.30045250364780746
    outer loop
      vertex -17.099838755700873 -113.80752081654154 88.1470476090908
      vertex -17.042810042267234 -113.83990690020839 88.355050355196
      vertex -12.682513887139095 -105.18490949623265 88.1470476090908
    endloop
  endfacet
  facet normal -0.822370849118099 0.4212968749308667 0.3823808699376347
    outer loop
      vertex -17.042810042267234 -113.83990690020839 88.355050355196
      vertex -16.97023431891978 -113.88112198831043 88.55654565244913
      vertex -12.622911997615944 -105.21227274414738 88.355050355196
    endloop
  endfacet
  facet normal -0.7896018034302659 0.40450944070024414 0.4614120765693584
    outer loop
      vertex -16.97023431891978 -113.88112198831043 88.55654565244913
      vertex -16.882663919873835 -113.93085241530913 88.75
      vertex -12.547061606039946 -105.24709568492544 88.55654565244913
    endloop
  endfacet
  facet normal -0.7508250582091226 0.38464428910935755 0.536945530590231
    outer loop
      vertex -16.882663919873835 -113.93085241530913 88.75
      vertex -16.780765315760718 -113.98871969864148 88.93394108861685
      vertex -12.455539968338826 -105.28911330017246 88.75
    endloop
  endfacet
  facet normal -0.7063324528160463 0.3618509281460692 0.6084064200012158
    outer loop
      vertex -16.780765315760718 -113.98871969864148 88.93394108861685
      vertex -16.665314008360298 -114.05428343795444 89.10696902126074
      vertex -12.34904362677257 -105.33800580709809 88.93394108861685
    endloop
  endfacet
  facet normal -0.6564594766291973 0.3363012275048631 0.6752499092354199
    outer loop
      vertex -16.665314008360298 -114.05428343795444 89.10696902126074
      vertex -16.53718865436055 -114.12704465216822 89.26776695251465
      vertex -12.228383074312646 -105.39340110810122 89.10696902126074
    endloop
  endfacet
  facet normal -0.6015828579748758 0.30818818340726256 0.7369654731389469
    outer loop
      vertex -16.53718865436055 -114.12704465216822 89.26776695251465
      vertex -16.397364366313667 -114.20644958380174 89.41511110961437
      vertex -12.09447661326135 -105.45487761028005 89.26776695251465
    endloop
  endfacet
  facet normal -0.4938181170261832 -0.8695652173912632 -8.147381660244758e-15
    outer loop
      vertex -17.173913043478237 -113.76545470743473 87.5
      vertex -9.782608695652144 -117.96290870215667 0
      vertex -17.165640650883944 -113.77015252336908 87.71788935363293
    endloop
  endfacet
  facet normal -0.4938181170259202 -0.8695652173914126 2.1135340282352514e-14
    outer loop
      vertex -17.165640650883944 -113.77015252336908 87.71788935363293
      vertex -9.782608695652144 -117.96290870215667 0
      vertex -17.140886420788945 -113.7842102237571 87.93412044644356
    endloop
  endfacet
  facet normal -0.4938181170261157 -0.8695652173913014 -5.04053377699911e-16
    outer loop
      vertex -17.140886420788945 -113.7842102237571 87.93412044644356
      vertex -9.782608695652144 -117.96290870215667 0
      vertex -15.006193871960727 -114.99648255688294 87.82819348736633
    endloop
  endfacet
  facet normal -0.4938181170261113 -0.8695652173913041 -1.505907416762082e-16
    outer loop
      vertex -15.006193871960727 -114.99648255688294 87.82819348736633
      vertex -9.782608695652144 -117.96290870215667 0
      vertex -12.82608695652172 -116.23454529256529 87.5
    endloop
  endfacet
  facet normal -0.49381811702610806 -0.8695652173913058 3.565359041325199e-14
    outer loop
      vertex -17.099838755700873 -113.80752081654154 88.1470476090908
      vertex -15 -115 87.82913124188076
      vertex -12.834359349116014 -116.22984747663094 87.71788935363293
    endloop
  endfacet
  facet normal -0.49381811702611816 -0.8695652173913002 -8.007625798218277e-14
    outer loop
      vertex -16.882663919873835 -113.93085241530913 88.75
      vertex -12.957189957732723 -116.16009309979162 88.355050355196
      vertex -15.021708325025443 -114.98767204118397 88.6610459080117
    endloop
  endfacet
  facet normal -0.4938181170261246 -0.8695652173912964 -1.5514159991875237e-13
    outer loop
      vertex -16.53718865436055 -114.12704465216822 89.26776695251465
      vertex -13.21923468423924 -116.01128030135854 88.93394108861685
      vertex -15.031430470391419 -114.98215092393818 89.19879103763738
    endloop
  endfacet
  facet normal -0.4938181170260964 -0.8695652173913124 1.5616963244155172e-13
    outer loop
      vertex -16.665314008360298 -114.05428343795444 89.10696902126074
      vertex -14.617931575583366 -115.21697315640864 88.72217785827705
      vertex -13.029765681080178 -116.11887801168959 88.55654565244913
    endloop
  endfacet
  facet normal -0.49381811702609135 -0.8695652173913154 1.431225982314081e-13
    outer loop
      vertex -15.37749604038568 -114.78562345857472 89.96201938390732
      vertex -14.25647795200345 -115.4222393563654 89.84923154860735
      vertex -15.189469003159047 -114.89240228966895 89.99048674851656
    endloop
  endfacet
  facet normal -0.49381811702609946 -0.8695652173913108 6.906180753415122e-14
    outer loop
      vertex -15.189469003159047 -114.89240228966895 89.99048674851656
      vertex -14.437349905138404 -115.31952383194746 89.91481456905603
      vertex -14.999999999999972 -115 90
    endloop
  endfacet
  facet normal -0.4938181170260905 -0.8695652173913159 2.1125002350973456e-13
    outer loop
      vertex -16.246905294449405 -114.29189391169285 89.54788011312485
      vertex -14.685306442902059 -115.17871158677731 89.25119434468749
      vertex -13.33468599163966 -115.94571656204556 89.10696902126074
    endloop
  endfacet
  facet normal -0.49381811702612505 -0.8695652173912963 -2.5106505170053753e-15
    outer loop
      vertex -14.81053099684091 -115.10759771033105 89.99048674851656
      vertex -14.999999999999972 -115 90
      vertex -14.622503959614278 -115.2143765414253 89.96201938390732
    endloop
  endfacet
  facet normal -0.49381811702615935 -0.8695652173912769 -4.5362591981973383e-13
    outer loop
      vertex -14.622503959614278 -115.2143765414253 89.96201938390732
      vertex -14.999999999999972 -115 90
      vertex -14.437349905138404 -115.31952383194746 89.91481456905603
    endloop
  endfacet
  facet normal -0.49381811702603157 -0.8695652173913493 6.878723374404396e-13
    outer loop
      vertex -15.031430470391419 -114.98215092393818 89.19879103763738
      vertex -13.21923468423924 -116.01128030135854 88.93394108861685
      vertex -14.968569529608581 -115.01784907606182 89.19879103763738
    endloop
  endfacet
  facet normal -0.4938181170260989 -0.8695652173913111 7.855640863928995e-14
    outer loop
      vertex -15.189469003159047 -114.89240228966895 89.99048674851656
      vertex -14.25647795200345 -115.4222393563654 89.84923154860735
      vertex -14.437349905138404 -115.31952383194746 89.91481456905603
    endloop
  endfacet
  facet normal -0.4938181170261021 -0.8695652173913093 6.378420805508313e-14
    outer loop
      vertex -15.562650094861553 -114.68047616805254 89.91481456905603
      vertex -13.913043478260846 -115.61727264628264 89.66506350785494
      vertex -14.081264650044204 -115.52174138464456 89.76576946675777
    endloop
  endfacet
  facet normal -0.4938181170260972 -0.869565217391312 6.540676231600064e-14
    outer loop
      vertex -15.37749604038568 -114.78562345857472 89.96201938390732
      vertex -14.081264650044204 -115.52174138464456 89.76576946675777
      vertex -14.25647795200345 -115.4222393563654 89.84923154860735
    endloop
  endfacet
  facet normal -0.4938181170261113 -0.869565217391304 2.8133324581023304e-14
    outer loop
      vertex -16.246905294449405 -114.29189391169285 89.54788011312485
      vertex -13.33468599163966 -115.94571656204556 89.10696902126074
      vertex -13.462811345639409 -115.87295534783178 89.26776695251465
    endloop
  endfacet
  facet normal -0.49381811702610634 -0.8695652173913069 2.449240936421631e-14
    outer loop
      vertex -16.08695652173911 -114.38272735371737 89.66506350785494
      vertex -13.462811345639409 -115.87295534783178 89.26776695251465
      vertex -13.60263563368629 -115.79355041619827 89.41511110961437
    endloop
  endfacet
  facet normal -0.4938181170261074 -0.8695652173913062 1.06111428248644e-14
    outer loop
      vertex -15.918735349955739 -114.47825861535546 89.76576946675777
      vertex -13.60263563368629 -115.79355041619827 89.41511110961437
      vertex -13.753094705550538 -115.70810608830715 89.54788011312485
    endloop
  endfacet
  facet normal -0.4938181170261165 -0.8695652173913011 -3.965065893629219e-14
    outer loop
      vertex -15.743522047996493 -114.5777606436346 89.84923154860735
      vertex -13.753094705550538 -115.70810608830715 89.54788011312485
      vertex -13.913043478260846 -115.61727264628264 89.66506350785494
    endloop
  endfacet
  facet normal -0.4938181170263708 -0.8695652173911567 -2.280727771414569e-12
    outer loop
      vertex -15.006193871960727 -114.99648255688294 87.82819348736633
      vertex -12.82608695652172 -116.23454529256529 87.5
      vertex -14.993806128039273 -115.00351744311706 87.82819348736633
    endloop
  endfacet
  facet normal -0.4938181170259754 -0.8695652173913812 3.453495944014939e-12
    outer loop
      vertex -14.993806128039273 -115.00351744311706 87.82819348736633
      vertex -12.834359349116014 -116.22984747663094 87.71788935363293
      vertex -15 -115 87.82913124188076
    endloop
  endfacet
  facet normal -0.49381811702610673 -0.8695652173913064 3.97295070232832e-14
    outer loop
      vertex -17.042810042267234 -113.83990690020839 88.355050355196
      vertex -12.834359349116014 -116.22984747663094 87.71788935363293
      vertex -12.859113579210998 -116.2157897762429 87.93412044644356
    endloop
  endfacet
  facet normal -0.49381811702611017 -0.8695652173913047 -1.817629388286074e-15
    outer loop
      vertex -16.97023431891978 -113.88112198831043 88.55654565244913
      vertex -12.859113579210998 -116.2157897762429 87.93412044644356
      vertex -12.90016124429907 -116.19247918345847 88.1470476090908
    endloop
  endfacet
  facet normal -0.4938181170260085 -0.8695652173913625 8.997160265290028e-13
    outer loop
      vertex -15.021708325025443 -114.98767204118397 88.6610459080117
      vertex -12.957189957732723 -116.16009309979162 88.355050355196
      vertex -14.978291674974557 -115.01232795881603 88.6610459080117
    endloop
  endfacet
  facet normal -0.4938181170261213 -0.8695652173912983 -8.532518961695808e-14
    outer loop
      vertex -14.978291674974557 -115.01232795881603 88.6610459080117
      vertex -12.957189957732723 -116.16009309979162 88.355050355196
      vertex -14.620344194157333 -115.21560305243315 88.71657687883257
    endloop
  endfacet
  facet normal -0.4938181170261162 -0.8695652173913012 -5.252709097205404e-14
    outer loop
      vertex -16.882663919873835 -113.93085241530913 88.75
      vertex -12.90016124429907 -116.19247918345847 88.1470476090908
      vertex -12.957189957732723 -116.16009309979162 88.355050355196
    endloop
  endfacet
  facet normal -0.4938181170261147 -0.869565217391302 -4.715708180788338e-15
    outer loop
      vertex -16.665314008360298 -114.05428343795444 89.10696902126074
      vertex -13.029765681080178 -116.11887801168959 88.55654565244913
      vertex -13.117336080126123 -116.06914758469088 88.75
    endloop
  endfacet
  facet normal -0.49381811702611117 -0.8695652173913041 2.0102556392346485e-14
    outer loop
      vertex -16.53718865436055 -114.12704465216822 89.26776695251465
      vertex -13.117336080126123 -116.06914758469088 88.75
      vertex -13.21923468423924 -116.01128030135854 88.93394108861685
    endloop
  endfacet
  facet normal -0.4938181170261101 -0.8695652173913048 2.225369182184954e-15
    outer loop
      vertex -14.968569529608581 -115.01784907606182 89.19879103763738
      vertex -13.21923468423924 -116.01128030135854 88.93394108861685
      vertex -14.688369296025215 -115.176972220561 89.24316575802295
    endloop
  endfacet
  facet normal -0.4938181170261737 -0.8695652173912686 -8.210058366952653e-13
    outer loop
      vertex -14.688369296025215 -115.176972220561 89.24316575802295
      vertex -13.33468599163966 -115.94571656204556 89.10696902126074
      vertex -14.685306442902059 -115.17871158677731 89.25119434468749
    endloop
  endfacet
  facet normal -0.49381811702606104 -0.8695652173913325 6.049308400961301e-13
    outer loop
      vertex -14.620344194157333 -115.21560305243315 88.71657687883257
      vertex -13.029765681080178 -116.11887801168959 88.55654565244913
      vertex -14.617931575583366 -115.21697315640864 88.72217785827705
    endloop
  endfacet
  facet normal -0.49381811702611206 -0.8695652173913035 -9.720347160166952e-15
    outer loop
      vertex -14.688369296025215 -115.176972220561 89.24316575802295
      vertex -13.21923468423924 -116.01128030135854 88.93394108861685
      vertex -13.33468599163966 -115.94571656204556 89.10696902126074
    endloop
  endfacet
  facet normal -0.49381811702610834 -0.8695652173913055 1.1512375451784987e-14
    outer loop
      vertex -14.993806128039273 -115.00351744311706 87.82819348736633
      vertex -12.82608695652172 -116.23454529256529 87.5
      vertex -12.834359349116014 -116.22984747663094 87.71788935363293
    endloop
  endfacet
  facet normal -0.4938181170261071 -0.8695652173913064 6.251050489036726e-16
    outer loop
      vertex -14.620344194157333 -115.21560305243315 88.71657687883257
      vertex -12.957189957732723 -116.16009309979162 88.355050355196
      vertex -13.029765681080178 -116.11887801168959 88.55654565244913
    endloop
  endfacet
  facet normal 0 0 -1
    outer loop
      vertex -20.2173913043478 -112.03709129784335 0
      vertex -15.940732622921516 -103.68906015754601 0
      vertex -5.035125205261508 -108.6958282620101 0
    endloop
  endfacet
  facet normal 0 0 -1
    outer loop
      vertex -20.2173913043478 -112.03709129784335 0
      vertex -5.035125205261508 -108.6958282620101 0
      vertex -9.782608695652144 -117.96290870215667 0
    endloop
  endfacet
  facet normal 0 0 -1
    outer loop
      vertex -15.940732622921516 -103.68906015754601 0
      vertex -12.397613055756338 -95.00426095839546 0
      vertex -1.1019374288671315 -99.05490438038426 0
    endloop
  endfacet
  facet normal 0 0 -1
    outer loop
      vertex -15.940732622921516 -103.68906015754601 0
      vertex -1.1019374288671315 -99.05490438038426 0
      vertex -5.035125205261508 -108.6958282620101 0
    endloop
  endfacet
  facet normal 0 0 -1
    outer loop
      vertex -12.397613055756338 -95.00426095839546 0
      vertex -9.61426959064599 -86.04700509780837 0
      vertex 1.9878291700168518 -89.11152860853986 0
    endloop
  endfacet
  facet normal -0.9251724365874279 0.3774406854905084 0.03993108457501132
    outer loop
      vertex -15.940732622921516 -103.68906015754601 0
      vertex -12.759930459437342 -105.14936752134804 87.5
      vertex -12.397613055756338 -95.00426095839546 0
    endloop
  endfacet
  facet normal -0.9541966417009325 0.2965034189538553 0.039931084575011294
    outer loop
      vertex -12.397613055756338 -95.00426095839546 0
      vertex -9.103040997913652 -96.1856986231422 87.5
      vertex -9.61426959064599 -86.04700509780837 0
    endloop
  endfacet
  facet normal 0.8892972806477911 -0.4555829837879232 0.03993108457501126
    outer loop
      vertex -9.782608695652144 -117.96290870215667 0
      vertex -5.035125205261508 -108.6958282620101 0
      vertex -8.215927368745682 -107.23552089820808 87.5
    endloop
  endfacet
  facet normal -0.9761549702143207 0.21337052891751898 0.03993108457501138
    outer loop
      vertex -9.61426959064599 -86.04700509780837 0
      vertex -6.230324118785987 -86.94082445510504 87.5
      vertex -7.611313033163114 -76.88362152918967 0
    endloop
  endfacet
  facet normal -0.990884819543557 0.12865761882918508 0.039931084575011246
    outer loop
      vertex -7.611313033163114 -76.88362152918967 0
      vertex -4.163052442484869 -77.48320379942062 87.5
      vertex -6.403575382554109 -67.58196559252474 0
    endloop
  endfacet
  facet normal -0.9982771143752818 0.04299199226860746 0.039931084575011315
    outer loop
      vertex -6.403575382554109 -67.58196559252474 0
      vertex -2.916534225113182 -67.88287083726644 87.5
      vertex -6 -58.21091654199731 0
    endloop
  endfacet
  facet normal 0 0 -1
    outer loop
      vertex -12.397613055756338 -95.00426095839546 0
      vertex 1.9878291700168518 -89.11152860853986 0
      vertex -1.1019374288671315 -99.05490438038426 0
    endloop
  endfacet
  facet normal 0 0 -1
    outer loop
      vertex -9.61426959064599 -86.04700509780837 0
      vertex -7.611313033163114 -76.88362152918967 0
      vertex 4.211294706305168 -78.9393321699815 0
    endloop
  endfacet
  facet normal 0 0 -1
    outer loop
      vertex -7.611313033163114 -76.88362152918967 0
      vertex -6.403575382554109 -67.58196559252474 0
      vertex 5.551994300100489 -68.61364071735343 0
    endloop
  endfacet
  facet normal 0 0 -1
    outer loop
      vertex -6.403575382554109 -67.58196559252474 0
      vertex -6 -58.21091654199731 0
      vertex 6 -58.21091654199731 0
    endloop
  endfacet
  facet normal 0 0 -1
    outer loop
      vertex -9.61426959064599 -86.04700509780837 0
      vertex 4.211294706305168 -78.9393321699815 0
      vertex 1.9878291700168518 -89.11152860853986 0
    endloop
  endfacet
  facet normal 0 0 -1
    outer loop
      vertex -7.611313033163114 -76.88362152918967 0
      vertex 5.551994300100489 -68.61364071735343 0
      vertex 4.211294706305168 -78.9393321699815 0
    endloop
  endfacet
  facet normal 0 0 -1
    outer loop
      vertex -6.403575382554109 -67.58196559252474 0
      vertex 6 -58.21091654199731 0
      vertex 5.551994300100489 -68.61364071735343 0
    endloop
  endfacet
  facet normal 0.9251724365874279 -0.3774406854905088 0.039931084575011246
    outer loop
      vertex -5.035125205261508 -108.6958282620101 0
      vertex -1.1019374288671315 -99.05490438038426 0
      vertex -4.396509486709817 -97.87346671563753 87.5
    endloop
  endfacet
  facet normal 0.9541966417009321 -0.29650341895385657 0.039931084575011364
    outer loop
      vertex -1.1019374288671315 -99.05490438038426 0
      vertex 1.9878291700168518 -89.11152860853986 0
      vertex -1.3961163018431506 -88.21770925124318 87.5
    endloop
  endfacet
  facet normal 0.9761549702143211 -0.21337052891751807 0.039931084575011405
    outer loop
      vertex 1.9878291700168518 -89.11152860853986 0
      vertex 4.211294706305168 -78.9393321699815 0
      vertex 0.7630341156269083 -78.33974989975054 87.5
    endloop
  endfacet
  facet normal 0.9908848195435569 -0.1286576188291852 0.0399310845750113
    outer loop
      vertex 4.211294706305168 -78.9393321699815 0
      vertex 5.551994300100489 -68.61364071735343 0
      vertex 2.0649531426595615 -68.31273547261173 87.5
    endloop
  endfacet
  facet normal 0.9982771143752818 -0.04299199226860705 0.039931084575011266
    outer loop
      vertex 5.551994300100489 -68.61364071735343 0
      vertex 6 -58.21091654199731 0
      vertex 2.5 -58.21091654199731 87.5
    endloop
  endfacet
  facet normal 0.8892972806477907 -0.45558298378792395 0.03993108457501136
    outer loop
      vertex -9.782608695652144 -117.96290870215667 0
      vertex -8.215927368745682 -107.23552089820808 87.5
      vertex -12.82608695652172 -116.23454529256529 87.5
    endloop
  endfacet
  facet normal -0.9251724365874281 0.3774406854905082 0.0399310845750113
    outer loop
      vertex -12.397613055756338 -95.00426095839546 0
      vertex -12.759930459437342 -105.14936752134804 87.5
      vertex -9.103040997913652 -96.1856986231422 87.5
    endloop
  endfacet
  facet normal -0.9541966417009323 0.2965034189538559 0.03993108457501136
    outer loop
      vertex -9.61426959064599 -86.04700509780837 0
      vertex -9.103040997913652 -96.1856986231422 87.5
      vertex -6.230324118785987 -86.94082445510504 87.5
    endloop
  endfacet
  facet normal 0.9251724365874276 -0.37744068549050896 0.03993108457501126
    outer loop
      vertex -5.035125205261508 -108.6958282620101 0
      vertex -4.396509486709817 -97.87346671563753 87.5
      vertex -8.215927368745682 -107.23552089820808 87.5
    endloop
  endfacet
  facet normal -0.976154970214321 0.21337052891751782 0.039931084575011246
    outer loop
      vertex -7.611313033163114 -76.88362152918967 0
      vertex -6.230324118785987 -86.94082445510504 87.5
      vertex -4.163052442484869 -77.48320379942062 87.5
    endloop
  endfacet
  facet normal -0.47851563190804475 0.24514139885262004 0.8431657515508
    outer loop
      vertex -16.246905294449405 -114.29189391169285 89.54788011312485
      vertex -16.08695652173911 -114.38272735371737 89.66506350785494
      vertex -11.791095461800467 -105.59416000093077 89.54788011312485
    endloop
  endfacet
  facet normal -0.41125917120561384 0.21068621753967554 0.8868355043851686
    outer loop
      vertex -16.08695652173911 -114.38272735371737 89.66506350785494
      vertex -15.918735349955739 -114.47825861535546 89.76576946675777
      vertex -11.623929686764427 -105.67090586556304 89.66506350785494
    endloop
  endfacet
  facet normal -0.34086038032561505 0.1746212346570004 0.9237540936478397
    outer loop
      vertex -15.918735349955739 -114.47825861535546 89.76576946675777
      vertex -15.743522047996493 -114.5777606436346 89.84923154860735
      vertex -11.448118256128652 -105.75162095364536 89.76576946675777
    endloop
  endfacet
  facet normal -0.5421179386250718 0.2777245735687642 0.7930808293339028
    outer loop
      vertex -16.397364366313667 -114.20644958380174 89.41511110961437
      vertex -16.246905294449405 -114.29189391169285 89.54788011312485
      vertex -11.94834335394242 -105.52196743973555 89.41511110961437
    endloop
  endfacet
  facet normal -0.26785593779387024 0.13722138819153132 0.9536369787352813
    outer loop
      vertex -15.743522047996493 -114.5777606436346 89.84923154860735
      vertex -15.562650094861553 -114.68047616805254 89.91481456905603
      vertex -11.264999205433043 -105.83569097260255 89.84923154860735
    endloop
  endfacet
  facet normal -0.19280297382520448 0.09877209343819 0.9762535976077094
    outer loop
      vertex -15.562650094861553 -114.68047616805254 89.91481456905603
      vertex -15.37749604038568 -114.78562345857472 89.96201938390732
      vertex -11.075966181198169 -105.92247609883927 89.91481456905603
    endloop
  endfacet
  facet normal -0.11627508733199465 0.05956720253133396 0.9914291968913
    outer loop
      vertex -15.37749604038568 -114.78562345857472 89.96201938390732
      vertex -15.189469003159047 -114.89240228966895 89.99048674851656
      vertex -10.882457844165913 -106.01131584271562 89.96201938390732
    endloop
  endfacet
  facet normal -0.8891615950604976 0.4555134726738552 0.043579055543649596
    outer loop
      vertex -17.165640650883944 -113.77015252336908 87.71788935363293
      vertex -12.751284810608695 -105.15333674168946 87.71788935363293
      vertex -12.759930459437342 -105.14936752134804 87.5
    endloop
  endfacet
  facet normal -0.8824068989439733 0.45205307233494463 0.1304073789653716
    outer loop
      vertex -17.140886420788945 -113.7842102237571 87.93412044644356
      vertex -12.725413652055039 -105.16521419945144 87.93412044644356
      vertex -12.751284810608695 -105.15333674168946 87.71788935363293
    endloop
  endfacet
  facet normal -0.8689480766260375 0.44515817839642746 0.2162485522140775
    outer loop
      vertex -17.099838755700873 -113.80752081654154 88.1470476090908
      vertex -12.682513887139095 -105.18490949623265 88.1470476090908
      vertex -12.725413652055039 -105.16521419945144 87.93412044644356
    endloop
  endfacet
  facet normal -0.8488859213441232 0.43488042677900135 0.30045250364783527
    outer loop
      vertex -17.042810042267234 -113.83990690020839 88.355050355196
      vertex -12.622911997615944 -105.21227274414738 88.355050355196
      vertex -12.682513887139095 -105.18490949623265 88.1470476090908
    endloop
  endfacet
  facet normal -0.8223708491181059 0.42129687493086976 0.38238086993761705
    outer loop
      vertex -16.97023431891978 -113.88112198831043 88.55654565244913
      vertex -12.547061606039946 -105.24709568492544 88.55654565244913
      vertex -12.622911997615944 -105.21227274414738 88.355050355196
    endloop
  endfacet
  facet normal -0.7896018034302474 0.40450944070023587 0.4614120765693973
    outer loop
      vertex -16.882663919873835 -113.93085241530913 88.75
      vertex -12.455539968338826 -105.28911330017246 88.75
      vertex -12.547061606039946 -105.24709568492544 88.55654565244913
    endloop
  endfacet
  facet normal -0.7508250582091096 0.3846442891093516 0.5369455305902532
    outer loop
      vertex -16.780765315760718 -113.98871969864148 88.93394108861685
      vertex -12.34904362677257 -105.33800580709809 88.93394108861685
      vertex -12.455539968338826 -105.28911330017246 88.75
    endloop
  endfacet
  facet normal -0.7063324528160713 0.3618509281460809 0.60840642000118
    outer loop
      vertex -16.665314008360298 -114.05428343795444 89.10696902126074
      vertex -12.228383074312646 -105.39340110810122 89.10696902126074
      vertex -12.34904362677257 -105.33800580709809 88.93394108861685
    endloop
  endfacet
  facet normal -0.03885746829527651 0.019906505657491167 0.9990464594753288
    outer loop
      vertex -15.189469003159047 -114.89240228966895 89.99048674851656
      vertex -14.999999999999972 -115 90
      vertex -10.685946893358874 -106.10153408760542 89.99048674851656
    endloop
  endfacet
  facet normal 0.03885746829527877 -0.01990650565749229 0.9990464594753288
    outer loop
      vertex -14.81053099684091 -115.10759771033105 89.99048674851656
      vertex -10.487928914091512 -106.19244420977806 90
      vertex -14.999999999999972 -115 90
    endloop
  endfacet
  facet normal 0.11627508733199114 -0.059567202531332325 0.9914291968913005
    outer loop
      vertex -14.81053099684091 -115.10759771033105 89.99048674851656
      vertex -14.622503959614278 -115.2143765414253 89.96201938390732
      vertex -10.28991093482415 -106.2833543319507 89.99048674851656
    endloop
  endfacet
  facet normal 0.19280297382521003 -0.09877209343819286 0.9762535976077078
    outer loop
      vertex -14.622503959614278 -115.2143765414253 89.96201938390732
      vertex -14.437349905138404 -115.31952383194746 89.91481456905603
      vertex -10.093399984017111 -106.3735725768405 89.96201938390732
    endloop
  endfacet
  facet normal -0.6564594766291881 0.33630122750485875 0.6752499092354308
    outer loop
      vertex -16.53718865436055 -114.12704465216822 89.26776695251465
      vertex -12.09447661326135 -105.45487761028005 89.26776695251465
      vertex -12.228383074312646 -105.39340110810122 89.10696902126074
    endloop
  endfacet
  facet normal -0.601582857974874 0.3081881834072618 0.7369654731389487
    outer loop
      vertex -16.397364366313667 -114.20644958380174 89.41511110961437
      vertex -11.94834335394242 -105.52196743973555 89.41511110961437
      vertex -12.09447661326135 -105.45487761028005 89.26776695251465
    endloop
  endfacet
  facet normal -0.5421179386251049 0.27772457356877994 0.7930808293338747
    outer loop
      vertex -16.246905294449405 -114.29189391169285 89.54788011312485
      vertex -11.791095461800467 -105.59416000093077 89.54788011312485
      vertex -11.94834335394242 -105.52196743973555 89.41511110961437
    endloop
  endfacet
  facet normal -0.4785156319080233 0.24514139885260974 0.843165751550815
    outer loop
      vertex -16.08695652173911 -114.38272735371737 89.66506350785494
      vertex -11.623929686764427 -105.67090586556304 89.66506350785494
      vertex -11.791095461800467 -105.59416000093077 89.54788011312485
    endloop
  endfacet
  facet normal 0.26785593779385525 -0.13722138819152402 0.9536369787352866
    outer loop
      vertex -14.437349905138404 -115.31952383194746 89.91481456905603
      vertex -14.25647795200345 -115.4222393563654 89.84923154860735
      vertex -9.899891646984855 -106.46241232071685 89.91481456905603
    endloop
  endfacet
  facet normal 0.3408603803256057 -0.17462123465699575 0.9237540936478441
    outer loop
      vertex -14.25647795200345 -115.4222393563654 89.84923154860735
      vertex -14.081264650044204 -115.52174138464456 89.76576946675777
      vertex -9.710858622749981 -106.54919744695356 89.84923154860735
    endloop
  endfacet
  facet normal 0.41125917120563515 -0.210686217539686 0.886835504385156
    outer loop
      vertex -14.081264650044204 -115.52174138464456 89.76576946675777
      vertex -13.913043478260846 -115.61727264628264 89.66506350785494
      vertex -9.527739572054372 -106.63326746591076 89.76576946675777
    endloop
  endfacet
  facet normal -0.41125917120561956 0.21068621753967826 0.8868355043851652
    outer loop
      vertex -15.918735349955739 -114.47825861535546 89.76576946675777
      vertex -11.448118256128652 -105.75162095364536 89.76576946675777
      vertex -11.623929686764427 -105.67090586556304 89.66506350785494
    endloop
  endfacet
  facet normal -0.34086038032562543 0.1746212346570054 0.923754093647835
    outer loop
      vertex -15.743522047996493 -114.5777606436346 89.84923154860735
      vertex -11.264999205433043 -105.83569097260255 89.84923154860735
      vertex -11.448118256128652 -105.75162095364536 89.76576946675777
    endloop
  endfacet
  facet normal -0.2678559377938485 0.13722138819152083 0.9536369787352889
    outer loop
      vertex -15.562650094861553 -114.68047616805254 89.91481456905603
      vertex -11.075966181198169 -105.92247609883927 89.91481456905603
      vertex -11.264999205433043 -105.83569097260255 89.84923154860735
    endloop
  endfacet
  facet normal -0.1928029738252183 0.09877209343819672 0.9762535976077058
    outer loop
      vertex -15.37749604038568 -114.78562345857472 89.96201938390732
      vertex -10.882457844165913 -106.01131584271562 89.96201938390732
      vertex -11.075966181198169 -105.92247609883927 89.91481456905603
    endloop
  endfacet
  facet normal 0.4785156319080332 -0.2451413988526145 0.8431657515508081
    outer loop
      vertex -13.913043478260846 -115.61727264628264 89.66506350785494
      vertex -13.753094705550538 -115.70810608830715 89.54788011312485
      vertex -9.351928141418597 -106.71398255399306 89.66506350785494
    endloop
  endfacet
  facet normal 0.5421179386250842 -0.2777245735687701 0.7930808293338922
    outer loop
      vertex -13.753094705550538 -115.70810608830715 89.54788011312485
      vertex -13.60263563368629 -115.79355041619827 89.41511110961437
      vertex -9.184762366382557 -106.79072841862533 89.54788011312485
    endloop
  endfacet
  facet normal 0.6564594766291973 -0.3363012275048629 0.6752499092354197
    outer loop
      vertex -13.462811345639409 -115.87295534783178 89.26776695251465
      vertex -13.33468599163966 -115.94571656204556 89.10696902126074
      vertex -8.881381214921674 -106.93001080927606 89.26776695251465
    endloop
  endfacet
  facet normal 0.7063324528160336 -0.3618509281460624 0.6084064200012346
    outer loop
      vertex -13.21923468423924 -116.01128030135854 88.93394108861685
      vertex -8.747474753870378 -106.9914873114549 89.10696902126074
      vertex -13.33468599163966 -115.94571656204556 89.10696902126074
    endloop
  endfacet
  facet normal 0.6015828579748895 -0.3081881834072685 0.7369654731389332
    outer loop
      vertex -13.462811345639409 -115.87295534783178 89.26776695251465
      vertex -9.027514474240604 -106.86292097982056 89.41511110961437
      vertex -13.60263563368629 -115.79355041619827 89.41511110961437
    endloop
  endfacet
  facet normal -0.11627508733198794 0.0595672025313307 0.991429196891301
    outer loop
      vertex -15.189469003159047 -114.89240228966895 89.99048674851656
      vertex -10.685946893358874 -106.10153408760542 89.99048674851656
      vertex -10.882457844165913 -106.01131584271562 89.96201938390732
    endloop
  endfacet
  facet normal -0.03885746829527791 0.01990650565749185 0.9990464594753288
    outer loop
      vertex -14.999999999999972 -115 90
      vertex -10.487928914091512 -106.19244420977806 90
      vertex -10.685946893358874 -106.10153408760542 89.99048674851656
    endloop
  endfacet
  facet normal 0.03885746829527783 -0.019906505657491833 0.9990464594753288
    outer loop
      vertex -14.81053099684091 -115.10759771033105 89.99048674851656
      vertex -10.28991093482415 -106.2833543319507 89.99048674851656
      vertex -10.487928914091512 -106.19244420977806 90
    endloop
  endfacet
  facet normal 0.8488859213441161 -0.4348804267789983 0.3004525036478602
    outer loop
      vertex -12.90016124429907 -116.19247918345847 88.1470476090908
      vertex -8.35294583056708 -107.17261567540874 88.355050355196
      vertex -12.957189957732723 -116.16009309979162 88.355050355196
    endloop
  endfacet
  facet normal 0.822370849118099 -0.4212968749308669 0.3823808699376348
    outer loop
      vertex -12.957189957732723 -116.16009309979162 88.355050355196
      vertex -8.428796222143077 -107.13779273463066 88.55654565244913
      vertex -13.029765681080178 -116.11887801168959 88.55654565244913
    endloop
  endfacet
  facet normal 0.8824068989439822 -0.4520530723349471 0.1304073789653018
    outer loop
      vertex -12.834359349116014 -116.22984747663094 87.71788935363293
      vertex -8.250444176127985 -107.21967422010468 87.93412044644356
      vertex -12.859113579210998 -116.2157897762429 87.93412044644356
    endloop
  endfacet
  facet normal 0.889161595060496 -0.45551347267385517 0.0435790555436819
    outer loop
      vertex -12.82608695652172 -116.23454529256529 87.5
      vertex -8.224573017574329 -107.23155167786666 87.71788935363293
      vertex -12.834359349116014 -116.22984747663094 87.71788935363293
    endloop
  endfacet
  facet normal 0.8689480766260302 -0.4451581783964244 0.21624855221411252
    outer loop
      vertex -12.90016124429907 -116.19247918345847 88.1470476090908
      vertex -12.859113579210998 -116.2157897762429 87.93412044644356
      vertex -8.29334394104393 -107.19997892332347 88.1470476090908
    endloop
  endfacet
  facet normal 0.7508250582091232 -0.38464428910935644 0.5369455305902308
    outer loop
      vertex -13.21923468423924 -116.01128030135854 88.93394108861685
      vertex -13.117336080126123 -116.06914758469088 88.75
      vertex -8.626814201410454 -107.04688261245803 88.93394108861685
    endloop
  endfacet
  facet normal 0.7896018034302656 -0.4045094407002444 0.4614120765693584
    outer loop
      vertex -13.117336080126123 -116.06914758469088 88.75
      vertex -13.029765681080178 -116.11887801168959 88.55654565244913
      vertex -8.520317859844198 -107.09577511938366 88.75
    endloop
  endfacet
  facet normal 0.11627508733198784 -0.05956720253133071 0.991429196891301
    outer loop
      vertex -14.622503959614278 -115.2143765414253 89.96201938390732
      vertex -10.093399984017111 -106.3735725768405 89.96201938390732
      vertex -10.28991093482415 -106.2833543319507 89.99048674851656
    endloop
  endfacet
  facet normal 0.19280297382521788 -0.09877209343819668 0.9762535976077059
    outer loop
      vertex -14.437349905138404 -115.31952383194746 89.91481456905603
      vertex -9.899891646984855 -106.46241232071685 89.91481456905603
      vertex -10.093399984017111 -106.3735725768405 89.96201938390732
    endloop
  endfacet
  facet normal 0.2678559377938554 -0.13722138819152407 0.9536369787352864
    outer loop
      vertex -14.25647795200345 -115.4222393563654 89.84923154860735
      vertex -9.710858622749981 -106.54919744695356 89.84923154860735
      vertex -9.899891646984855 -106.46241232071685 89.91481456905603
    endloop
  endfacet
  facet normal 0.3408603803256168 -0.17462123465700105 0.9237540936478389
    outer loop
      vertex -14.081264650044204 -115.52174138464456 89.76576946675777
      vertex -9.527739572054372 -106.63326746591076 89.76576946675777
      vertex -9.710858622749981 -106.54919744695356 89.84923154860735
    endloop
  endfacet
  facet normal -0.9250312773056698 0.3773830970302783 0.04357905554365141
    outer loop
      vertex -12.759930459437342 -105.14936752134804 87.5
      vertex -12.751284810608695 -105.15333674168946 87.71788935363293
      vertex -9.103040997913652 -96.1856986231422 87.5
    endloop
  endfacet
  facet normal -0.918004089884181 0.37451622991173394 0.1304073789653702
    outer loop
      vertex -12.751284810608695 -105.15333674168946 87.71788935363293
      vertex -12.725413652055039 -105.16521419945144 87.93412044644356
      vertex -9.094086114337486 -96.18890985560412 87.71788935363293
    endloop
  endfacet
  facet normal -0.9040023249980772 0.3688039588499377 0.21624855221407657
    outer loop
      vertex -12.725413652055039 -105.16521419945144 87.93412044644356
      vertex -12.682513887139095 -105.18490949623265 88.1470476090908
      vertex -9.06728960462263 -96.1985191175371 87.93412044644356
    endloop
  endfacet
  facet normal -0.8831308419864071 0.36028906309257597 0.300452503647837
    outer loop
      vertex -12.682513887139095 -105.18490949623265 88.1470476090908
      vertex -12.622911997615944 -105.21227274414738 88.355050355196
      vertex -9.022855414907 -96.21445327360074 88.1470476090908
    endloop
  endfacet
  facet normal -0.8555461248041321 0.3490353830751038 0.38238086993761616
    outer loop
      vertex -12.622911997615944 -105.21227274414738 88.355050355196
      vertex -12.547061606039946 -105.24709568492544 88.55654565244913
      vertex -8.961121704438668 -96.2365910594653 88.355050355196
    endloop
  endfacet
  facet normal -0.8214551425157391 0.33512735553870354 0.4614120765693956
    outer loop
      vertex -12.547061606039946 -105.24709568492544 88.55654565244913
      vertex -12.455539968338826 -105.28911330017246 88.75
      vertex -8.882558320795539 -96.26476398720108 88.55654565244913
    endloop
  endfacet
  facet normal -0.7811141039903116 0.3186695054857983 0.5369455305902537
    outer loop
      vertex -12.455539968338826 -105.28911330017246 88.75
      vertex -12.34904362677257 -105.33800580709809 88.93394108861685
      vertex -8.7877631670071 -96.29875764803316 88.75
    endloop
  endfacet
  facet normal -0.7348266216856122 0.29978569706284325 0.6084064200011826
    outer loop
      vertex -12.34904362677257 -105.33800580709809 88.93394108861685
      vertex -12.228383074312646 -105.39340110810122 89.10696902126074
      vertex -8.677457699029688 -96.33831332695229 88.93394108861685
    endloop
  endfacet
  facet normal 0.41125917120563127 -0.21068621753968414 0.8868355043851582
    outer loop
      vertex -13.913043478260846 -115.61727264628264 89.66506350785494
      vertex -9.351928141418597 -106.71398255399306 89.66506350785494
      vertex -9.527739572054372 -106.63326746591076 89.76576946675777
    endloop
  endfacet
  facet normal 0.47851563190802254 -0.24514139885260938 0.8431657515508156
    outer loop
      vertex -13.753094705550538 -115.70810608830715 89.54788011312485
      vertex -9.184762366382557 -106.79072841862533 89.54788011312485
      vertex -9.351928141418597 -106.71398255399306 89.66506350785494
    endloop
  endfacet
  facet normal 0.5421179386251043 -0.2777245735687797 0.7930808293338751
    outer loop
      vertex -13.60263563368629 -115.79355041619827 89.41511110961437
      vertex -9.027514474240604 -106.86292097982056 89.41511110961437
      vertex -9.184762366382557 -106.79072841862533 89.54788011312485
    endloop
  endfacet
  facet normal 0.6015828579748735 -0.30818818340726095 0.7369654731389493
    outer loop
      vertex -13.462811345639409 -115.87295534783178 89.26776695251465
      vertex -8.881381214921674 -106.93001080927606 89.26776695251465
      vertex -9.027514474240604 -106.86292097982056 89.41511110961437
    endloop
  endfacet
  facet normal 0.8891615950604975 -0.4555134726738552 0.043579055543650984
    outer loop
      vertex -12.82608695652172 -116.23454529256529 87.5
      vertex -8.215927368745682 -107.23552089820808 87.5
      vertex -8.224573017574329 -107.23155167786666 87.71788935363293
    endloop
  endfacet
  facet normal 0.8824068989439733 -0.45205307233494435 0.13040737896537127
    outer loop
      vertex -12.834359349116014 -116.22984747663094 87.71788935363293
      vertex -8.224573017574329 -107.23155167786666 87.71788935363293
      vertex -8.250444176127985 -107.21967422010468 87.93412044644356
    endloop
  endfacet
  facet normal 0.8488859213441234 -0.43488042677900135 0.30045250364783543
    outer loop
      vertex -12.90016124429907 -116.19247918345847 88.1470476090908
      vertex -8.29334394104393 -107.19997892332347 88.1470476090908
      vertex -8.35294583056708 -107.17261567540874 88.355050355196
    endloop
  endfacet
  facet normal 0.8689480766260382 -0.4451581783964276 0.2162485522140746
    outer loop
      vertex -12.859113579210998 -116.2157897762429 87.93412044644356
      vertex -8.250444176127985 -107.21967422010468 87.93412044644356
      vertex -8.29334394104393 -107.19997892332347 88.1470476090908
    endloop
  endfacet
  facet normal 0.8223708491180952 -0.4212968749308653 0.3823808699376448
    outer loop
      vertex -12.957189957732723 -116.16009309979162 88.355050355196
      vertex -8.35294583056708 -107.17261567540874 88.355050355196
      vertex -8.428796222143077 -107.13779273463066 88.55654565244913
    endloop
  endfacet
  facet normal 0.6564594766291749 -0.33630122750485236 0.6752499092354469
    outer loop
      vertex -13.33468599163966 -115.94571656204556 89.10696902126074
      vertex -8.747474753870378 -106.9914873114549 89.10696902126074
      vertex -8.881381214921674 -106.93001080927606 89.26776695251465
    endloop
  endfacet
  facet normal 0.7508250582091092 -0.38464428910935 0.536945530590255
    outer loop
      vertex -13.117336080126123 -116.06914758469088 88.75
      vertex -8.520317859844198 -107.09577511938366 88.75
      vertex -8.626814201410454 -107.04688261245803 88.93394108861685
    endloop
  endfacet
  facet normal 0.7063324528160713 -0.36185092814608005 0.6084064200011803
    outer loop
      vertex -13.21923468423924 -116.01128030135854 88.93394108861685
      vertex -8.626814201410454 -107.04688261245803 88.93394108861685
      vertex -8.747474753870378 -106.9914873114549 89.10696902126074
    endloop
  endfacet
  facet normal 0.7896018034302587 -0.40450944070024125 0.46141207656937333
    outer loop
      vertex -13.029765681080178 -116.11887801168959 88.55654565244913
      vertex -8.428796222143077 -107.13779273463066 88.55654565244913
      vertex -8.520317859844198 -107.09577511938366 88.75
    endloop
  endfacet
  facet normal -0.6258513217497094 0.25532726933335226 0.7369654731389494
    outer loop
      vertex -12.09447661326135 -105.45487761028005 89.26776695251465
      vertex -11.94834335394242 -105.52196743973555 89.41511110961437
      vertex -8.413785415606725 -96.43286653790548 89.26776695251465
    endloop
  endfacet
  facet normal -0.6829417189621114 0.27861832060835184 0.6752499092354312
    outer loop
      vertex -12.228383074312646 -105.39340110810122 89.10696902126074
      vertex -12.09447661326135 -105.45487761028005 89.26776695251465
      vertex -8.552481399283053 -96.38312998451178 89.10696902126074
    endloop
  endfacet
  facet normal -0.5639875271295053 0.23008882499034633 0.7930808293338751
    outer loop
      vertex -11.94834335394242 -105.52196743973555 89.41511110961437
      vertex -11.791095461800467 -105.59416000093077 89.54788011312485
      vertex -8.262425309530144 -96.4871444614474 89.41511110961437
    endloop
  endfacet
  facet normal -0.49781943873148365 0.20309436681705106 0.8431657515508155
    outer loop
      vertex -11.791095461800467 -105.59416000093077 89.54788011312485
      vertex -11.623929686764427 -105.67090586556304 89.66506350785494
      vertex -8.099553026068762 -96.54555066621276 89.54788011312485
    endloop
  endfacet
  facet normal -0.42784978406329355 0.174548991515005 0.8868355043851638
    outer loop
      vertex -11.623929686764427 -105.67090586556304 89.66506350785494
      vertex -11.448118256128652 -105.75162095364536 89.76576946675777
      vertex -7.926408120112697 -96.60764064626603 89.66506350785494
    endloop
  endfacet
  facet normal -0.3546110344251378 0.1446699302992845 0.9237540936478355
    outer loop
      vertex -11.448118256128652 -105.75162095364536 89.76576946675777
      vertex -11.264999205433043 -105.83569097260255 89.84923154860735
      vertex -7.744308323567182 -96.67294186129621 89.76576946675777
    endloop
  endfacet
  facet normal -0.2786615184999014 0.11368496336789602 0.9536369787352885
    outer loop
      vertex -11.264999205433043 -105.83569097260255 89.84923154860735
      vertex -11.075966181198169 -105.92247609883927 89.91481456905603
      vertex -7.5546395303909435 -96.74095732799455 89.84923154860735
    endloop
  endfacet
  facet normal -0.2005808417014885 0.08183055114279618 0.976253597607706
    outer loop
      vertex -11.075966181198169 -105.92247609883927 89.91481456905603
      vertex -10.882457844165913 -106.01131584271562 89.96201938390732
      vertex -7.358845234598732 -96.81116940760009 89.91481456905603
    endloop
  endfacet
  facet normal -0.9250312773056677 0.3773830970302785 0.04357905554369273
    outer loop
      vertex -12.751284810608695 -105.15333674168946 87.71788935363293
      vertex -9.094086114337486 -96.18890985560412 87.71788935363293
      vertex -9.103040997913652 -96.1856986231422 87.5
    endloop
  endfacet
  facet normal -0.9180040898841922 0.3745162299117364 0.13040737896528382
    outer loop
      vertex -12.725413652055039 -105.16521419945144 87.93412044644356
      vertex -9.06728960462263 -96.1985191175371 87.93412044644356
      vertex -9.094086114337486 -96.18890985560412 87.71788935363293
    endloop
  endfacet
  facet normal -0.9040023249980591 0.3688039588499324 0.21624855221416148
    outer loop
      vertex -12.682513887139095 -105.18490949623265 88.1470476090908
      vertex -9.022855414907 -96.21445327360074 88.1470476090908
      vertex -9.06728960462263 -96.1985191175371 87.93412044644356
    endloop
  endfacet
  facet normal -0.8831308419864103 0.360289063092577 0.30045250364782633
    outer loop
      vertex -12.622911997615944 -105.21227274414738 88.355050355196
      vertex -8.961121704438668 -96.2365910594653 88.355050355196
      vertex -9.022855414907 -96.21445327360074 88.1470476090908
    endloop
  endfacet
  facet normal -0.8555461248041423 0.3490353830751073 0.38238086993759
    outer loop
      vertex -12.547061606039946 -105.24709568492544 88.55654565244913
      vertex -8.882558320795539 -96.26476398720108 88.55654565244913
      vertex -8.961121704438668 -96.2365910594653 88.355050355196
    endloop
  endfacet
  facet normal -0.8214551425157496 0.3351273555387072 0.46141207656937466
    outer loop
      vertex -12.455539968338826 -105.28911330017246 88.75
      vertex -8.7877631670071 -96.29875764803316 88.75
      vertex -8.882558320795539 -96.26476398720108 88.55654565244913
    endloop
  endfacet
  facet normal -0.7811141039903138 0.31866950548579914 0.5369455305902504
    outer loop
      vertex -12.34904362677257 -105.33800580709809 88.93394108861685
      vertex -8.677457699029688 -96.33831332695229 88.93394108861685
      vertex -8.7877631670071 -96.29875764803316 88.75
    endloop
  endfacet
  facet normal -0.7348266216855792 0.2997856970628312 0.6084064200012282
    outer loop
      vertex -12.228383074312646 -105.39340110810122 89.10696902126074
      vertex -8.552481399283053 -96.38312998451178 89.10696902126074
      vertex -8.677457699029688 -96.33831332695229 88.93394108861685
    endloop
  endfacet
  facet normal -0.12096574250512752 0.04935014378553533 0.991429196891301
    outer loop
      vertex -10.882457844165913 -106.01131584271562 89.96201938390732
      vertex -10.685946893358874 -106.10153408760542 89.99048674851656
      vertex -7.158415554480641 -96.88304374182842 89.96201938390732
    endloop
  endfacet
  facet normal -0.04042501805040285 0.01649211100602038 0.9990464594753288
    outer loop
      vertex -10.685946893358874 -106.10153408760542 89.99048674851656
      vertex -10.487928914091512 -106.19244420977806 90
      vertex -6.954875864077579 -96.95603332963864 89.99048674851656
    endloop
  endfacet
  facet normal 0.04042501805040285 -0.016492111006020372 0.9990464594753288
    outer loop
      vertex -10.487928914091512 -106.19244420977806 90
      vertex -10.28991093482415 -106.2833543319507 89.99048674851656
      vertex -6.749775242311742 -97.02958266938987 90
    endloop
  endfacet
  facet normal 0.1209657425051275 -0.04935014378553544 0.991429196891301
    outer loop
      vertex -10.28991093482415 -106.2833543319507 89.99048674851656
      vertex -10.093399984017111 -106.3735725768405 89.96201938390732
      vertex -6.544674620545891 -97.10313200914109 89.99048674851656
    endloop
  endfacet
  facet normal 0.20058084170148852 -0.0818305511427961 0.976253597607706
    outer loop
      vertex -10.093399984017111 -106.3735725768405 89.96201938390732
      vertex -9.899891646984855 -106.46241232071685 89.91481456905603
      vertex -6.341134930142843 -97.17612159695132 89.96201938390732
    endloop
  endfacet
  facet normal 0.27866151849990795 -0.11368496336789885 0.9536369787352864
    outer loop
      vertex -9.899891646984855 -106.46241232071685 89.91481456905603
      vertex -9.710858622749981 -106.54919744695356 89.84923154860735
      vertex -6.140705250024737 -97.24799593117964 89.91481456905603
    endloop
  endfacet
  facet normal 0.3546110344251298 -0.1446699302992808 0.923754093647839
    outer loop
      vertex -9.710858622749981 -106.54919744695356 89.84923154860735
      vertex -9.527739572054372 -106.63326746591076 89.76576946675777
      vertex -5.94491095423254 -97.31820801078518 89.84923154860735
    endloop
  endfacet
  facet normal 0.4278497840633029 -0.17454899151500888 0.8868355043851585
    outer loop
      vertex -9.527739572054372 -106.63326746591076 89.76576946675777
      vertex -9.351928141418597 -106.71398255399306 89.66506350785494
      vertex -5.755242161056287 -97.38622347748353 89.76576946675777
    endloop
  endfacet
  facet normal 0.49781943873148365 -0.20309436681705093 0.8431657515508155
    outer loop
      vertex -9.351928141418597 -106.71398255399306 89.66506350785494
      vertex -9.184762366382557 -106.79072841862533 89.54788011312485
      vertex -5.5731423645107725 -97.4515246925137 89.66506350785494
    endloop
  endfacet
  facet normal 0.5639875271295053 -0.2300888249903463 0.7930808293338751
    outer loop
      vertex -9.184762366382557 -106.79072841862533 89.54788011312485
      vertex -9.027514474240604 -106.86292097982056 89.41511110961437
      vertex -5.399997458554708 -97.51361467256697 89.54788011312485
    endloop
  endfacet
  facet normal 0.8555461248041243 -0.34903538307509946 0.38238086993763715
    outer loop
      vertex -8.428796222143077 -107.13779273463066 88.55654565244913
      vertex -8.35294583056708 -107.17261567540874 88.355050355196
      vertex -4.616992163827945 -97.79440135157864 88.55654565244913
    endloop
  endfacet
  facet normal 0.6829417189621005 -0.27861832060834635 0.6752499092354445
    outer loop
      vertex -8.881381214921674 -106.93001080927606 89.26776695251465
      vertex -8.747474753870378 -106.9914873114549 89.10696902126074
      vertex -5.085765069016745 -97.62629880087425 89.26776695251465
    endloop
  endfacet
  facet normal 0.6258513217497095 -0.2553272693333521 0.7369654731389494
    outer loop
      vertex -8.881381214921674 -106.93001080927606 89.26776695251465
      vertex -5.237125175093325 -97.57202087733233 89.41511110961437
      vertex -9.027514474240604 -106.86292097982056 89.41511110961437
    endloop
  endfacet
  facet normal 0.7811141039903111 -0.31866950548579953 0.5369455305902537
    outer loop
      vertex -8.626814201410454 -107.04688261245803 88.93394108861685
      vertex -8.520317859844198 -107.09577511938366 88.75
      vertex -4.822092785593782 -97.72085201182743 88.93394108861685
    endloop
  endfacet
  facet normal 0.734826621685612 -0.29978569706284364 0.6084064200011826
    outer loop
      vertex -8.626814201410454 -107.04688261245803 88.93394108861685
      vertex -4.9470690853404164 -97.67603535426795 89.10696902126074
      vertex -8.747474753870378 -106.9914873114549 89.10696902126074
    endloop
  endfacet
  facet normal 0.8214551425157486 -0.3351273555387075 0.4614120765693763
    outer loop
      vertex -8.520317859844198 -107.09577511938366 88.75
      vertex -8.428796222143077 -107.13779273463066 88.55654565244913
      vertex -4.711787317616384 -97.76040769074658 88.75
    endloop
  endfacet
  facet normal -0.6829417189620975 0.2786183206083467 0.6752499092354475
    outer loop
      vertex -12.09447661326135 -105.45487761028005 89.26776695251465
      vertex -8.413785415606725 -96.43286653790548 89.26776695251465
      vertex -8.552481399283053 -96.38312998451178 89.10696902126074
    endloop
  endfacet
  facet normal -0.6258513217497443 0.2553272693333653 0.7369654731389154
    outer loop
      vertex -11.94834335394242 -105.52196743973555 89.41511110961437
      vertex -8.262425309530144 -96.4871444614474 89.41511110961437
      vertex -8.413785415606725 -96.43286653790548 89.26776695251465
    endloop
  endfacet
  facet normal -0.5639875271294754 0.23008882499033512 0.7930808293338997
    outer loop
      vertex -11.791095461800467 -105.59416000093077 89.54788011312485
      vertex -8.099553026068762 -96.54555066621276 89.54788011312485
      vertex -8.262425309530144 -96.4871444614474 89.41511110961437
    endloop
  endfacet
  facet normal -0.4978194387315092 0.20309436681706067 0.8431657515507982
    outer loop
      vertex -11.623929686764427 -105.67090586556304 89.66506350785494
      vertex -7.926408120112697 -96.60764064626603 89.66506350785494
      vertex -8.099553026068762 -96.54555066621276 89.54788011312485
    endloop
  endfacet
  facet normal -0.42784978406328644 0.1745489915150023 0.8868355043851677
    outer loop
      vertex -11.448118256128652 -105.75162095364536 89.76576946675777
      vertex -7.744308323567182 -96.67294186129621 89.76576946675777
      vertex -7.926408120112697 -96.60764064626603 89.66506350785494
    endloop
  endfacet
  facet normal -0.3546110344251377 0.14466993029928446 0.9237540936478355
    outer loop
      vertex -11.264999205433043 -105.83569097260255 89.84923154860735
      vertex -7.5546395303909435 -96.74095732799455 89.84923154860735
      vertex -7.744308323567182 -96.67294186129621 89.76576946675777
    endloop
  endfacet
  facet normal -0.2786615184999111 0.11368496336789975 0.9536369787352853
    outer loop
      vertex -11.075966181198169 -105.92247609883927 89.91481456905603
      vertex -7.358845234598732 -96.81116940760009 89.91481456905603
      vertex -7.5546395303909435 -96.74095732799455 89.84923154860735
    endloop
  endfacet
  facet normal -0.20058084170148557 0.08183055114279507 0.9762535976077067
    outer loop
      vertex -10.882457844165913 -106.01131584271562 89.96201938390732
      vertex -7.158415554480641 -96.88304374182842 89.96201938390732
      vertex -7.358845234598732 -96.81116940760009 89.91481456905603
    endloop
  endfacet
  facet normal -0.12096574250512866 0.049350143785535774 0.9914291968913008
    outer loop
      vertex -10.685946893358874 -106.10153408760542 89.99048674851656
      vertex -6.954875864077579 -96.95603332963864 89.99048674851656
      vertex -7.158415554480641 -96.88304374182842 89.96201938390732
    endloop
  endfacet
  facet normal -0.040425018050402974 0.016492111006020424 0.9990464594753288
    outer loop
      vertex -10.487928914091512 -106.19244420977806 90
      vertex -6.749775242311742 -97.02958266938987 90
      vertex -6.954875864077579 -96.95603332963864 89.99048674851656
    endloop
  endfacet
  facet normal 0.04042501805040067 -0.01649211100601954 0.9990464594753289
    outer loop
      vertex -10.28991093482415 -106.2833543319507 89.99048674851656
      vertex -6.544674620545891 -97.10313200914109 89.99048674851656
      vertex -6.749775242311742 -97.02958266938987 90
    endloop
  endfacet
  facet normal 0.12096574250513613 -0.049350143785538744 0.9914291968912997
    outer loop
      vertex -10.093399984017111 -106.3735725768405 89.96201938390732
      vertex -6.341134930142843 -97.17612159695132 89.96201938390732
      vertex -6.544674620545891 -97.10313200914109 89.99048674851656
    endloop
  endfacet
  facet normal 0.2005808417014735 -0.08183055114279035 0.9762535976077096
    outer loop
      vertex -9.899891646984855 -106.46241232071685 89.91481456905603
      vertex -6.140705250024737 -97.24799593117964 89.91481456905603
      vertex -6.341134930142843 -97.17612159695132 89.96201938390732
    endloop
  endfacet
  facet normal 0.27866151849992715 -0.11368496336790618 0.9536369787352798
    outer loop
      vertex -9.710858622749981 -106.54919744695356 89.84923154860735
      vertex -5.94491095423254 -97.31820801078518 89.84923154860735
      vertex -6.140705250024737 -97.24799593117964 89.91481456905603
    endloop
  endfacet
  facet normal -0.9540510540166545 0.29645817959305815 0.04357905554369565
    outer loop
      vertex -9.103040997913652 -96.1856986231422 87.5
      vertex -9.094086114337486 -96.18890985560412 87.71788935363293
      vertex -6.230324118785987 -86.94082445510504 87.5
    endloop
  endfacet
  facet normal -0.9468034119847449 0.2942060749975269 0.130407378965283
    outer loop
      vertex -9.094086114337486 -96.18890985560412 87.71788935363293
      vertex -9.06728960462263 -96.1985191175371 87.93412044644356
      vertex -6.221126311848835 -86.94325392034126 87.71788935363293
    endloop
  endfacet
  facet normal -0.9323623883399907 0.2897187264817861 0.2162485522141608
    outer loop
      vertex -9.06728960462263 -96.1985191175371 87.93412044644356
      vertex -9.022855414907 -96.21445327360074 88.1470476090908
      vertex -6.193602880544475 -86.95052382935239 87.93412044644356
    endloop
  endfacet
  facet normal -0.9108361320342013 0.2830297398379353 0.3004525036478239
    outer loop
      vertex -9.022855414907 -96.21445327360074 88.1470476090908
      vertex -8.961121704438668 -96.2365910594653 88.355050355196
      vertex -6.147963303554192 -86.96257885143001 88.1470476090908
    endloop
  endfacet
  facet normal -0.8823860361853896 0.2741892657468706 0.38238086993759046
    outer loop
      vertex -8.961121704438668 -96.2365910594653 88.355050355196
      vertex -8.882558320795539 -96.26476398720108 88.55654565244913
      vertex -6.084554913531846 -86.97932724376916 88.355050355196
    endloop
  endfacet
  facet normal -0.847225562823411 0.26326363458422297 0.46141207656937117
    outer loop
      vertex -8.882558320795539 -96.26476398720108 88.55654565244913
      vertex -8.7877631670071 -96.29875764803316 88.75
      vertex -6.003860303832738 -87.00064153644271 88.55654565244913
    endloop
  endfacet
  facet normal -0.8056189585176343 0.2503349573194059 0.5369455305902576
    outer loop
      vertex -8.7877631670071 -96.29875764803316 88.75
      vertex -8.677457699029688 -96.33831332695229 88.93394108861685
      vertex -5.906493597084577 -87.02635951800342 88.75
    endloop
  endfacet
  facet normal -0.9540510540166555 0.29645817959305804 0.043579055543679406
    outer loop
      vertex -9.094086114337486 -96.18890985560412 87.71788935363293
      vertex -6.221126311848835 -86.94325392034126 87.71788935363293
      vertex -6.230324118785987 -86.94082445510504 87.5
    endloop
  endfacet
  facet normal -0.9468034119847354 0.29420607499752555 0.13040737896535518
    outer loop
      vertex -9.06728960462263 -96.1985191175371 87.93412044644356
      vertex -6.193602880544475 -86.95052382935239 87.93412044644356
      vertex -6.221126311848835 -86.94325392034126 87.71788935363293
    endloop
  endfacet
  facet normal -0.7578793605559003 0.2355005370369112 0.6084064200012241
    outer loop
      vertex -8.677457699029688 -96.33831332695229 88.93394108861685
      vertex -8.552481399283053 -96.38312998451178 89.10696902126074
      vertex -5.793195820520552 -87.05628545702156 88.93394108861685
    endloop
  endfacet
  facet normal -0.7043667417447025 0.21887223031135897 0.6752499092354496
    outer loop
      vertex -8.552481399283053 -96.38312998451178 89.10696902126074
      vertex -8.413785415606725 -96.43286653790548 89.26776695251465
      vertex -5.664829229596947 -87.09019160141776 89.10696902126074
    endloop
  endfacet
  facet normal -0.645485323385185 0.20057564332554806 0.7369654731389157
    outer loop
      vertex -8.413785415606725 -96.43286653790548 89.26776695251465
      vertex -8.262425309530144 -96.4871444614474 89.41511110961437
      vertex -5.522370774390481 -87.12781990421783 89.26776695251465
    endloop
  endfacet
  facet normal -0.5816807581656749 0.18074925649324405 0.7930808293338991
    outer loop
      vertex -8.262425309530144 -96.4871444614474 89.41511110961437
      vertex -8.099553026068762 -96.54555066621276 89.54788011312485
      vertex -5.366904651147294 -87.16888399095156 89.41511110961437
    endloop
  endfacet
  facet normal 0.9180040898841813 -0.3745162299117336 0.13040737896537022
    outer loop
      vertex -8.224573017574329 -107.23155167786666 87.71788935363293
      vertex -4.432260880000854 -97.86064622124263 87.93412044644356
      vertex -8.250444176127985 -107.21967422010468 87.93412044644356
    endloop
  endfacet
  facet normal 0.9250312773056697 -0.3773830970302782 0.04357905554365141
    outer loop
      vertex -8.215927368745682 -107.23552089820808 87.5
      vertex -4.4054643702859835 -97.87025548317561 87.71788935363293
      vertex -8.224573017574329 -107.23155167786666 87.71788935363293
    endloop
  endfacet
  facet normal 0.9040023249980772 -0.3688039588499381 0.2162485522140766
    outer loop
      vertex -8.29334394104393 -107.19997892332347 88.1470476090908
      vertex -8.250444176127985 -107.21967422010468 87.93412044644356
      vertex -4.47669506971647 -97.84471206517898 88.1470476090908
    endloop
  endfacet
  facet normal 0.8831308419864075 -0.36028906309257525 0.30045250364783693
    outer loop
      vertex -8.29334394104393 -107.19997892332347 88.1470476090908
      vertex -4.538428780184802 -97.82257427931444 88.355050355196
      vertex -8.35294583056708 -107.17261567540874 88.355050355196
    endloop
  endfacet
  facet normal 0.5639875271294753 -0.23008882499033506 0.7930808293338998
    outer loop
      vertex -9.027514474240604 -106.86292097982056 89.41511110961437
      vertex -5.237125175093325 -97.57202087733233 89.41511110961437
      vertex -5.399997458554708 -97.51361467256697 89.54788011312485
    endloop
  endfacet
  facet normal 0.8555461248041145 -0.3490353830750961 0.38238086993766246
    outer loop
      vertex -8.35294583056708 -107.17261567540874 88.355050355196
      vertex -4.538428780184802 -97.82257427931444 88.355050355196
      vertex -4.616992163827945 -97.79440135157864 88.55654565244913
    endloop
  endfacet
  facet normal 0.6829417189620967 -0.2786183206083449 0.6752499092354489
    outer loop
      vertex -8.747474753870378 -106.9914873114549 89.10696902126074
      vertex -4.9470690853404164 -97.67603535426795 89.10696902126074
      vertex -5.085765069016745 -97.62629880087425 89.26776695251465
    endloop
  endfacet
  facet normal 0.625851321749745 -0.2553272693333654 0.7369654731389147
    outer loop
      vertex -8.881381214921674 -106.93001080927606 89.26776695251465
      vertex -5.085765069016745 -97.62629880087425 89.26776695251465
      vertex -5.237125175093325 -97.57202087733233 89.41511110961437
    endloop
  endfacet
  facet normal 0.7811141039903284 -0.3186695054858058 0.5369455305902251
    outer loop
      vertex -8.520317859844198 -107.09577511938366 88.75
      vertex -4.711787317616384 -97.76040769074658 88.75
      vertex -4.822092785593782 -97.72085201182743 88.93394108861685
    endloop
  endfacet
  facet normal 0.7348266216855902 -0.2997856970628357 0.6084064200012126
    outer loop
      vertex -8.626814201410454 -107.04688261245803 88.93394108861685
      vertex -4.822092785593782 -97.72085201182743 88.93394108861685
      vertex -4.9470690853404164 -97.67603535426795 89.10696902126074
    endloop
  endfacet
  facet normal 0.8214551425157591 -0.33512735553871126 0.4614120765693545
    outer loop
      vertex -8.428796222143077 -107.13779273463066 88.55654565244913
      vertex -4.616992163827945 -97.79440135157864 88.55654565244913
      vertex -4.711787317616384 -97.76040769074658 88.75
    endloop
  endfacet
  facet normal 0.9250312773056677 -0.3773830970302784 0.04357905554369547
    outer loop
      vertex -8.215927368745682 -107.23552089820808 87.5
      vertex -4.396509486709817 -97.87346671563753 87.5
      vertex -4.4054643702859835 -97.87025548317561 87.71788935363293
    endloop
  endfacet
  facet normal 0.9180040898841847 -0.37451622991173433 0.13040737896534446
    outer loop
      vertex -8.224573017574329 -107.23155167786666 87.71788935363293
      vertex -4.4054643702859835 -97.87025548317561 87.71788935363293
      vertex -4.432260880000854 -97.86064622124263 87.93412044644356
    endloop
  endfacet
  facet normal 0.8831308419864178 -0.36028906309257863 0.3004525036478024
    outer loop
      vertex -8.29334394104393 -107.19997892332347 88.1470476090908
      vertex -4.47669506971647 -97.84471206517898 88.1470476090908
      vertex -4.538428780184802 -97.82257427931444 88.355050355196
    endloop
  endfacet
  facet normal 0.9040023249980655 -0.3688039588499346 0.21624855221413064
    outer loop
      vertex -8.250444176127985 -107.21967422010468 87.93412044644356
      vertex -4.432260880000854 -97.86064622124263 87.93412044644356
      vertex -4.47669506971647 -97.84471206517898 88.1470476090908
    endloop
  endfacet
  facet normal 0.3546110344251174 -0.14466993029927608 0.9237540936478446
    outer loop
      vertex -9.527739572054372 -106.63326746591076 89.76576946675777
      vertex -5.755242161056287 -97.38622347748353 89.76576946675777
      vertex -5.94491095423254 -97.31820801078518 89.84923154860735
    endloop
  endfacet
  facet normal 0.4278497840632871 -0.17454899151500294 0.8868355043851672
    outer loop
      vertex -9.351928141418597 -106.71398255399306 89.66506350785494
      vertex -5.5731423645107725 -97.4515246925137 89.66506350785494
      vertex -5.755242161056287 -97.38622347748353 89.76576946675777
    endloop
  endfacet
  facet normal 0.4978194387315085 -0.2030943668170603 0.8431657515507985
    outer loop
      vertex -9.184762366382557 -106.79072841862533 89.54788011312485
      vertex -5.399997458554708 -97.51361467256697 89.54788011312485
      vertex -5.5731423645107725 -97.4515246925137 89.66506350785494
    endloop
  endfacet
  facet normal -0.5134368662810452 0.15954341025337418 0.8431657515507988
    outer loop
      vertex -8.099553026068762 -96.54555066621276 89.54788011312485
      vertex -7.926408120112697 -96.60764064626603 89.66506350785494
      vertex -5.199614054239987 -87.2130713382516 89.54788011312485
    endloop
  endfacet
  facet normal -0.4412721466406097 0.1371192209761056 0.8868355043851673
    outer loop
      vertex -7.926408120112697 -96.60764064626603 89.66506350785494
      vertex -7.744308323567182 -96.67294186129621 89.76576946675777
      vertex -5.021772164550285 -87.26004565413959 89.66506350785494
    endloop
  endfacet
  facet normal -0.3657357750590366 0.11364733745597363 0.9237540936478356
    outer loop
      vertex -7.744308323567182 -96.67294186129621 89.76576946675777
      vertex -7.5546395303909435 -96.74095732799455 89.84923154860735
      vertex -4.834732460719877 -87.30944943716648 89.76576946675777
    endloop
  endfacet
  facet normal -0.28740359592281106 0.08930669537763343 0.953636978735286
    outer loop
      vertex -7.5546395303909435 -96.74095732799455 89.84923154860735
      vertex -7.358845234598732 -96.81116940760009 89.91481456905603
      vertex -4.6399184325082246 -87.36090669347766 89.84923154860735
    endloop
  endfacet
  facet normal -0.20687339783605668 0.06428304928809117 0.9762535976077064
    outer loop
      vertex -7.358845234598732 -96.81116940760009 89.91481456905603
      vertex -7.158415554480641 -96.88304374182842 89.96201938390732
      vertex -4.438812732274755 -87.41402580228899 89.91481456905603
    endloop
  endfacet
  facet normal -0.12476063995703096 0.038767644614834965 0.991429196891301
    outer loop
      vertex -7.158415554480641 -96.88304374182842 89.96201938390732
      vertex -6.954875864077579 -96.95603332963864 89.99048674851656
      vertex -4.232945901453007 -87.46840249362282 89.96201938390732
    endloop
  endfacet
  facet normal -0.041693218408749184 0.012955591400266715 0.9990464594753288
    outer loop
      vertex -6.954875864077579 -96.95603332963864 89.99048674851656
      vertex -6.749775242311742 -97.02958266938987 90
      vertex -4.023884693626755 -87.52362293259526 89.99048674851656
    endloop
  endfacet
  facet normal -0.9323623883400027 0.2897187264817884 0.21624855221410555
    outer loop
      vertex -9.022855414907 -96.21445327360074 88.1470476090908
      vertex -6.147963303554192 -86.96257885143001 88.1470476090908
      vertex -6.193602880544475 -86.95052382935239 87.93412044644356
    endloop
  endfacet
  facet normal -0.9108361320342073 0.2830297398379366 0.30045250364780474
    outer loop
      vertex -8.961121704438668 -96.2365910594653 88.355050355196
      vertex -6.084554913531846 -86.97932724376916 88.355050355196
      vertex -6.147963303554192 -86.96257885143001 88.1470476090908
    endloop
  endfacet
  facet normal -0.8823860361853687 0.2741892657468655 0.38238086993764187
    outer loop
      vertex -8.882558320795539 -96.26476398720108 88.55654565244913
      vertex -6.003860303832738 -87.00064153644271 88.55654565244913
      vertex -6.084554913531846 -86.97932724376916 88.355050355196
    endloop
  endfacet
  facet normal -0.8472255628234221 0.2632636345842258 0.4614120765693489
    outer loop
      vertex -8.7877631670071 -96.29875764803316 88.75
      vertex -5.906493597084577 -87.02635951800342 88.75
      vertex -6.003860303832738 -87.00064153644271 88.55654565244913
    endloop
  endfacet
  facet normal -0.8056189585176339 0.25033495731940586 0.5369455305902586
    outer loop
      vertex -8.677457699029688 -96.33831332695229 88.93394108861685
      vertex -5.793195820520552 -87.05628545702156 88.93394108861685
      vertex -5.906493597084577 -87.02635951800342 88.75
    endloop
  endfacet
  facet normal -0.7578793605559108 0.23550053703691404 0.60840642000121
    outer loop
      vertex -8.552481399283053 -96.38312998451178 89.10696902126074
      vertex -5.664829229596947 -87.09019160141776 89.10696902126074
      vertex -5.793195820520552 -87.05628545702156 88.93394108861685
    endloop
  endfacet
  facet normal -0.7043667417447198 0.2188722303113637 0.67524990923543
    outer loop
      vertex -8.413785415606725 -96.43286653790548 89.26776695251465
      vertex -5.522370774390481 -87.12781990421783 89.26776695251465
      vertex -5.664829229596947 -87.09019160141776 89.10696902126074
    endloop
  endfacet
  facet normal -0.6454853233851521 0.20057564332553884 0.736965473138947
    outer loop
      vertex -8.262425309530144 -96.4871444614474 89.41511110961437
      vertex -5.366904651147294 -87.16888399095156 89.41511110961437
      vertex -5.522370774390481 -87.12781990421783 89.26776695251465
    endloop
  endfacet
  facet normal -0.5816807581656803 0.18074925649324555 0.7930808293338948
    outer loop
      vertex -8.099553026068762 -96.54555066621276 89.54788011312485
      vertex -5.199614054239987 -87.2130713382516 89.54788011312485
      vertex -5.366904651147294 -87.16888399095156 89.41511110961437
    endloop
  endfacet
  facet normal -0.5134368662810497 0.15954341025337543 0.8431657515507961
    outer loop
      vertex -7.926408120112697 -96.60764064626603 89.66506350785494
      vertex -5.021772164550285 -87.26004565413959 89.66506350785494
      vertex -5.199614054239987 -87.2130713382516 89.54788011312485
    endloop
  endfacet
  facet normal -0.44127214664061293 0.1371192209761065 0.8868355043851657
    outer loop
      vertex -7.744308323567182 -96.67294186129621 89.76576946675777
      vertex -4.834732460719877 -87.30944943716648 89.76576946675777
      vertex -5.021772164550285 -87.26004565413959 89.66506350785494
    endloop
  endfacet
  facet normal 0.041693218408746575 -0.012955591400265937 0.9990464594753289
    outer loop
      vertex -6.544674620545891 -97.10313200914109 89.99048674851656
      vertex -3.8132202103145687 -87.57926685317412 90
      vertex -6.749775242311742 -97.02958266938987 90
    endloop
  endfacet
  facet normal 0.12476063995703866 -0.03876764461483729 0.9914291968912998
    outer loop
      vertex -6.544674620545891 -97.10313200914109 89.99048674851656
      vertex -6.341134930142843 -97.17612159695132 89.96201938390732
      vertex -3.6025557270023825 -87.63491077375296 89.99048674851656
    endloop
  endfacet
  facet normal 0.20687339783604403 -0.06428304928808734 0.9762535976077092
    outer loop
      vertex -6.341134930142843 -97.17612159695132 89.96201938390732
      vertex -6.140705250024737 -97.24799593117964 89.91481456905603
      vertex -3.39349451917613 -87.6901312127254 89.96201938390732
    endloop
  endfacet
  facet normal 0.2874035959228282 -0.08930669537763838 0.9536369787352803
    outer loop
      vertex -6.140705250024737 -97.24799593117964 89.91481456905603
      vertex -5.94491095423254 -97.31820801078518 89.84923154860735
      vertex -3.1876276883543824 -87.74450790405922 89.91481456905603
    endloop
  endfacet
  facet normal 0.36573577505901533 -0.11364733745596753 0.9237540936478447
    outer loop
      vertex -5.94491095423254 -97.31820801078518 89.84923154860735
      vertex -5.755242161056287 -97.38622347748353 89.76576946675777
      vertex -2.986521988120913 -87.79762701287056 89.84923154860735
    endloop
  endfacet
  facet normal 0.44127214664060976 -0.13711922097610546 0.8868355043851675
    outer loop
      vertex -5.755242161056287 -97.38622347748353 89.76576946675777
      vertex -5.5731423645107725 -97.4515246925137 89.66506350785494
      vertex -2.7917079599092602 -87.84908426918173 89.76576946675777
    endloop
  endfacet
  facet normal 0.5134368662810453 -0.15954341025337423 0.843165751550799
    outer loop
      vertex -5.5731423645107725 -97.4515246925137 89.66506350785494
      vertex -5.399997458554708 -97.51361467256697 89.54788011312485
      vertex -2.6046682560788526 -87.89848805220865 89.66506350785494
    endloop
  endfacet
  facet normal -0.3657357750590305 0.1136473374559719 0.923754093647838
    outer loop
      vertex -7.5546395303909435 -96.74095732799455 89.84923154860735
      vertex -4.6399184325082246 -87.36090669347766 89.84923154860735
      vertex -4.834732460719877 -87.30944943716648 89.76576946675777
    endloop
  endfacet
  facet normal -0.28740359592280773 0.08930669537763247 0.9536369787352869
    outer loop
      vertex -7.358845234598732 -96.81116940760009 89.91481456905603
      vertex -4.438812732274755 -87.41402580228899 89.91481456905603
      vertex -4.6399184325082246 -87.36090669347766 89.84923154860735
    endloop
  endfacet
  facet normal -0.20687339783605807 0.06428304928809157 0.976253597607706
    outer loop
      vertex -7.158415554480641 -96.88304374182842 89.96201938390732
      vertex -4.232945901453007 -87.46840249362282 89.96201938390732
      vertex -4.438812732274755 -87.41402580228899 89.91481456905603
    endloop
  endfacet
  facet normal -0.12476063995703202 0.03876764461483527 0.9914291968913008
    outer loop
      vertex -6.954875864077579 -96.95603332963864 89.99048674851656
      vertex -4.023884693626755 -87.52362293259526 89.99048674851656
      vertex -4.232945901453007 -87.46840249362282 89.96201938390732
    endloop
  endfacet
  facet normal -0.04169321840874781 0.01295559140026632 0.9990464594753288
    outer loop
      vertex -6.749775242311742 -97.02958266938987 90
      vertex -3.8132202103145687 -87.57926685317412 90
      vertex -4.023884693626755 -87.52362293259526 89.99048674851656
    endloop
  endfacet
  facet normal 0.04169321840874857 -0.012955591400266506 0.9990464594753288
    outer loop
      vertex -6.544674620545891 -97.10313200914109 89.99048674851656
      vertex -3.6025557270023825 -87.63491077375296 89.99048674851656
      vertex -3.8132202103145687 -87.57926685317412 90
    endloop
  endfacet
  facet normal -0.9760060322120289 0.2133379736560126 0.04357905554367479
    outer loop
      vertex -6.230324118785987 -86.94082445510504 87.5
      vertex -6.221126311848835 -86.94325392034126 87.71788935363293
      vertex -4.163052442484869 -77.48320379942062 87.5
    endloop
  endfacet
  facet normal -0.9685916047422557 0.21171730853713383 0.13040737896535617
    outer loop
      vertex -6.221126311848835 -86.94325392034126 87.71788935363293
      vertex -6.193602880544475 -86.95052382935239 87.93412044644356
      vertex -4.153679822433574 -77.48483350711254 87.71788935363293
    endloop
  endfacet
  facet normal -0.9538182588827891 0.20848811162055877 0.2162485522141081
    outer loop
      vertex -6.193602880544475 -86.95052382935239 87.93412044644356
      vertex -6.147963303554192 -86.96257885143001 88.1470476090908
      vertex -4.125633282004273 -77.48971022914108 87.93412044644356
    endloop
  endfacet
  facet normal -0.9317966323493411 0.20367456639009746 0.300452503647802
    outer loop
      vertex -6.147963303554192 -86.96257885143001 88.1470476090908
      vertex -6.084554913531846 -86.97932724376916 88.355050355196
      vertex -4.079126281220866 -77.49779684915661 88.1470476090908
    endloop
  endfacet
  facet normal -0.9026918322984702 0.19731276240365708 0.3823808699376428
    outer loop
      vertex -6.084554913531846 -86.97932724376916 88.355050355196
      vertex -6.003860303832738 -87.00064153644271 88.55654565244913
      vertex -4.0145127541263435 -77.50903182523925 88.355050355196
    endloop
  endfacet
  facet normal -0.866722233027851 0.18945043249139212 0.4614120765693502
    outer loop
      vertex -6.003860303832738 -87.00064153644271 88.55654565244913
      vertex -5.906493597084577 -87.02635951800342 88.75
      vertex -3.9322844662240897 -77.52332964938599 88.55654565244913
    endloop
  endfacet
  facet normal -0.8241581620472237 0.18014666555362252 0.5369455305902577
    outer loop
      vertex -5.906493597084577 -87.02635951800342 88.75
      vertex -5.793195820520552 -87.05628545702156 88.93394108861685
      vertex -3.8330672121294924 -77.54058150866163 88.75
    endloop
  endfacet
  facet normal -0.775319962676393 0.16947148307839927 0.6084064200012064
    outer loop
      vertex -5.793195820520552 -87.05628545702156 88.93394108861685
      vertex -5.664829229596947 -87.09019160141776 89.10696902126074
      vertex -3.7176161030067334 -77.56065610461752 88.93394108861685
    endloop
  endfacet
  facet normal -0.7205758915501129 0.1575053795725724 0.6752499092354325
    outer loop
      vertex -5.664829229596947 -87.09019160141776 89.10696902126074
      vertex -5.522370774390481 -87.12781990421783 89.26776695251465
      vertex -3.5868097823013585 -77.58340065905784 89.10696902126074
    endloop
  endfacet
  facet normal -0.6603394720606257 0.14433874407027422 0.7369654731389456
    outer loop
      vertex -5.522370774390481 -87.12781990421783 89.26776695251465
      vertex -5.366904651147294 -87.16888399095156 89.41511110961437
      vertex -3.4416437679603007 -77.60864207169188 89.26776695251465
    endloop
  endfacet
  facet normal -0.595066612422043 0.13007123019183048 0.7930808293338943
    outer loop
      vertex -5.366904651147294 -87.16888399095156 89.41511110961437
      vertex -5.199614054239987 -87.2130713382516 89.54788011312485
      vertex -3.2832228624158972 -77.63618823988321 89.41511110961437
    endloop
  endfacet
  facet normal -0.9760060322120298 0.21333797365601234 0.04357905554365582
    outer loop
      vertex -6.221126311848835 -86.94325392034126 87.71788935363293
      vertex -4.153679822433574 -77.48483350711254 87.71788935363293
      vertex -4.163052442484869 -77.48320379942062 87.5
    endloop
  endfacet
  facet normal -0.9685916047422541 0.21171730853713377 0.1304073789653683
    outer loop
      vertex -6.193602880544475 -86.95052382935239 87.93412044644356
      vertex -4.125633282004273 -77.48971022914108 87.93412044644356
      vertex -4.153679822433574 -77.48483350711254 87.71788935363293
    endloop
  endfacet
  facet normal -0.953818258882793 0.2084881116205592 0.21624855221409126
    outer loop
      vertex -6.147963303554192 -86.96257885143001 88.1470476090908
      vertex -4.079126281220866 -77.49779684915661 88.1470476090908
      vertex -4.125633282004273 -77.48971022914108 87.93412044644356
    endloop
  endfacet
  facet normal -0.9317966323493432 0.2036745663900978 0.3004525036477956
    outer loop
      vertex -6.084554913531846 -86.97932724376916 88.355050355196
      vertex -4.0145127541263435 -77.50903182523925 88.355050355196
      vertex -4.079126281220866 -77.49779684915661 88.1470476090908
    endloop
  endfacet
  facet normal -0.9026918322984536 0.19731276240365447 0.38238086993768344
    outer loop
      vertex -6.003860303832738 -87.00064153644271 88.55654565244913
      vertex -3.9322844662240897 -77.52332964938599 88.55654565244913
      vertex -4.0145127541263435 -77.50903182523925 88.355050355196
    endloop
  endfacet
  facet normal -0.8667222330278561 0.18945043249139296 0.46141207656934063
    outer loop
      vertex -5.906493597084577 -87.02635951800342 88.75
      vertex -3.8330672121294924 -77.54058150866163 88.75
      vertex -3.9322844662240897 -77.52332964938599 88.55654565244913
    endloop
  endfacet
  facet normal 0.9541966417009324 -0.29650341895385557 0.039931084575011246
    outer loop
      vertex -1.1019374288671315 -99.05490438038426 0
      vertex -1.3961163018431506 -88.21770925124318 87.5
      vertex -4.396509486709817 -97.87346671563753 87.5
    endloop
  endfacet
  facet normal -0.9908848195435569 0.1286576188291857 0.03993108457501131
    outer loop
      vertex -6.403575382554109 -67.58196559252474 0
      vertex -4.163052442484869 -77.48320379942062 87.5
      vertex -2.916534225113182 -67.88287083726644 87.5
    endloop
  endfacet
  facet normal -0.9982771143752818 0.04299199226860704 0.03993108457501127
    outer loop
      vertex -6 -58.21091654199731 0
      vertex -2.916534225113182 -67.88287083726644 87.5
      vertex -2.5 -58.21091654199731 87.5
    endloop
  endfacet
  facet normal 0.9761549702143211 -0.21337052891751776 0.03993108457501138
    outer loop
      vertex 1.9878291700168518 -89.11152860853986 0
      vertex 0.7630341156269083 -78.33974989975054 87.5
      vertex -1.3961163018431506 -88.21770925124318 87.5
    endloop
  endfacet
  facet normal 0.9908848195435569 -0.12865761882918597 0.039931084575011405
    outer loop
      vertex 4.211294706305168 -78.9393321699815 0
      vertex 2.0649531426595615 -68.31273547261173 87.5
      vertex 0.7630341156269083 -78.33974989975054 87.5
    endloop
  endfacet
  facet normal 0.9982771143752818 -0.04299199226860743 0.039931084575011315
    outer loop
      vertex 5.551994300100489 -68.61364071735343 0
      vertex 2.5 -58.21091654199731 87.5
      vertex 2.0649531426595615 -68.31273547261173 87.5
    endloop
  endfacet
  facet normal 0.5816807581656751 -0.18074925649324358 0.7930808293338991
    outer loop
      vertex -5.399997458554708 -97.51361467256697 89.54788011312485
      vertex -5.237125175093325 -97.57202087733233 89.41511110961437
      vertex -2.4268263663891503 -87.94546236809663 89.54788011312485
    endloop
  endfacet
  facet normal 0.6454853233851849 -0.20057564332554828 0.7369654731389156
    outer loop
      vertex -5.237125175093325 -97.57202087733233 89.41511110961437
      vertex -5.085765069016745 -97.62629880087425 89.26776695251465
      vertex -2.259535769481843 -87.98964971539667 89.41511110961437
    endloop
  endfacet
  facet normal 0.7043667417447024 -0.21887223031135944 0.6752499092354496
    outer loop
      vertex -5.085765069016745 -97.62629880087425 89.26776695251465
      vertex -4.9470690853404164 -97.67603535426795 89.10696902126074
      vertex -2.1040696462386563 -88.03071380213038 89.26776695251465
    endloop
  endfacet
  facet normal 0.7578793605559093 -0.23550053703691382 0.6084064200012119
    outer loop
      vertex -4.9470690853404164 -97.67603535426795 89.10696902126074
      vertex -4.822092785593782 -97.72085201182743 88.93394108861685
      vertex -1.9616111910321905 -88.06834210493047 89.10696902126074
    endloop
  endfacet
  facet normal 0.9108361320342067 -0.28302973983793717 0.30045250364780623
    outer loop
      vertex -4.538428780184802 -97.82257427931444 88.355050355196
      vertex -4.47669506971647 -97.84471206517898 88.1470476090908
      vertex -1.541885507097291 -88.17920646257906 88.355050355196
    endloop
  endfacet
  facet normal 0.8823860361853616 -0.274189265746863 0.3823808699376601
    outer loop
      vertex -4.616992163827945 -97.79440135157864 88.55654565244913
      vertex -4.538428780184802 -97.82257427931444 88.355050355196
      vertex -1.6225801167963994 -88.15789216990551 88.55654565244913
    endloop
  endfacet
  facet normal 0.9540510540166545 -0.2964581795930582 0.043579055543695656
    outer loop
      vertex -4.396509486709817 -97.87346671563753 87.5
      vertex -1.4053141087803027 -88.21527978600696 87.71788935363293
      vertex -4.4054643702859835 -97.87025548317561 87.71788935363293
    endloop
  endfacet
  facet normal 0.9468034119847373 -0.29420607499752466 0.13040737896534418
    outer loop
      vertex -4.4054643702859835 -97.87025548317561 87.71788935363293
      vertex -1.4328375400846625 -88.20800987699583 87.93412044644356
      vertex -4.432260880000854 -97.86064622124263 87.93412044644356
    endloop
  endfacet
  facet normal 0.9323623883399997 -0.28971872648178726 0.2162485522141199
    outer loop
      vertex -4.432260880000854 -97.86064622124263 87.93412044644356
      vertex -1.4784771170749451 -88.1959548549182 88.1470476090908
      vertex -4.47669506971647 -97.84471206517898 88.1470476090908
    endloop
  endfacet
  facet normal 0.8056189585176531 -0.2503349573194115 0.5369455305902272
    outer loop
      vertex -4.822092785593782 -97.72085201182743 88.93394108861685
      vertex -4.711787317616384 -97.76040769074658 88.75
      vertex -1.8332446001085856 -88.10224824932666 88.93394108861685
    endloop
  endfacet
  facet normal 0.8472255628234187 -0.26326363458422525 0.461412076569356
    outer loop
      vertex -4.616992163827945 -97.79440135157864 88.55654565244913
      vertex -1.7199468235445607 -88.1321741883448 88.75
      vertex -4.711787317616384 -97.76040769074658 88.75
    endloop
  endfacet
  facet normal 0.12476063995703204 -0.03876764461483538 0.9914291968913008
    outer loop
      vertex -6.341134930142843 -97.17612159695132 89.96201938390732
      vertex -3.39349451917613 -87.6901312127254 89.96201938390732
      vertex -3.6025557270023825 -87.63491077375296 89.99048674851656
    endloop
  endfacet
  facet normal 0.2068733978360618 -0.06428304928809243 0.9762535976077052
    outer loop
      vertex -6.140705250024737 -97.24799593117964 89.91481456905603
      vertex -3.1876276883543824 -87.74450790405922 89.91481456905603
      vertex -3.39349451917613 -87.6901312127254 89.96201938390732
    endloop
  endfacet
  facet normal 0.2874035959228028 -0.08930669537763113 0.9536369787352885
    outer loop
      vertex -5.94491095423254 -97.31820801078518 89.84923154860735
      vertex -2.986521988120913 -87.79762701287056 89.84923154860735
      vertex -3.1876276883543824 -87.74450790405922 89.91481456905603
    endloop
  endfacet
  facet normal 0.36573577505903704 -0.11364733745597372 0.9237540936478353
    outer loop
      vertex -5.755242161056287 -97.38622347748353 89.76576946675777
      vertex -2.7917079599092602 -87.84908426918173 89.76576946675777
      vertex -2.986521988120913 -87.79762701287056 89.84923154860735
    endloop
  endfacet
  facet normal 0.4412721466405974 -0.13711922097610194 0.886835504385174
    outer loop
      vertex -5.5731423645107725 -97.4515246925137 89.66506350785494
      vertex -2.6046682560788526 -87.89848805220865 89.66506350785494
      vertex -2.7917079599092602 -87.84908426918173 89.76576946675777
    endloop
  endfacet
  facet normal 0.5134368662810583 -0.1595434102533779 0.8431657515507902
    outer loop
      vertex -5.399997458554708 -97.51361467256697 89.54788011312485
      vertex -2.4268263663891503 -87.94546236809663 89.54788011312485
      vertex -2.6046682560788526 -87.89848805220865 89.66506350785494
    endloop
  endfacet
  facet normal 0.5816807581656807 -0.1807492564932451 0.7930808293338947
    outer loop
      vertex -5.237125175093325 -97.57202087733233 89.41511110961437
      vertex -2.259535769481843 -87.98964971539667 89.41511110961437
      vertex -2.4268263663891503 -87.94546236809663 89.54788011312485
    endloop
  endfacet
  facet normal 0.8823860361853687 -0.27418926574686475 0.3823808699376425
    outer loop
      vertex -4.538428780184802 -97.82257427931444 88.355050355196
      vertex -1.541885507097291 -88.17920646257906 88.355050355196
      vertex -1.6225801167963994 -88.15789216990551 88.55654565244913
    endloop
  endfacet
  facet normal 0.70436674174471 -0.21887223031136152 0.6752499092354409
    outer loop
      vertex -4.9470690853404164 -97.67603535426795 89.10696902126074
      vertex -1.9616111910321905 -88.06834210493047 89.10696902126074
      vertex -2.1040696462386563 -88.03071380213038 89.26776695251465
    endloop
  endfacet
  facet normal 0.7578793605559107 -0.23550053703691415 0.6084064200012103
    outer loop
      vertex -4.822092785593782 -97.72085201182743 88.93394108861685
      vertex -1.8332446001085856 -88.10224824932666 88.93394108861685
      vertex -1.9616111910321905 -88.06834210493047 89.10696902126074
    endloop
  endfacet
  facet normal 0.6454853233851613 -0.20057564332554167 0.736965473138938
    outer loop
      vertex -5.085765069016745 -97.62629880087425 89.26776695251465
      vertex -2.1040696462386563 -88.03071380213038 89.26776695251465
      vertex -2.259535769481843 -87.98964971539667 89.41511110961437
    endloop
  endfacet
  facet normal 0.8056189585176345 -0.2503349573194065 0.536945530590257
    outer loop
      vertex -4.711787317616384 -97.76040769074658 88.75
      vertex -1.7199468235445607 -88.1321741883448 88.75
      vertex -1.8332446001085856 -88.10224824932666 88.93394108861685
    endloop
  endfacet
  facet normal 0.8472255628234222 -0.26326363458422625 0.4614120765693486
    outer loop
      vertex -4.616992163827945 -97.79440135157864 88.55654565244913
      vertex -1.6225801167963994 -88.15789216990551 88.55654565244913
      vertex -1.7199468235445607 -88.1321741883448 88.75
    endloop
  endfacet
  facet normal 0.9540510540166552 -0.2964581795930581 0.043579055543679454
    outer loop
      vertex -4.396509486709817 -97.87346671563753 87.5
      vertex -1.3961163018431506 -88.21770925124318 87.5
      vertex -1.4053141087803027 -88.21527978600696 87.71788935363293
    endloop
  endfacet
  facet normal 0.9468034119847359 -0.29420607499752444 0.13040737896535384
    outer loop
      vertex -4.4054643702859835 -97.87025548317561 87.71788935363293
      vertex -1.4053141087803027 -88.21527978600696 87.71788935363293
      vertex -1.4328375400846625 -88.20800987699583 87.93412044644356
    endloop
  endfacet
  facet normal 0.910836132034213 -0.2830297398379386 0.30045250364778536
    outer loop
      vertex -4.47669506971647 -97.84471206517898 88.1470476090908
      vertex -1.4784771170749451 -88.1959548549182 88.1470476090908
      vertex -1.541885507097291 -88.17920646257906 88.355050355196
    endloop
  endfacet
  facet normal 0.9323623883399984 -0.289718726481787 0.21624855221412576
    outer loop
      vertex -4.432260880000854 -97.86064622124263 87.93412044644356
      vertex -1.4328375400846625 -88.20800987699583 87.93412044644356
      vertex -1.4784771170749451 -88.1959548549182 88.1470476090908
    endloop
  endfacet
  facet normal -0.5252522666796389 0.11481102629836867 0.8431657515507949
    outer loop
      vertex -5.199614054239987 -87.2130713382516 89.54788011312485
      vertex -5.021772164550285 -87.26004565413959 89.66506350785494
      vertex -3.1127527477809025 -77.66582952007406 89.54788011312485
    endloop
  endfacet
  facet normal -0.4514268656327777 0.09867407535352216 0.886835504385167
    outer loop
      vertex -5.021772164550285 -87.26004565413959 89.66506350785494
      vertex -4.834732460719877 -87.30944943716648 89.76576946675777
      vertex -2.931530802956928 -77.6973403245031 89.66506350785494
    endloop
  endfacet
  facet normal -0.37415222293452377 0.0817831800678908 0.9237540936478373
    outer loop
      vertex -4.834732460719877 -87.30944943716648 89.76576946675777
      vertex -4.6399184325082246 -87.36090669347766 89.84923154860735
      vertex -2.740936230741198 -77.73048083790042 89.76576946675777
    endloop
  endfacet
  facet normal -0.2940174345168647 0.06426710658458416 0.9536369787352874
    outer loop
      vertex -4.6399184325082246 -87.36090669347766 89.84923154860735
      vertex -4.438812732274755 -87.41402580228899 89.91481456905603
      vertex -2.5424195756769166 -77.7649988401198 89.84923154860735
    endloop
  endfacet
  facet normal -0.8241581620472404 0.18014666555362543 0.5369455305902311
    outer loop
      vertex -5.793195820520552 -87.05628545702156 88.93394108861685
      vertex -3.7176161030067334 -77.56065610461752 88.93394108861685
      vertex -3.8330672121294924 -77.54058150866163 88.75
    endloop
  endfacet
  facet normal -0.7753199626763737 0.1694714830783958 0.6084064200012321
    outer loop
      vertex -5.664829229596947 -87.09019160141776 89.10696902126074
      vertex -3.5868097823013585 -77.58340065905784 89.10696902126074
      vertex -3.7176161030067334 -77.56065610461752 88.93394108861685
    endloop
  endfacet
  facet normal -0.7205758915500912 0.1575053795725684 0.6752499092354568
    outer loop
      vertex -5.522370774390481 -87.12781990421783 89.26776695251465
      vertex -3.4416437679603007 -77.60864207169188 89.26776695251465
      vertex -3.5868097823013585 -77.58340065905784 89.10696902126074
    endloop
  endfacet
  facet normal -0.6603394720606703 0.14433874407028255 0.7369654731389041
    outer loop
      vertex -5.366904651147294 -87.16888399095156 89.41511110961437
      vertex -3.2832228624158972 -77.63618823988321 89.41511110961437
      vertex -3.4416437679603007 -77.60864207169188 89.26776695251465
    endloop
  endfacet
  facet normal -0.595066612422025 0.13007123019182712 0.7930808293339087
    outer loop
      vertex -5.199614054239987 -87.2130713382516 89.54788011312485
      vertex -3.1127527477809025 -77.66582952007406 89.54788011312485
      vertex -3.2832228624158972 -77.63618823988321 89.41511110961437
    endloop
  endfacet
  facet normal -0.2116340455179324 0.04625952805342058 0.9762535976077059
    outer loop
      vertex -4.438812732274755 -87.41402580228899 89.91481456905603
      vertex -4.232945901453007 -87.46840249362282 89.96201938390732
      vertex -2.3374916693490917 -77.80063162832667 89.91481456905603
    endloop
  endfacet
  facet normal -0.12763167827135005 0.027898068985305974 0.9914291968913009
    outer loop
      vertex -4.232945901453007 -87.46840249362282 89.96201938390732
      vertex -4.023884693626755 -87.52362293259526 89.99048674851656
      vertex -2.1277121425944046 -77.83710801449064 89.96201938390732
    endloop
  endfacet
  facet normal -0.0426526782795852 0.009323134954960786 0.9990464594753288
    outer loop
      vertex -4.023884693626755 -87.52362293259526 89.99048674851656
      vertex -3.8132202103145687 -87.57926685317412 90
      vertex -1.9146775266463436 -77.87415039435405 89.99048674851656
    endloop
  endfacet
  facet normal -0.5252522666796379 0.1148110262983685 0.8431657515507955
    outer loop
      vertex -5.021772164550285 -87.26004565413959 89.66506350785494
      vertex -2.931530802956928 -77.6973403245031 89.66506350785494
      vertex -3.1127527477809025 -77.66582952007406 89.54788011312485
    endloop
  endfacet
  facet normal -0.451426865632779 0.09867407535352239 0.8868355043851665
    outer loop
      vertex -4.834732460719877 -87.30944943716648 89.76576946675777
      vertex -2.740936230741198 -77.73048083790042 89.76576946675777
      vertex -2.931530802956928 -77.6973403245031 89.66506350785494
    endloop
  endfacet
  facet normal -0.37415222293451095 0.08178318006788833 0.9237540936478426
    outer loop
      vertex -4.6399184325082246 -87.36090669347766 89.84923154860735
      vertex -2.5424195756769166 -77.7649988401198 89.84923154860735
      vertex -2.740936230741198 -77.73048083790042 89.76576946675777
    endloop
  endfacet
  facet normal -0.9907336341170345 0.12863798874040608 0.04357905554365573
    outer loop
      vertex -4.163052442484869 -77.48320379942062 87.5
      vertex -4.153679822433574 -77.48483350711254 87.71788935363293
      vertex -2.916534225113182 -67.88287083726644 87.5
    endloop
  endfacet
  facet normal -0.9832073254369748 0.12766076420910652 0.13040737896537025
    outer loop
      vertex -4.153679822433574 -77.48483350711254 87.71788935363293
      vertex -4.125633282004273 -77.48971022914108 87.93412044644356
      vertex -2.9070561966949526 -67.88368871934242 87.71788935363293
    endloop
  endfacet
  facet normal -0.9682110547702459 0.12571363126565488 0.21624855221409087
    outer loop
      vertex -4.125633282004273 -77.48971022914108 87.93412044644356
      vertex -4.079126281220866 -77.49779684915661 88.1470476090908
      vertex -2.878694233255999 -67.8861361420038 87.93412044644356
    endloop
  endfacet
  facet normal -0.945857129318366 0.12281117200560827 0.3004525036477963
    outer loop
      vertex -4.079126281220866 -77.49779684915661 88.1470476090908
      vertex -4.0145127541263435 -77.50903182523925 88.355050355196
      vertex -2.8316641954800588 -67.89019447810833 88.1470476090908
    endloop
  endfacet
  facet normal -0.9163131476492005 0.1189751476188004 0.38238086993768294
    outer loop
      vertex -4.0145127541263435 -77.50903182523925 88.355050355196
      vertex -3.9322844662240897 -77.52332964938599 88.55654565244913
      vertex -2.766323997898951 -67.89583284234233 88.355050355196
    endloop
  endfacet
  facet normal -0.8798007792549957 0.11423433992575567 0.46141207656933875
    outer loop
      vertex -3.9322844662240897 -77.52332964938599 88.55654565244913
      vertex -3.8330672121294924 -77.54058150866163 88.75
      vertex -2.6831709366146157 -67.90300832181822 88.55654565244913
    endloop
  endfacet
  facet normal -0.8365944307964011 0.10862437820129682 0.5369455305902335
    outer loop
      vertex -3.8330672121294924 -77.54058150866163 88.75
      vertex -3.7176161030067334 -77.56065610461752 88.93394108861685
      vertex -2.5828378441878357 -67.91166630787839 88.75
    endloop
  endfacet
  facet normal -0.7870192794658631 0.10218748382418735 0.6084064200012316
    outer loop
      vertex -3.7176161030067334 -77.56065610461752 88.93394108861685
      vertex -3.5868097823013585 -77.58340065905784 89.10696902126074
      vertex -2.466088324075699 -67.92174090732723 88.93394108861685
    endloop
  endfacet
  facet normal 0.042652678279585805 -0.009323134954960918 0.9990464594753288
    outer loop
      vertex -3.8132202103145687 -87.57926685317412 90
      vertex -3.6025557270023825 -87.63491077375296 89.99048674851656
      vertex -1.7000091634289731 -77.91147684958558 90
    endloop
  endfacet
  facet normal 0.21163404551793527 -0.046259528053421164 0.9762535976077052
    outer loop
      vertex -3.39349451917613 -87.6901312127254 89.96201938390732
      vertex -3.1876276883543824 -87.74450790405922 89.91481456905603
      vertex -1.272306184263556 -77.98584568468053 89.96201938390732
    endloop
  endfacet
  facet normal 0.12763167827135005 -0.027898068985305904 0.9914291968913007
    outer loop
      vertex -3.6025557270023825 -87.63491077375296 89.99048674851656
      vertex -3.39349451917613 -87.6901312127254 89.96201938390732
      vertex -1.4853408002116169 -77.94880330481712 89.99048674851656
    endloop
  endfacet
  facet normal -0.2940174345168737 0.06426710658458591 0.9536369787352844
    outer loop
      vertex -4.438812732274755 -87.41402580228899 89.91481456905603
      vertex -2.3374916693490917 -77.80063162832667 89.91481456905603
      vertex -2.5424195756769166 -77.7649988401198 89.84923154860735
    endloop
  endfacet
  facet normal -0.21163404551793416 0.04625952805342093 0.9762535976077056
    outer loop
      vertex -4.232945901453007 -87.46840249362282 89.96201938390732
      vertex -2.1277121425944046 -77.83710801449064 89.96201938390732
      vertex -2.3374916693490917 -77.80063162832667 89.91481456905603
    endloop
  endfacet
  facet normal -0.12763167827134708 0.027898068985305394 0.9914291968913013
    outer loop
      vertex -4.023884693626755 -87.52362293259526 89.99048674851656
      vertex -1.9146775266463436 -77.87415039435405 89.99048674851656
      vertex -2.1277121425944046 -77.83710801449064 89.96201938390732
    endloop
  endfacet
  facet normal 0.2940174345168609 -0.064267106584583 0.9536369787352886
    outer loop
      vertex -3.1876276883543824 -87.74450790405922 89.91481456905603
      vertex -2.986521988120913 -87.79762701287056 89.84923154860735
      vertex -1.0625266575088688 -78.02232207084448 89.91481456905603
    endloop
  endfacet
  facet normal 0.3741522229345286 -0.08178318006789193 0.9237540936478352
    outer loop
      vertex -2.986521988120913 -87.79762701287056 89.84923154860735
      vertex -2.7917079599092602 -87.84908426918173 89.76576946675777
      vertex -0.8575987511810297 -78.05795485905135 89.84923154860735
    endloop
  endfacet
  facet normal 0.4514268656327665 -0.09867407535351976 0.886835504385173
    outer loop
      vertex -2.7917079599092602 -87.84908426918173 89.76576946675777
      vertex -2.6046682560788526 -87.89848805220865 89.66506350785494
      vertex -0.6590820961167623 -78.09247286127075 89.76576946675777
    endloop
  endfacet
  facet normal -0.04265267827958517 0.009323134954960777 0.9990464594753288
    outer loop
      vertex -3.8132202103145687 -87.57926685317412 90
      vertex -1.7000091634289731 -77.91147684958558 90
      vertex -1.9146775266463436 -77.87415039435405 89.99048674851656
    endloop
  endfacet
  facet normal 0.042652678279587894 -0.009323134954961327 0.9990464594753286
    outer loop
      vertex -3.6025557270023825 -87.63491077375296 89.99048674851656
      vertex -1.4853408002116169 -77.94880330481712 89.99048674851656
      vertex -1.7000091634289731 -77.91147684958558 90
    endloop
  endfacet
  facet normal 0.12763167827134705 -0.02789806898530532 0.9914291968913013
    outer loop
      vertex -3.39349451917613 -87.6901312127254 89.96201938390732
      vertex -1.272306184263556 -77.98584568468053 89.96201938390732
      vertex -1.4853408002116169 -77.94880330481712 89.99048674851656
    endloop
  endfacet
  facet normal -0.7314491387666492 0.09497219316744071 0.6752499092354574
    outer loop
      vertex -3.5868097823013585 -77.58340065905784 89.10696902126074
      vertex -3.4416437679603007 -77.60864207169188 89.26776695251465
      vertex -2.333810901311864 -67.93315544718307 89.10696902126074
    endloop
  endfacet
  facet normal -0.6703037720195866 0.08703300878096616 0.7369654731389026
    outer loop
      vertex -3.4416437679603007 -77.60864207169188 89.26776695251465
      vertex -3.2832228624158972 -77.63618823988321 89.41511110961437
      vertex -2.1870122898503865 -67.94582305565545 89.26776695251465
    endloop
  endfacet
  facet normal -0.60404596693979 0.07843001955125883 0.7930808293339104
    outer loop
      vertex -3.2832228624158972 -77.63618823988321 89.41511110961437
      vertex -3.1127527477809025 -77.66582952007406 89.54788011312485
      vertex -2.026809717189309 -67.959647324472 89.41511110961437
    endloop
  endfacet
  facet normal -0.533178146262398 0.06922846062116318 0.843165751550795
    outer loop
      vertex -3.1127527477809025 -77.66582952007406 89.54788011312485
      vertex -2.931530802956928 -77.6973403245031 89.66506350785494
      vertex -1.8544224250418324 -67.9745230423061 89.54788011312485
    endloop
  endfacet
  facet normal -0.4582387448085621 0.05949824298398487 0.8868355043851662
    outer loop
      vertex -2.931530802956928 -77.6973403245031 89.66506350785494
      vertex -2.740936230741198 -77.73048083790042 89.76576946675777
      vertex -1.6711623831699995 -67.99033699610277 89.66506350785494
    endloop
  endfacet
  facet normal -0.37979805380992226 0.04931341390581808 0.9237540936478436
    outer loop
      vertex -2.740936230741198 -77.73048083790042 89.76576946675777
      vertex -2.5424195756769166 -77.7649988401198 89.84923154860735
      vertex -1.478424305456926 -68.00696883261594 89.76576946675777
    endloop
  endfacet
  facet normal -0.298454058457488 0.0387516164681326 0.9536369787352842
    outer loop
      vertex -2.5424195756769166 -77.7649988401198 89.84923154860735
      vertex -2.3374916693490917 -77.80063162832667 89.91481456905603
      vertex -1.2776750498705098 -68.02429197311145 89.84923154860735
    endloop
  endfacet
  facet normal -0.9907336341170353 0.12863798874040583 0.043579055543641214
    outer loop
      vertex -4.153679822433574 -77.48483350711254 87.71788935363293
      vertex -2.9070561966949526 -67.88368871934242 87.71788935363293
      vertex -2.916534225113182 -67.88287083726644 87.5
    endloop
  endfacet
  facet normal -0.9832073254369756 0.12766076420910652 0.13040737896536475
    outer loop
      vertex -4.125633282004273 -77.48971022914108 87.93412044644356
      vertex -2.878694233255999 -67.8861361420038 87.93412044644356
      vertex -2.9070561966949526 -67.88368871934242 87.71788935363293
    endloop
  endfacet
  facet normal -0.9682110547702445 0.1257136312656549 0.21624855221409822
    outer loop
      vertex -4.079126281220866 -77.49779684915661 88.1470476090908
      vertex -2.8316641954800588 -67.89019447810833 88.1470476090908
      vertex -2.878694233255999 -67.8861361420038 87.93412044644356
    endloop
  endfacet
  facet normal -0.9458571293183503 0.12281117200560743 0.30045250364784604
    outer loop
      vertex -4.0145127541263435 -77.50903182523925 88.355050355196
      vertex -2.766323997898951 -67.89583284234233 88.355050355196
      vertex -2.8316641954800588 -67.89019447810833 88.1470476090908
    endloop
  endfacet
  facet normal -0.916313147649216 0.11897514761880149 0.3823808699376455
    outer loop
      vertex -3.9322844662240897 -77.52332964938599 88.55654565244913
      vertex -2.6831709366146157 -67.90300832181822 88.55654565244913
      vertex -2.766323997898951 -67.89583284234233 88.355050355196
    endloop
  endfacet
  facet normal -0.8798007792549921 0.11423433992575541 0.4614120765693453
    outer loop
      vertex -3.8330672121294924 -77.54058150866163 88.75
      vertex -2.5828378441878357 -67.91166630787839 88.75
      vertex -2.6831709366146157 -67.90300832181822 88.55654565244913
    endloop
  endfacet
  facet normal -0.8365944307963881 0.10862437820129567 0.536945530590254
    outer loop
      vertex -3.7176161030067334 -77.56065610461752 88.93394108861685
      vertex -2.466088324075699 -67.92174090732723 88.93394108861685
      vertex -2.5828378441878357 -67.91166630787839 88.75
    endloop
  endfacet
  facet normal -0.7870192794658917 0.10218748382418999 0.6084064200011943
    outer loop
      vertex -3.5868097823013585 -77.58340065905784 89.10696902126074
      vertex -2.333810901311864 -67.93315544718307 89.10696902126074
      vertex -2.466088324075699 -67.92174090732723 88.93394108861685
    endloop
  endfacet
  facet normal -0.731449138766667 0.09497219316744243 0.675249909235438
    outer loop
      vertex -3.4416437679603007 -77.60864207169188 89.26776695251465
      vertex -2.1870122898503865 -67.94582305565545 89.26776695251465
      vertex -2.333810901311864 -67.93315544718307 89.10696902126074
    endloop
  endfacet
  facet normal -0.6703037720195437 0.0870330087809619 0.7369654731389419
    outer loop
      vertex -3.2832228624158972 -77.63618823988321 89.41511110961437
      vertex -2.026809717189309 -67.959647324472 89.41511110961437
      vertex -2.1870122898503865 -67.94582305565545 89.26776695251465
    endloop
  endfacet
  facet normal -0.6040459669397988 0.07843001955125975 0.7930808293339037
    outer loop
      vertex -3.1127527477809025 -77.66582952007406 89.54788011312485
      vertex -1.8544224250418324 -67.9745230423061 89.54788011312485
      vertex -2.026809717189309 -67.959647324472 89.41511110961437
    endloop
  endfacet
  facet normal -0.5331781462623985 0.06922846062116324 0.8431657515507949
    outer loop
      vertex -2.931530802956928 -77.6973403245031 89.66506350785494
      vertex -1.6711623831699995 -67.99033699610277 89.66506350785494
      vertex -1.8544224250418324 -67.9745230423061 89.54788011312485
    endloop
  endfacet
  facet normal -0.4582387448085775 0.059498242983986496 0.8868355043851582
    outer loop
      vertex -2.740936230741198 -77.73048083790042 89.76576946675777
      vertex -1.478424305456926 -68.00696883261594 89.76576946675777
      vertex -1.6711623831699995 -67.99033699610277 89.66506350785494
    endloop
  endfacet
  facet normal -0.7928906768647771 0.034146780847473614 0.6084064200011947
    outer loop
      vertex -2.466088324075699 -67.92174090732723 88.93394108861685
      vertex -2.333810901311864 -67.93315544718307 89.10696902126074
      vertex -2.0478801131248474 -58.21091654199731 88.93394108861685
    endloop
  endfacet
  facet normal -0.7369059664236537 0.03173573264874706 0.6752499092354386
    outer loop
      vertex -2.333810901311864 -67.93315544718307 89.10696902126074
      vertex -2.1870122898503865 -67.94582305565545 89.26776695251465
      vertex -1.9151111096143723 -58.21091654199731 89.10696902126074
    endloop
  endfacet
  facet normal -0.6753044370936829 0.0290827894583728 0.7369654731389416
    outer loop
      vertex -2.1870122898503865 -67.94582305565545 89.26776695251465
      vertex -2.026809717189309 -67.959647324472 89.41511110961437
      vertex -1.7677669525146484 -58.21091654199731 89.26776695251465
    endloop
  endfacet
  facet normal -0.998124801060609 0.04298543271439858 0.043579055543639764
    outer loop
      vertex -2.916534225113182 -67.88287083726644 87.5
      vertex -2.9070561966949526 -67.88368871934242 87.71788935363293
      vertex -2.5 -58.21091654199731 87.5
    endloop
  endfacet
  facet normal -0.9905423438841138 0.04265888517002082 0.13040737896536805
    outer loop
      vertex -2.9070561966949526 -67.88368871934242 87.71788935363293
      vertex -2.878694233255999 -67.8861361420038 87.93412044644356
      vertex -2.4904867485165596 -58.21091654199731 87.71788935363293
    endloop
  endfacet
  facet normal -0.9754341965875689 0.04200823482212266 0.21624855221409764
    outer loop
      vertex -2.878694233255999 -67.8861361420038 87.93412044644356
      vertex -2.8316641954800588 -67.89019447810833 88.1470476090908
      vertex -2.462019383907318 -58.21091654199731 87.93412044644356
    endloop
  endfacet
  facet normal -0.9529135042175345 0.04103835439682444 0.30045250364784665
    outer loop
      vertex -2.8316641954800588 -67.89019447810833 88.1470476090908
      vertex -2.766323997898951 -67.89583284234233 88.355050355196
      vertex -2.414814569056034 -58.21091654199731 88.1470476090908
    endloop
  endfacet
  facet normal -0.923149115676993 0.039756515573126434 0.3823808699376439
    outer loop
      vertex -2.766323997898951 -67.89583284234233 88.355050355196
      vertex -2.6831709366146157 -67.90300832181822 88.55654565244913
      vertex -2.3492315486073494 -58.21091654199731 88.355050355196
    endloop
  endfacet
  facet normal -0.9981248010606066 0.042985432714399655 0.04357905554369213
    outer loop
      vertex -2.9070561966949526 -67.88368871934242 87.71788935363293
      vertex -2.4904867485165596 -58.21091654199731 87.71788935363293
      vertex -2.5 -58.21091654199731 87.5
    endloop
  endfacet
  facet normal -0.9905423438841198 0.042658885170020054 0.13040737896532315
    outer loop
      vertex -2.878694233255999 -67.8861361420038 87.93412044644356
      vertex -2.462019383907318 -58.21091654199731 87.93412044644356
      vertex -2.4904867485165596 -58.21091654199731 87.71788935363293
    endloop
  endfacet
  facet normal -0.9754341965875647 0.04200823482212292 0.21624855221411685
    outer loop
      vertex -2.8316641954800588 -67.89019447810833 88.1470476090908
      vertex -2.414814569056034 -58.21091654199731 88.1470476090908
      vertex -2.462019383907318 -58.21091654199731 87.93412044644356
    endloop
  endfacet
  facet normal -0.9529135042175436 0.04103835439682415 0.30045250364781767
    outer loop
      vertex -2.766323997898951 -67.89583284234233 88.355050355196
      vertex -2.3492315486073494 -58.21091654199731 88.355050355196
      vertex -2.414814569056034 -58.21091654199731 88.1470476090908
    endloop
  endfacet
  facet normal -0.9231491156769941 0.039756515573126414 0.38238086993764103
    outer loop
      vertex -2.6831709366146157 -67.90300832181822 88.55654565244913
      vertex -2.2657694667577744 -58.21091654199731 88.55654565244913
      vertex -2.3492315486073494 -58.21091654199731 88.355050355196
    endloop
  endfacet
  facet normal -0.8863643541782915 0.03817233603101156 0.4614120765693458
    outer loop
      vertex -2.6831709366146157 -67.90300832181822 88.55654565244913
      vertex -2.5828378441878357 -67.91166630787839 88.75
      vertex -2.2657694667577744 -58.21091654199731 88.55654565244913
    endloop
  endfacet
  facet normal -0.8428356735372714 0.03629772158314636 0.5369455305902514
    outer loop
      vertex -2.5828378441878357 -67.91166630787839 88.75
      vertex -2.466088324075699 -67.92174090732723 88.93394108861685
      vertex -2.1650635078549385 -58.21091654199731 88.75
    endloop
  endfacet
  facet normal -0.8863643541782846 0.0381723360310116 0.461412076569359
    outer loop
      vertex -2.5828378441878357 -67.91166630787839 88.75
      vertex -2.1650635078549385 -58.21091654199731 88.75
      vertex -2.2657694667577744 -58.21091654199731 88.55654565244913
    endloop
  endfacet
  facet normal -0.8428356735372755 0.03629772158314638 0.536945530590245
    outer loop
      vertex -2.466088324075699 -67.92174090732723 88.93394108861685
      vertex -2.0478801131248474 -58.21091654199731 88.93394108861685
      vertex -2.1650635078549385 -58.21091654199731 88.75
    endloop
  endfacet
  facet normal -0.7928906768647619 0.03414678084747352 0.6084064200012145
    outer loop
      vertex -2.333810901311864 -67.93315544718307 89.10696902126074
      vertex -1.9151111096143723 -58.21091654199731 89.10696902126074
      vertex -2.0478801131248474 -58.21091654199731 88.93394108861685
    endloop
  endfacet
  facet normal -0.7369059664236488 0.03173573264874701 0.6752499092354439
    outer loop
      vertex -2.1870122898503865 -67.94582305565545 89.26776695251465
      vertex -1.7677669525146484 -58.21091654199731 89.26776695251465
      vertex -1.9151111096143723 -58.21091654199731 89.10696902126074
    endloop
  endfacet
  facet normal 0.5252522666796451 -0.11481102629836974 0.8431657515507909
    outer loop
      vertex -2.6046682560788526 -87.89848805220865 89.66506350785494
      vertex -2.4268263663891503 -87.94546236809663 89.54788011312485
      vertex -0.46848752390103243 -78.12561337466806 89.66506350785494
    endloop
  endfacet
  facet normal 0.5950666124220428 -0.13007123019183076 0.7930808293338945
    outer loop
      vertex -2.4268263663891503 -87.94546236809663 89.54788011312485
      vertex -2.259535769481843 -87.98964971539667 89.41511110961437
      vertex -0.28726557907705796 -78.1571241790971 89.54788011312485
    endloop
  endfacet
  facet normal 0.720575891550106 -0.15750537957257105 0.67524990923544
    outer loop
      vertex -1.9616111910321905 -88.06834210493047 89.10696902126074
      vertex 0.041625441102354444 -78.21431162747929 89.26776695251465
      vertex -2.1040696462386563 -88.03071380213038 89.26776695251465
    endloop
  endfacet
  facet normal 0.6603394720606327 -0.1443387440702754 0.7369654731389392
    outer loop
      vertex -2.259535769481843 -87.98964971539667 89.41511110961437
      vertex -2.1040696462386563 -88.03071380213038 89.26776695251465
      vertex -0.11679546444206323 -78.18676545928795 89.41511110961437
    endloop
  endfacet
  facet normal 0.2116340455179372 -0.04625952805342155 0.9762535976077048
    outer loop
      vertex -3.1876276883543824 -87.74450790405922 89.91481456905603
      vertex -1.0625266575088688 -78.02232207084448 89.91481456905603
      vertex -1.272306184263556 -77.98584568468053 89.96201938390732
    endloop
  endfacet
  facet normal 0.2940174345168558 -0.064267106584582 0.9536369787352902
    outer loop
      vertex -2.986521988120913 -87.79762701287056 89.84923154860735
      vertex -0.8575987511810297 -78.05795485905135 89.84923154860735
      vertex -1.0625266575088688 -78.02232207084448 89.91481456905603
    endloop
  endfacet
  facet normal 0.3741522229345279 -0.08178318006789177 0.9237540936478357
    outer loop
      vertex -2.7917079599092602 -87.84908426918173 89.76576946675777
      vertex -0.6590820961167623 -78.09247286127075 89.76576946675777
      vertex -0.8575987511810297 -78.05795485905135 89.84923154860735
    endloop
  endfacet
  facet normal 0.4514268656327793 -0.09867407535352223 0.8868355043851661
    outer loop
      vertex -2.6046682560788526 -87.89848805220865 89.66506350785494
      vertex -0.46848752390103243 -78.12561337466806 89.66506350785494
      vertex -0.6590820961167623 -78.09247286127075 89.76576946675777
    endloop
  endfacet
  facet normal 0.9760060322120288 -0.21333797365601287 0.04357905554367479
    outer loop
      vertex -1.3961163018431506 -88.21770925124318 87.5
      vertex 0.7536614955756136 -78.33812019205862 87.71788935363293
      vertex -1.4053141087803027 -88.21527978600696 87.71788935363293
    endloop
  endfacet
  facet normal 0.9685916047422554 -0.2117173085371356 0.1304073789653562
    outer loop
      vertex -1.4053141087803027 -88.21527978600696 87.71788935363293
      vertex 0.7256149551463267 -78.33324347003008 87.93412044644356
      vertex -1.4328375400846625 -88.20800987699583 87.93412044644356
    endloop
  endfacet
  facet normal 0.9538182588827862 -0.20848811162055894 0.21624855221412134
    outer loop
      vertex -1.4784771170749451 -88.1959548549182 88.1470476090908
      vertex -1.4328375400846625 -88.20800987699583 87.93412044644356
      vertex 0.6791079543629053 -78.32515685001455 88.1470476090908
    endloop
  endfacet
  facet normal 0.9026918322984698 -0.1973127624036585 0.3823808699376428
    outer loop
      vertex -1.6225801167963994 -88.15789216990551 88.55654565244913
      vertex -1.541885507097291 -88.17920646257906 88.355050355196
      vertex 0.5322661393661434 -78.29962404978518 88.55654565244913
    endloop
  endfacet
  facet normal 0.9317966323493447 -0.20367456639009932 0.30045250364778936
    outer loop
      vertex -1.4784771170749451 -88.1959548549182 88.1470476090908
      vertex 0.614494427268383 -78.31392187393192 88.355050355196
      vertex -1.541885507097291 -88.17920646257906 88.355050355196
    endloop
  endfacet
  facet normal 0.8241581620472236 -0.18014666555362288 0.5369455305902576
    outer loop
      vertex -1.8332446001085856 -88.10224824932666 88.93394108861685
      vertex -1.7199468235445607 -88.1321741883448 88.75
      vertex 0.31759777614877294 -78.26229759455364 88.93394108861685
    endloop
  endfacet
  facet normal 0.775319962676393 -0.16947148307839957 0.6084064200012064
    outer loop
      vertex -1.9616111910321905 -88.06834210493047 89.10696902126074
      vertex -1.8332446001085856 -88.10224824932666 88.93394108861685
      vertex 0.18679145544339804 -78.23955304011332 89.10696902126074
    endloop
  endfacet
  facet normal 0.8667222330278512 -0.1894504324913916 0.4614120765693501
    outer loop
      vertex -1.6225801167963994 -88.15789216990551 88.55654565244913
      vertex 0.43304888527153196 -78.28237219050953 88.75
      vertex -1.7199468235445607 -88.1321741883448 88.75
    endloop
  endfacet
  facet normal 0.5252522666796441 -0.11481102629836955 0.8431657515507917
    outer loop
      vertex -2.4268263663891503 -87.94546236809663 89.54788011312485
      vertex -0.28726557907705796 -78.1571241790971 89.54788011312485
      vertex -0.46848752390103243 -78.12561337466806 89.66506350785494
    endloop
  endfacet
  facet normal 0.7205758915501227 -0.15750537957257416 0.6752499092354217
    outer loop
      vertex -1.9616111910321905 -88.06834210493047 89.10696902126074
      vertex 0.18679145544339804 -78.23955304011332 89.10696902126074
      vertex 0.041625441102354444 -78.21431162747929 89.26776695251465
    endloop
  endfacet
  facet normal 0.595066612422018 -0.130071230191826 0.793080829333914
    outer loop
      vertex -2.259535769481843 -87.98964971539667 89.41511110961437
      vertex -0.11679546444206323 -78.18676545928795 89.41511110961437
      vertex -0.28726557907705796 -78.1571241790971 89.54788011312485
    endloop
  endfacet
  facet normal 0.6603394720606396 -0.1443387440702767 0.7369654731389326
    outer loop
      vertex -2.1040696462386563 -88.03071380213038 89.26776695251465
      vertex 0.041625441102354444 -78.21431162747929 89.26776695251465
      vertex -0.11679546444206323 -78.18676545928795 89.41511110961437
    endloop
  endfacet
  facet normal -0.21482753189923282 0.02789345256680582 0.9762535976077054
    outer loop
      vertex -2.3374916693490917 -77.80063162832667 89.91481456905603
      vertex -2.1277121425944046 -77.83710801449064 89.96201938390732
      vertex -1.0704424394334922 -68.04217457803252 89.91481456905603
    endloop
  endfacet
  facet normal -0.1295575972575115 0.016821906679386187 0.9914291968913013
    outer loop
      vertex -2.1277121425944046 -77.83710801449064 89.96201938390732
      vertex -1.9146775266463436 -77.87415039435405 89.99048674851656
      vertex -0.8583036452369015 -68.06048054945781 89.96201938390732
    endloop
  endfacet
  facet normal -0.0432962928118235 0.005621640202204663 0.9990464594753288
    outer loop
      vertex -1.9146775266463436 -77.87415039435405 89.99048674851656
      vertex -1.7000091634289731 -77.91147684958558 90
      vertex -0.6428731537657342 -68.07907056943007 89.99048674851656
    endloop
  endfacet
  facet normal 0.04329629281182631 -0.005621640202205001 0.9990464594753288
    outer loop
      vertex -1.7000091634289731 -77.91147684958558 90
      vertex -1.4853408002116169 -77.94880330481712 89.99048674851656
      vertex -0.42579054122681725 -68.09780315493909 90
    endloop
  endfacet
  facet normal 0.12955759725751154 -0.016821906679386062 0.9914291968913013
    outer loop
      vertex -1.4853408002116169 -77.94880330481712 89.99048674851656
      vertex -1.272306184263556 -77.98584568468053 89.96201938390732
      vertex -0.20870792868790033 -68.1165357404481 89.99048674851656
    endloop
  endfacet
  facet normal 0.2148275318992346 -0.027893452566806087 0.976253597607705
    outer loop
      vertex -1.272306184263556 -77.98584568468053 89.96201938390732
      vertex -1.0625266575088688 -78.02232207084448 89.91481456905603
      vertex 0.006722562783281205 -68.13512576042037 89.96201938390732
    endloop
  endfacet
  facet normal 0.2984540584574696 -0.038751616468130766 0.9536369787352903
    outer loop
      vertex -1.0625266575088688 -78.02232207084448 89.91481456905603
      vertex -0.8575987511810297 -78.05795485905135 89.84923154860735
      vertex 0.21886135697987186 -68.15343173184566 89.91481456905603
    endloop
  endfacet
  facet normal 0.9760060322120295 -0.21333797365601262 0.04357905554365527
    outer loop
      vertex -1.3961163018431506 -88.21770925124318 87.5
      vertex 0.7630341156269083 -78.33974989975054 87.5
      vertex 0.7536614955756136 -78.33812019205862 87.71788935363293
    endloop
  endfacet
  facet normal 0.9685916047422619 -0.2117173085371359 0.1304073789653065
    outer loop
      vertex -1.4053141087803027 -88.21527978600696 87.71788935363293
      vertex 0.7536614955756136 -78.33812019205862 87.71788935363293
      vertex 0.7256149551463267 -78.33324347003008 87.93412044644356
    endloop
  endfacet
  facet normal 0.9026918322984752 -0.19731276240365936 0.38238086993763004
    outer loop
      vertex -1.541885507097291 -88.17920646257906 88.355050355196
      vertex 0.614494427268383 -78.31392187393192 88.355050355196
      vertex 0.5322661393661434 -78.29962404978518 88.55654565244913
    endloop
  endfacet
  facet normal 0.9538182588827793 -0.20848811162055814 0.21624855221415196
    outer loop
      vertex -1.4328375400846625 -88.20800987699583 87.93412044644356
      vertex 0.7256149551463267 -78.33324347003008 87.93412044644356
      vertex 0.6791079543629053 -78.32515685001455 88.1470476090908
    endloop
  endfacet
  facet normal 0.9317966323493428 -0.2036745663900991 0.3004525036477958
    outer loop
      vertex -1.4784771170749451 -88.1959548549182 88.1470476090908
      vertex 0.6791079543629053 -78.32515685001455 88.1470476090908
      vertex 0.614494427268383 -78.31392187393192 88.355050355196
    endloop
  endfacet
  facet normal 0.7753199626763728 -0.16947148307839588 0.6084064200012331
    outer loop
      vertex -1.8332446001085856 -88.10224824932666 88.93394108861685
      vertex 0.31759777614877294 -78.26229759455364 88.93394108861685
      vertex 0.18679145544339804 -78.23955304011332 89.10696902126074
    endloop
  endfacet
  facet normal 0.8241581620472397 -0.1801466655536257 0.5369455305902321
    outer loop
      vertex -1.7199468235445607 -88.1321741883448 88.75
      vertex 0.43304888527153196 -78.28237219050953 88.75
      vertex 0.31759777614877294 -78.26229759455364 88.93394108861685
    endloop
  endfacet
  facet normal 0.8667222330278307 -0.1894504324913881 0.46141207656939004
    outer loop
      vertex -1.6225801167963994 -88.15789216990551 88.55654565244913
      vertex 0.5322661393661434 -78.29962404978518 88.55654565244913
      vertex 0.43304888527153196 -78.28237219050953 88.75
    endloop
  endfacet
  facet normal 0.379798053809942 -0.04931341390582039 0.9237540936478352
    outer loop
      vertex -0.8575987511810297 -78.05795485905135 89.84923154860735
      vertex -0.6590820961167623 -78.09247286127075 89.76576946675777
      vertex 0.42609396741687533 -68.17131433676673 89.84923154860735
    endloop
  endfacet
  facet normal 0.458238744808562 -0.05949824298398524 0.8868355043851662
    outer loop
      vertex -0.6590820961167623 -78.09247286127075 89.76576946675777
      vertex -0.46848752390103243 -78.12561337466806 89.66506350785494
      vertex 0.6268432230033056 -68.18863747726223 89.76576946675777
    endloop
  endfacet
  facet normal 0.5331781462624018 -0.06922846062116367 0.8431657515507927
    outer loop
      vertex -0.46848752390103243 -78.12561337466806 89.66506350785494
      vertex -0.28726557907705796 -78.1571241790971 89.54788011312485
      vertex 0.8195813007163792 -68.2052693137754 89.66506350785494
    endloop
  endfacet
  facet normal 0.6040459669397861 -0.07843001955125817 0.7930808293339137
    outer loop
      vertex -0.28726557907705796 -78.1571241790971 89.54788011312485
      vertex -0.11679546444206323 -78.18676545928795 89.41511110961437
      vertex 1.0028413425882121 -68.22108326757207 89.54788011312485
    endloop
  endfacet
  facet normal 0.6703037720195545 -0.08703300878096272 0.7369654731389321
    outer loop
      vertex 0.041625441102354444 -78.21431162747929 89.26776695251465
      vertex 1.1752286347356886 -68.23595898540617 89.41511110961437
      vertex -0.11679546444206323 -78.18676545928795 89.41511110961437
    endloop
  endfacet
  facet normal 0.7314491387666814 -0.09497219316744439 0.6752499092354223
    outer loop
      vertex 0.041625441102354444 -78.21431162747929 89.26776695251465
      vertex 0.18679145544339804 -78.23955304011332 89.10696902126074
      vertex 1.335431207396752 -68.24978325422272 89.26776695251465
    endloop
  endfacet
  facet normal 0.7870192794658634 -0.1021874838241863 0.6084064200012316
    outer loop
      vertex 0.18679145544339804 -78.23955304011332 89.10696902126074
      vertex 0.31759777614877294 -78.26229759455364 88.93394108861685
      vertex 1.4822298188582295 -68.2624508626951 89.10696902126074
    endloop
  endfacet
  facet normal -0.37979805380992776 0.049313413905818664 0.9237540936478412
    outer loop
      vertex -2.5424195756769166 -77.7649988401198 89.84923154860735
      vertex -1.2776750498705098 -68.02429197311145 89.84923154860735
      vertex -1.478424305456926 -68.00696883261594 89.76576946675777
    endloop
  endfacet
  facet normal -0.29845405845747963 0.03875161646813171 0.9536369787352871
    outer loop
      vertex -2.3374916693490917 -77.80063162832667 89.91481456905603
      vertex -1.0704424394334922 -68.04217457803252 89.91481456905603
      vertex -1.2776750498705098 -68.02429197311145 89.84923154860735
    endloop
  endfacet
  facet normal -0.2148275318992246 0.027893452566804946 0.9762535976077071
    outer loop
      vertex -2.1277121425944046 -77.83710801449064 89.96201938390732
      vertex -0.8583036452369015 -68.06048054945781 89.96201938390732
      vertex -1.0704424394334922 -68.04217457803252 89.91481456905603
    endloop
  endfacet
  facet normal -0.6085523291238414 0.026208030467679937 0.793080829333904
    outer loop
      vertex -2.026809717189309 -67.959647324472 89.41511110961437
      vertex -1.8544224250418324 -67.9745230423061 89.54788011312485
      vertex -1.6069690212607384 -58.21091654199731 89.41511110961437
    endloop
  endfacet
  facet normal -0.5371558134718132 0.023133254531502695 0.8431657515507941
    outer loop
      vertex -1.8544224250418324 -67.9745230423061 89.54788011312485
      vertex -1.6711623831699995 -67.99033699610277 89.66506350785494
      vertex -1.433941088616848 -58.21091654199731 89.54788011312485
    endloop
  endfacet
  facet normal -0.4616573418423909 0.019881822978236346 0.8868355043851593
    outer loop
      vertex -1.6711623831699995 -67.99033699610277 89.66506350785494
      vertex -1.478424305456926 -68.00696883261594 89.76576946675777
      vertex -1.25 -58.21091654199731 89.66506350785494
    endloop
  endfacet
  facet normal -0.3826314600090177 0.01647847930554648 0.923754093647841
    outer loop
      vertex -1.478424305456926 -68.00696883261594 89.76576946675777
      vertex -1.2776750498705098 -68.02429197311145 89.84923154860735
      vertex -1.056545652449131 -58.21091654199731 89.76576946675777
    endloop
  endfacet
  facet normal -0.12955759725751823 0.01682190667938691 0.9914291968913003
    outer loop
      vertex -1.9146775266463436 -77.87415039435405 89.99048674851656
      vertex -0.6428731537657342 -68.07907056943007 89.99048674851656
      vertex -0.8583036452369015 -68.06048054945781 89.96201938390732
    endloop
  endfacet
  facet normal -0.04329629281182471 0.0056216402022047935 0.9990464594753288
    outer loop
      vertex -1.7000091634289731 -77.91147684958558 90
      vertex -0.42579054122681725 -68.09780315493909 90
      vertex -0.6428731537657342 -68.07907056943007 89.99048674851656
    endloop
  endfacet
  facet normal 0.043296292811824726 -0.00562164020220483 0.9990464594753288
    outer loop
      vertex -1.4853408002116169 -77.94880330481712 89.99048674851656
      vertex -0.20870792868790033 -68.1165357404481 89.99048674851656
      vertex -0.42579054122681725 -68.09780315493909 90
    endloop
  endfacet
  facet normal -0.30068061430971205 0.01294916858212559 0.9536369787352869
    outer loop
      vertex -1.2776750498705098 -68.02429197311145 89.84923154860735
      vertex -1.0704424394334922 -68.04217457803252 89.91481456905603
      vertex -0.8550503551959991 -58.21091654199731 89.84923154860735
    endloop
  endfacet
  facet normal -0.21643020904438676 0.009320824588623612 0.9762535976077072
    outer loop
      vertex -1.0704424394334922 -68.04217457803252 89.91481456905603
      vertex -0.8583036452369015 -68.06048054945781 89.96201938390732
      vertex -0.647047609090805 -58.21091654199731 89.91481456905603
    endloop
  endfacet
  facet normal -0.13052413538357244 0.005621177264780698 0.9914291968913003
    outer loop
      vertex -0.8583036452369015 -68.06048054945781 89.96201938390732
      vertex -0.6428731537657342 -68.07907056943007 89.99048674851656
      vertex -0.43412044644355774 -58.21091654199731 89.96201938390732
    endloop
  endfacet
  facet normal -0.6753044370937035 0.029082789458373063 0.7369654731389228
    outer loop
      vertex -2.026809717189309 -67.959647324472 89.41511110961437
      vertex -1.6069690212607384 -58.21091654199731 89.41511110961437
      vertex -1.7677669525146484 -58.21091654199731 89.26776695251465
    endloop
  endfacet
  facet normal -0.6085523291238449 0.026208030467679985 0.7930808293339012
    outer loop
      vertex -1.8544224250418324 -67.9745230423061 89.54788011312485
      vertex -1.433941088616848 -58.21091654199731 89.54788011312485
      vertex -1.6069690212607384 -58.21091654199731 89.41511110961437
    endloop
  endfacet
  facet normal -0.5371558134718007 0.02313325453150249 0.843165751550802
    outer loop
      vertex -1.6711623831699995 -67.99033699610277 89.66506350785494
      vertex -1.25 -58.21091654199731 89.66506350785494
      vertex -1.433941088616848 -58.21091654199731 89.54788011312485
    endloop
  endfacet
  facet normal -0.4616573418423881 0.019881822978236294 0.8868355043851607
    outer loop
      vertex -1.478424305456926 -68.00696883261594 89.76576946675777
      vertex -1.056545652449131 -58.21091654199731 89.76576946675777
      vertex -1.25 -58.21091654199731 89.66506350785494
    endloop
  endfacet
  facet normal -0.3826314600090145 0.01647847930554642 0.9237540936478423
    outer loop
      vertex -1.2776750498705098 -68.02429197311145 89.84923154860735
      vertex -0.8550503551959991 -58.21091654199731 89.84923154860735
      vertex -1.056545652449131 -58.21091654199731 89.76576946675777
    endloop
  endfacet
  facet normal -0.3006806143097181 0.01294916858212571 0.9536369787352849
    outer loop
      vertex -1.0704424394334922 -68.04217457803252 89.91481456905603
      vertex -0.647047609090805 -58.21091654199731 89.91481456905603
      vertex -0.8550503551959991 -58.21091654199731 89.84923154860735
    endloop
  endfacet
  facet normal -0.2164302090443862 0.0093208245886236 0.9762535976077072
    outer loop
      vertex -0.8583036452369015 -68.06048054945781 89.96201938390732
      vertex -0.43412044644355774 -58.21091654199731 89.96201938390732
      vertex -0.647047609090805 -58.21091654199731 89.91481456905603
    endloop
  endfacet
  facet normal 0.12955759725750995 -0.016821906679385892 0.9914291968913015
    outer loop
      vertex -1.272306184263556 -77.98584568468053 89.96201938390732
      vertex 0.006722562783281205 -68.13512576042037 89.96201938390732
      vertex -0.20870792868790033 -68.1165357404481 89.99048674851656
    endloop
  endfacet
  facet normal 0.21482753189922446 -0.027893452566805 0.9762535976077071
    outer loop
      vertex -1.0625266575088688 -78.02232207084448 89.91481456905603
      vertex 0.21886135697987186 -68.15343173184566 89.91481456905603
      vertex 0.006722562783281205 -68.13512576042037 89.96201938390732
    endloop
  endfacet
  facet normal 0.298454058457498 -0.0387516164681338 0.9536369787352811
    outer loop
      vertex -0.8575987511810297 -78.05795485905135 89.84923154860735
      vertex 0.42609396741687533 -68.17131433676673 89.84923154860735
      vertex 0.21886135697987186 -68.15343173184566 89.91481456905603
    endloop
  endfacet
  facet normal -0.04361929600581171 0.001878516906417829 0.9990464594753288
    outer loop
      vertex -0.6428731537657342 -68.07907056943007 89.99048674851656
      vertex -0.42579054122681725 -68.09780315493909 90
      vertex -0.21788935363292694 -58.21091654199731 89.99048674851656
    endloop
  endfacet
  facet normal 0.04361929600581171 -0.0018785169064178366 0.9990464594753288
    outer loop
      vertex -0.42579054122681725 -68.09780315493909 90
      vertex -0.20870792868790033 -68.1165357404481 89.99048674851656
      vertex 0 -58.21091654199731 90
    endloop
  endfacet
  facet normal 0.13052413538356403 -0.005621177264780429 0.9914291968913015
    outer loop
      vertex -0.20870792868790033 -68.1165357404481 89.99048674851656
      vertex 0.006722562783281205 -68.13512576042037 89.96201938390732
      vertex 0.21788935363292694 -58.21091654199731 89.99048674851656
    endloop
  endfacet
  facet normal 0.37979805380990495 -0.04931341390581646 0.9237540936478507
    outer loop
      vertex -0.6590820961167623 -78.09247286127075 89.76576946675777
      vertex 0.6268432230033056 -68.18863747726223 89.76576946675777
      vertex 0.42609396741687533 -68.17131433676673 89.84923154860735
    endloop
  endfacet
  facet normal 0.45823874480857746 -0.059498242983986864 0.8868355043851581
    outer loop
      vertex -0.46848752390103243 -78.12561337466806 89.66506350785494
      vertex 0.8195813007163792 -68.2052693137754 89.66506350785494
      vertex 0.6268432230033056 -68.18863747726223 89.76576946675777
    endloop
  endfacet
  facet normal 0.5331781462623983 -0.0692284606211633 0.8431657515507949
    outer loop
      vertex -0.28726557907705796 -78.1571241790971 89.54788011312485
      vertex 1.0028413425882121 -68.22108326757207 89.54788011312485
      vertex 0.8195813007163792 -68.2052693137754 89.66506350785494
    endloop
  endfacet
  facet normal 0.6040459669397986 -0.07843001955125946 0.7930808293339039
    outer loop
      vertex -0.11679546444206323 -78.18676545928795 89.41511110961437
      vertex 1.1752286347356886 -68.23595898540617 89.41511110961437
      vertex 1.0028413425882121 -68.22108326757207 89.54788011312485
    endloop
  endfacet
  facet normal 0.21643020904438676 -0.009320824588623551 0.9762535976077072
    outer loop
      vertex 0.006722562783281205 -68.13512576042037 89.96201938390732
      vertex 0.21886135697987186 -68.15343173184566 89.91481456905603
      vertex 0.43412044644355774 -58.21091654199731 89.96201938390732
    endloop
  endfacet
  facet normal 0.30068061430973075 -0.012949168582126186 0.953636978735281
    outer loop
      vertex 0.21886135697987186 -68.15343173184566 89.91481456905603
      vertex 0.42609396741687533 -68.17131433676673 89.84923154860735
      vertex 0.647047609090805 -58.21091654199731 89.91481456905603
    endloop
  endfacet
  facet normal 0.3826314600089946 -0.01647847930554567 0.9237540936478507
    outer loop
      vertex 0.42609396741687533 -68.17131433676673 89.84923154860735
      vertex 0.6268432230033056 -68.18863747726223 89.76576946675777
      vertex 0.8550503551959991 -58.21091654199731 89.84923154860735
    endloop
  endfacet
  facet normal -0.13052413538357022 0.005621177264780651 0.9914291968913005
    outer loop
      vertex -0.6428731537657342 -68.07907056943007 89.99048674851656
      vertex -0.21788935363292694 -58.21091654199731 89.99048674851656
      vertex -0.43412044644355774 -58.21091654199731 89.96201938390732
    endloop
  endfacet
  facet normal -0.04361929600581136 0.0018785169064178214 0.9990464594753288
    outer loop
      vertex -0.42579054122681725 -68.09780315493909 90
      vertex 0 -58.21091654199731 90
      vertex -0.21788935363292694 -58.21091654199731 89.99048674851656
    endloop
  endfacet
  facet normal 0.04361929600581136 -0.0018785169064178295 0.9990464594753288
    outer loop
      vertex -0.20870792868790033 -68.1165357404481 89.99048674851656
      vertex 0.21788935363292694 -58.21091654199731 89.99048674851656
      vertex 0 -58.21091654199731 90
    endloop
  endfacet
  facet normal 0.13052413538357024 -0.005621177264780559 0.9914291968913006
    outer loop
      vertex 0.006722562783281205 -68.13512576042037 89.96201938390732
      vertex 0.43412044644355774 -58.21091654199731 89.96201938390732
      vertex 0.21788935363292694 -58.21091654199731 89.99048674851656
    endloop
  endfacet
  facet normal 0.21643020904438617 -0.009320824588623537 0.9762535976077074
    outer loop
      vertex 0.21886135697987186 -68.15343173184566 89.91481456905603
      vertex 0.647047609090805 -58.21091654199731 89.91481456905603
      vertex 0.43412044644355774 -58.21091654199731 89.96201938390732
    endloop
  endfacet
  facet normal 0.3006806143097181 -0.012949168582125933 0.9536369787352849
    outer loop
      vertex 0.42609396741687533 -68.17131433676673 89.84923154860735
      vertex 0.8550503551959991 -58.21091654199731 89.84923154860735
      vertex 0.647047609090805 -58.21091654199731 89.91481456905603
    endloop
  endfacet
  facet normal 0.9163131476492234 -0.11897514761880151 0.3823808699376278
    outer loop
      vertex 0.5322661393661434 -78.29962404978518 88.55654565244913
      vertex 0.614494427268383 -78.31392187393192 88.355050355196
      vertex 1.8315898541609954 -68.29259798805995 88.55654565244913
    endloop
  endfacet
  facet normal 0.9458571293183659 -0.12281117200560791 0.30045250364779624
    outer loop
      vertex 0.6791079543629053 -78.32515685001455 88.1470476090908
      vertex 1.9147429154453306 -68.29977346753584 88.355050355196
      vertex 0.614494427268383 -78.31392187393192 88.355050355196
    endloop
  endfacet
  facet normal 0.9907336341170346 -0.1286379887404053 0.04357905554365573
    outer loop
      vertex 0.7630341156269083 -78.33974989975054 87.5
      vertex 2.055475114241318 -68.31191759053576 87.71788935363293
      vertex 0.7536614955756136 -78.33812019205862 87.71788935363293
    endloop
  endfacet
  facet normal 0.9832073254369832 -0.1276607642091073 0.13040737896530674
    outer loop
      vertex 0.7256149551463267 -78.33324347003008 87.93412044644356
      vertex 0.7536614955756136 -78.33812019205862 87.71788935363293
      vertex 2.0271131508023785 -68.30947016787437 87.93412044644356
    endloop
  endfacet
  facet normal 0.9682110547702325 -0.12571363126565419 0.21624855221415257
    outer loop
      vertex 0.7256149551463267 -78.33324347003008 87.93412044644356
      vertex 1.9800831130264385 -68.30541183176985 88.1470476090908
      vertex 0.6791079543629053 -78.32515685001455 88.1470476090908
    endloop
  endfacet
  facet normal 0.8365944307964011 -0.10862437820129629 0.5369455305902334
    outer loop
      vertex 0.31759777614877294 -78.26229759455364 88.93394108861685
      vertex 0.43304888527153196 -78.28237219050953 88.75
      vertex 1.6145072416220785 -68.27386540255094 88.93394108861685
    endloop
  endfacet
  facet normal 0.8798007792549695 -0.11423433992575245 0.4614120765693896
    outer loop
      vertex 0.5322661393661434 -78.29962404978518 88.55654565244913
      vertex 1.7312567617342154 -68.28394000199978 88.75
      vertex 0.43304888527153196 -78.28237219050953 88.75
    endloop
  endfacet
  facet normal 0.7314491387666665 -0.09497219316744293 0.6752499092354384
    outer loop
      vertex 0.18679145544339804 -78.23955304011332 89.10696902126074
      vertex 1.4822298188582295 -68.2624508626951 89.10696902126074
      vertex 1.335431207396752 -68.24978325422272 89.26776695251465
    endloop
  endfacet
  facet normal 0.6703037720195761 -0.0870330087809649 0.7369654731389121
    outer loop
      vertex 0.041625441102354444 -78.21431162747929 89.26776695251465
      vertex 1.335431207396752 -68.24978325422272 89.26776695251465
      vertex 1.1752286347356886 -68.23595898540617 89.41511110961437
    endloop
  endfacet
  facet normal 0.7870192794658605 -0.102187483824186 0.6084064200012351
    outer loop
      vertex 0.31759777614877294 -78.26229759455364 88.93394108861685
      vertex 1.6145072416220785 -68.27386540255094 88.93394108861685
      vertex 1.4822298188582295 -68.2624508626951 89.10696902126074
    endloop
  endfacet
  facet normal 0.8365944307963887 -0.10862437820129522 0.536945530590253
    outer loop
      vertex 0.43304888527153196 -78.28237219050953 88.75
      vertex 1.7312567617342154 -68.28394000199978 88.75
      vertex 1.6145072416220785 -68.27386540255094 88.93394108861685
    endloop
  endfacet
  facet normal 0.8798007792549924 -0.11423433992575432 0.4614120765693453
    outer loop
      vertex 0.5322661393661434 -78.29962404978518 88.55654565244913
      vertex 1.8315898541609954 -68.29259798805995 88.55654565244913
      vertex 1.7312567617342154 -68.28394000199978 88.75
    endloop
  endfacet
  facet normal 0.46165734184239093 -0.01988182297823607 0.8868355043851593
    outer loop
      vertex 0.6268432230033056 -68.18863747726223 89.76576946675777
      vertex 0.8195813007163792 -68.2052693137754 89.66506350785494
      vertex 1.056545652449131 -58.21091654199731 89.76576946675777
    endloop
  endfacet
  facet normal 0.5371558134718131 -0.023133254531502778 0.843165751550794
    outer loop
      vertex 0.8195813007163792 -68.2052693137754 89.66506350785494
      vertex 1.0028413425882121 -68.22108326757207 89.54788011312485
      vertex 1.25 -58.21091654199731 89.66506350785494
    endloop
  endfacet
  facet normal 0.6085523291238414 -0.026208030467680294 0.7930808293339041
    outer loop
      vertex 1.0028413425882121 -68.22108326757207 89.54788011312485
      vertex 1.1752286347356886 -68.23595898540617 89.41511110961437
      vertex 1.433941088616848 -58.21091654199731 89.54788011312485
    endloop
  endfacet
  facet normal 0.6753044370937153 -0.029082789458373857 0.7369654731389118
    outer loop
      vertex 1.335431207396752 -68.24978325422272 89.26776695251465
      vertex 1.6069690212607384 -58.21091654199731 89.41511110961437
      vertex 1.1752286347356886 -68.23595898540617 89.41511110961437
    endloop
  endfacet
  facet normal 0.9907336341170324 -0.12863798874040608 0.043579055543705655
    outer loop
      vertex 0.7630341156269083 -78.33974989975054 87.5
      vertex 2.0649531426595615 -68.31273547261173 87.5
      vertex 2.055475114241318 -68.31191759053576 87.71788935363293
    endloop
  endfacet
  facet normal 0.9832073254369839 -0.1276607642091073 0.13040737896530077
    outer loop
      vertex 0.7536614955756136 -78.33812019205862 87.71788935363293
      vertex 2.055475114241318 -68.31191759053576 87.71788935363293
      vertex 2.0271131508023785 -68.30947016787437 87.93412044644356
    endloop
  endfacet
  facet normal 0.9458571293183502 -0.12281117200560702 0.30045250364784626
    outer loop
      vertex 0.6791079543629053 -78.32515685001455 88.1470476090908
      vertex 1.9800831130264385 -68.30541183176985 88.1470476090908
      vertex 1.9147429154453306 -68.29977346753584 88.355050355196
    endloop
  endfacet
  facet normal 0.9163131476492158 -0.11897514761880093 0.38238086993764603
    outer loop
      vertex 0.614494427268383 -78.31392187393192 88.355050355196
      vertex 1.9147429154453306 -68.29977346753584 88.355050355196
      vertex 1.8315898541609954 -68.29259798805995 88.55654565244913
    endloop
  endfacet
  facet normal 0.9682110547702444 -0.12571363126565452 0.21624855221409914
    outer loop
      vertex 0.7256149551463267 -78.33324347003008 87.93412044644356
      vertex 2.0271131508023785 -68.30947016787437 87.93412044644356
      vertex 1.9800831130264385 -68.30541183176985 88.1470476090908
    endloop
  endfacet
  facet normal 0.9231491156769932 -0.03975651557312708 0.38238086993764403
    outer loop
      vertex 1.8315898541609954 -68.29259798805995 88.55654565244913
      vertex 1.9147429154453306 -68.29977346753584 88.355050355196
      vertex 2.2657694667577744 -58.21091654199731 88.55654565244913
    endloop
  endfacet
  facet normal 0.7369059664236538 -0.03173573264874724 0.6752499092354387
    outer loop
      vertex 1.335431207396752 -68.24978325422272 89.26776695251465
      vertex 1.4822298188582295 -68.2624508626951 89.10696902126074
      vertex 1.7677669525146484 -58.21091654199731 89.26776695251465
    endloop
  endfacet
  facet normal 0.7928906768647457 -0.03414678084747317 0.6084064200012357
    outer loop
      vertex 1.4822298188582295 -68.2624508626951 89.10696902126074
      vertex 1.6145072416220785 -68.27386540255094 88.93394108861685
      vertex 1.9151111096143723 -58.21091654199731 89.10696902126074
    endloop
  endfacet
  facet normal 0.8428356735372713 -0.03629772158314655 0.5369455305902514
    outer loop
      vertex 1.7312567617342154 -68.28394000199978 88.75
      vertex 2.0478801131248474 -58.21091654199731 88.93394108861685
      vertex 1.6145072416220785 -68.27386540255094 88.93394108861685
    endloop
  endfacet
  facet normal 0.8863643541782913 -0.038172336031011916 0.46141207656934574
    outer loop
      vertex 1.8315898541609954 -68.29259798805995 88.55654565244913
      vertex 2.1650635078549385 -58.21091654199731 88.75
      vertex 1.7312567617342154 -68.28394000199978 88.75
    endloop
  endfacet
  facet normal 0.3826314600090145 -0.01647847930554605 0.9237540936478422
    outer loop
      vertex 0.6268432230033056 -68.18863747726223 89.76576946675777
      vertex 1.056545652449131 -58.21091654199731 89.76576946675777
      vertex 0.8550503551959991 -58.21091654199731 89.84923154860735
    endloop
  endfacet
  facet normal 0.4616573418423881 -0.019881822978236013 0.8868355043851607
    outer loop
      vertex 0.8195813007163792 -68.2052693137754 89.66506350785494
      vertex 1.25 -58.21091654199731 89.66506350785494
      vertex 1.056545652449131 -58.21091654199731 89.76576946675777
    endloop
  endfacet
  facet normal 0.5371558134718006 -0.023133254531502563 0.8431657515508021
    outer loop
      vertex 1.0028413425882121 -68.22108326757207 89.54788011312485
      vertex 1.433941088616848 -58.21091654199731 89.54788011312485
      vertex 1.25 -58.21091654199731 89.66506350785494
    endloop
  endfacet
  facet normal 0.608552329123845 -0.026208030467680353 0.7930808293339011
    outer loop
      vertex 1.1752286347356886 -68.23595898540617 89.41511110961437
      vertex 1.6069690212607384 -58.21091654199731 89.41511110961437
      vertex 1.433941088616848 -58.21091654199731 89.54788011312485
    endloop
  endfacet
  facet normal 0.7369059664236487 -0.03173573264874718 0.675249909235444
    outer loop
      vertex 1.4822298188582295 -68.2624508626951 89.10696902126074
      vertex 1.9151111096143723 -58.21091654199731 89.10696902126074
      vertex 1.7677669525146484 -58.21091654199731 89.26776695251465
    endloop
  endfacet
  facet normal 0.6753044370937034 -0.02908278945837369 0.7369654731389229
    outer loop
      vertex 1.335431207396752 -68.24978325422272 89.26776695251465
      vertex 1.7677669525146484 -58.21091654199731 89.26776695251465
      vertex 1.6069690212607384 -58.21091654199731 89.41511110961437
    endloop
  endfacet
  facet normal 0.792890676864762 -0.034146780847473295 0.6084064200012145
    outer loop
      vertex 1.6145072416220785 -68.27386540255094 88.93394108861685
      vertex 2.0478801131248474 -58.21091654199731 88.93394108861685
      vertex 1.9151111096143723 -58.21091654199731 89.10696902126074
    endloop
  endfacet
  facet normal 0.8428356735372753 -0.036297721583146564 0.5369455305902452
    outer loop
      vertex 1.7312567617342154 -68.28394000199978 88.75
      vertex 2.1650635078549385 -58.21091654199731 88.75
      vertex 2.0478801131248474 -58.21091654199731 88.93394108861685
    endloop
  endfacet
  facet normal 0.9981248010606061 -0.04298543271439912 0.04357905554370473
    outer loop
      vertex 2.055475114241318 -68.31191759053576 87.71788935363293
      vertex 2.0649531426595615 -68.31273547261173 87.5
      vertex 2.4904867485165596 -58.21091654199731 87.71788935363293
    endloop
  endfacet
  facet normal 0.9905423438841223 -0.04265888517002026 0.13040737896530408
    outer loop
      vertex 2.055475114241318 -68.31191759053576 87.71788935363293
      vertex 2.462019383907318 -58.21091654199731 87.93412044644356
      vertex 2.0271131508023785 -68.30947016787437 87.93412044644356
    endloop
  endfacet
  facet normal 0.9754341965875689 -0.04200823482212233 0.21624855221409758
    outer loop
      vertex 1.9800831130264385 -68.30541183176985 88.1470476090908
      vertex 2.0271131508023785 -68.30947016787437 87.93412044644356
      vertex 2.414814569056034 -58.21091654199731 88.1470476090908
    endloop
  endfacet
  facet normal 0.9529135042175345 -0.04103835439682436 0.3004525036478467
    outer loop
      vertex 1.9800831130264385 -68.30541183176985 88.1470476090908
      vertex 2.3492315486073494 -58.21091654199731 88.355050355196
      vertex 1.9147429154453306 -68.29977346753584 88.355050355196
    endloop
  endfacet
  facet normal 0.9981248010606066 -0.04298543271439887 0.04357905554369188
    outer loop
      vertex 2.0649531426595615 -68.31273547261173 87.5
      vertex 2.5 -58.21091654199731 87.5
      vertex 2.4904867485165596 -58.21091654199731 87.71788935363293
    endloop
  endfacet
  facet normal 0.9905423438841197 -0.04265888517002057 0.1304073789653231
    outer loop
      vertex 2.055475114241318 -68.31191759053576 87.71788935363293
      vertex 2.4904867485165596 -58.21091654199731 87.71788935363293
      vertex 2.462019383907318 -58.21091654199731 87.93412044644356
    endloop
  endfacet
  facet normal 0.9231491156769943 -0.03975651557312706 0.3823808699376409
    outer loop
      vertex 1.9147429154453306 -68.29977346753584 88.355050355196
      vertex 2.3492315486073494 -58.21091654199731 88.355050355196
      vertex 2.2657694667577744 -58.21091654199731 88.55654565244913
    endloop
  endfacet
  facet normal 0.9754341965875647 -0.04200823482212258 0.2162485522141167
    outer loop
      vertex 2.0271131508023785 -68.30947016787437 87.93412044644356
      vertex 2.462019383907318 -58.21091654199731 87.93412044644356
      vertex 2.414814569056034 -58.21091654199731 88.1470476090908
    endloop
  endfacet
  facet normal 0.9529135042175437 -0.0410383543968241 0.3004525036478178
    outer loop
      vertex 1.9800831130264385 -68.30541183176985 88.1470476090908
      vertex 2.414814569056034 -58.21091654199731 88.1470476090908
      vertex 2.3492315486073494 -58.21091654199731 88.355050355196
    endloop
  endfacet
  facet normal 0.8863643541782846 -0.03817233603101195 0.46141207656935906
    outer loop
      vertex 1.8315898541609954 -68.29259798805995 88.55654565244913
      vertex 2.2657694667577744 -58.21091654199731 88.55654565244913
      vertex 2.1650635078549385 -58.21091654199731 88.75
    endloop
  endfacet
  facet normal 0 0 -1
    outer loop
      vertex -36 -171.7890834580027 0
      vertex -35.55199430010049 -161.38635928264657 0
      vertex -23.59642461744589 -162.41803440747526 0
    endloop
  endfacet
  facet normal 0 0 -1
    outer loop
      vertex -35.55199430010049 -161.38635928264657 0
      vertex -34.21129470630517 -151.0606678300185 0
      vertex -22.388686966836886 -153.11637847081033 0
    endloop
  endfacet
  facet normal 0 0 -1
    outer loop
      vertex -34.21129470630517 -151.0606678300185 0
      vertex -31.987829170016852 -140.88847139146014 0
      vertex -20.38573040935401 -143.95299490219165 0
    endloop
  endfacet
  facet normal 0 0 -1
    outer loop
      vertex -36 -171.7890834580027 0
      vertex -23.59642461744589 -162.41803440747526 0
      vertex -24 -171.7890834580027 0
    endloop
  endfacet
  facet normal 0 0 -1
    outer loop
      vertex -35.55199430010049 -161.38635928264657 0
      vertex -22.388686966836886 -153.11637847081033 0
      vertex -23.59642461744589 -162.41803440747526 0
    endloop
  endfacet
  facet normal 0 0 -1
    outer loop
      vertex -34.21129470630517 -151.0606678300185 0
      vertex -20.38573040935401 -143.95299490219165 0
      vertex -22.388686966836886 -153.11637847081033 0
    endloop
  endfacet
  facet normal 0 0 -1
    outer loop
      vertex -31.987829170016852 -140.88847139146014 0
      vertex -28.89806257113287 -130.94509561961576 0
      vertex -17.602386944243662 -134.99573904160454 0
    endloop
  endfacet
  facet normal -0.9982771143752818 0.04299199226860705 0.039931084575011266
    outer loop
      vertex -36 -171.7890834580027 0
      vertex -32.5 -171.7890834580027 87.5
      vertex -35.55199430010049 -161.38635928264657 0
    endloop
  endfacet
  facet normal -0.9908848195435569 0.1286576188291852 0.0399310845750113
    outer loop
      vertex -35.55199430010049 -161.38635928264657 0
      vertex -32.06495314265956 -161.68726452738827 87.5
      vertex -34.21129470630517 -151.0606678300185 0
    endloop
  endfacet
  facet normal -0.9761549702143211 0.21337052891751807 0.03993108457501144
    outer loop
      vertex -34.21129470630517 -151.0606678300185 0
      vertex -30.76303411562691 -151.66025010024947 87.5
      vertex -31.987829170016852 -140.88847139146014 0
    endloop
  endfacet
  facet normal -0.9541966417009321 0.296503418953857 0.039931084575011364
    outer loop
      vertex -31.987829170016852 -140.88847139146014 0
      vertex -28.60388369815685 -141.78229074875682 87.5
      vertex -28.89806257113287 -130.94509561961576 0
    endloop
  endfacet
  facet normal -0.925172436587428 0.3774406854905083 0.03993108457501117
    outer loop
      vertex -28.89806257113287 -130.94509561961576 0
      vertex -25.603490513290183 -132.12653328436247 87.5
      vertex -24.964874794738492 -121.3041717379899 0
    endloop
  endfacet
  facet normal 0 0 -1
    outer loop
      vertex -31.987829170016852 -140.88847139146014 0
      vertex -17.602386944243662 -134.99573904160454 0
      vertex -20.38573040935401 -143.95299490219165 0
    endloop
  endfacet
  facet normal 0 0 -1
    outer loop
      vertex -28.89806257113287 -130.94509561961576 0
      vertex -24.964874794738492 -121.3041717379899 0
      vertex -14.059267377078484 -126.31093984245399 0
    endloop
  endfacet
  facet normal 0 0 -1
    outer loop
      vertex -28.89806257113287 -130.94509561961576 0
      vertex -14.059267377078484 -126.31093984245399 0
      vertex -17.602386944243662 -134.99573904160454 0
    endloop
  endfacet
  facet normal 0 0 -1
    outer loop
      vertex -24.964874794738492 -121.3041717379899 0
      vertex -20.217391304347856 -112.03709129784333 0
      vertex -9.7826086956522 -117.96290870215665 0
    endloop
  endfacet
  facet normal 0 0 -1
    outer loop
      vertex -24.964874794738492 -121.3041717379899 0
      vertex -9.7826086956522 -117.96290870215665 0
      vertex -14.059267377078484 -126.31093984245399 0
    endloop
  endfacet
  facet normal 0.9982771143752818 -0.04299199226860746 0.03993108457501132
    outer loop
      vertex -24 -171.7890834580027 0
      vertex -23.59642461744589 -162.41803440747526 0
      vertex -27.083465774886818 -162.11712916273356 87.5
    endloop
  endfacet
  facet normal 0.990884819543557 -0.12865761882918508 0.039931084575011225
    outer loop
      vertex -23.59642461744589 -162.41803440747526 0
      vertex -22.388686966836886 -153.11637847081033 0
      vertex -25.83694755751513 -152.5167962005794 87.5
    endloop
  endfacet
  facet normal 0.9761549702143207 -0.21337052891751931 0.03993108457501145
    outer loop
      vertex -22.388686966836886 -153.11637847081033 0
      vertex -20.38573040935401 -143.95299490219165 0
      vertex -23.769675881214013 -143.05917554489494 87.5
    endloop
  endfacet
  facet normal -0.8892972806477911 0.4555829837879232 0.03993108457501126
    outer loop
      vertex -24.964874794738492 -121.3041717379899 0
      vertex -21.78407263125432 -122.76447910179192 87.5
      vertex -20.217391304347856 -112.03709129784333 0
    endloop
  endfacet
  facet normal 0.9541966417009328 -0.29650341895385485 0.03993108457501129
    outer loop
      vertex -20.38573040935401 -143.95299490219165 0
      vertex -17.602386944243662 -134.99573904160454 0
      vertex -20.896959002086348 -133.8143013768578 87.5
    endloop
  endfacet
  facet normal 0.9251724365874279 -0.3774406854905084 0.03993108457501132
    outer loop
      vertex -17.602386944243662 -134.99573904160454 0
      vertex -14.059267377078484 -126.31093984245399 0
      vertex -17.240069540562658 -124.85063247865196 87.5
    endloop
  endfacet
  facet normal -0.9982771143752818 0.04299199226860743 0.039931084575011315
    outer loop
      vertex -35.55199430010049 -161.38635928264657 0
      vertex -32.5 -171.7890834580027 87.5
      vertex -32.06495314265956 -161.68726452738827 87.5
    endloop
  endfacet
  facet normal -0.9908848195435568 0.12865761882918617 0.039931084575011426
    outer loop
      vertex -34.21129470630517 -151.0606678300185 0
      vertex -32.06495314265956 -161.68726452738827 87.5
      vertex -30.76303411562691 -151.66025010024947 87.5
    endloop
  endfacet
  facet normal -0.9761549702143212 0.21337052891751745 0.03993108457501138
    outer loop
      vertex -31.987829170016852 -140.88847139146014 0
      vertex -30.76303411562691 -151.66025010024947 87.5
      vertex -28.60388369815685 -141.78229074875682 87.5
    endloop
  endfacet
  facet normal 0.9982771143752818 -0.04299199226860704 0.03993108457501127
    outer loop
      vertex -24 -171.7890834580027 0
      vertex -27.083465774886818 -162.11712916273356 87.5
      vertex -27.5 -171.7890834580027 87.5
    endloop
  endfacet
  facet normal 0.9908848195435569 -0.1286576188291859 0.03993108457501131
    outer loop
      vertex -23.59642461744589 -162.41803440747526 0
      vertex -25.83694755751513 -152.5167962005794 87.5
      vertex -27.083465774886818 -162.11712916273356 87.5
    endloop
  endfacet
  facet normal -0.9541966417009324 0.29650341895385557 0.0399310845750112
    outer loop
      vertex -28.89806257113287 -130.94509561961576 0
      vertex -28.60388369815685 -141.78229074875682 87.5
      vertex -25.603490513290183 -132.12653328436247 87.5
    endloop
  endfacet
  facet normal -0.9981248010606066 0.04298543271439887 0.043579055543691986
    outer loop
      vertex -32.5 -171.7890834580027 87.5
      vertex -32.49048674851656 -171.7890834580027 87.71788935363293
      vertex -32.06495314265956 -161.68726452738827 87.5
    endloop
  endfacet
  facet normal -0.9905423438841197 0.04265888517002057 0.13040737896532317
    outer loop
      vertex -32.49048674851656 -171.7890834580027 87.71788935363293
      vertex -32.46201938390732 -171.7890834580027 87.93412044644356
      vertex -32.05547511424132 -161.68808240946424 87.71788935363293
    endloop
  endfacet
  facet normal -0.9754341965875647 0.04200823482212258 0.21624855221411665
    outer loop
      vertex -32.46201938390732 -171.7890834580027 87.93412044644356
      vertex -32.414814569056034 -171.7890834580027 88.1470476090908
      vertex -32.02711315080238 -161.69052983212563 87.93412044644356
    endloop
  endfacet
  facet normal -0.9529135042175437 0.0410383543968241 0.3004525036478179
    outer loop
      vertex -32.414814569056034 -171.7890834580027 88.1470476090908
      vertex -32.34923154860735 -171.7890834580027 88.355050355196
      vertex -31.98008311302644 -161.69458816823015 88.1470476090908
    endloop
  endfacet
  facet normal -0.9231491156769942 0.039756515573127114 0.3823808699376409
    outer loop
      vertex -32.34923154860735 -171.7890834580027 88.355050355196
      vertex -32.265769466757774 -171.7890834580027 88.55654565244913
      vertex -31.91474291544533 -161.70022653246417 88.355050355196
    endloop
  endfacet
  facet normal -0.8863643541782845 0.038172336031011944 0.46141207656935906
    outer loop
      vertex -32.265769466757774 -171.7890834580027 88.55654565244913
      vertex -32.16506350785494 -171.7890834580027 88.75
      vertex -31.831589854160995 -161.70740201194005 88.55654565244913
    endloop
  endfacet
  facet normal -0.9981248010606061 0.04298543271439912 0.043579055543704705
    outer loop
      vertex -32.49048674851656 -171.7890834580027 87.71788935363293
      vertex -32.05547511424132 -161.68808240946424 87.71788935363293
      vertex -32.06495314265956 -161.68726452738827 87.5
    endloop
  endfacet
  facet normal -0.9905423438841223 0.04265888517002027 0.13040737896530413
    outer loop
      vertex -32.46201938390732 -171.7890834580027 87.93412044644356
      vertex -32.02711315080238 -161.69052983212563 87.93412044644356
      vertex -32.05547511424132 -161.68808240946424 87.71788935363293
    endloop
  endfacet
  facet normal -0.9754341965875689 0.04200823482212233 0.21624855221409747
    outer loop
      vertex -32.414814569056034 -171.7890834580027 88.1470476090908
      vertex -31.98008311302644 -161.69458816823015 88.1470476090908
      vertex -32.02711315080238 -161.69052983212563 87.93412044644356
    endloop
  endfacet
  facet normal -0.9529135042175337 0.04103835439682438 0.3004525036478493
    outer loop
      vertex -32.34923154860735 -171.7890834580027 88.355050355196
      vertex -31.91474291544533 -161.70022653246417 88.355050355196
      vertex -31.98008311302644 -161.69458816823015 88.1470476090908
    endloop
  endfacet
  facet normal -0.8428356735372753 0.036297721583146564 0.5369455305902451
    outer loop
      vertex -32.16506350785494 -171.7890834580027 88.75
      vertex -32.04788011312485 -171.7890834580027 88.93394108861685
      vertex -31.731256761734215 -161.71605999800022 88.75
    endloop
  endfacet
  facet normal -0.792890676864762 0.034146780847473295 0.6084064200012145
    outer loop
      vertex -32.04788011312485 -171.7890834580027 88.93394108861685
      vertex -31.915111109614372 -171.7890834580027 89.10696902126074
      vertex -31.61450724162208 -161.72613459744906 88.93394108861685
    endloop
  endfacet
  facet normal -0.7369059664236489 0.03173573264874714 0.675249909235444
    outer loop
      vertex -31.915111109614372 -171.7890834580027 89.10696902126074
      vertex -31.76776695251465 -171.7890834580027 89.26776695251465
      vertex -31.48222981885823 -161.73754913730488 89.10696902126074
    endloop
  endfacet
  facet normal -0.6753044370937032 0.02908278945837365 0.7369654731389228
    outer loop
      vertex -31.76776695251465 -171.7890834580027 89.26776695251465
      vertex -31.60696902126074 -171.7890834580027 89.41511110961437
      vertex -31.335431207396752 -161.75021674577727 89.26776695251465
    endloop
  endfacet
  facet normal -0.608552329123845 0.026208030467680353 0.7930808293339012
    outer loop
      vertex -31.60696902126074 -171.7890834580027 89.41511110961437
      vertex -31.433941088616848 -171.7890834580027 89.54788011312485
      vertex -31.17522863473569 -161.76404101459383 89.41511110961437
    endloop
  endfacet
  facet normal -0.5371558134718006 0.0231332545315026 0.8431657515508021
    outer loop
      vertex -31.433941088616848 -171.7890834580027 89.54788011312485
      vertex -31.25 -171.7890834580027 89.66506350785494
      vertex -31.002841342588212 -161.77891673242794 89.54788011312485
    endloop
  endfacet
  facet normal -0.4616573418423882 0.019881822978236017 0.8868355043851607
    outer loop
      vertex -31.25 -171.7890834580027 89.66506350785494
      vertex -31.05654565244913 -171.7890834580027 89.76576946675777
      vertex -30.81958130071638 -161.7947306862246 89.66506350785494
    endloop
  endfacet
  facet normal -0.3826314600090145 0.01647847930554605 0.9237540936478422
    outer loop
      vertex -31.05654565244913 -171.7890834580027 89.76576946675777
      vertex -30.855050355196 -171.7890834580027 89.84923154860735
      vertex -30.626843223003306 -161.81136252273777 89.76576946675777
    endloop
  endfacet
  facet normal -0.9231491156769941 0.03975651557312712 0.38238086993764175
    outer loop
      vertex -32.265769466757774 -171.7890834580027 88.55654565244913
      vertex -31.831589854160995 -161.70740201194005 88.55654565244913
      vertex -31.91474291544533 -161.70022653246417 88.355050355196
    endloop
  endfacet
  facet normal -0.8863643541782914 0.038172336031011916 0.46141207656934563
    outer loop
      vertex -32.16506350785494 -171.7890834580027 88.75
      vertex -31.731256761734215 -161.71605999800022 88.75
      vertex -31.831589854160995 -161.70740201194005 88.55654565244913
    endloop
  endfacet
  facet normal -0.8428356735372712 0.03629772158314654 0.5369455305902514
    outer loop
      vertex -32.04788011312485 -171.7890834580027 88.93394108861685
      vertex -31.61450724162208 -161.72613459744906 88.93394108861685
      vertex -31.731256761734215 -161.71605999800022 88.75
    endloop
  endfacet
  facet normal -0.7928906768647469 0.03414678084747318 0.6084064200012341
    outer loop
      vertex -31.915111109614372 -171.7890834580027 89.10696902126074
      vertex -31.48222981885823 -161.73754913730488 89.10696902126074
      vertex -31.61450724162208 -161.72613459744906 88.93394108861685
    endloop
  endfacet
  facet normal -0.7369059664236537 0.0317357326487472 0.6752499092354386
    outer loop
      vertex -31.76776695251465 -171.7890834580027 89.26776695251465
      vertex -31.335431207396752 -161.75021674577727 89.26776695251465
      vertex -31.48222981885823 -161.73754913730488 89.10696902126074
    endloop
  endfacet
  facet normal -0.9907336341170324 0.12863798874040627 0.0435790555437057
    outer loop
      vertex -32.06495314265956 -161.68726452738827 87.5
      vertex -32.05547511424132 -161.68808240946424 87.71788935363293
      vertex -30.76303411562691 -151.66025010024947 87.5
    endloop
  endfacet
  facet normal -0.9832073254369839 0.1276607642091073 0.13040737896530105
    outer loop
      vertex -32.05547511424132 -161.68808240946424 87.71788935363293
      vertex -32.02711315080238 -161.69052983212563 87.93412044644356
      vertex -30.753661495575614 -151.66187980794138 87.71788935363293
    endloop
  endfacet
  facet normal -0.9682110547702444 0.12571363126565452 0.21624855221409886
    outer loop
      vertex -32.02711315080238 -161.69052983212563 87.93412044644356
      vertex -31.98008311302644 -161.69458816823015 88.1470476090908
      vertex -30.725614955146327 -151.66675652996992 87.93412044644356
    endloop
  endfacet
  facet normal -0.9458571293183479 0.12281117200560691 0.30045250364785375
    outer loop
      vertex -31.98008311302644 -161.69458816823015 88.1470476090908
      vertex -31.91474291544533 -161.70022653246417 88.355050355196
      vertex -30.679107954362905 -151.67484314998546 88.1470476090908
    endloop
  endfacet
  facet normal -0.9163131476492189 0.11897514761880115 0.3823808699376384
    outer loop
      vertex -31.91474291544533 -161.70022653246417 88.355050355196
      vertex -31.831589854160995 -161.70740201194005 88.55654565244913
      vertex -30.614494427268383 -151.68607812606808 88.355050355196
    endloop
  endfacet
  facet normal -0.6753044370937139 0.0290827894583738 0.736965473138913
    outer loop
      vertex -31.60696902126074 -171.7890834580027 89.41511110961437
      vertex -31.17522863473569 -161.76404101459383 89.41511110961437
      vertex -31.335431207396752 -161.75021674577727 89.26776695251465
    endloop
  endfacet
  facet normal -0.60855232912384 0.02620803046768027 0.7930808293339052
    outer loop
      vertex -31.433941088616848 -171.7890834580027 89.54788011312485
      vertex -31.002841342588212 -161.77891673242794 89.54788011312485
      vertex -31.17522863473569 -161.76404101459383 89.41511110961437
    endloop
  endfacet
  facet normal -0.5371558134718144 0.023133254531502834 0.8431657515507932
    outer loop
      vertex -31.25 -171.7890834580027 89.66506350785494
      vertex -30.81958130071638 -161.7947306862246 89.66506350785494
      vertex -31.002841342588212 -161.77891673242794 89.54788011312485
    endloop
  endfacet
  facet normal -0.46165734184239093 0.01988182297823607 0.8868355043851592
    outer loop
      vertex -31.05654565244913 -171.7890834580027 89.76576946675777
      vertex -30.626843223003306 -161.81136252273777 89.76576946675777
      vertex -30.81958130071638 -161.7947306862246 89.66506350785494
    endloop
  endfacet
  facet normal -0.8798007792549924 0.11423433992575449 0.4614120765693454
    outer loop
      vertex -31.831589854160995 -161.70740201194005 88.55654565244913
      vertex -31.731256761734215 -161.71605999800022 88.75
      vertex -30.532266139366143 -151.70037595021483 88.55654565244913
    endloop
  endfacet
  facet normal -0.8365944307963885 0.10862437820129517 0.5369455305902533
    outer loop
      vertex -31.61450724162208 -161.72613459744906 88.93394108861685
      vertex -30.433048885271532 -151.71762780949047 88.75
      vertex -31.731256761734215 -161.71605999800022 88.75
    endloop
  endfacet
  facet normal -0.7870192794658648 0.10218748382418656 0.6084064200012297
    outer loop
      vertex -31.61450724162208 -161.72613459744906 88.93394108861685
      vertex -31.48222981885823 -161.73754913730488 89.10696902126074
      vertex -30.317597776148773 -151.73770240544636 88.93394108861685
    endloop
  endfacet
  facet normal -0.7314491387666667 0.0949721931674431 0.6752499092354382
    outer loop
      vertex -31.48222981885823 -161.73754913730488 89.10696902126074
      vertex -31.335431207396752 -161.75021674577727 89.26776695251465
      vertex -30.186791455443398 -151.76044695988668 89.10696902126074
    endloop
  endfacet
  facet normal -0.6703037720195719 0.0870330087809646 0.7369654731389159
    outer loop
      vertex -31.335431207396752 -161.75021674577727 89.26776695251465
      vertex -31.17522863473569 -161.76404101459383 89.41511110961437
      vertex -30.041625441102354 -151.78568837252072 89.26776695251465
    endloop
  endfacet
  facet normal -0.9907336341170351 0.12863798874040533 0.043579055543647695
    outer loop
      vertex -32.05547511424132 -161.68808240946424 87.71788935363293
      vertex -30.753661495575614 -151.66187980794138 87.71788935363293
      vertex -30.76303411562691 -151.66025010024947 87.5
    endloop
  endfacet
  facet normal -0.9832073254369832 0.1276607642091073 0.1304073789653061
    outer loop
      vertex -32.02711315080238 -161.69052983212563 87.93412044644356
      vertex -30.725614955146327 -151.66675652996992 87.93412044644356
      vertex -30.753661495575614 -151.66187980794138 87.71788935363293
    endloop
  endfacet
  facet normal -0.9682110547702307 0.1257136312656541 0.21624855221415995
    outer loop
      vertex -31.98008311302644 -161.69458816823015 88.1470476090908
      vertex -30.679107954362905 -151.67484314998546 88.1470476090908
      vertex -30.725614955146327 -151.66675652996992 87.93412044644356
    endloop
  endfacet
  facet normal -0.9458571293183682 0.12281117200560807 0.30045250364778864
    outer loop
      vertex -31.91474291544533 -161.70022653246417 88.355050355196
      vertex -30.614494427268383 -151.68607812606808 88.355050355196
      vertex -30.679107954362905 -151.67484314998546 88.1470476090908
    endloop
  endfacet
  facet normal -0.9163131476492206 0.11897514761880129 0.38238086993763465
    outer loop
      vertex -31.831589854160995 -161.70740201194005 88.55654565244913
      vertex -30.532266139366143 -151.70037595021483 88.55654565244913
      vertex -30.614494427268383 -151.68607812606808 88.355050355196
    endloop
  endfacet
  facet normal -0.8798007792549729 0.11423433992575288 0.4614120765693831
    outer loop
      vertex -31.731256761734215 -161.71605999800022 88.75
      vertex -30.433048885271532 -151.71762780949047 88.75
      vertex -30.532266139366143 -151.70037595021483 88.55654565244913
    endloop
  endfacet
  facet normal -0.8365944307964011 0.10862437820129629 0.5369455305902333
    outer loop
      vertex -31.61450724162208 -161.72613459744906 88.93394108861685
      vertex -30.317597776148773 -151.73770240544636 88.93394108861685
      vertex -30.433048885271532 -151.71762780949047 88.75
    endloop
  endfacet
  facet normal -0.3006806143097181 0.012949168582125933 0.9536369787352849
    outer loop
      vertex -30.855050355196 -171.7890834580027 89.84923154860735
      vertex -30.647047609090805 -171.7890834580027 89.91481456905603
      vertex -30.426093967416875 -161.82868566323327 89.84923154860735
    endloop
  endfacet
  facet normal -0.21643020904438623 0.009320824588623525 0.9762535976077074
    outer loop
      vertex -30.647047609090805 -171.7890834580027 89.91481456905603
      vertex -30.434120446443558 -171.7890834580027 89.96201938390732
      vertex -30.218861356979872 -161.84656826815433 89.91481456905603
    endloop
  endfacet
  facet normal -0.13052413538357024 0.005621177264780567 0.9914291968913005
    outer loop
      vertex -30.434120446443558 -171.7890834580027 89.96201938390732
      vertex -30.217889353632927 -171.7890834580027 89.99048674851656
      vertex -30.00672256278328 -161.86487423957965 89.96201938390732
    endloop
  endfacet
  facet normal -0.04361929600581137 0.0018785169064178325 0.9990464594753288
    outer loop
      vertex -30.217889353632927 -171.7890834580027 89.99048674851656
      vertex -30 -171.7890834580027 90
      vertex -29.7912920713121 -161.8834642595519 89.99048674851656
    endloop
  endfacet
  facet normal 0.04361929600581137 -0.0018785169064178247 0.9990464594753288
    outer loop
      vertex -30 -171.7890834580027 90
      vertex -29.782110646367073 -171.7890834580027 89.99048674851656
      vertex -29.574209458773183 -161.90219684506093 90
    endloop
  endfacet
  facet normal 0.13052413538357027 -0.005621177264780644 0.9914291968913005
    outer loop
      vertex -29.782110646367073 -171.7890834580027 89.99048674851656
      vertex -29.565879553556442 -171.7890834580027 89.96201938390732
      vertex -29.357126846234266 -161.9209294305699 89.99048674851656
    endloop
  endfacet
  facet normal -0.3826314600089946 0.01647847930554567 0.9237540936478507
    outer loop
      vertex -30.855050355196 -171.7890834580027 89.84923154860735
      vertex -30.426093967416875 -161.82868566323327 89.84923154860735
      vertex -30.626843223003306 -161.81136252273777 89.76576946675777
    endloop
  endfacet
  facet normal -0.3006806143097316 0.012949168582126205 0.9536369787352807
    outer loop
      vertex -30.647047609090805 -171.7890834580027 89.91481456905603
      vertex -30.218861356979872 -161.84656826815433 89.91481456905603
      vertex -30.426093967416875 -161.82868566323327 89.84923154860735
    endloop
  endfacet
  facet normal -0.21643020904438562 0.009320824588623515 0.9762535976077075
    outer loop
      vertex -30.434120446443558 -171.7890834580027 89.96201938390732
      vertex -30.00672256278328 -161.86487423957965 89.96201938390732
      vertex -30.218861356979872 -161.84656826815433 89.91481456905603
    endloop
  endfacet
  facet normal -0.6040459669397947 0.07843001955125894 0.7930808293339068
    outer loop
      vertex -31.17522863473569 -161.76404101459383 89.41511110961437
      vertex -31.002841342588212 -161.77891673242794 89.54788011312485
      vertex -29.883204535557937 -151.81323454071205 89.41511110961437
    endloop
  endfacet
  facet normal -0.5331781462624019 0.06922846062116357 0.8431657515507924
    outer loop
      vertex -31.002841342588212 -161.77891673242794 89.54788011312485
      vertex -30.81958130071638 -161.7947306862246 89.66506350785494
      vertex -29.712734420922942 -151.8428758209029 89.54788011312485
    endloop
  endfacet
  facet normal -0.45823874480857746 0.059498242983986864 0.8868355043851582
    outer loop
      vertex -30.81958130071638 -161.7947306862246 89.66506350785494
      vertex -30.626843223003306 -161.81136252273777 89.76576946675777
      vertex -29.531512476098968 -151.87438662533194 89.66506350785494
    endloop
  endfacet
  facet normal -0.37979805380990495 0.04931341390581646 0.9237540936478507
    outer loop
      vertex -30.626843223003306 -161.81136252273777 89.76576946675777
      vertex -30.426093967416875 -161.82868566323327 89.84923154860735
      vertex -29.340917903883238 -151.90752713872925 89.76576946675777
    endloop
  endfacet
  facet normal -0.130524135383564 0.005621177264780437 0.9914291968913015
    outer loop
      vertex -30.217889353632927 -171.7890834580027 89.99048674851656
      vertex -29.7912920713121 -161.8834642595519 89.99048674851656
      vertex -30.00672256278328 -161.86487423957965 89.96201938390732
    endloop
  endfacet
  facet normal -0.043619296005811714 0.0018785169064178397 0.9990464594753288
    outer loop
      vertex -30 -171.7890834580027 90
      vertex -29.574209458773183 -161.90219684506093 90
      vertex -29.7912920713121 -161.8834642595519 89.99048674851656
    endloop
  endfacet
  facet normal 0.04361929600581196 -0.0018785169064178373 0.9990464594753288
    outer loop
      vertex -29.782110646367073 -171.7890834580027 89.99048674851656
      vertex -29.357126846234266 -161.9209294305699 89.99048674851656
      vertex -29.574209458773183 -161.90219684506093 90
    endloop
  endfacet
  facet normal -0.29845405845750056 0.03875161646813418 0.9536369787352804
    outer loop
      vertex -30.426093967416875 -161.82868566323327 89.84923154860735
      vertex -30.218861356979872 -161.84656826815433 89.91481456905603
      vertex -29.14240124881897 -151.94204514094866 89.84923154860735
    endloop
  endfacet
  facet normal -0.21482753189922094 0.027893452566804543 0.9762535976077079
    outer loop
      vertex -30.218861356979872 -161.84656826815433 89.91481456905603
      vertex -30.00672256278328 -161.86487423957965 89.96201938390732
      vertex -28.93747334249113 -151.9776779291555 89.91481456905603
    endloop
  endfacet
  facet normal -0.12955759725750998 0.01682190667938587 0.9914291968913015
    outer loop
      vertex -30.00672256278328 -161.86487423957965 89.96201938390732
      vertex -29.7912920713121 -161.8834642595519 89.99048674851656
      vertex -28.727693815736444 -152.01415431531947 89.96201938390732
    endloop
  endfacet
  facet normal 0.21643020904438626 -0.009320824588623615 0.9762535976077075
    outer loop
      vertex -29.565879553556442 -171.7890834580027 89.96201938390732
      vertex -29.352952390909195 -171.7890834580027 89.91481456905603
      vertex -29.1416963547631 -161.9395194505422 89.96201938390732
    endloop
  endfacet
  facet normal 0.3006806143097181 -0.012949168582125728 0.953636978735285
    outer loop
      vertex -29.352952390909195 -171.7890834580027 89.91481456905603
      vertex -29.144949644804 -171.7890834580027 89.84923154860735
      vertex -28.929557560566508 -161.9578254219675 89.91481456905603
    endloop
  endfacet
  facet normal 0.38263146000901455 -0.016478479305546422 0.9237540936478423
    outer loop
      vertex -29.144949644804 -171.7890834580027 89.84923154860735
      vertex -28.94345434755087 -171.7890834580027 89.76576946675777
      vertex -28.72232495012949 -161.97570802688855 89.84923154860735
    endloop
  endfacet
  facet normal 0.4616573418423882 -0.019881822978236298 0.8868355043851608
    outer loop
      vertex -28.94345434755087 -171.7890834580027 89.76576946675777
      vertex -28.75 -171.7890834580027 89.66506350785494
      vertex -28.521575694543074 -161.99303116738406 89.76576946675777
    endloop
  endfacet
  facet normal 0.5371558134718007 -0.02313325453150249 0.8431657515508021
    outer loop
      vertex -28.75 -171.7890834580027 89.66506350785494
      vertex -28.566058911383152 -171.7890834580027 89.54788011312485
      vertex -28.32883761683 -162.00966300389723 89.66506350785494
    endloop
  endfacet
  facet normal 0.608552329123845 -0.02620803046768003 0.7930808293339012
    outer loop
      vertex -28.566058911383152 -171.7890834580027 89.54788011312485
      vertex -28.39303097873926 -171.7890834580027 89.41511110961437
      vertex -28.145577574958168 -162.0254769576939 89.54788011312485
    endloop
  endfacet
  facet normal 0.6753044370937034 -0.029082789458373056 0.7369654731389228
    outer loop
      vertex -28.23223304748535 -171.7890834580027 89.26776695251465
      vertex -27.97319028281069 -162.040352675528 89.41511110961437
      vertex -28.39303097873926 -171.7890834580027 89.41511110961437
    endloop
  endfacet
  facet normal 0.13052413538357174 -0.0056211772647806755 0.9914291968913005
    outer loop
      vertex -29.565879553556442 -171.7890834580027 89.96201938390732
      vertex -29.1416963547631 -161.9395194505422 89.96201938390732
      vertex -29.357126846234266 -161.9209294305699 89.99048674851656
    endloop
  endfacet
  facet normal 0.21643020904438673 -0.009320824588623622 0.9762535976077071
    outer loop
      vertex -29.352952390909195 -171.7890834580027 89.91481456905603
      vertex -28.929557560566508 -161.9578254219675 89.91481456905603
      vertex -29.1416963547631 -161.9395194505422 89.96201938390732
    endloop
  endfacet
  facet normal 0.30068061430971277 -0.01294916858212562 0.9536369787352865
    outer loop
      vertex -29.144949644804 -171.7890834580027 89.84923154860735
      vertex -28.72232495012949 -161.97570802688855 89.84923154860735
      vertex -28.929557560566508 -161.9578254219675 89.91481456905603
    endloop
  endfacet
  facet normal -0.043296292811824726 0.005621640202204822 0.9990464594753288
    outer loop
      vertex -29.7912920713121 -161.8834642595519 89.99048674851656
      vertex -29.574209458773183 -161.90219684506093 90
      vertex -28.514659199788383 -152.05119669518288 89.99048674851656
    endloop
  endfacet
  facet normal 0.04329629281182545 -0.005621640202204889 0.9990464594753288
    outer loop
      vertex -29.574209458773183 -161.90219684506093 90
      vertex -29.357126846234266 -161.9209294305699 89.99048674851656
      vertex -28.299990836571027 -152.08852315041443 90
    endloop
  endfacet
  facet normal 0.12955759725751612 -0.01682190667938666 0.9914291968913006
    outer loop
      vertex -29.357126846234266 -161.9209294305699 89.99048674851656
      vertex -29.1416963547631 -161.9395194505422 89.96201938390732
      vertex -28.085322473353656 -152.12584960564595 89.99048674851656
    endloop
  endfacet
  facet normal 0.3826314600090177 -0.01647847930554648 0.923754093647841
    outer loop
      vertex -28.94345434755087 -171.7890834580027 89.76576946675777
      vertex -28.521575694543074 -161.99303116738406 89.76576946675777
      vertex -28.72232495012949 -161.97570802688855 89.84923154860735
    endloop
  endfacet
  facet normal 0.4616573418423909 -0.019881822978236346 0.8868355043851593
    outer loop
      vertex -28.75 -171.7890834580027 89.66506350785494
      vertex -28.32883761683 -162.00966300389723 89.66506350785494
      vertex -28.521575694543074 -161.99303116738406 89.76576946675777
    endloop
  endfacet
  facet normal 0.5371558134718118 -0.023133254531502678 0.8431657515507949
    outer loop
      vertex -28.566058911383152 -171.7890834580027 89.54788011312485
      vertex -28.145577574958168 -162.0254769576939 89.54788011312485
      vertex -28.32883761683 -162.00966300389723 89.66506350785494
    endloop
  endfacet
  facet normal 0.6085523291238427 -0.026208030467679996 0.793080829333903
    outer loop
      vertex -28.39303097873926 -171.7890834580027 89.41511110961437
      vertex -27.97319028281069 -162.040352675528 89.41511110961437
      vertex -28.145577574958168 -162.0254769576939 89.54788011312485
    endloop
  endfacet
  facet normal 0.21482753189922443 -0.027893452566804883 0.9762535976077072
    outer loop
      vertex -29.1416963547631 -161.9395194505422 89.96201938390732
      vertex -28.929557560566508 -161.9578254219675 89.91481456905603
      vertex -27.872287857405595 -152.16289198550936 89.96201938390732
    endloop
  endfacet
  facet normal 0.2984540584574821 -0.038751616468131966 0.9536369787352862
    outer loop
      vertex -28.929557560566508 -161.9578254219675 89.91481456905603
      vertex -28.72232495012949 -161.97570802688855 89.84923154860735
      vertex -27.66250833065091 -152.19936837167333 89.91481456905603
    endloop
  endfacet
  facet normal 0.37979805380992776 -0.049313413905818664 0.9237540936478412
    outer loop
      vertex -28.72232495012949 -161.97570802688855 89.84923154860735
      vertex -28.521575694543074 -161.99303116738406 89.76576946675777
      vertex -27.457580424323083 -152.2350011598802 89.84923154860735
    endloop
  endfacet
  facet normal -0.7870192794658634 0.10218748382418644 0.6084064200012315
    outer loop
      vertex -31.48222981885823 -161.73754913730488 89.10696902126074
      vertex -30.186791455443398 -151.76044695988668 89.10696902126074
      vertex -30.317597776148773 -151.73770240544636 88.93394108861685
    endloop
  endfacet
  facet normal -0.7314491387666772 0.09497219316744411 0.6752499092354268
    outer loop
      vertex -31.335431207396752 -161.75021674577727 89.26776695251465
      vertex -30.041625441102354 -151.78568837252072 89.26776695251465
      vertex -30.186791455443398 -151.76044695988668 89.10696902126074
    endloop
  endfacet
  facet normal -0.6703037720195587 0.08703300878096328 0.736965473138928
    outer loop
      vertex -31.17522863473569 -161.76404101459383 89.41511110961437
      vertex -29.883204535557937 -151.81323454071205 89.41511110961437
      vertex -30.041625441102354 -151.78568837252072 89.26776695251465
    endloop
  endfacet
  facet normal -0.6040459669397904 0.0784300195512585 0.7930808293339103
    outer loop
      vertex -31.002841342588212 -161.77891673242794 89.54788011312485
      vertex -29.712734420922942 -151.8428758209029 89.54788011312485
      vertex -29.883204535557937 -151.81323454071205 89.41511110961437
    endloop
  endfacet
  facet normal -0.5331781462623981 0.06922846062116318 0.8431657515507951
    outer loop
      vertex -30.81958130071638 -161.7947306862246 89.66506350785494
      vertex -29.531512476098968 -151.87438662533194 89.66506350785494
      vertex -29.712734420922942 -151.8428758209029 89.54788011312485
    endloop
  endfacet
  facet normal -0.45823874480856214 0.059498242983985254 0.8868355043851662
    outer loop
      vertex -30.626843223003306 -161.81136252273777 89.76576946675777
      vertex -29.340917903883238 -151.90752713872925 89.76576946675777
      vertex -29.531512476098968 -151.87438662533194 89.66506350785494
    endloop
  endfacet
  facet normal -0.37979805380993914 0.04931341390582009 0.9237540936478364
    outer loop
      vertex -30.426093967416875 -161.82868566323327 89.84923154860735
      vertex -29.14240124881897 -151.94204514094866 89.84923154860735
      vertex -29.340917903883238 -151.90752713872925 89.76576946675777
    endloop
  endfacet
  facet normal -0.9760060322120302 0.21333797365601248 0.04357905554364198
    outer loop
      vertex -30.76303411562691 -151.66025010024947 87.5
      vertex -30.753661495575614 -151.66187980794138 87.71788935363293
      vertex -28.60388369815685 -141.78229074875682 87.5
    endloop
  endfacet
  facet normal -0.9685916047422619 0.2117173085371359 0.13040737896530627
    outer loop
      vertex -30.753661495575614 -151.66187980794138 87.71788935363293
      vertex -30.725614955146327 -151.66675652996992 87.93412044644356
      vertex -28.594685891219697 -141.78472021399304 87.71788935363293
    endloop
  endfacet
  facet normal -0.9538182588827767 0.20848811162055725 0.21624855221416522
    outer loop
      vertex -30.725614955146327 -151.66675652996992 87.93412044644356
      vertex -30.679107954362905 -151.67484314998546 88.1470476090908
      vertex -28.567162459915338 -141.79199012300415 87.93412044644356
    endloop
  endfacet
  facet normal -0.9317966323493467 0.20367456639009962 0.30045250364778314
    outer loop
      vertex -30.679107954362905 -151.67484314998546 88.1470476090908
      vertex -30.614494427268383 -151.68607812606808 88.355050355196
      vertex -28.521522882925055 -141.8040451450818 88.1470476090908
    endloop
  endfacet
  facet normal -0.9026918322984706 0.1973127624036584 0.382380869937641
    outer loop
      vertex -30.614494427268383 -151.68607812606808 88.355050355196
      vertex -30.532266139366143 -151.70037595021483 88.55654565244913
      vertex -28.45811449290271 -141.82079353742094 88.355050355196
    endloop
  endfacet
  facet normal -0.866722233027836 0.1894504324913893 0.4614120765693795
    outer loop
      vertex -30.532266139366143 -151.70037595021483 88.55654565244913
      vertex -30.433048885271532 -151.71762780949047 88.75
      vertex -28.3774198832036 -141.8421078300945 88.55654565244913
    endloop
  endfacet
  facet normal -0.8241581620472398 0.18014666555362574 0.5369455305902319
    outer loop
      vertex -30.433048885271532 -151.71762780949047 88.75
      vertex -30.317597776148773 -151.73770240544636 88.93394108861685
      vertex -28.28005317645544 -141.8678258116552 88.75
    endloop
  endfacet
  facet normal -0.7753199626763734 0.169471483078396 0.6084064200012325
    outer loop
      vertex -30.317597776148773 -151.73770240544636 88.93394108861685
      vertex -30.186791455443398 -151.76044695988668 89.10696902126074
      vertex -28.166755399891414 -141.89775175067334 88.93394108861685
    endloop
  endfacet
  facet normal -0.2984540584574743 0.038751616468131383 0.9536369787352887
    outer loop
      vertex -30.218861356979872 -161.84656826815433 89.91481456905603
      vertex -28.93747334249113 -151.9776779291555 89.91481456905603
      vertex -29.14240124881897 -151.94204514094866 89.84923154860735
    endloop
  endfacet
  facet normal -0.21482753189923298 0.027893452566805838 0.9762535976077055
    outer loop
      vertex -30.00672256278328 -161.86487423957965 89.96201938390732
      vertex -28.727693815736444 -152.01415431531947 89.96201938390732
      vertex -28.93747334249113 -151.9776779291555 89.91481456905603
    endloop
  endfacet
  facet normal -0.12955759725751156 0.01682190667938604 0.9914291968913013
    outer loop
      vertex -29.7912920713121 -161.8834642595519 89.99048674851656
      vertex -28.514659199788383 -152.05119669518288 89.99048674851656
      vertex -28.727693815736444 -152.01415431531947 89.96201938390732
    endloop
  endfacet
  facet normal -0.04329629281182592 0.0056216402022049505 0.9990464594753288
    outer loop
      vertex -29.574209458773183 -161.90219684506093 90
      vertex -28.299990836571027 -152.08852315041443 90
      vertex -28.514659199788383 -152.05119669518288 89.99048674851656
    endloop
  endfacet
  facet normal 0.043296292811823886 -0.0056216402022047215 0.9990464594753288
    outer loop
      vertex -29.357126846234266 -161.9209294305699 89.99048674851656
      vertex -28.085322473353656 -152.12584960564595 89.99048674851656
      vertex -28.299990836571027 -152.08852315041443 90
    endloop
  endfacet
  facet normal 0.12955759725751145 -0.016821906679386156 0.991429196891301
    outer loop
      vertex -29.1416963547631 -161.9395194505422 89.96201938390732
      vertex -27.872287857405595 -152.16289198550936 89.96201938390732
      vertex -28.085322473353656 -152.12584960564595 89.99048674851656
    endloop
  endfacet
  facet normal 0.2148275318992329 -0.02789345256680579 0.9762535976077054
    outer loop
      vertex -28.929557560566508 -161.9578254219675 89.91481456905603
      vertex -27.66250833065091 -152.19936837167333 89.91481456905603
      vertex -27.872287857405595 -152.16289198550936 89.96201938390732
    endloop
  endfacet
  facet normal -0.7205758915501156 0.15750537957257235 0.6752499092354295
    outer loop
      vertex -30.186791455443398 -151.76044695988668 89.10696902126074
      vertex -30.041625441102354 -151.78568837252072 89.26776695251465
      vertex -28.03838880896781 -141.93165789506952 89.10696902126074
    endloop
  endfacet
  facet normal -0.6603394720606464 0.14433874407027797 0.7369654731389265
    outer loop
      vertex -30.041625441102354 -151.78568837252072 89.26776695251465
      vertex -29.883204535557937 -151.81323454071205 89.41511110961437
      vertex -27.895930353761344 -141.96928619786962 89.26776695251465
    endloop
  endfacet
  facet normal -0.5950666124220246 0.13007123019182745 0.793080829333909
    outer loop
      vertex -29.883204535557937 -151.81323454071205 89.41511110961437
      vertex -29.712734420922942 -151.8428758209029 89.54788011312485
      vertex -27.740464230518157 -142.01035028460333 89.41511110961437
    endloop
  endfacet
  facet normal -0.5252522666796375 0.11481102629836828 0.8431657515507958
    outer loop
      vertex -29.712734420922942 -151.8428758209029 89.54788011312485
      vertex -29.531512476098968 -151.87438662533194 89.66506350785494
      vertex -27.57317363361085 -142.05453763190337 89.54788011312485
    endloop
  endfacet
  facet normal -0.9760060322120288 0.21333797365601287 0.04357905554367457
    outer loop
      vertex -30.753661495575614 -151.66187980794138 87.71788935363293
      vertex -28.594685891219697 -141.78472021399304 87.71788935363293
      vertex -28.60388369815685 -141.78229074875682 87.5
    endloop
  endfacet
  facet normal -0.9685916047422571 0.2117173085371357 0.13040737896534244
    outer loop
      vertex -30.725614955146327 -151.66675652996992 87.93412044644356
      vertex -28.567162459915338 -141.79199012300415 87.93412044644356
      vertex -28.594685891219697 -141.78472021399304 87.71788935363293
    endloop
  endfacet
  facet normal -0.9538182588827834 0.20848811162055805 0.216248552214135
    outer loop
      vertex -30.679107954362905 -151.67484314998546 88.1470476090908
      vertex -28.521522882925055 -141.8040451450818 88.1470476090908
      vertex -28.567162459915338 -141.79199012300415 87.93412044644356
    endloop
  endfacet
  facet normal -0.9317966323493447 0.20367456639009934 0.30045250364778975
    outer loop
      vertex -30.614494427268383 -151.68607812606808 88.355050355196
      vertex -28.45811449290271 -141.82079353742094 88.355050355196
      vertex -28.521522882925055 -141.8040451450818 88.1470476090908
    endloop
  endfacet
  facet normal -0.902691832298465 0.19731276240365742 0.3823808699376553
    outer loop
      vertex -30.532266139366143 -151.70037595021483 88.55654565244913
      vertex -28.3774198832036 -141.8421078300945 88.55654565244913
      vertex -28.45811449290271 -141.82079353742094 88.355050355196
    endloop
  endfacet
  facet normal -0.8667222330278564 0.18945043249139276 0.4614120765693397
    outer loop
      vertex -30.433048885271532 -151.71762780949047 88.75
      vertex -28.28005317645544 -141.8678258116552 88.75
      vertex -28.3774198832036 -141.8421078300945 88.55654565244913
    endloop
  endfacet
  facet normal -0.8241581620472238 0.1801466655536229 0.5369455305902575
    outer loop
      vertex -30.317597776148773 -151.73770240544636 88.93394108861685
      vertex -28.166755399891414 -141.89775175067334 88.93394108861685
      vertex -28.28005317645544 -141.8678258116552 88.75
    endloop
  endfacet
  facet normal -0.7753199626764002 0.1694714830784009 0.6084064200011967
    outer loop
      vertex -30.186791455443398 -151.76044695988668 89.10696902126074
      vertex -28.03838880896781 -141.93165789506952 89.10696902126074
      vertex -28.166755399891414 -141.89775175067334 88.93394108861685
    endloop
  endfacet
  facet normal -0.45142686563277923 0.09867407535352221 0.8868355043851661
    outer loop
      vertex -29.531512476098968 -151.87438662533194 89.66506350785494
      vertex -29.340917903883238 -151.90752713872925 89.76576946675777
      vertex -27.395331743921147 -142.10151194779135 89.66506350785494
    endloop
  endfacet
  facet normal -0.3741522229345232 0.08178318006789075 0.9237540936478376
    outer loop
      vertex -29.340917903883238 -151.90752713872925 89.76576946675777
      vertex -29.14240124881897 -151.94204514094866 89.84923154860735
      vertex -27.20829204009074 -142.15091573081827 89.76576946675777
    endloop
  endfacet
  facet normal -0.2940174345168636 0.06426710658458352 0.9536369787352876
    outer loop
      vertex -29.14240124881897 -151.94204514094866 89.84923154860735
      vertex -28.93747334249113 -151.9776779291555 89.91481456905603
      vertex -27.013478011879087 -142.20237298712942 89.84923154860735
    endloop
  endfacet
  facet normal -0.21163404551793422 0.04625952805342096 0.9762535976077055
    outer loop
      vertex -28.93747334249113 -151.9776779291555 89.91481456905603
      vertex -28.727693815736444 -152.01415431531947 89.96201938390732
      vertex -26.812372311645618 -142.25549209594078 89.91481456905603
    endloop
  endfacet
  facet normal -0.7205758915500995 0.15750537957256938 0.6752499092354474
    outer loop
      vertex -30.041625441102354 -151.78568837252072 89.26776695251465
      vertex -27.895930353761344 -141.96928619786962 89.26776695251465
      vertex -28.03838880896781 -141.93165789506952 89.10696902126074
    endloop
  endfacet
  facet normal -0.660339472060632 0.14433874407027525 0.7369654731389398
    outer loop
      vertex -29.883204535557937 -151.81323454071205 89.41511110961437
      vertex -27.740464230518157 -142.01035028460333 89.41511110961437
      vertex -27.895930353761344 -141.96928619786962 89.26776695251465
    endloop
  endfacet
  facet normal -0.5950666124220423 0.1300712301918308 0.7930808293338949
    outer loop
      vertex -29.712734420922942 -151.8428758209029 89.54788011312485
      vertex -27.57317363361085 -142.05453763190337 89.54788011312485
      vertex -27.740464230518157 -142.01035028460333 89.41511110961437
    endloop
  endfacet
  facet normal -0.5252522666796444 0.1148110262983696 0.8431657515507913
    outer loop
      vertex -29.531512476098968 -151.87438662533194 89.66506350785494
      vertex -27.395331743921147 -142.10151194779135 89.66506350785494
      vertex -27.57317363361085 -142.05453763190337 89.54788011312485
    endloop
  endfacet
  facet normal 0.9231491156769943 -0.03975651557312642 0.382380869937641
    outer loop
      vertex -27.734230533242226 -171.7890834580027 88.55654565244913
      vertex -27.65076845139265 -171.7890834580027 88.355050355196
      vertex -27.316829063385384 -162.09699167818178 88.55654565244913
    endloop
  endfacet
  facet normal 0.9529135042175437 -0.0410383543968241 0.30045250364781784
    outer loop
      vertex -27.65076845139265 -171.7890834580027 88.355050355196
      vertex -27.585185430943966 -171.7890834580027 88.1470476090908
      vertex -27.23367600210105 -162.10416715765766 88.355050355196
    endloop
  endfacet
  facet normal 0.7369059664236489 -0.03173573264874697 0.6752499092354439
    outer loop
      vertex -28.23223304748535 -171.7890834580027 89.26776695251465
      vertex -28.084888890385628 -171.7890834580027 89.10696902126074
      vertex -27.812987710149613 -162.05417694434453 89.26776695251465
    endloop
  endfacet
  facet normal 0.7928906768647621 -0.03414678084747357 0.6084064200012146
    outer loop
      vertex -28.084888890385628 -171.7890834580027 89.10696902126074
      vertex -27.952119886875153 -171.7890834580027 88.93394108861685
      vertex -27.666189098688136 -162.06684455281695 89.10696902126074
    endloop
  endfacet
  facet normal 0.8428356735372754 -0.036297721583146376 0.536945530590245
    outer loop
      vertex -27.952119886875153 -171.7890834580027 88.93394108861685
      vertex -27.83493649214506 -171.7890834580027 88.75
      vertex -27.5339116759243 -162.07825909267277 88.93394108861685
    endloop
  endfacet
  facet normal 0.8863643541782846 -0.0381723360310116 0.46141207656935906
    outer loop
      vertex -27.734230533242226 -171.7890834580027 88.55654565244913
      vertex -27.417162155812164 -162.0883336921216 88.75
      vertex -27.83493649214506 -171.7890834580027 88.75
    endloop
  endfacet
  facet normal 0.8428356735372714 -0.03629772158314636 0.5369455305902512
    outer loop
      vertex -27.83493649214506 -171.7890834580027 88.75
      vertex -27.417162155812164 -162.0883336921216 88.75
      vertex -27.5339116759243 -162.07825909267277 88.93394108861685
    endloop
  endfacet
  facet normal 0.8863643541782915 -0.03817233603101156 0.46141207656934574
    outer loop
      vertex -27.734230533242226 -171.7890834580027 88.55654565244913
      vertex -27.316829063385384 -162.09699167818178 88.55654565244913
      vertex -27.417162155812164 -162.0883336921216 88.75
    endloop
  endfacet
  facet normal 0.9905423438841198 -0.042658885170020054 0.13040737896532317
    outer loop
      vertex -27.50951325148344 -171.7890834580027 87.71788935363293
      vertex -27.121305766744 -162.1138638579962 87.93412044644356
      vertex -27.537980616092682 -171.7890834580027 87.93412044644356
    endloop
  endfacet
  facet normal 0.9981248010606067 -0.04298543271439967 0.043579055543692
    outer loop
      vertex -27.5 -171.7890834580027 87.5
      vertex -27.092943803305047 -162.11631128065758 87.71788935363293
      vertex -27.50951325148344 -171.7890834580027 87.71788935363293
    endloop
  endfacet
  facet normal 0.9754341965875647 -0.04200823482212292 0.21624855221411668
    outer loop
      vertex -27.585185430943966 -171.7890834580027 88.1470476090908
      vertex -27.537980616092682 -171.7890834580027 87.93412044644356
      vertex -27.16833580451994 -162.10980552189167 88.1470476090908
    endloop
  endfacet
  facet normal 0.998124801060609 -0.04298543271439858 0.043579055543639826
    outer loop
      vertex -27.5 -171.7890834580027 87.5
      vertex -27.083465774886818 -162.11712916273356 87.5
      vertex -27.092943803305047 -162.11631128065758 87.71788935363293
    endloop
  endfacet
  facet normal 0.9905423438841138 -0.04265888517002082 0.13040737896536822
    outer loop
      vertex -27.50951325148344 -171.7890834580027 87.71788935363293
      vertex -27.092943803305047 -162.11631128065758 87.71788935363293
      vertex -27.121305766744 -162.1138638579962 87.93412044644356
    endloop
  endfacet
  facet normal 0.9529135042175338 -0.04103835439682442 0.30045250364784926
    outer loop
      vertex -27.585185430943966 -171.7890834580027 88.1470476090908
      vertex -27.16833580451994 -162.10980552189167 88.1470476090908
      vertex -27.23367600210105 -162.10416715765766 88.355050355196
    endloop
  endfacet
  facet normal 0.923149115676994 -0.03975651557312642 0.38238086993764175
    outer loop
      vertex -27.65076845139265 -171.7890834580027 88.355050355196
      vertex -27.23367600210105 -162.10416715765766 88.355050355196
      vertex -27.316829063385384 -162.09699167818178 88.55654565244913
    endloop
  endfacet
  facet normal 0.9754341965875689 -0.04200823482212266 0.21624855221409764
    outer loop
      vertex -27.537980616092682 -171.7890834580027 87.93412044644356
      vertex -27.121305766744 -162.1138638579962 87.93412044644356
      vertex -27.16833580451994 -162.10980552189167 88.1470476090908
    endloop
  endfacet
  facet normal 0.7369059664236511 -0.03173573264874699 0.6752499092354415
    outer loop
      vertex -28.084888890385628 -171.7890834580027 89.10696902126074
      vertex -27.666189098688136 -162.06684455281695 89.10696902126074
      vertex -27.812987710149613 -162.05417694434453 89.26776695251465
    endloop
  endfacet
  facet normal 0.6753044370936843 -0.029082789458372817 0.7369654731389402
    outer loop
      vertex -28.23223304748535 -171.7890834580027 89.26776695251465
      vertex -27.812987710149613 -162.05417694434453 89.26776695251465
      vertex -27.97319028281069 -162.040352675528 89.41511110961437
    endloop
  endfacet
  facet normal 0.7928906768647787 -0.03414678084747368 0.608406420001193
    outer loop
      vertex -27.952119886875153 -171.7890834580027 88.93394108861685
      vertex -27.5339116759243 -162.07825909267277 88.93394108861685
      vertex -27.666189098688136 -162.06684455281695 89.10696902126074
    endloop
  endfacet
  facet normal 0.4582387448085774 -0.05949824298398648 0.8868355043851581
    outer loop
      vertex -28.521575694543074 -161.99303116738406 89.76576946675777
      vertex -28.32883761683 -162.00966300389723 89.66506350785494
      vertex -27.259063769258802 -152.26951916209958 89.76576946675777
    endloop
  endfacet
  facet normal 0.5331781462623943 -0.06922846062116271 0.8431657515507973
    outer loop
      vertex -28.32883761683 -162.00966300389723 89.66506350785494
      vertex -28.145577574958168 -162.0254769576939 89.54788011312485
      vertex -27.068469197043072 -152.3026596754969 89.66506350785494
    endloop
  endfacet
  facet normal 0.6040459669398028 -0.07843001955126015 0.7930808293339007
    outer loop
      vertex -28.145577574958168 -162.0254769576939 89.54788011312485
      vertex -27.97319028281069 -162.040352675528 89.41511110961437
      vertex -26.887247252219098 -152.33417047992594 89.54788011312485
    endloop
  endfacet
  facet normal 0.6703037720195483 -0.0870330087809625 0.7369654731389379
    outer loop
      vertex -27.812987710149613 -162.05417694434453 89.26776695251465
      vertex -26.716777137584103 -152.3638117601168 89.41511110961437
      vertex -27.97319028281069 -162.040352675528 89.41511110961437
    endloop
  endfacet
  facet normal 0.9163131476492188 -0.11897514761880203 0.3823808699376384
    outer loop
      vertex -27.316829063385384 -162.09699167818178 88.55654565244913
      vertex -27.23367600210105 -162.10416715765766 88.355050355196
      vertex -26.06771553377591 -152.47667035061403 88.55654565244913
    endloop
  endfacet
  facet normal 0.7314491387666584 -0.0949721931674416 0.6752499092354473
    outer loop
      vertex -27.812987710149613 -162.05417694434453 89.26776695251465
      vertex -27.666189098688136 -162.06684455281695 89.10696902126074
      vertex -26.5583562320397 -152.39135792830814 89.26776695251465
    endloop
  endfacet
  facet normal 0.7870192794658958 -0.10218748382419038 0.6084064200011889
    outer loop
      vertex -27.666189098688136 -162.06684455281695 89.10696902126074
      vertex -27.5339116759243 -162.07825909267277 88.93394108861685
      vertex -26.41319021769864 -152.41659934094216 89.10696902126074
    endloop
  endfacet
  facet normal 0.8365944307963885 -0.10862437820129572 0.5369455305902534
    outer loop
      vertex -27.5339116759243 -162.07825909267277 88.93394108861685
      vertex -27.417162155812164 -162.0883336921216 88.75
      vertex -26.282383896993267 -152.43934389538248 88.93394108861685
    endloop
  endfacet
  facet normal 0.8798007792549921 -0.11423433992575541 0.46141207656934535
    outer loop
      vertex -27.316829063385384 -162.09699167818178 88.55654565244913
      vertex -26.166932787870508 -152.45941849133837 88.75
      vertex -27.417162155812164 -162.0883336921216 88.75
    endloop
  endfacet
  facet normal 0.9907336341170353 -0.12863798874040583 0.04357905554364121
    outer loop
      vertex -27.083465774886818 -162.11712916273356 87.5
      vertex -25.846320177566426 -152.51516649288746 87.71788935363293
      vertex -27.092943803305047 -162.11631128065758 87.71788935363293
    endloop
  endfacet
  facet normal 0.9832073254369756 -0.12766076420910652 0.13040737896536458
    outer loop
      vertex -27.092943803305047 -162.11631128065758 87.71788935363293
      vertex -25.874366717995727 -152.51028977085892 87.93412044644356
      vertex -27.121305766744 -162.1138638579962 87.93412044644356
    endloop
  endfacet
  facet normal 0.9682110547702443 -0.12571363126565502 0.2162485522140988
    outer loop
      vertex -27.16833580451994 -162.10980552189167 88.1470476090908
      vertex -27.121305766744 -162.1138638579962 87.93412044644356
      vertex -25.920873718779134 -152.5022031508434 88.1470476090908
    endloop
  endfacet
  facet normal 0.9458571293183476 -0.12281117200560725 0.30045250364785364
    outer loop
      vertex -27.16833580451994 -162.10980552189167 88.1470476090908
      vertex -25.985487245873657 -152.49096817476075 88.355050355196
      vertex -27.23367600210105 -162.10416715765766 88.355050355196
    endloop
  endfacet
  facet normal 0.29845405845748807 -0.03875161646813261 0.9536369787352842
    outer loop
      vertex -28.72232495012949 -161.97570802688855 89.84923154860735
      vertex -27.457580424323083 -152.2350011598802 89.84923154860735
      vertex -27.66250833065091 -152.19936837167333 89.91481456905603
    endloop
  endfacet
  facet normal 0.37979805380992204 -0.04931341390581805 0.9237540936478436
    outer loop
      vertex -28.521575694543074 -161.99303116738406 89.76576946675777
      vertex -27.259063769258802 -152.26951916209958 89.76576946675777
      vertex -27.457580424323083 -152.2350011598802 89.84923154860735
    endloop
  endfacet
  facet normal 0.4582387448085622 -0.059498242983984886 0.8868355043851661
    outer loop
      vertex -28.32883761683 -162.00966300389723 89.66506350785494
      vertex -27.068469197043072 -152.3026596754969 89.66506350785494
      vertex -27.259063769258802 -152.26951916209958 89.76576946675777
    endloop
  endfacet
  facet normal 0.5331781462623978 -0.06922846062116306 0.8431657515507951
    outer loop
      vertex -28.145577574958168 -162.0254769576939 89.54788011312485
      vertex -26.887247252219098 -152.33417047992594 89.54788011312485
      vertex -27.068469197043072 -152.3026596754969 89.66506350785494
    endloop
  endfacet
  facet normal 0.6040459669397897 -0.0784300195512588 0.7930808293339107
    outer loop
      vertex -27.97319028281069 -162.040352675528 89.41511110961437
      vertex -26.716777137584103 -152.3638117601168 89.41511110961437
      vertex -26.887247252219098 -152.33417047992594 89.54788011312485
    endloop
  endfacet
  facet normal 0.7314491387666532 -0.09497219316744109 0.675249909235453
    outer loop
      vertex -27.666189098688136 -162.06684455281695 89.10696902126074
      vertex -26.41319021769864 -152.41659934094216 89.10696902126074
      vertex -26.5583562320397 -152.39135792830814 89.26776695251465
    endloop
  endfacet
  facet normal 0.6703037720195827 -0.08703300878096591 0.7369654731389061
    outer loop
      vertex -27.812987710149613 -162.05417694434453 89.26776695251465
      vertex -26.5583562320397 -152.39135792830814 89.26776695251465
      vertex -26.716777137584103 -152.3638117601168 89.41511110961437
    endloop
  endfacet
  facet normal -0.1276316782713471 0.02789806898530529 0.9914291968913013
    outer loop
      vertex -28.727693815736444 -152.01415431531947 89.96201938390732
      vertex -28.514659199788383 -152.05119669518288 89.99048674851656
      vertex -26.60650548082387 -142.30986878727458 89.96201938390732
    endloop
  endfacet
  facet normal -0.04265267827958729 0.00932313495496121 0.9990464594753288
    outer loop
      vertex -28.514659199788383 -152.05119669518288 89.99048674851656
      vertex -28.299990836571027 -152.08852315041443 90
      vertex -26.397444272997618 -142.36508922624705 89.99048674851656
    endloop
  endfacet
  facet normal 0.042652678279585764 -0.009323134954960895 0.9990464594753288
    outer loop
      vertex -28.299990836571027 -152.08852315041443 90
      vertex -28.085322473353656 -152.12584960564595 89.99048674851656
      vertex -26.18677978968543 -142.42073314682588 90
    endloop
  endfacet
  facet normal -0.4514268656327664 0.09867407535351973 0.8868355043851729
    outer loop
      vertex -29.340917903883238 -151.90752713872925 89.76576946675777
      vertex -27.20829204009074 -142.15091573081827 89.76576946675777
      vertex -27.395331743921147 -142.10151194779135 89.66506350785494
    endloop
  endfacet
  facet normal -0.3741522229345335 0.08178318006789274 0.9237540936478333
    outer loop
      vertex -29.14240124881897 -151.94204514094866 89.84923154860735
      vertex -27.013478011879087 -142.20237298712942 89.84923154860735
      vertex -27.20829204009074 -142.15091573081827 89.76576946675777
    endloop
  endfacet
  facet normal -0.29401743451685697 0.06426710658458223 0.9536369787352897
    outer loop
      vertex -28.93747334249113 -151.9776779291555 89.91481456905603
      vertex -26.812372311645618 -142.25549209594078 89.91481456905603
      vertex -27.013478011879087 -142.20237298712942 89.84923154860735
    endloop
  endfacet
  facet normal 0.12763167827134708 -0.027898068985305394 0.9914291968913013
    outer loop
      vertex -28.085322473353656 -152.12584960564595 89.99048674851656
      vertex -27.872287857405595 -152.16289198550936 89.96201938390732
      vertex -25.976115306373245 -142.47637706740474 89.99048674851656
    endloop
  endfacet
  facet normal 0.21163404551793422 -0.046259528053420935 0.9762535976077056
    outer loop
      vertex -27.872287857405595 -152.16289198550936 89.96201938390732
      vertex -27.66250833065091 -152.19936837167333 89.91481456905603
      vertex -25.767054098546993 -142.53159750637718 89.96201938390732
    endloop
  endfacet
  facet normal 0.2940174345168736 -0.0642671065845859 0.9536369787352844
    outer loop
      vertex -27.66250833065091 -152.19936837167333 89.91481456905603
      vertex -27.457580424323083 -152.2350011598802 89.84923154860735
      vertex -25.561187267725245 -142.585974197711 89.91481456905603
    endloop
  endfacet
  facet normal -0.12763167827134642 0.027898068985305148 0.9914291968913012
    outer loop
      vertex -28.514659199788383 -152.05119669518288 89.99048674851656
      vertex -26.397444272997618 -142.36508922624705 89.99048674851656
      vertex -26.60650548082387 -142.30986878727458 89.96201938390732
    endloop
  endfacet
  facet normal -0.2116340455179382 0.04625952805342175 0.9762535976077045
    outer loop
      vertex -28.727693815736444 -152.01415431531947 89.96201938390732
      vertex -26.60650548082387 -142.30986878727458 89.96201938390732
      vertex -26.812372311645618 -142.25549209594078 89.91481456905603
    endloop
  endfacet
  facet normal -0.04265267827958642 0.00932313495496104 0.9990464594753288
    outer loop
      vertex -28.299990836571027 -152.08852315041443 90
      vertex -26.18677978968543 -142.42073314682588 90
      vertex -26.397444272997618 -142.36508922624705 89.99048674851656
    endloop
  endfacet
  facet normal 0.9907336341170341 -0.1286379887404062 0.04357905554366387
    outer loop
      vertex -27.083465774886818 -162.11712916273356 87.5
      vertex -25.83694755751513 -152.5167962005794 87.5
      vertex -25.846320177566426 -152.51516649288746 87.71788935363293
    endloop
  endfacet
  facet normal 0.9832073254369749 -0.12766076420910655 0.1304073789653695
    outer loop
      vertex -27.092943803305047 -162.11631128065758 87.71788935363293
      vertex -25.846320177566426 -152.51516649288746 87.71788935363293
      vertex -25.874366717995727 -152.51028977085892 87.93412044644356
    endloop
  endfacet
  facet normal 0.9458571293183635 -0.12281117200560814 0.3004525036478036
    outer loop
      vertex -27.16833580451994 -162.10980552189167 88.1470476090908
      vertex -25.920873718779134 -152.5022031508434 88.1470476090908
      vertex -25.985487245873657 -152.49096817476075 88.355050355196
    endloop
  endfacet
  facet normal 0.9163131476492034 -0.11897514761880094 0.3823808699376759
    outer loop
      vertex -27.23367600210105 -162.10416715765766 88.355050355196
      vertex -25.985487245873657 -152.49096817476075 88.355050355196
      vertex -26.06771553377591 -152.47667035061403 88.55654565244913
    endloop
  endfacet
  facet normal 0.9682110547702478 -0.1257136312656551 0.21624855221408282
    outer loop
      vertex -27.121305766744 -162.1138638579962 87.93412044644356
      vertex -25.874366717995727 -152.51028977085892 87.93412044644356
      vertex -25.920873718779134 -152.5022031508434 88.1470476090908
    endloop
  endfacet
  facet normal 0.7870192794658631 -0.10218748382418735 0.6084064200012316
    outer loop
      vertex -27.5339116759243 -162.07825909267277 88.93394108861685
      vertex -26.282383896993267 -152.43934389538248 88.93394108861685
      vertex -26.41319021769864 -152.41659934094216 89.10696902126074
    endloop
  endfacet
  facet normal 0.8365944307964014 -0.10862437820129686 0.536945530590233
    outer loop
      vertex -27.417162155812164 -162.0883336921216 88.75
      vertex -26.166932787870508 -152.45941849133837 88.75
      vertex -26.282383896993267 -152.43934389538248 88.93394108861685
    endloop
  endfacet
  facet normal 0.8798007792549921 -0.1142343399257554 0.4614120765693456
    outer loop
      vertex -27.316829063385384 -162.09699167818178 88.55654565244913
      vertex -26.06771553377591 -152.47667035061403 88.55654565244913
      vertex -26.166932787870508 -152.45941849133837 88.75
    endloop
  endfacet
  facet normal 0.3741522229345107 -0.08178318006788828 0.9237540936478429
    outer loop
      vertex -27.457580424323083 -152.2350011598802 89.84923154860735
      vertex -27.259063769258802 -152.26951916209958 89.76576946675777
      vertex -25.360081567491775 -142.63909330652234 89.84923154860735
    endloop
  endfacet
  facet normal 0.4514268656327792 -0.09867407535352243 0.886835504385166
    outer loop
      vertex -27.259063769258802 -152.26951916209958 89.76576946675777
      vertex -27.068469197043072 -152.3026596754969 89.66506350785494
      vertex -25.165267539280123 -142.69055056283352 89.76576946675777
    endloop
  endfacet
  facet normal 0.5252522666796375 -0.11481102629836841 0.8431657515507959
    outer loop
      vertex -27.068469197043072 -152.3026596754969 89.66506350785494
      vertex -26.887247252219098 -152.33417047992594 89.54788011312485
      vertex -24.978227835449715 -142.7399543458604 89.66506350785494
    endloop
  endfacet
  facet normal 0.04265267827958517 -0.009323134954960777 0.9990464594753288
    outer loop
      vertex -28.085322473353656 -152.12584960564595 89.99048674851656
      vertex -25.976115306373245 -142.47637706740474 89.99048674851656
      vertex -26.18677978968543 -142.42073314682588 90
    endloop
  endfacet
  facet normal 0.12763167827134994 -0.02789806898530595 0.9914291968913007
    outer loop
      vertex -27.872287857405595 -152.16289198550936 89.96201938390732
      vertex -25.767054098546993 -142.53159750637718 89.96201938390732
      vertex -25.976115306373245 -142.47637706740474 89.99048674851656
    endloop
  endfacet
  facet normal 0.2116340455179325 -0.0462595280534206 0.9762535976077059
    outer loop
      vertex -27.66250833065091 -152.19936837167333 89.91481456905603
      vertex -25.561187267725245 -142.585974197711 89.91481456905603
      vertex -25.767054098546993 -142.53159750637718 89.96201938390732
    endloop
  endfacet
  facet normal 0.5950666124220245 -0.13007123019182723 0.793080829333909
    outer loop
      vertex -26.887247252219098 -152.33417047992594 89.54788011312485
      vertex -26.716777137584103 -152.3638117601168 89.41511110961437
      vertex -24.800385945760013 -142.78692866174842 89.54788011312485
    endloop
  endfacet
  facet normal 0.6603394720606639 -0.14433874407028136 0.7369654731389101
    outer loop
      vertex -26.5583562320397 -152.39135792830814 89.26776695251465
      vertex -24.633095348852706 -142.83111600904846 89.41511110961437
      vertex -26.716777137584103 -152.3638117601168 89.41511110961437
    endloop
  endfacet
  facet normal 0.720575891550098 -0.15750537957256966 0.6752499092354491
    outer loop
      vertex -26.5583562320397 -152.39135792830814 89.26776695251465
      vertex -26.41319021769864 -152.41659934094216 89.10696902126074
      vertex -24.47762922560952 -142.87218009578217 89.26776695251465
    endloop
  endfacet
  facet normal 0.7753199626763734 -0.1694714830783957 0.6084064200012325
    outer loop
      vertex -26.41319021769864 -152.41659934094216 89.10696902126074
      vertex -26.282383896993267 -152.43934389538248 88.93394108861685
      vertex -24.335170770403053 -142.90980839858224 89.10696902126074
    endloop
  endfacet
  facet normal 0.8241581620472399 -0.18014666555362507 0.5369455305902319
    outer loop
      vertex -26.282383896993267 -152.43934389538248 88.93394108861685
      vertex -26.166932787870508 -152.45941849133837 88.75
      vertex -24.206804179479448 -142.94371454297843 88.93394108861685
    endloop
  endfacet
  facet normal 0.2940174345168646 -0.06426710658458414 0.9536369787352874
    outer loop
      vertex -27.457580424323083 -152.2350011598802 89.84923154860735
      vertex -25.360081567491775 -142.63909330652234 89.84923154860735
      vertex -25.561187267725245 -142.585974197711 89.91481456905603
    endloop
  endfacet
  facet normal 0.3741522229345234 -0.08178318006789072 0.9237540936478373
    outer loop
      vertex -27.259063769258802 -152.26951916209958 89.76576946675777
      vertex -25.165267539280123 -142.69055056283352 89.76576946675777
      vertex -25.360081567491775 -142.63909330652234 89.84923154860735
    endloop
  endfacet
  facet normal 0.45142686563277756 -0.09867407535352213 0.8868355043851671
    outer loop
      vertex -27.068469197043072 -152.3026596754969 89.66506350785494
      vertex -24.978227835449715 -142.7399543458604 89.66506350785494
      vertex -25.165267539280123 -142.69055056283352 89.76576946675777
    endloop
  endfacet
  facet normal 0.5252522666796325 -0.11481102629836745 0.843165751550799
    outer loop
      vertex -26.887247252219098 -152.33417047992594 89.54788011312485
      vertex -24.800385945760013 -142.78692866174842 89.54788011312485
      vertex -24.978227835449715 -142.7399543458604 89.66506350785494
    endloop
  endfacet
  facet normal -0.9540510540166552 0.2964581795930581 0.04357905554367919
    outer loop
      vertex -28.60388369815685 -141.78229074875682 87.5
      vertex -28.594685891219697 -141.78472021399304 87.71788935363293
      vertex -25.603490513290183 -132.12653328436247 87.5
    endloop
  endfacet
  facet normal -0.9468034119847382 0.29420607499752516 0.130407378965335
    outer loop
      vertex -28.594685891219697 -141.78472021399304 87.71788935363293
      vertex -28.567162459915338 -141.79199012300415 87.93412044644356
      vertex -25.594535629714017 -132.1297445168244 87.71788935363293
    endloop
  endfacet
  facet normal -0.9323623883399947 0.28971872648178626 0.21624855221414294
    outer loop
      vertex -28.567162459915338 -141.79199012300415 87.93412044644356
      vertex -28.521522882925055 -141.8040451450818 88.1470476090908
      vertex -25.567739119999146 -132.13935377875737 87.93412044644356
    endloop
  endfacet
  facet normal -0.9108361320342125 0.2830297398379385 0.3004525036477865
    outer loop
      vertex -28.521522882925055 -141.8040451450818 88.1470476090908
      vertex -28.45811449290271 -141.82079353742094 88.355050355196
      vertex -25.52330493028353 -132.15528793482102 88.1470476090908
    endloop
  endfacet
  facet normal -0.882386036185362 0.2741892657468627 0.3823808699376592
    outer loop
      vertex -28.45811449290271 -141.82079353742094 88.355050355196
      vertex -28.3774198832036 -141.8421078300945 88.55654565244913
      vertex -25.461571219815198 -132.17742572068556 88.355050355196
    endloop
  endfacet
  facet normal -0.8472255628234298 0.2632636345842282 0.4614120765693335
    outer loop
      vertex -28.3774198832036 -141.8421078300945 88.55654565244913
      vertex -28.28005317645544 -141.8678258116552 88.75
      vertex -25.383007836172055 -132.20559864842136 88.55654565244913
    endloop
  endfacet
  facet normal -0.8056189585176342 0.25033495731940647 0.5369455305902575
    outer loop
      vertex -28.28005317645544 -141.8678258116552 88.75
      vertex -28.166755399891414 -141.89775175067334 88.93394108861685
      vertex -25.288212682383616 -132.23959230925342 88.75
    endloop
  endfacet
  facet normal -0.7578793605559203 0.2355005370369168 0.6084064200011973
    outer loop
      vertex -28.166755399891414 -141.89775175067334 88.93394108861685
      vertex -28.03838880896781 -141.93165789506952 89.10696902126074
      vertex -25.17790721440622 -132.27914798817255 88.93394108861685
    endloop
  endfacet
  facet normal -0.7043667417447012 0.21887223031135908 0.6752499092354513
    outer loop
      vertex -27.895930353761344 -141.96928619786962 89.26776695251465
      vertex -25.052930914659584 -132.32396464573205 89.10696902126074
      vertex -28.03838880896781 -141.93165789506952 89.10696902126074
    endloop
  endfacet
  facet normal -0.6454853233851613 0.20057564332554167 0.736965473138938
    outer loop
      vertex -27.895930353761344 -141.96928619786962 89.26776695251465
      vertex -27.740464230518157 -142.01035028460333 89.41511110961437
      vertex -24.914234930983255 -132.37370119912575 89.26776695251465
    endloop
  endfacet
  facet normal -0.5816807581656808 0.18074925649324514 0.7930808293338947
    outer loop
      vertex -27.740464230518157 -142.01035028460333 89.41511110961437
      vertex -27.57317363361085 -142.05453763190337 89.54788011312485
      vertex -24.762874824906675 -132.42797912266767 89.41511110961437
    endloop
  endfacet
  facet normal -0.5134368662810588 0.15954341025337807 0.84316575155079
    outer loop
      vertex -27.57317363361085 -142.05453763190337 89.54788011312485
      vertex -27.395331743921147 -142.10151194779135 89.66506350785494
      vertex -24.600002541445292 -132.48638532743303 89.54788011312485
    endloop
  endfacet
  facet normal -0.4412721466405979 0.13711922097610188 0.8868355043851737
    outer loop
      vertex -27.395331743921147 -142.10151194779135 89.66506350785494
      vertex -27.20829204009074 -142.15091573081827 89.76576946675777
      vertex -24.426857635489228 -132.54847530748629 89.66506350785494
    endloop
  endfacet
  facet normal -0.36573577505904364 0.11364733745597579 0.9237540936478323
    outer loop
      vertex -27.20829204009074 -142.15091573081827 89.76576946675777
      vertex -27.013478011879087 -142.20237298712942 89.84923154860735
      vertex -24.244757838943713 -132.61377652251647 89.76576946675777
    endloop
  endfacet
  facet normal -0.28740359592279724 0.08930669537762954 0.9536369787352904
    outer loop
      vertex -27.013478011879087 -142.20237298712942 89.84923154860735
      vertex -26.812372311645618 -142.25549209594078 89.91481456905603
      vertex -24.05508904576746 -132.68179198921482 89.84923154860735
    endloop
  endfacet
  facet normal -0.20687339783606581 0.06428304928809368 0.9762535976077044
    outer loop
      vertex -26.812372311645618 -142.25549209594078 89.91481456905603
      vertex -26.60650548082387 -142.30986878727458 89.96201938390732
      vertex -23.859294749975263 -132.75200406882036 89.91481456905603
    endloop
  endfacet
  facet normal -0.12476063995702723 0.03876764461483401 0.9914291968913014
    outer loop
      vertex -26.60650548082387 -142.30986878727458 89.96201938390732
      vertex -26.397444272997618 -142.36508922624705 89.99048674851656
      vertex -23.658865069857157 -132.8238784030487 89.96201938390732
    endloop
  endfacet
  facet normal -0.9540510540166545 0.2964581795930582 0.043579055543695414
    outer loop
      vertex -28.594685891219697 -141.78472021399304 87.71788935363293
      vertex -25.594535629714017 -132.1297445168244 87.71788935363293
      vertex -25.603490513290183 -132.12653328436247 87.5
    endloop
  endfacet
  facet normal -0.9468034119847372 0.29420607499752505 0.1304073789653443
    outer loop
      vertex -28.567162459915338 -141.79199012300415 87.93412044644356
      vertex -25.567739119999146 -132.13935377875737 87.93412044644356
      vertex -25.594535629714017 -132.1297445168244 87.71788935363293
    endloop
  endfacet
  facet normal -0.9323623883399997 0.28971872648178726 0.21624855221411984
    outer loop
      vertex -28.521522882925055 -141.8040451450818 88.1470476090908
      vertex -25.52330493028353 -132.15528793482102 88.1470476090908
      vertex -25.567739119999146 -132.13935377875737 87.93412044644356
    endloop
  endfacet
  facet normal -0.9108361320342067 0.28302973983793717 0.30045250364780596
    outer loop
      vertex -28.45811449290271 -141.82079353742094 88.355050355196
      vertex -25.461571219815198 -132.17742572068556 88.355050355196
      vertex -25.52330493028353 -132.15528793482102 88.1470476090908
    endloop
  endfacet
  facet normal -0.882386036185362 0.2741892657468627 0.38238086993765935
    outer loop
      vertex -28.3774198832036 -141.8421078300945 88.55654565244913
      vertex -25.383007836172055 -132.20559864842136 88.55654565244913
      vertex -25.461571219815198 -132.17742572068556 88.355050355196
    endloop
  endfacet
  facet normal -0.8472255628234187 0.26326363458422536 0.4614120765693558
    outer loop
      vertex -28.28005317645544 -141.8678258116552 88.75
      vertex -25.288212682383616 -132.23959230925342 88.75
      vertex -25.383007836172055 -132.20559864842136 88.55654565244913
    endloop
  endfacet
  facet normal -0.8056189585176611 0.25033495731941363 0.5369455305902138
    outer loop
      vertex -28.166755399891414 -141.89775175067334 88.93394108861685
      vertex -25.17790721440622 -132.27914798817255 88.93394108861685
      vertex -25.288212682383616 -132.23959230925342 88.75
    endloop
  endfacet
  facet normal -0.7578793605559002 0.23550053703691132 0.6084064200012241
    outer loop
      vertex -28.03838880896781 -141.93165789506952 89.10696902126074
      vertex -25.052930914659584 -132.32396464573205 89.10696902126074
      vertex -25.17790721440622 -132.27914798817255 88.93394108861685
    endloop
  endfacet
  facet normal -0.704366741744702 0.21887223031135936 0.67524990923545
    outer loop
      vertex -27.895930353761344 -141.96928619786962 89.26776695251465
      vertex -24.914234930983255 -132.37370119912575 89.26776695251465
      vertex -25.052930914659584 -132.32396464573205 89.10696902126074
    endloop
  endfacet
  facet normal -0.6454853233851853 0.2005756433255484 0.7369654731389153
    outer loop
      vertex -27.740464230518157 -142.01035028460333 89.41511110961437
      vertex -24.762874824906675 -132.42797912266767 89.41511110961437
      vertex -24.914234930983255 -132.37370119912575 89.26776695251465
    endloop
  endfacet
  facet normal -0.5816807581656752 0.1807492564932436 0.7930808293338989
    outer loop
      vertex -27.57317363361085 -142.05453763190337 89.54788011312485
      vertex -24.600002541445292 -132.48638532743303 89.54788011312485
      vertex -24.762874824906675 -132.42797912266767 89.41511110961437
    endloop
  endfacet
  facet normal 0.9761549702143212 -0.2133705289175172 0.03993108457501121
    outer loop
      vertex -22.388686966836886 -153.11637847081033 0
      vertex -23.769675881214013 -143.05917554489494 87.5
      vertex -25.83694755751513 -152.5167962005794 87.5
    endloop
  endfacet
  facet normal -0.9251724365874276 0.37744068549050896 0.03993108457501126
    outer loop
      vertex -24.964874794738492 -121.3041717379899 0
      vertex -25.603490513290183 -132.12653328436247 87.5
      vertex -21.78407263125432 -122.76447910179192 87.5
    endloop
  endfacet
  facet normal 0.9541966417009322 -0.29650341895385635 0.03993108457501146
    outer loop
      vertex -20.38573040935401 -143.95299490219165 0
      vertex -20.896959002086348 -133.8143013768578 87.5
      vertex -23.769675881214013 -143.05917554489494 87.5
    endloop
  endfacet
  facet normal 0.9251724365874281 -0.3774406854905082 0.0399310845750113
    outer loop
      vertex -17.602386944243662 -134.99573904160454 0
      vertex -17.240069540562658 -124.85063247865196 87.5
      vertex -20.896959002086348 -133.8143013768578 87.5
    endloop
  endfacet
  facet normal -0.8892972806477908 0.4555829837879239 0.03993108457501136
    outer loop
      vertex -21.78407263125432 -122.76447910179192 87.5
      vertex -17.17391304347828 -113.76545470743471 87.5
      vertex -20.217391304347856 -112.03709129784333 0
    endloop
  endfacet
  facet normal 0.9685916047422541 -0.21171730853713377 0.13040737896536883
    outer loop
      vertex -25.846320177566426 -152.51516649288746 87.71788935363293
      vertex -23.806397119455525 -143.0494761706476 87.93412044644356
      vertex -25.874366717995727 -152.51028977085892 87.93412044644356
    endloop
  endfacet
  facet normal 0.9026918322984585 -0.19731276240365525 0.3823808699376717
    outer loop
      vertex -26.06771553377591 -152.47667035061403 88.55654565244913
      vertex -25.985487245873657 -152.49096817476075 88.355050355196
      vertex -23.996139696167262 -142.9993584635573 88.55654565244913
    endloop
  endfacet
  facet normal 0.9538182588827958 -0.20848811162055952 0.21624855221407804
    outer loop
      vertex -25.920873718779134 -152.5022031508434 88.1470476090908
      vertex -25.874366717995727 -152.51028977085892 87.93412044644356
      vertex -23.852036696445808 -143.03742114857 88.1470476090908
    endloop
  endfacet
  facet normal 0.9317966323493391 -0.20367456639009718 0.30045250364780834
    outer loop
      vertex -25.920873718779134 -152.5022031508434 88.1470476090908
      vertex -23.915445086468154 -143.02067275623085 88.355050355196
      vertex -25.985487245873657 -152.49096817476075 88.355050355196
    endloop
  endfacet
  facet normal 0.9760060322120291 -0.21333797365601254 0.04357905554366975
    outer loop
      vertex -25.83694755751513 -152.5167962005794 87.5
      vertex -23.778873688151165 -143.05674607965875 87.71788935363293
      vertex -25.846320177566426 -152.51516649288746 87.71788935363293
    endloop
  endfacet
  facet normal 0.8667222330278507 -0.18945043249139149 0.46141207656935135
    outer loop
      vertex -26.166932787870508 -152.45941849133837 88.75
      vertex -26.06771553377591 -152.47667035061403 88.55654565244913
      vertex -24.093506402915423 -142.97364048199657 88.75
    endloop
  endfacet
  facet normal 0.5950666124220431 -0.13007123019183073 0.7930808293338945
    outer loop
      vertex -26.716777137584103 -152.3638117601168 89.41511110961437
      vertex -24.633095348852706 -142.83111600904846 89.41511110961437
      vertex -24.800385945760013 -142.78692866174842 89.54788011312485
    endloop
  endfacet
  facet normal 0.6603394720606331 -0.1443387440702756 0.7369654731389388
    outer loop
      vertex -26.5583562320397 -152.39135792830814 89.26776695251465
      vertex -24.47762922560952 -142.87218009578217 89.26776695251465
      vertex -24.633095348852706 -142.83111600904846 89.41511110961437
    endloop
  endfacet
  facet normal 0.7205758915501129 -0.1575053795725724 0.6752499092354324
    outer loop
      vertex -26.41319021769864 -152.41659934094216 89.10696902126074
      vertex -24.335170770403053 -142.90980839858224 89.10696902126074
      vertex -24.47762922560952 -142.87218009578217 89.26776695251465
    endloop
  endfacet
  facet normal 0.7753199626763996 -0.16947148307840043 0.6084064200011975
    outer loop
      vertex -26.282383896993267 -152.43934389538248 88.93394108861685
      vertex -24.206804179479448 -142.94371454297843 88.93394108861685
      vertex -24.335170770403053 -142.90980839858224 89.10696902126074
    endloop
  endfacet
  facet normal 0.9317966323493452 -0.20367456639009807 0.3004525036477893
    outer loop
      vertex -25.920873718779134 -152.5022031508434 88.1470476090908
      vertex -23.852036696445808 -143.03742114857 88.1470476090908
      vertex -23.915445086468154 -143.02067275623085 88.355050355196
    endloop
  endfacet
  facet normal 0.9026918322984651 -0.19731276240365625 0.38238086993765585
    outer loop
      vertex -25.985487245873657 -152.49096817476075 88.355050355196
      vertex -23.915445086468154 -143.02067275623085 88.355050355196
      vertex -23.996139696167262 -142.9993584635573 88.55654565244913
    endloop
  endfacet
  facet normal 0.9760060322120301 -0.21333797365601226 0.04357905554364729
    outer loop
      vertex -25.83694755751513 -152.5167962005794 87.5
      vertex -23.769675881214013 -143.05917554489494 87.5
      vertex -23.778873688151165 -143.05674607965875 87.71788935363293
    endloop
  endfacet
  facet normal 0.9685916047422538 -0.21171730853713375 0.13040737896536986
    outer loop
      vertex -25.846320177566426 -152.51516649288746 87.71788935363293
      vertex -23.778873688151165 -143.05674607965875 87.71788935363293
      vertex -23.806397119455525 -143.0494761706476 87.93412044644356
    endloop
  endfacet
  facet normal 0.9538182588827891 -0.20848811162055877 0.2162485522141087
    outer loop
      vertex -25.874366717995727 -152.51028977085892 87.93412044644356
      vertex -23.806397119455525 -143.0494761706476 87.93412044644356
      vertex -23.852036696445808 -143.03742114857 88.1470476090908
    endloop
  endfacet
  facet normal 0.8241581620472236 -0.18014666555362222 0.5369455305902582
    outer loop
      vertex -26.166932787870508 -152.45941849133837 88.75
      vertex -24.093506402915423 -142.97364048199657 88.75
      vertex -24.206804179479448 -142.94371454297843 88.93394108861685
    endloop
  endfacet
  facet normal 0.8667222330278456 -0.1894504324913906 0.4614120765693617
    outer loop
      vertex -26.06771553377591 -152.47667035061403 88.55654565244913
      vertex -23.996139696167262 -142.9993584635573 88.55654565244913
      vertex -24.093506402915423 -142.97364048199657 88.75
    endloop
  endfacet
  facet normal -0.0416932184087494 0.012955591400266748 0.9990464594753288
    outer loop
      vertex -26.397444272997618 -142.36508922624705 89.99048674851656
      vertex -26.18677978968543 -142.42073314682588 90
      vertex -23.45532537945411 -132.8968679908589 89.99048674851656
    endloop
  endfacet
  facet normal 0.04169321840874777 -0.012955591400266309 0.9990464594753288
    outer loop
      vertex -26.18677978968543 -142.42073314682588 90
      vertex -25.976115306373245 -142.47637706740474 89.99048674851656
      vertex -23.250224757688258 -132.97041733061013 90
    endloop
  endfacet
  facet normal 0.1247606399570321 -0.03876764461483529 0.9914291968913008
    outer loop
      vertex -25.976115306373245 -142.47637706740474 89.99048674851656
      vertex -25.767054098546993 -142.53159750637718 89.96201938390732
      vertex -23.04512413592242 -133.04396667036136 89.99048674851656
    endloop
  endfacet
  facet normal 0.20687339783605793 -0.06428304928809143 0.976253597607706
    outer loop
      vertex -25.767054098546993 -142.53159750637718 89.96201938390732
      vertex -25.561187267725245 -142.585974197711 89.91481456905603
      vertex -22.84158444551936 -133.11695625817157 89.96201938390732
    endloop
  endfacet
  facet normal 0.2874035959228079 -0.08930669537763253 0.9536369787352869
    outer loop
      vertex -25.561187267725245 -142.585974197711 89.91481456905603
      vertex -25.360081567491775 -142.63909330652234 89.84923154860735
      vertex -22.641154765401268 -133.1888305923999 89.91481456905603
    endloop
  endfacet
  facet normal 0.3657357750590305 -0.1136473374559719 0.923754093647838
    outer loop
      vertex -25.360081567491775 -142.63909330652234 89.84923154860735
      vertex -25.165267539280123 -142.69055056283352 89.76576946675777
      vertex -22.445360469609057 -133.25904267200545 89.84923154860735
    endloop
  endfacet
  facet normal -0.5134368662810539 0.15954341025337668 0.8431657515507932
    outer loop
      vertex -27.395331743921147 -142.10151194779135 89.66506350785494
      vertex -24.426857635489228 -132.54847530748629 89.66506350785494
      vertex -24.600002541445292 -132.48638532743303 89.54788011312485
    endloop
  endfacet
  facet normal -0.44127214664060227 0.13711922097610313 0.8868355043851714
    outer loop
      vertex -27.20829204009074 -142.15091573081827 89.76576946675777
      vertex -24.244757838943713 -132.61377652251647 89.76576946675777
      vertex -24.426857635489228 -132.54847530748629 89.66506350785494
    endloop
  endfacet
  facet normal -0.3657357750590153 0.11364733745596767 0.9237540936478446
    outer loop
      vertex -27.013478011879087 -142.20237298712942 89.84923154860735
      vertex -24.05508904576746 -132.68179198921482 89.84923154860735
      vertex -24.244757838943713 -132.61377652251647 89.76576946675777
    endloop
  endfacet
  facet normal -0.28740359592282816 0.08930669537763837 0.9536369787352803
    outer loop
      vertex -26.812372311645618 -142.25549209594078 89.91481456905603
      vertex -23.859294749975263 -132.75200406882036 89.91481456905603
      vertex -24.05508904576746 -132.68179198921482 89.84923154860735
    endloop
  endfacet
  facet normal -0.20687339783604014 0.06428304928808633 0.9762535976077102
    outer loop
      vertex -26.60650548082387 -142.30986878727458 89.96201938390732
      vertex -23.658865069857157 -132.8238784030487 89.96201938390732
      vertex -23.859294749975263 -132.75200406882036 89.91481456905603
    endloop
  endfacet
  facet normal -0.12476063995704108 0.03876764461483798 0.9914291968912995
    outer loop
      vertex -26.397444272997618 -142.36508922624705 89.99048674851656
      vertex -23.45532537945411 -132.8968679908589 89.99048674851656
      vertex -23.658865069857157 -132.8238784030487 89.96201938390732
    endloop
  endfacet
  facet normal -0.041693218408746575 0.012955591400265937 0.9990464594753289
    outer loop
      vertex -26.18677978968543 -142.42073314682588 90
      vertex -23.250224757688258 -132.97041733061013 90
      vertex -23.45532537945411 -132.8968679908589 89.99048674851656
    endloop
  endfacet
  facet normal 0.4412721466406131 -0.13711922097610654 0.8868355043851656
    outer loop
      vertex -25.165267539280123 -142.69055056283352 89.76576946675777
      vertex -24.978227835449715 -142.7399543458604 89.66506350785494
      vertex -22.255691676432818 -133.3270581387038 89.76576946675777
    endloop
  endfacet
  facet normal 0.5134368662810419 -0.15954341025337324 0.8431657515508011
    outer loop
      vertex -24.978227835449715 -142.7399543458604 89.66506350785494
      vertex -24.800385945760013 -142.78692866174842 89.54788011312485
      vertex -22.073591879887303 -133.39235935373398 89.66506350785494
    endloop
  endfacet
  facet normal 0.5816807581656805 -0.18074925649324536 0.7930808293338947
    outer loop
      vertex -24.800385945760013 -142.78692866174842 89.54788011312485
      vertex -24.633095348852706 -142.83111600904846 89.41511110961437
      vertex -21.90044697393124 -133.45444933378724 89.54788011312485
    endloop
  endfacet
  facet normal 0.6454853233851614 -0.20057564332554145 0.7369654731389381
    outer loop
      vertex -24.633095348852706 -142.83111600904846 89.41511110961437
      vertex -24.47762922560952 -142.87218009578217 89.26776695251465
      vertex -21.737574690469856 -133.5128555385526 89.41511110961437
    endloop
  endfacet
  facet normal 0.9323623883400025 -0.2897187264817888 0.21624855221410608
    outer loop
      vertex -23.806397119455525 -143.0494761706476 87.93412044644356
      vertex -20.977144585093 -133.78554672639928 88.1470476090908
      vertex -23.852036696445808 -143.03742114857 88.1470476090908
    endloop
  endfacet
  facet normal 0.8823860361853619 -0.2741892657468629 0.38238086993765924
    outer loop
      vertex -23.996139696167262 -142.9993584635573 88.55654565244913
      vertex -23.915445086468154 -143.02067275623085 88.355050355196
      vertex -21.11744167920446 -133.7352360127989 88.55654565244913
    endloop
  endfacet
  facet normal 0.9108361320342129 -0.2830297398379379 0.3004525036477866
    outer loop
      vertex -23.915445086468154 -143.02067275623085 88.355050355196
      vertex -23.852036696445808 -143.03742114857 88.1470476090908
      vertex -21.038878295561332 -133.7634089405347 88.355050355196
    endloop
  endfacet
  facet normal 0.7043667417447196 -0.21887223031136369 0.6752499092354302
    outer loop
      vertex -24.47762922560952 -142.87218009578217 89.26776695251465
      vertex -24.335170770403053 -142.90980839858224 89.10696902126074
      vertex -21.586214584393275 -133.56713346209452 89.26776695251465
    endloop
  endfacet
  facet normal 0.8056189585176343 -0.25033495731940636 0.5369455305902576
    outer loop
      vertex -24.206804179479448 -142.94371454297843 88.93394108861685
      vertex -24.093506402915423 -142.97364048199657 88.75
      vertex -21.322542300970312 -133.6616866730477 88.93394108861685
    endloop
  endfacet
  facet normal 0.7578793605559202 -0.23550053703691698 0.6084064200011972
    outer loop
      vertex -24.206804179479448 -142.94371454297843 88.93394108861685
      vertex -21.447518600716947 -133.61687001548822 89.10696902126074
      vertex -24.335170770403053 -142.90980839858224 89.10696902126074
    endloop
  endfacet
  facet normal 0.8472255628234147 -0.26326363458422386 0.4614120765693639
    outer loop
      vertex -23.996139696167262 -142.9993584635573 88.55654565244913
      vertex -21.2122368329929 -133.70124235196684 88.75
      vertex -24.093506402915423 -142.97364048199657 88.75
    endloop
  endfacet
  facet normal 0.041693218408749184 -0.012955591400266715 0.9990464594753288
    outer loop
      vertex -25.976115306373245 -142.47637706740474 89.99048674851656
      vertex -23.04512413592242 -133.04396667036136 89.99048674851656
      vertex -23.250224757688258 -132.97041733061013 90
    endloop
  endfacet
  facet normal 0.12476063995703333 -0.038767644614835645 0.9914291968913004
    outer loop
      vertex -25.767054098546993 -142.53159750637718 89.96201938390732
      vertex -22.84158444551936 -133.11695625817157 89.96201938390732
      vertex -23.04512413592242 -133.04396667036136 89.99048674851656
    endloop
  endfacet
  facet normal 0.20687339783605252 -0.06428304928808988 0.9762535976077072
    outer loop
      vertex -25.561187267725245 -142.585974197711 89.91481456905603
      vertex -22.641154765401268 -133.1888305923999 89.91481456905603
      vertex -22.84158444551936 -133.11695625817157 89.96201938390732
    endloop
  endfacet
  facet normal 0.2874035959228108 -0.08930669537763335 0.9536369787352861
    outer loop
      vertex -25.360081567491775 -142.63909330652234 89.84923154860735
      vertex -22.445360469609057 -133.25904267200545 89.84923154860735
      vertex -22.641154765401268 -133.1888305923999 89.91481456905603
    endloop
  endfacet
  facet normal 0.3657357750590363 -0.11364733745597357 0.9237540936478356
    outer loop
      vertex -25.165267539280123 -142.69055056283352 89.76576946675777
      vertex -22.255691676432818 -133.3270581387038 89.76576946675777
      vertex -22.445360469609057 -133.25904267200545 89.84923154860735
    endloop
  endfacet
  facet normal 0.44127214664060194 -0.1371192209761034 0.8868355043851716
    outer loop
      vertex -24.978227835449715 -142.7399543458604 89.66506350785494
      vertex -22.073591879887303 -133.39235935373398 89.66506350785494
      vertex -22.255691676432818 -133.3270581387038 89.76576946675777
    endloop
  endfacet
  facet normal 0.5134368662810543 -0.1595434102533768 0.8431657515507929
    outer loop
      vertex -24.800385945760013 -142.78692866174842 89.54788011312485
      vertex -21.90044697393124 -133.45444933378724 89.54788011312485
      vertex -22.073591879887303 -133.39235935373398 89.66506350785494
    endloop
  endfacet
  facet normal -0.49781943873151874 0.20309436681706447 0.8431657515507915
    outer loop
      vertex -24.600002541445292 -132.48638532743303 89.54788011312485
      vertex -24.426857635489228 -132.54847530748629 89.66506350785494
      vertex -20.815237633617443 -123.20927158137467 89.54788011312485
    endloop
  endfacet
  facet normal -0.42784978406327734 0.1745489915149992 0.8868355043851727
    outer loop
      vertex -24.426857635489228 -132.54847530748629 89.66506350785494
      vertex -24.244757838943713 -132.61377652251647 89.76576946675777
      vertex -20.648071858581403 -123.28601744600694 89.66506350785494
    endloop
  endfacet
  facet normal -0.3546110344251174 0.14466993029927608 0.9237540936478447
    outer loop
      vertex -24.244757838943713 -132.61377652251647 89.76576946675777
      vertex -24.05508904576746 -132.68179198921482 89.84923154860735
      vertex -20.472260427945628 -123.36673253408924 89.76576946675777
    endloop
  endfacet
  facet normal -0.9250312773056677 0.3773830970302784 0.04357905554369352
    outer loop
      vertex -25.603490513290183 -132.12653328436247 87.5
      vertex -25.594535629714017 -132.1297445168244 87.71788935363293
      vertex -21.78407263125432 -122.76447910179192 87.5
    endloop
  endfacet
  facet normal -0.9180040898841849 0.3745162299117344 0.13040737896534263
    outer loop
      vertex -25.594535629714017 -132.1297445168244 87.71788935363293
      vertex -25.567739119999146 -132.13935377875737 87.93412044644356
      vertex -21.77542698242567 -122.76844832213334 87.71788935363293
    endloop
  endfacet
  facet normal -0.9040023249980661 0.36880395884993483 0.21624855221412814
    outer loop
      vertex -25.567739119999146 -132.13935377875737 87.93412044644356
      vertex -25.52330493028353 -132.15528793482102 88.1470476090908
      vertex -21.749555823872015 -122.78032577989532 87.93412044644356
    endloop
  endfacet
  facet normal -0.8831308419864174 0.3602890630925785 0.3004525036478037
    outer loop
      vertex -25.52330493028353 -132.15528793482102 88.1470476090908
      vertex -25.461571219815198 -132.17742572068556 88.355050355196
      vertex -21.70665605895607 -122.80002107667653 88.1470476090908
    endloop
  endfacet
  facet normal -0.8555461248041147 0.34903538307509613 0.3823808699376616
    outer loop
      vertex -25.461571219815198 -132.17742572068556 88.355050355196
      vertex -25.383007836172055 -132.20559864842136 88.55654565244913
      vertex -21.64705416943292 -122.82738432459126 88.355050355196
    endloop
  endfacet
  facet normal -0.821455142515759 0.3351273555387112 0.4614120765693549
    outer loop
      vertex -25.383007836172055 -132.20559864842136 88.55654565244913
      vertex -25.288212682383616 -132.23959230925342 88.75
      vertex -21.571203777856923 -122.86220726536934 88.55654565244913
    endloop
  endfacet
  facet normal -0.7811141039903379 0.3186695054858097 0.5369455305902091
    outer loop
      vertex -25.288212682383616 -132.23959230925342 88.75
      vertex -25.17790721440622 -132.27914798817255 88.93394108861685
      vertex -21.479682140155802 -122.90422488061634 88.75
    endloop
  endfacet
  facet normal -0.7348266216855789 0.29978569706283154 0.6084064200012285
    outer loop
      vertex -25.17790721440622 -132.27914798817255 88.93394108861685
      vertex -25.052930914659584 -132.32396464573205 89.10696902126074
      vertex -21.373185798589546 -122.95311738754197 88.93394108861685
    endloop
  endfacet
  facet normal -0.6829417189620974 0.27861832060834524 0.6752499092354479
    outer loop
      vertex -25.052930914659584 -132.32396464573205 89.10696902126074
      vertex -24.914234930983255 -132.37370119912575 89.26776695251465
      vertex -21.252525246129622 -123.0085126885451 89.10696902126074
    endloop
  endfacet
  facet normal -0.6258513217497444 0.2553272693333652 0.736965473138915
    outer loop
      vertex -24.914234930983255 -132.37370119912575 89.26776695251465
      vertex -24.762874824906675 -132.42797912266767 89.41511110961437
      vertex -21.118618785078326 -123.06998919072394 89.26776695251465
    endloop
  endfacet
  facet normal -0.9250312773056697 0.3773830970302782 0.043579055543650415
    outer loop
      vertex -25.594535629714017 -132.1297445168244 87.71788935363293
      vertex -21.77542698242567 -122.76844832213334 87.71788935363293
      vertex -21.78407263125432 -122.76447910179192 87.5
    endloop
  endfacet
  facet normal -0.9180040898841814 0.37451622991173367 0.13040737896536805
    outer loop
      vertex -25.567739119999146 -132.13935377875737 87.93412044644356
      vertex -21.749555823872015 -122.78032577989532 87.93412044644356
      vertex -21.77542698242567 -122.76844832213334 87.71788935363293
    endloop
  endfacet
  facet normal -0.9040023249980772 0.3688039588499381 0.21624855221407635
    outer loop
      vertex -25.52330493028353 -132.15528793482102 88.1470476090908
      vertex -21.70665605895607 -122.80002107667653 88.1470476090908
      vertex -21.749555823872015 -122.78032577989532 87.93412044644356
    endloop
  endfacet
  facet normal -0.8831308419864076 0.3602890630925753 0.30045250364783616
    outer loop
      vertex -25.461571219815198 -132.17742572068556 88.355050355196
      vertex -21.64705416943292 -122.82738432459126 88.355050355196
      vertex -21.70665605895607 -122.80002107667653 88.1470476090908
    endloop
  endfacet
  facet normal -0.5639875271294755 0.23008882499033517 0.7930808293338998
    outer loop
      vertex -24.762874824906675 -132.42797912266767 89.41511110961437
      vertex -24.600002541445292 -132.48638532743303 89.54788011312485
      vertex -20.972485525759396 -123.13707902017944 89.41511110961437
    endloop
  endfacet
  facet normal 0.9540510540166571 -0.2964581795930581 0.043579055543640596
    outer loop
      vertex -23.769675881214013 -143.05917554489494 87.5
      vertex -20.905913885662514 -133.81109014439588 87.71788935363293
      vertex -23.778873688151165 -143.05674607965875 87.71788935363293
    endloop
  endfacet
  facet normal 0.9468034119847332 -0.2942060749975248 0.13040737896537302
    outer loop
      vertex -23.778873688151165 -143.05674607965875 87.71788935363293
      vertex -20.93271039537737 -133.8014808824629 87.93412044644356
      vertex -23.806397119455525 -143.0494761706476 87.93412044644356
    endloop
  endfacet
  facet normal 0.5816807581656748 -0.18074925649324372 0.7930808293338993
    outer loop
      vertex -24.633095348852706 -142.83111600904846 89.41511110961437
      vertex -21.737574690469856 -133.5128555385526 89.41511110961437
      vertex -21.90044697393124 -133.45444933378724 89.54788011312485
    endloop
  endfacet
  facet normal 0.6454853233851852 -0.2005756433255481 0.7369654731389154
    outer loop
      vertex -24.47762922560952 -142.87218009578217 89.26776695251465
      vertex -21.586214584393275 -133.56713346209452 89.26776695251465
      vertex -21.737574690469856 -133.5128555385526 89.41511110961437
    endloop
  endfacet
  facet normal 0.7043667417447023 -0.2188722303113589 0.6752499092354499
    outer loop
      vertex -24.335170770403053 -142.90980839858224 89.10696902126074
      vertex -21.447518600716947 -133.61687001548822 89.10696902126074
      vertex -21.586214584393275 -133.56713346209452 89.26776695251465
    endloop
  endfacet
  facet normal 0.7578793605559003 -0.23550053703691154 0.608406420001224
    outer loop
      vertex -24.206804179479448 -142.94371454297843 88.93394108861685
      vertex -21.322542300970312 -133.6616866730477 88.93394108861685
      vertex -21.447518600716947 -133.61687001548822 89.10696902126074
    endloop
  endfacet
  facet normal 0.9323623883399949 -0.28971872648178737 0.21624855221414097
    outer loop
      vertex -23.806397119455525 -143.0494761706476 87.93412044644356
      vertex -20.93271039537737 -133.8014808824629 87.93412044644356
      vertex -20.977144585093 -133.78554672639928 88.1470476090908
    endloop
  endfacet
  facet normal 0.9108361320341958 -0.28302973983793395 0.3004525036478418
    outer loop
      vertex -23.852036696445808 -143.03742114857 88.1470476090908
      vertex -20.977144585093 -133.78554672639928 88.1470476090908
      vertex -21.038878295561332 -133.7634089405347 88.355050355196
    endloop
  endfacet
  facet normal 0.8823860361853834 -0.27418926574686825 0.382380869937606
    outer loop
      vertex -23.915445086468154 -143.02067275623085 88.355050355196
      vertex -21.038878295561332 -133.7634089405347 88.355050355196
      vertex -21.11744167920446 -133.7352360127989 88.55654565244913
    endloop
  endfacet
  facet normal 0.9540510540166542 -0.29645817959305854 0.04357905554369612
    outer loop
      vertex -23.769675881214013 -143.05917554489494 87.5
      vertex -20.896959002086348 -133.8143013768578 87.5
      vertex -20.905913885662514 -133.81109014439588 87.71788935363293
    endloop
  endfacet
  facet normal 0.9468034119847453 -0.2942060749975265 0.13040737896528204
    outer loop
      vertex -23.778873688151165 -143.05674607965875 87.71788935363293
      vertex -20.905913885662514 -133.81109014439588 87.71788935363293
      vertex -20.93271039537737 -133.8014808824629 87.93412044644356
    endloop
  endfacet
  facet normal 0.8056189585176345 -0.2503349573194064 0.5369455305902571
    outer loop
      vertex -24.093506402915423 -142.97364048199657 88.75
      vertex -21.2122368329929 -133.70124235196684 88.75
      vertex -21.322542300970312 -133.6616866730477 88.93394108861685
    endloop
  endfacet
  facet normal 0.8472255628234184 -0.2632636345842249 0.4614120765693564
    outer loop
      vertex -23.996139696167262 -142.9993584635573 88.55654565244913
      vertex -21.11744167920446 -133.7352360127989 88.55654565244913
      vertex -21.2122368329929 -133.70124235196684 88.75
    endloop
  endfacet
  facet normal -0.27866151849992676 0.11368496336790603 0.9536369787352801
    outer loop
      vertex -24.05508904576746 -132.68179198921482 89.84923154860735
      vertex -23.859294749975263 -132.75200406882036 89.91481456905603
      vertex -20.28914137725002 -123.45080255304644 89.84923154860735
    endloop
  endfacet
  facet normal -0.20058084170146914 0.08183055114278857 0.9762535976077105
    outer loop
      vertex -23.859294749975263 -132.75200406882036 89.91481456905603
      vertex -23.658865069857157 -132.8238784030487 89.96201938390732
      vertex -20.100108353015145 -123.53758767928315 89.91481456905603
    endloop
  endfacet
  facet normal -0.12096574250513906 0.04935014378553987 0.9914291968912994
    outer loop
      vertex -23.658865069857157 -132.8238784030487 89.96201938390732
      vertex -23.45532537945411 -132.8968679908589 89.99048674851656
      vertex -19.90660001598289 -123.6264274231595 89.96201938390732
    endloop
  endfacet
  facet normal -0.0404250180504006 0.016492111006019515 0.9990464594753289
    outer loop
      vertex -23.250224757688258 -132.97041733061013 90
      vertex -19.71008906517585 -123.7166456680493 89.99048674851656
      vertex -23.45532537945411 -132.8968679908589 89.99048674851656
    endloop
  endfacet
  facet normal 0.04042501805040305 -0.016492111006020455 0.9990464594753288
    outer loop
      vertex -23.250224757688258 -132.97041733061013 90
      vertex -23.04512413592242 -133.04396667036136 89.99048674851656
      vertex -19.512071085908488 -123.80755579022194 90
    endloop
  endfacet
  facet normal 0.12096574250513178 -0.049350143785537044 0.9914291968913005
    outer loop
      vertex -23.04512413592242 -133.04396667036136 89.99048674851656
      vertex -22.84158444551936 -133.11695625817157 89.96201938390732
      vertex -19.314053106641126 -123.89846591239458 89.99048674851656
    endloop
  endfacet
  facet normal 0.200580841701481 -0.08183055114279332 0.9762535976077079
    outer loop
      vertex -22.84158444551936 -133.11695625817157 89.96201938390732
      vertex -22.641154765401268 -133.1888305923999 89.91481456905603
      vertex -19.117542155834087 -123.98868415728438 89.96201938390732
    endloop
  endfacet
  facet normal 0.27866151849991055 -0.11368496336789954 0.9536369787352854
    outer loop
      vertex -22.641154765401268 -133.1888305923999 89.91481456905603
      vertex -22.445360469609057 -133.25904267200545 89.84923154860735
      vertex -18.92403381880183 -124.07752390116073 89.91481456905603
    endloop
  endfacet
  facet normal 0.35461103442513703 -0.1446699302992842 0.9237540936478358
    outer loop
      vertex -22.445360469609057 -133.25904267200545 89.84923154860735
      vertex -22.255691676432818 -133.3270581387038 89.76576946675777
      vertex -18.735000794566957 -124.16430902739745 89.84923154860735
    endloop
  endfacet
  facet normal 0.42784978406327756 -0.1745489915149987 0.8868355043851727
    outer loop
      vertex -22.255691676432818 -133.3270581387038 89.76576946675777
      vertex -22.073591879887303 -133.39235935373398 89.66506350785494
      vertex -18.55188174387135 -124.24837904635464 89.76576946675777
    endloop
  endfacet
  facet normal 0.4978194387315188 -0.2030943668170643 0.8431657515507917
    outer loop
      vertex -22.073591879887303 -133.39235935373398 89.66506350785494
      vertex -21.90044697393124 -133.45444933378724 89.54788011312485
      vertex -18.376070313235573 -124.32909413443696 89.66506350785494
    endloop
  endfacet
  facet normal 0.5639875271294754 -0.23008882499033512 0.7930808293338996
    outer loop
      vertex -21.90044697393124 -133.45444933378724 89.54788011312485
      vertex -21.737574690469856 -133.5128555385526 89.41511110961437
      vertex -18.208904538199533 -124.40583999906923 89.54788011312485
    endloop
  endfacet
  facet normal 0.6829417189620971 -0.2786183206083465 0.6752499092354479
    outer loop
      vertex -21.586214584393275 -133.56713346209452 89.26776695251465
      vertex -21.447518600716947 -133.61687001548822 89.10696902126074
      vertex -17.90552338673865 -124.54512238971995 89.26776695251465
    endloop
  endfacet
  facet normal 0.6258513217497442 -0.2553272693333653 0.736965473138915
    outer loop
      vertex -21.586214584393275 -133.56713346209452 89.26776695251465
      vertex -18.05165664605758 -124.47803256026445 89.41511110961437
      vertex -21.737574690469856 -133.5128555385526 89.41511110961437
    endloop
  endfacet
  facet normal -0.8555461248041243 0.34903538307509946 0.38238086993763737
    outer loop
      vertex -25.383007836172055 -132.20559864842136 88.55654565244913
      vertex -21.571203777856923 -122.86220726536934 88.55654565244913
      vertex -21.64705416943292 -122.82738432459126 88.355050355196
    endloop
  endfacet
  facet normal -0.821455142515749 0.3351273555387077 0.4614120765693752
    outer loop
      vertex -25.288212682383616 -132.23959230925342 88.75
      vertex -21.479682140155802 -122.90422488061634 88.75
      vertex -21.571203777856923 -122.86220726536934 88.55654565244913
    endloop
  endfacet
  facet normal -0.7811141039903113 0.3186695054858001 0.5369455305902533
    outer loop
      vertex -25.17790721440622 -132.27914798817255 88.93394108861685
      vertex -21.373185798589546 -122.95311738754197 88.93394108861685
      vertex -21.479682140155802 -122.90422488061634 88.75
    endloop
  endfacet
  facet normal -0.7348266216856124 0.2997856970628438 0.6084064200011821
    outer loop
      vertex -25.052930914659584 -132.32396464573205 89.10696902126074
      vertex -21.252525246129622 -123.0085126885451 89.10696902126074
      vertex -21.373185798589546 -122.95311738754197 88.93394108861685
    endloop
  endfacet
  facet normal -0.6829417189621 0.2786183206083461 0.675249909235445
    outer loop
      vertex -24.914234930983255 -132.37370119912575 89.26776695251465
      vertex -21.118618785078326 -123.06998919072394 89.26776695251465
      vertex -21.252525246129622 -123.0085126885451 89.10696902126074
    endloop
  endfacet
  facet normal -0.6258513217497099 0.2553272693333523 0.736965473138949
    outer loop
      vertex -24.762874824906675 -132.42797912266767 89.41511110961437
      vertex -20.972485525759396 -123.13707902017944 89.41511110961437
      vertex -21.118618785078326 -123.06998919072394 89.26776695251465
    endloop
  endfacet
  facet normal -0.5639875271295045 0.23008882499034602 0.7930808293338759
    outer loop
      vertex -24.600002541445292 -132.48638532743303 89.54788011312485
      vertex -20.815237633617443 -123.20927158137467 89.54788011312485
      vertex -20.972485525759396 -123.13707902017944 89.41511110961437
    endloop
  endfacet
  facet normal -0.4978194387314834 0.2030943668170511 0.8431657515508156
    outer loop
      vertex -24.426857635489228 -132.54847530748629 89.66506350785494
      vertex -20.648071858581403 -123.28601744600694 89.66506350785494
      vertex -20.815237633617443 -123.20927158137467 89.54788011312485
    endloop
  endfacet
  facet normal -0.4278497840633035 0.17454899151500913 0.8868355043851582
    outer loop
      vertex -24.244757838943713 -132.61377652251647 89.76576946675777
      vertex -20.472260427945628 -123.36673253408924 89.76576946675777
      vertex -20.648071858581403 -123.28601744600694 89.66506350785494
    endloop
  endfacet
  facet normal -0.3546110344251298 0.1446699302992808 0.9237540936478392
    outer loop
      vertex -24.05508904576746 -132.68179198921482 89.84923154860735
      vertex -20.28914137725002 -123.45080255304644 89.84923154860735
      vertex -20.472260427945628 -123.36673253408924 89.76576946675777
    endloop
  endfacet
  facet normal -0.27866151849990745 0.11368496336789864 0.9536369787352865
    outer loop
      vertex -23.859294749975263 -132.75200406882036 89.91481456905603
      vertex -20.100108353015145 -123.53758767928315 89.91481456905603
      vertex -20.28914137725002 -123.45080255304644 89.84923154860735
    endloop
  endfacet
  facet normal -0.200580841701489 0.08183055114279615 0.9762535976077058
    outer loop
      vertex -23.658865069857157 -132.8238784030487 89.96201938390732
      vertex -19.90660001598289 -123.6264274231595 89.96201938390732
      vertex -20.100108353015145 -123.53758767928315 89.91481456905603
    endloop
  endfacet
  facet normal -0.12096574250512734 0.04935014378553538 0.991429196891301
    outer loop
      vertex -23.45532537945411 -132.8968679908589 89.99048674851656
      vertex -19.71008906517585 -123.7166456680493 89.99048674851656
      vertex -19.90660001598289 -123.6264274231595 89.96201938390732
    endloop
  endfacet
  facet normal -0.04042501805040284 0.01649211100602037 0.9990464594753288
    outer loop
      vertex -23.250224757688258 -132.97041733061013 90
      vertex -19.512071085908488 -123.80755579022194 90
      vertex -19.71008906517585 -123.7166456680493 89.99048674851656
    endloop
  endfacet
  facet normal 0.04042501805040276 -0.01649211100602034 0.9990464594753288
    outer loop
      vertex -23.04512413592242 -133.04396667036136 89.99048674851656
      vertex -19.314053106641126 -123.89846591239458 89.99048674851656
      vertex -19.512071085908488 -123.80755579022194 90
    endloop
  endfacet
  facet normal 0.12096574250512757 -0.04935014378553543 0.991429196891301
    outer loop
      vertex -22.84158444551936 -133.11695625817157 89.96201938390732
      vertex -19.117542155834087 -123.98868415728438 89.96201938390732
      vertex -19.314053106641126 -123.89846591239458 89.99048674851656
    endloop
  endfacet
  facet normal 0.9250312773056677 -0.37738309703027845 0.04357905554369352
    outer loop
      vertex -20.896959002086348 -133.8143013768578 87.5
      vertex -17.248715189391305 -124.84666325831054 87.71788935363293
      vertex -20.905913885662514 -133.81109014439588 87.71788935363293
    endloop
  endfacet
  facet normal 0.9180040898841922 -0.3745162299117364 0.13040737896528332
    outer loop
      vertex -20.93271039537737 -133.8014808824629 87.93412044644356
      vertex -20.905913885662514 -133.81109014439588 87.71788935363293
      vertex -17.27458634794496 -124.83478580054856 87.93412044644356
    endloop
  endfacet
  facet normal 0.8555461248041343 -0.34903538307510457 0.3823808699376101
    outer loop
      vertex -21.11744167920446 -133.7352360127989 88.55654565244913
      vertex -21.038878295561332 -133.7634089405347 88.355050355196
      vertex -17.452938393960054 -124.75290431507456 88.55654565244913
    endloop
  endfacet
  facet normal 0.8831308419864038 -0.36028906309257436 0.3004525036478485
    outer loop
      vertex -20.977144585093 -133.78554672639928 88.1470476090908
      vertex -17.377088002384056 -124.78772725585262 88.355050355196
      vertex -21.038878295561332 -133.7634089405347 88.355050355196
    endloop
  endfacet
  facet normal 0.904002324998064 -0.36880395884993383 0.21624855221413872
    outer loop
      vertex -20.93271039537737 -133.8014808824629 87.93412044644356
      vertex -17.317486112860905 -124.81509050376735 88.1470476090908
      vertex -20.977144585093 -133.78554672639928 88.1470476090908
    endloop
  endfacet
  facet normal 0.7348266216855791 -0.29978569706283115 0.6084064200012285
    outer loop
      vertex -21.447518600716947 -133.61687001548822 89.10696902126074
      vertex -21.322542300970312 -133.6616866730477 88.93394108861685
      vertex -17.771616925687354 -124.60659889189878 89.10696902126074
    endloop
  endfacet
  facet normal 0.7811141039903128 -0.3186695054857987 0.536945530590252
    outer loop
      vertex -21.322542300970312 -133.6616866730477 88.93394108861685
      vertex -21.2122368329929 -133.70124235196684 88.75
      vertex -17.65095637322743 -124.66199419290191 88.93394108861685
    endloop
  endfacet
  facet normal 0.8214551425157591 -0.33512735553871104 0.46141207656935496
    outer loop
      vertex -21.11744167920446 -133.7352360127989 88.55654565244913
      vertex -17.544460031661174 -124.71088669982754 88.75
      vertex -21.2122368329929 -133.70124235196684 88.75
    endloop
  endfacet
  facet normal 0.20058084170148863 -0.08183055114279622 0.976253597607706
    outer loop
      vertex -22.641154765401268 -133.1888305923999 89.91481456905603
      vertex -18.92403381880183 -124.07752390116073 89.91481456905603
      vertex -19.117542155834087 -123.98868415728438 89.96201938390732
    endloop
  endfacet
  facet normal 0.27866151849990123 -0.11368496336789598 0.9536369787352885
    outer loop
      vertex -22.445360469609057 -133.25904267200545 89.84923154860735
      vertex -18.735000794566957 -124.16430902739745 89.84923154860735
      vertex -18.92403381880183 -124.07752390116073 89.91481456905603
    endloop
  endfacet
  facet normal 0.35461103442513775 -0.14466993029928446 0.9237540936478356
    outer loop
      vertex -22.255691676432818 -133.3270581387038 89.76576946675777
      vertex -18.55188174387135 -124.24837904635464 89.76576946675777
      vertex -18.735000794566957 -124.16430902739745 89.84923154860735
    endloop
  endfacet
  facet normal 0.42784978406329294 -0.1745489915150045 0.8868355043851641
    outer loop
      vertex -22.073591879887303 -133.39235935373398 89.66506350785494
      vertex -18.376070313235573 -124.32909413443696 89.66506350785494
      vertex -18.55188174387135 -124.24837904635464 89.76576946675777
    endloop
  endfacet
  facet normal 0.497819438731484 -0.2030943668170512 0.8431657515508154
    outer loop
      vertex -21.90044697393124 -133.45444933378724 89.54788011312485
      vertex -18.208904538199533 -124.40583999906923 89.54788011312485
      vertex -18.376070313235573 -124.32909413443696 89.66506350785494
    endloop
  endfacet
  facet normal 0.5639875271295062 -0.23008882499034672 0.7930808293338746
    outer loop
      vertex -21.737574690469856 -133.5128555385526 89.41511110961437
      vertex -18.05165664605758 -124.47803256026445 89.41511110961437
      vertex -18.208904538199533 -124.40583999906923 89.54788011312485
    endloop
  endfacet
  facet normal 0.6829417189621108 -0.2786183206083515 0.6752499092354318
    outer loop
      vertex -21.447518600716947 -133.61687001548822 89.10696902126074
      vertex -17.771616925687354 -124.60659889189878 89.10696902126074
      vertex -17.90552338673865 -124.54512238971995 89.26776695251465
    endloop
  endfacet
  facet normal 0.6258513217497089 -0.2553272693333521 0.7369654731389498
    outer loop
      vertex -21.586214584393275 -133.56713346209452 89.26776695251465
      vertex -17.90552338673865 -124.54512238971995 89.26776695251465
      vertex -18.05165664605758 -124.47803256026445 89.41511110961437
    endloop
  endfacet
  facet normal -0.8891615950604975 0.4555134726738552 0.04357905554365217
    outer loop
      vertex -21.78407263125432 -122.76447910179192 87.5
      vertex -21.77542698242567 -122.76844832213334 87.71788935363293
      vertex -17.17391304347828 -113.76545470743471 87.5
    endloop
  endfacet
  facet normal -0.8824068989439733 0.45205307233494435 0.13040737896537177
    outer loop
      vertex -21.77542698242567 -122.76844832213334 87.71788935363293
      vertex -21.749555823872015 -122.78032577989532 87.93412044644356
      vertex -17.165640650883986 -113.77015252336906 87.71788935363293
    endloop
  endfacet
  facet normal -0.8689480766260378 0.4451581783964274 0.21624855221407668
    outer loop
      vertex -21.749555823872015 -122.78032577989532 87.93412044644356
      vertex -21.70665605895607 -122.80002107667653 88.1470476090908
      vertex -17.140886420789002 -113.7842102237571 87.93412044644356
    endloop
  endfacet
  facet normal -0.8488859213441238 0.4348804267790015 0.30045250364783405
    outer loop
      vertex -21.70665605895607 -122.80002107667653 88.1470476090908
      vertex -21.64705416943292 -122.82738432459126 88.355050355196
      vertex -17.09983875570093 -113.80752081654153 88.1470476090908
    endloop
  endfacet
  facet normal -0.8223708491180953 0.42129687493086543 0.3823808699376442
    outer loop
      vertex -21.64705416943292 -122.82738432459126 88.355050355196
      vertex -21.571203777856923 -122.86220726536934 88.55654565244913
      vertex -17.042810042267277 -113.83990690020838 88.355050355196
    endloop
  endfacet
  facet normal -0.7896018034302593 0.4045094407002416 0.46141207656937205
    outer loop
      vertex -21.571203777856923 -122.86220726536934 88.55654565244913
      vertex -21.479682140155802 -122.90422488061634 88.75
      vertex -16.97023431891982 -113.88112198831041 88.55654565244913
    endloop
  endfacet
  facet normal -0.7508250582091092 0.38464428910935 0.536945530590255
    outer loop
      vertex -21.479682140155802 -122.90422488061634 88.75
      vertex -21.373185798589546 -122.95311738754197 88.93394108861685
      vertex -16.882663919873877 -113.93085241530912 88.75
    endloop
  endfacet
  facet normal -0.7063324528160713 0.36185092814608005 0.6084064200011803
    outer loop
      vertex -21.373185798589546 -122.95311738754197 88.93394108861685
      vertex -21.252525246129622 -123.0085126885451 89.10696902126074
      vertex -16.78076531576076 -113.98871969864146 88.93394108861685
    endloop
  endfacet
  facet normal -0.6564594766291748 0.33630122750485225 0.6752499092354473
    outer loop
      vertex -21.252525246129622 -123.0085126885451 89.10696902126074
      vertex -21.118618785078326 -123.06998919072394 89.26776695251465
      vertex -16.66531400836034 -114.05428343795444 89.10696902126074
    endloop
  endfacet
  facet normal -0.6015828579748733 0.3081881834072608 0.7369654731389497
    outer loop
      vertex -21.118618785078326 -123.06998919072394 89.26776695251465
      vertex -20.972485525759396 -123.13707902017944 89.41511110961437
      vertex -16.53718865436059 -114.12704465216822 89.26776695251465
    endloop
  endfacet
  facet normal -0.5421179386251047 0.27772457356877994 0.7930808293338749
    outer loop
      vertex -20.972485525759396 -123.13707902017944 89.41511110961437
      vertex -20.815237633617443 -123.20927158137467 89.54788011312485
      vertex -16.39736436631371 -114.20644958380173 89.41511110961437
    endloop
  endfacet
  facet normal -0.4785156319080229 0.24514139885260952 0.8431657515508153
    outer loop
      vertex -20.815237633617443 -123.20927158137467 89.54788011312485
      vertex -20.648071858581403 -123.28601744600694 89.66506350785494
      vertex -16.246905294449462 -114.29189391169285 89.54788011312485
    endloop
  endfacet
  facet normal -0.41125917120563077 0.2106862175396839 0.8868355043851587
    outer loop
      vertex -20.648071858581403 -123.28601744600694 89.66506350785494
      vertex -20.472260427945628 -123.36673253408924 89.76576946675777
      vertex -16.086956521739154 -114.38272735371736 89.66506350785494
    endloop
  endfacet
  facet normal 0.8555461248041312 -0.34903538307510346 0.38238086993761816
    outer loop
      vertex -21.038878295561332 -133.7634089405347 88.355050355196
      vertex -17.377088002384056 -124.78772725585262 88.355050355196
      vertex -17.452938393960054 -124.75290431507456 88.55654565244913
    endloop
  endfacet
  facet normal 0.9250312773056699 -0.3773830970302784 0.043579055543649055
    outer loop
      vertex -20.896959002086348 -133.8143013768578 87.5
      vertex -17.240069540562658 -124.85063247865196 87.5
      vertex -17.248715189391305 -124.84666325831054 87.71788935363293
    endloop
  endfacet
  facet normal 0.9180040898841808 -0.3745162299117339 0.13040737896537122
    outer loop
      vertex -20.905913885662514 -133.81109014439588 87.71788935363293
      vertex -17.248715189391305 -124.84666325831054 87.71788935363293
      vertex -17.27458634794496 -124.83478580054856 87.93412044644356
    endloop
  endfacet
  facet normal 0.8831308419864076 -0.3602890630925756 0.3004525036478363
    outer loop
      vertex -20.977144585093 -133.78554672639928 88.1470476090908
      vertex -17.317486112860905 -124.81509050376735 88.1470476090908
      vertex -17.377088002384056 -124.78772725585262 88.355050355196
    endloop
  endfacet
  facet normal 0.9040023249980772 -0.3688039588499377 0.21624855221407635
    outer loop
      vertex -20.93271039537737 -133.8014808824629 87.93412044644356
      vertex -17.27458634794496 -124.83478580054856 87.93412044644356
      vertex -17.317486112860905 -124.81509050376735 88.1470476090908
    endloop
  endfacet
  facet normal 0.7811141039903118 -0.31866950548579837 0.5369455305902536
    outer loop
      vertex -21.2122368329929 -133.70124235196684 88.75
      vertex -17.544460031661174 -124.71088669982754 88.75
      vertex -17.65095637322743 -124.66199419290191 88.93394108861685
    endloop
  endfacet
  facet normal 0.7348266216856115 -0.29978569706284297 0.6084064200011834
    outer loop
      vertex -21.322542300970312 -133.6616866730477 88.93394108861685
      vertex -17.65095637322743 -124.66199419290191 88.93394108861685
      vertex -17.771616925687354 -124.60659889189878 89.10696902126074
    endloop
  endfacet
  facet normal 0.8214551425157386 -0.3351273555387038 0.4614120765693967
    outer loop
      vertex -21.11744167920446 -133.7352360127989 88.55654565244913
      vertex -17.452938393960054 -124.75290431507456 88.55654565244913
      vertex -17.544460031661174 -124.71088669982754 88.75
    endloop
  endfacet
  facet normal -0.34086038032561644 0.1746212346570009 0.9237540936478391
    outer loop
      vertex -20.472260427945628 -123.36673253408924 89.76576946675777
      vertex -20.28914137725002 -123.45080255304644 89.84923154860735
      vertex -15.918735349955796 -114.47825861535544 89.76576946675777
    endloop
  endfacet
  facet normal -0.2678559377938557 0.1372213881915242 0.9536369787352865
    outer loop
      vertex -20.28914137725002 -123.45080255304644 89.84923154860735
      vertex -20.100108353015145 -123.53758767928315 89.91481456905603
      vertex -15.74352204799655 -114.5777606436346 89.84923154860735
    endloop
  endfacet
  facet normal -0.1928029738252179 0.0987720934381967 0.9762535976077059
    outer loop
      vertex -20.100108353015145 -123.53758767928315 89.91481456905603
      vertex -19.90660001598289 -123.6264274231595 89.96201938390732
      vertex -15.562650094861596 -114.68047616805254 89.91481456905603
    endloop
  endfacet
  facet normal -0.11627508733198791 0.05956720253133074 0.991429196891301
    outer loop
      vertex -19.90660001598289 -123.6264274231595 89.96201938390732
      vertex -19.71008906517585 -123.7166456680493 89.99048674851656
      vertex -15.377496040385722 -114.7856234585747 89.96201938390732
    endloop
  endfacet
  facet normal -0.8689480766260301 0.44515817839642435 0.2162485522141129
    outer loop
      vertex -21.70665605895607 -122.80002107667653 88.1470476090908
      vertex -17.09983875570093 -113.80752081654153 88.1470476090908
      vertex -17.140886420789002 -113.7842102237571 87.93412044644356
    endloop
  endfacet
  facet normal -0.8891615950604961 0.4555134726738553 0.0435790555436831
    outer loop
      vertex -21.77542698242567 -122.76844832213334 87.71788935363293
      vertex -17.165640650883986 -113.77015252336906 87.71788935363293
      vertex -17.17391304347828 -113.76545470743471 87.5
    endloop
  endfacet
  facet normal -0.8824068989439824 0.45205307233494735 0.1304073789652998
    outer loop
      vertex -21.749555823872015 -122.78032577989532 87.93412044644356
      vertex -17.140886420789002 -113.7842102237571 87.93412044644356
      vertex -17.165640650883986 -113.77015252336906 87.71788935363293
    endloop
  endfacet
  facet normal -0.848885921344117 0.4348804267789987 0.3004525036478574
    outer loop
      vertex -21.64705416943292 -122.82738432459126 88.355050355196
      vertex -17.042810042267277 -113.83990690020838 88.355050355196
      vertex -17.09983875570093 -113.80752081654153 88.1470476090908
    endloop
  endfacet
  facet normal -0.8223708491180988 0.42129687493086687 0.38238086993763504
    outer loop
      vertex -21.571203777856923 -122.86220726536934 88.55654565244913
      vertex -16.97023431891982 -113.88112198831041 88.55654565244913
      vertex -17.042810042267277 -113.83990690020838 88.355050355196
    endloop
  endfacet
  facet normal -0.7896018034302664 0.40450944070024486 0.4614120765693568
    outer loop
      vertex -21.479682140155802 -122.90422488061634 88.75
      vertex -16.882663919873877 -113.93085241530912 88.75
      vertex -16.97023431891982 -113.88112198831041 88.55654565244913
    endloop
  endfacet
  facet normal -0.7508250582091227 0.3846442891093562 0.536945530590232
    outer loop
      vertex -21.373185798589546 -122.95311738754197 88.93394108861685
      vertex -16.78076531576076 -113.98871969864146 88.93394108861685
      vertex -16.882663919873877 -113.93085241530912 88.75
    endloop
  endfacet
  facet normal -0.03885746829527788 0.019906505657491858 0.9990464594753288
    outer loop
      vertex -19.71008906517585 -123.7166456680493 89.99048674851656
      vertex -19.512071085908488 -123.80755579022194 90
      vertex -15.18946900315909 -114.89240228966895 89.99048674851656
    endloop
  endfacet
  facet normal 0.038857468295277885 -0.019906505657491837 0.9990464594753288
    outer loop
      vertex -19.512071085908488 -123.80755579022194 90
      vertex -19.314053106641126 -123.89846591239458 89.99048674851656
      vertex -15.000000000000028 -115 90
    endloop
  endfacet
  facet normal 0.11627508733198794 -0.0595672025313307 0.991429196891301
    outer loop
      vertex -19.314053106641126 -123.89846591239458 89.99048674851656
      vertex -19.117542155834087 -123.98868415728438 89.96201938390732
      vertex -14.810530996840953 -115.10759771033105 89.99048674851656
    endloop
  endfacet
  facet normal -0.7063324528160326 0.3618509281460619 0.6084064200012362
    outer loop
      vertex -21.252525246129622 -123.0085126885451 89.10696902126074
      vertex -16.66531400836034 -114.05428343795444 89.10696902126074
      vertex -16.78076531576076 -113.98871969864146 88.93394108861685
    endloop
  endfacet
  facet normal -0.656459476629198 0.3363012275048633 0.675249909235419
    outer loop
      vertex -21.118618785078326 -123.06998919072394 89.26776695251465
      vertex -16.53718865436059 -114.12704465216822 89.26776695251465
      vertex -16.66531400836034 -114.05428343795444 89.10696902126074
    endloop
  endfacet
  facet normal -0.6015828579748896 0.3081881834072686 0.7369654731389332
    outer loop
      vertex -20.972485525759396 -123.13707902017944 89.41511110961437
      vertex -16.39736436631371 -114.20644958380173 89.41511110961437
      vertex -16.53718865436059 -114.12704465216822 89.26776695251465
    endloop
  endfacet
  facet normal -0.5421179386250837 0.2777245735687699 0.7930808293338926
    outer loop
      vertex -20.815237633617443 -123.20927158137467 89.54788011312485
      vertex -16.246905294449462 -114.29189391169285 89.54788011312485
      vertex -16.39736436631371 -114.20644958380173 89.41511110961437
    endloop
  endfacet
  facet normal -0.4785156319080335 0.24514139885261463 0.8431657515508079
    outer loop
      vertex -20.648071858581403 -123.28601744600694 89.66506350785494
      vertex -16.086956521739154 -114.38272735371736 89.66506350785494
      vertex -16.246905294449462 -114.29189391169285 89.54788011312485
    endloop
  endfacet
  facet normal 0.192802973825218 -0.09877209343819655 0.9762535976077059
    outer loop
      vertex -19.117542155834087 -123.98868415728438 89.96201938390732
      vertex -18.92403381880183 -124.07752390116073 89.91481456905603
      vertex -14.62250395961432 -115.21437654142528 89.96201938390732
    endloop
  endfacet
  facet normal 0.267855937793848 -0.13722138819152058 0.9536369787352892
    outer loop
      vertex -18.92403381880183 -124.07752390116073 89.91481456905603
      vertex -18.735000794566957 -124.16430902739745 89.84923154860735
      vertex -14.437349905138447 -115.31952383194746 89.91481456905603
    endloop
  endfacet
  facet normal 0.3408603803256258 -0.1746212346570056 0.9237540936478347
    outer loop
      vertex -18.735000794566957 -124.16430902739745 89.84923154860735
      vertex -18.55188174387135 -124.24837904635464 89.76576946675777
      vertex -14.256477952003507 -115.4222393563654 89.84923154860735
    endloop
  endfacet
  facet normal 0.4112591712056199 -0.21068621753967842 0.8868355043851651
    outer loop
      vertex -18.55188174387135 -124.24837904635464 89.76576946675777
      vertex -18.376070313235573 -124.32909413443696 89.66506350785494
      vertex -14.081264650044261 -115.52174138464454 89.76576946675777
    endloop
  endfacet
  facet normal -0.4112591712056349 0.21068621753968586 0.8868355043851562
    outer loop
      vertex -20.472260427945628 -123.36673253408924 89.76576946675777
      vertex -15.918735349955796 -114.47825861535544 89.76576946675777
      vertex -16.086956521739154 -114.38272735371736 89.66506350785494
    endloop
  endfacet
  facet normal -0.3408603803256057 0.17462123465699575 0.9237540936478441
    outer loop
      vertex -20.28914137725002 -123.45080255304644 89.84923154860735
      vertex -15.74352204799655 -114.5777606436346 89.84923154860735
      vertex -15.918735349955796 -114.47825861535544 89.76576946675777
    endloop
  endfacet
  facet normal -0.26785593779385525 0.13722138819152402 0.9536369787352866
    outer loop
      vertex -20.100108353015145 -123.53758767928315 89.91481456905603
      vertex -15.562650094861596 -114.68047616805254 89.91481456905603
      vertex -15.74352204799655 -114.5777606436346 89.84923154860735
    endloop
  endfacet
  facet normal 0.47851563190802293 -0.24514139885260955 0.8431657515508154
    outer loop
      vertex -18.376070313235573 -124.32909413443696 89.66506350785494
      vertex -18.208904538199533 -124.40583999906923 89.54788011312485
      vertex -13.913043478260889 -115.61727264628263 89.66506350785494
    endloop
  endfacet
  facet normal 0.5421179386251047 -0.27772457356877983 0.7930808293338748
    outer loop
      vertex -18.208904538199533 -124.40583999906923 89.54788011312485
      vertex -18.05165664605758 -124.47803256026445 89.41511110961437
      vertex -13.753094705550595 -115.70810608830715 89.54788011312485
    endloop
  endfacet
  facet normal 0.6564594766291879 -0.33630122750485864 0.675249909235431
    outer loop
      vertex -17.90552338673865 -124.54512238971995 89.26776695251465
      vertex -17.771616925687354 -124.60659889189878 89.10696902126074
      vertex -13.462811345639452 -115.87295534783178 89.26776695251465
    endloop
  endfacet
  facet normal 0.601582857974873 -0.30818818340726123 0.7369654731389497
    outer loop
      vertex -18.05165664605758 -124.47803256026445 89.41511110961437
      vertex -17.90552338673865 -124.54512238971995 89.26776695251465
      vertex -13.602635633686333 -115.79355041619826 89.41511110961437
    endloop
  endfacet
  facet normal -0.19280297382520997 0.09877209343819285 0.9762535976077078
    outer loop
      vertex -19.90660001598289 -123.6264274231595 89.96201938390732
      vertex -15.377496040385722 -114.7856234585747 89.96201938390732
      vertex -15.562650094861596 -114.68047616805254 89.91481456905603
    endloop
  endfacet
  facet normal -0.11627508733199095 0.05956720253133223 0.9914291968913005
    outer loop
      vertex -19.71008906517585 -123.7166456680493 89.99048674851656
      vertex -15.18946900315909 -114.89240228966895 89.99048674851656
      vertex -15.377496040385722 -114.7856234585747 89.96201938390732
    endloop
  endfacet
  facet normal -0.0388574682952788 0.019906505657492305 0.9990464594753286
    outer loop
      vertex -19.512071085908488 -123.80755579022194 90
      vertex -15.000000000000028 -115 90
      vertex -15.18946900315909 -114.89240228966895 89.99048674851656
    endloop
  endfacet
  facet normal 0.03885746829527659 -0.01990650565749121 0.9990464594753288
    outer loop
      vertex -19.314053106641126 -123.89846591239458 89.99048674851656
      vertex -14.810530996840953 -115.10759771033105 89.99048674851656
      vertex -15.000000000000028 -115 90
    endloop
  endfacet
  facet normal 0.8891615950604976 -0.4555134726738552 0.04357905554365217
    outer loop
      vertex -17.240069540562658 -124.85063247865196 87.5
      vertex -12.834359349116056 -116.22984747663092 87.71788935363293
      vertex -17.248715189391305 -124.84666325831054 87.71788935363293
    endloop
  endfacet
  facet normal 0.8824068989439733 -0.45205307233494463 0.1304073789653718
    outer loop
      vertex -17.248715189391305 -124.84666325831054 87.71788935363293
      vertex -12.859113579211055 -116.2157897762429 87.93412044644356
      vertex -17.27458634794496 -124.83478580054856 87.93412044644356
    endloop
  endfacet
  facet normal 0.8689480766260377 -0.4451581783964276 0.21624855221407668
    outer loop
      vertex -17.317486112860905 -124.81509050376735 88.1470476090908
      vertex -17.27458634794496 -124.83478580054856 87.93412044644356
      vertex -12.900161244299127 -116.19247918345846 88.1470476090908
    endloop
  endfacet
  facet normal 0.8223708491181052 -0.42129687493086937 0.3823808699376189
    outer loop
      vertex -17.452938393960054 -124.75290431507456 88.55654565244913
      vertex -17.377088002384056 -124.78772725585262 88.355050355196
      vertex -13.029765681080221 -116.11887801168957 88.55654565244913
    endloop
  endfacet
  facet normal 0.8488859213441237 -0.43488042677900157 0.300452503647834
    outer loop
      vertex -17.317486112860905 -124.81509050376735 88.1470476090908
      vertex -12.957189957732766 -116.16009309979161 88.355050355196
      vertex -17.377088002384056 -124.78772725585262 88.355050355196
    endloop
  endfacet
  facet normal 0.7063324528160712 -0.3618509281460808 0.6084064200011804
    outer loop
      vertex -17.65095637322743 -124.66199419290191 88.93394108861685
      vertex -13.334685991639702 -115.94571656204556 89.10696902126074
      vertex -17.771616925687354 -124.60659889189878 89.10696902126074
    endloop
  endfacet
  facet normal 0.7508250582091086 -0.3846442891093511 0.536945530590255
    outer loop
      vertex -17.65095637322743 -124.66199419290191 88.93394108861685
      vertex -17.544460031661174 -124.71088669982754 88.75
      vertex -13.219234684239282 -116.01128030135852 88.93394108861685
    endloop
  endfacet
  facet normal 0.7896018034302483 -0.40450944070023626 0.46141207656939537
    outer loop
      vertex -17.452938393960054 -124.75290431507456 88.55654565244913
      vertex -13.117336080126165 -116.06914758469087 88.75
      vertex -17.544460031661174 -124.71088669982754 88.75
    endloop
  endfacet
  facet normal 0.11627508733199432 -0.05956720253133379 0.9914291968913
    outer loop
      vertex -19.117542155834087 -123.98868415728438 89.96201938390732
      vertex -14.62250395961432 -115.21437654142528 89.96201938390732
      vertex -14.810530996840953 -115.10759771033105 89.99048674851656
    endloop
  endfacet
  facet normal 0.1928029738252044 -0.09877209343818998 0.9762535976077091
    outer loop
      vertex -18.92403381880183 -124.07752390116073 89.91481456905603
      vertex -14.437349905138447 -115.31952383194746 89.91481456905603
      vertex -14.62250395961432 -115.21437654142528 89.96201938390732
    endloop
  endfacet
  facet normal 0.2678559377938699 -0.13722138819153115 0.9536369787352814
    outer loop
      vertex -18.735000794566957 -124.16430902739745 89.84923154860735
      vertex -14.256477952003507 -115.4222393563654 89.84923154860735
      vertex -14.437349905138447 -115.31952383194746 89.91481456905603
    endloop
  endfacet
  facet normal 0.5421179386250713 -0.27772457356876395 0.7930808293339032
    outer loop
      vertex -18.05165664605758 -124.47803256026445 89.41511110961437
      vertex -13.602635633686333 -115.79355041619826 89.41511110961437
      vertex -13.753094705550595 -115.70810608830715 89.54788011312485
    endloop
  endfacet
  facet normal 0.3408603803256152 -0.1746212346570005 0.9237540936478397
    outer loop
      vertex -18.55188174387135 -124.24837904635464 89.76576946675777
      vertex -14.081264650044261 -115.52174138464454 89.76576946675777
      vertex -14.256477952003507 -115.4222393563654 89.84923154860735
    endloop
  endfacet
  facet normal 0.41125917120561395 -0.2106862175396756 0.8868355043851683
    outer loop
      vertex -18.376070313235573 -124.32909413443696 89.66506350785494
      vertex -13.913043478260889 -115.61727264628263 89.66506350785494
      vertex -14.081264650044261 -115.52174138464454 89.76576946675777
    endloop
  endfacet
  facet normal 0.47851563190804475 -0.24514139885262004 0.8431657515507999
    outer loop
      vertex -18.208904538199533 -124.40583999906923 89.54788011312485
      vertex -13.753094705550595 -115.70810608830715 89.54788011312485
      vertex -13.913043478260889 -115.61727264628263 89.66506350785494
    endloop
  endfacet
  facet normal 0.49381811702610967 0.8695652173913049 -8.18680378627996e-17
    outer loop
      vertex -20.217391304347856 -112.03709129784333 0
      vertex -17.17391304347828 -113.76545470743471 87.5
      vertex -15.006193871960727 -114.99648255688294 87.82819348736633
    endloop
  endfacet
  facet normal 0.49381811702637113 0.8695652173911566 -1.98762403048305e-14
    outer loop
      vertex -20.217391304347856 -112.03709129784333 0
      vertex -15.006193871960727 -114.99648255688294 87.82819348736633
      vertex -14.993806128039273 -115.00351744311706 87.82819348736633
    endloop
  endfacet
  facet normal 0.4938181170261157 0.8695652173913017 -4.957902075736829e-16
    outer loop
      vertex -20.217391304347856 -112.03709129784333 0
      vertex -14.993806128039273 -115.00351744311706 87.82819348736633
      vertex -12.859113579211055 -116.2157897762429 87.93412044644356
    endloop
  endfacet
  facet normal 0.49381811702618367 0.869565217391263 -7.940595323690196e-15
    outer loop
      vertex -20.217391304347856 -112.03709129784333 0
      vertex -12.834359349116056 -116.22984747663092 87.71788935363293
      vertex -12.826086956521763 -116.23454529256527 87.5
    endloop
  endfacet
  facet normal 0.4938181170259226 0.8695652173914111 2.1317900427237373e-14
    outer loop
      vertex -20.217391304347856 -112.03709129784333 0
      vertex -12.859113579211055 -116.2157897762429 87.93412044644356
      vertex -12.834359349116056 -116.22984747663092 87.71788935363293
    endloop
  endfacet
  facet normal 0.49381811702610834 0.8695652173913055 1.1904258767945079e-14
    outer loop
      vertex -17.17391304347828 -113.76545470743471 87.5
      vertex -17.165640650883986 -113.77015252336906 87.71788935363293
      vertex -15.006193871960727 -114.99648255688294 87.82819348736633
    endloop
  endfacet
  facet normal 0.4938181170261072 0.8695652173913063 1.9534532778239772e-16
    outer loop
      vertex -17.042810042267277 -113.83990690020838 88.355050355196
      vertex -16.97023431891982 -113.88112198831041 88.55654565244913
      vertex -15.379655805842667 -114.78439694756685 88.71657687883257
    endloop
  endfacet
  facet normal 0.49381811702597145 0.8695652173913834 3.4534959440150072e-12
    outer loop
      vertex -17.165640650883986 -113.77015252336906 87.71788935363293
      vertex -15 -115 87.82913124188076
      vertex -15.006193871960727 -114.99648255688294 87.82819348736633
    endloop
  endfacet
  facet normal 0.49381811702610684 0.8695652173913064 4.01950871837123e-14
    outer loop
      vertex -17.165640650883986 -113.77015252336906 87.71788935363293
      vertex -17.140886420789002 -113.7842102237571 87.93412044644356
      vertex -12.957189957732766 -116.16009309979161 88.355050355196
    endloop
  endfacet
  facet normal 0.4938181170261103 0.8695652173913047 -2.0732335210138035e-15
    outer loop
      vertex -17.140886420789002 -113.7842102237571 87.93412044644356
      vertex -17.09983875570093 -113.80752081654153 88.1470476090908
      vertex -13.029765681080221 -116.11887801168957 88.55654565244913
    endloop
  endfacet
  facet normal 0.49381811702611605 0.8695652173913013 -5.1979933774428464e-14
    outer loop
      vertex -17.09983875570093 -113.80752081654153 88.1470476090908
      vertex -17.042810042267277 -113.83990690020838 88.355050355196
      vertex -13.117336080126165 -116.06914758469087 88.75
    endloop
  endfacet
  facet normal 0.4938181170261214 0.8695652173912982 -8.532518961695811e-14
    outer loop
      vertex -17.042810042267277 -113.83990690020838 88.355050355196
      vertex -15.379655805842667 -114.78439694756685 88.71657687883257
      vertex -15.021708325025443 -114.98767204118397 88.6610459080117
    endloop
  endfacet
  facet normal 0.4938181170260099 0.8695652173913615 9.010785444894205e-13
    outer loop
      vertex -17.042810042267277 -113.83990690020838 88.355050355196
      vertex -15.021708325025443 -114.98767204118397 88.6610459080117
      vertex -14.978291674974557 -115.01232795881603 88.6610459080117
    endloop
  endfacet
  facet normal 0.4938181170261121 0.8695652173913037 -1.0162181121992725e-14
    outer loop
      vertex -16.78076531576076 -113.98871969864146 88.93394108861685
      vertex -16.66531400836034 -114.05428343795444 89.10696902126074
      vertex -15.311630703974785 -114.823027779439 89.24316575802295
    endloop
  endfacet
  facet normal 0.49381811702606304 0.8695652173913315 6.024153664485156e-13
    outer loop
      vertex -16.97023431891982 -113.88112198831041 88.55654565244913
      vertex -15.382068424416634 -114.78302684359136 88.72217785827705
      vertex -15.379655805842667 -114.78439694756685 88.71657687883257
    endloop
  endfacet
  facet normal 0.4938181170261149 0.869565217391302 -4.273610538839432e-15
    outer loop
      vertex -16.97023431891982 -113.88112198831041 88.55654565244913
      vertex -16.882663919873877 -113.93085241530912 88.75
      vertex -13.334685991639702 -115.94571656204556 89.10696902126074
    endloop
  endfacet
  facet normal 0.4938181170261733 0.8695652173912687 -8.21239751012366e-13
    outer loop
      vertex -16.66531400836034 -114.05428343795444 89.10696902126074
      vertex -15.314693557097941 -114.82128841322269 89.25119434468749
      vertex -15.311630703974785 -114.823027779439 89.24316575802295
    endloop
  endfacet
  facet normal 0.49381811702611134 0.869565217391304 2.073076127960732e-14
    outer loop
      vertex -16.882663919873877 -113.93085241530912 88.75
      vertex -16.78076531576076 -113.98871969864146 88.93394108861685
      vertex -13.462811345639452 -115.87295534783178 89.26776695251465
    endloop
  endfacet
  facet normal 0.4938181170261102 0.8695652173913045 1.2716395326771164e-15
    outer loop
      vertex -16.78076531576076 -113.98871969864146 88.93394108861685
      vertex -15.311630703974785 -114.823027779439 89.24316575802295
      vertex -15.031430470391419 -114.98215092393818 89.19879103763738
    endloop
  endfacet
  facet normal 0.49381811702610817 0.8695652173913058 3.565359041325198e-14
    outer loop
      vertex -17.165640650883986 -113.77015252336906 87.71788935363293
      vertex -12.900161244299127 -116.19247918345846 88.1470476090908
      vertex -15 -115 87.82913124188076
    endloop
  endfacet
  facet normal 0.49381811702611805 0.8695652173913002 -8.007625798218277e-14
    outer loop
      vertex -17.042810042267277 -113.83990690020838 88.355050355196
      vertex -14.978291674974557 -115.01232795881603 88.6610459080117
      vertex -13.117336080126165 -116.06914758469087 88.75
    endloop
  endfacet
  facet normal 0.493818117026032 0.869565217391349 6.842481417742621e-13
    outer loop
      vertex -16.78076531576076 -113.98871969864146 88.93394108861685
      vertex -15.031430470391419 -114.98215092393818 89.19879103763738
      vertex -14.968569529608581 -115.01784907606182 89.19879103763738
    endloop
  endfacet
  facet normal 0.4938181170261114 0.869565217391304 2.778165802376051e-14
    outer loop
      vertex -16.66531400836034 -114.05428343795444 89.10696902126074
      vertex -16.53718865436059 -114.12704465216822 89.26776695251465
      vertex -13.753094705550595 -115.70810608830715 89.54788011312485
    endloop
  endfacet
  facet normal 0.4938181170261074 0.8695652173913062 1.0895369864816125e-14
    outer loop
      vertex -16.39736436631371 -114.20644958380173 89.41511110961437
      vertex -16.246905294449462 -114.29189391169285 89.54788011312485
      vertex -14.081264650044261 -115.52174138464454 89.76576946675777
    endloop
  endfacet
  facet normal 0.49381811702611217 0.8695652173913037 1.710691849822691e-14
    outer loop
      vertex -16.53718865436059 -114.12704465216822 89.26776695251465
      vertex -16.39736436631371 -114.20644958380173 89.41511110961437
      vertex -13.753094705550595 -115.70810608830715 89.54788011312485
    endloop
  endfacet
  facet normal 0.49381811702611644 0.8695652173913012 -3.952022913715965e-14
    outer loop
      vertex -16.246905294449462 -114.29189391169285 89.54788011312485
      vertex -16.086956521739154 -114.38272735371736 89.66506350785494
      vertex -14.256477952003507 -115.4222393563654 89.84923154860735
    endloop
  endfacet
  facet normal 0.49381811702610223 0.8695652173913093 6.339527995718628e-14
    outer loop
      vertex -16.086956521739154 -114.38272735371736 89.66506350785494
      vertex -15.918735349955796 -114.47825861535544 89.76576946675777
      vertex -14.437349905138447 -115.31952383194746 89.91481456905603
    endloop
  endfacet
  facet normal 0.4938181170260973 0.869565217391312 6.540676231600064e-14
    outer loop
      vertex -15.918735349955796 -114.47825861535544 89.76576946675777
      vertex -15.74352204799655 -114.5777606436346 89.84923154860735
      vertex -14.62250395961432 -115.21437654142528 89.96201938390732
    endloop
  endfacet
  facet normal 0.4938181170260986 0.8695652173913112 7.889501384894205e-14
    outer loop
      vertex -15.74352204799655 -114.5777606436346 89.84923154860735
      vertex -15.562650094861596 -114.68047616805254 89.91481456905603
      vertex -14.810530996840953 -115.10759771033105 89.99048674851656
    endloop
  endfacet
  facet normal 0.4938181170260966 0.8695652173913123 1.5616963244155185e-13
    outer loop
      vertex -16.97023431891982 -113.88112198831041 88.55654565244913
      vertex -13.334685991639702 -115.94571656204556 89.10696902126074
      vertex -15.382068424416634 -114.78302684359136 88.72217785827705
    endloop
  endfacet
  facet normal 0.4938181170261246 0.8695652173912964 -1.5514159991875237e-13
    outer loop
      vertex -16.78076531576076 -113.98871969864146 88.93394108861685
      vertex -14.968569529608581 -115.01784907606182 89.19879103763738
      vertex -13.462811345639452 -115.87295534783178 89.26776695251465
    endloop
  endfacet
  facet normal 0.49381811702609035 0.8695652173913159 2.090495024315081e-13
    outer loop
      vertex -16.66531400836034 -114.05428343795444 89.10696902126074
      vertex -13.753094705550595 -115.70810608830715 89.54788011312485
      vertex -15.314693557097941 -114.82128841322269 89.25119434468749
    endloop
  endfacet
  facet normal 0.4938181170261594 0.8695652173912769 -4.5362591981973383e-13
    outer loop
      vertex -15.562650094861596 -114.68047616805254 89.91481456905603
      vertex -15.377496040385722 -114.7856234585747 89.96201938390732
      vertex -15.000000000000028 -115 90
    endloop
  endfacet
  facet normal 0.49381811702612494 0.8695652173912963 -1.6737670113369164e-15
    outer loop
      vertex -15.377496040385722 -114.7856234585747 89.96201938390732
      vertex -15.18946900315909 -114.89240228966895 89.99048674851656
      vertex -15.000000000000028 -115 90
    endloop
  endfacet
  facet normal 0.4938181170260994 0.8695652173913108 6.850032942411749e-14
    outer loop
      vertex -15.562650094861596 -114.68047616805254 89.91481456905603
      vertex -15.000000000000028 -115 90
      vertex -14.810530996840953 -115.10759771033105 89.99048674851656
    endloop
  endfacet
  facet normal 0.4938181170260914 0.8695652173913153 1.4357695568611096e-13
    outer loop
      vertex -15.74352204799655 -114.5777606436346 89.84923154860735
      vertex -14.810530996840953 -115.10759771033105 89.99048674851656
      vertex -14.62250395961432 -115.21437654142528 89.96201938390732
    endloop
  endfacet
  facet normal 0.49381811702611 0.8695652173913047 2.0301221021717148e-17
    outer loop
      vertex -20.217391304347856 -112.03709129784333 0
      vertex -12.826086956521763 -116.23454529256527 87.5
      vertex -9.7826086956522 -117.96290870215665 0
    endloop
  endfacet
  facet normal 0.889297280647791 -0.4555829837879234 0.039931084575011204
    outer loop
      vertex -14.059267377078484 -126.31093984245399 0
      vertex -9.7826086956522 -117.96290870215665 0
      vertex -12.826086956521763 -116.23454529256527 87.5
    endloop
  endfacet
  facet normal 0.8892972806477905 -0.4555829837879244 0.03993108457501133
    outer loop
      vertex -17.240069540562658 -124.85063247865196 87.5
      vertex -14.059267377078484 -126.31093984245399 0
      vertex -12.826086956521763 -116.23454529256527 87.5
    endloop
  endfacet
  facet normal 0.8689480766260244 -0.44515817839642247 0.2162485522141402
    outer loop
      vertex -17.27458634794496 -124.83478580054856 87.93412044644356
      vertex -12.859113579211055 -116.2157897762429 87.93412044644356
      vertex -12.900161244299127 -116.19247918345846 88.1470476090908
    endloop
  endfacet
  facet normal 0.848885921344131 -0.4348804267790046 0.3004525036478095
    outer loop
      vertex -17.317486112860905 -124.81509050376735 88.1470476090908
      vertex -12.900161244299127 -116.19247918345846 88.1470476090908
      vertex -12.957189957732766 -116.16009309979161 88.355050355196
    endloop
  endfacet
  facet normal 0.8223708491180987 -0.42129687493086654 0.38238086993763604
    outer loop
      vertex -17.377088002384056 -124.78772725585262 88.355050355196
      vertex -12.957189957732766 -116.16009309979161 88.355050355196
      vertex -13.029765681080221 -116.11887801168957 88.55654565244913
    endloop
  endfacet
  facet normal 0.656459476629198 -0.3363012275048634 0.6752499092354188
    outer loop
      vertex -17.771616925687354 -124.60659889189878 89.10696902126074
      vertex -13.334685991639702 -115.94571656204556 89.10696902126074
      vertex -13.462811345639452 -115.87295534783178 89.26776695251465
    endloop
  endfacet
  facet normal 0.7063324528160461 -0.3618509281460691 0.6084064200012161
    outer loop
      vertex -17.65095637322743 -124.66199419290191 88.93394108861685
      vertex -13.219234684239282 -116.01128030135852 88.93394108861685
      vertex -13.334685991639702 -115.94571656204556 89.10696902126074
    endloop
  endfacet
  facet normal 0.6015828579748764 -0.30818818340726295 0.7369654731389461
    outer loop
      vertex -17.90552338673865 -124.54512238971995 89.26776695251465
      vertex -13.462811345639452 -115.87295534783178 89.26776695251465
      vertex -13.602635633686333 -115.79355041619826 89.41511110961437
    endloop
  endfacet
  facet normal 0.7508250582091222 -0.38464428910935733 0.5369455305902316
    outer loop
      vertex -17.544460031661174 -124.71088669982754 88.75
      vertex -13.117336080126165 -116.06914758469087 88.75
      vertex -13.219234684239282 -116.01128030135852 88.93394108861685
    endloop
  endfacet
  facet normal 0.7896018034302659 -0.40450944070024414 0.46141207656935845
    outer loop
      vertex -17.452938393960054 -124.75290431507456 88.55654565244913
      vertex -13.029765681080221 -116.11887801168957 88.55654565244913
      vertex -13.117336080126165 -116.06914758469087 88.75
    endloop
  endfacet
  facet normal 0.49381811702610984 0.869565217391305 1.7682650405411457e-15
    outer loop
      vertex -17.140886420789002 -113.7842102237571 87.93412044644356
      vertex -13.029765681080221 -116.11887801168957 88.55654565244913
      vertex -12.957189957732766 -116.16009309979161 88.355050355196
    endloop
  endfacet
  facet normal 0.49381811702610995 0.8695652173913048 1.8763310925030317e-15
    outer loop
      vertex -17.09983875570093 -113.80752081654153 88.1470476090908
      vertex -13.117336080126165 -116.06914758469087 88.75
      vertex -13.029765681080221 -116.11887801168957 88.55654565244913
    endloop
  endfacet
  facet normal 0.4938181170261212 0.8695652173912984 -1.0323965725276233e-13
    outer loop
      vertex -16.086956521739154 -114.38272735371736 89.66506350785494
      vertex -14.437349905138447 -115.31952383194746 89.91481456905603
      vertex -14.256477952003507 -115.4222393563654 89.84923154860735
    endloop
  endfacet
  facet normal 0.4938181170261113 0.8695652173913041 -5.5435148043725144e-14
    outer loop
      vertex -15.918735349955796 -114.47825861535544 89.76576946675777
      vertex -14.62250395961432 -115.21437654142528 89.96201938390732
      vertex -14.437349905138447 -115.31952383194746 89.91481456905603
    endloop
  endfacet
  facet normal 0.49381811702610134 0.8695652173913097 9.348693648409764e-14
    outer loop
      vertex -16.246905294449462 -114.29189391169285 89.54788011312485
      vertex -14.256477952003507 -115.4222393563654 89.84923154860735
      vertex -14.081264650044261 -115.52174138464454 89.76576946675777
    endloop
  endfacet
  facet normal 0.4938181170261068 0.8695652173913068 1.7178537037232014e-14
    outer loop
      vertex -16.39736436631371 -114.20644958380173 89.41511110961437
      vertex -14.081264650044261 -115.52174138464454 89.76576946675777
      vertex -13.913043478260889 -115.61727264628263 89.66506350785494
    endloop
  endfacet
  facet normal 0.4938181170260958 0.8695652173913129 1.7333722719208715e-13
    outer loop
      vertex -15.314693557097941 -114.82128841322269 89.25119434468749
      vertex -13.753094705550595 -115.70810608830715 89.54788011312485
      vertex -15.034653486891104 -114.9803206024083 89.27800609079169
    endloop
  endfacet
  facet normal 0.49381811702611755 0.8695652173913004 -1.2362835818614818e-13
    outer loop
      vertex -16.39736436631371 -114.20644958380173 89.41511110961437
      vertex -13.913043478260889 -115.61727264628263 89.66506350785494
      vertex -13.753094705550595 -115.70810608830715 89.54788011312485
    endloop
  endfacet
  facet normal 0.49381811702613304 0.8695652173912918 -1.0025897577663179e-13
    outer loop
      vertex -15.382068424416634 -114.78302684359136 88.72217785827705
      vertex -13.334685991639702 -115.94571656204556 89.10696902126074
      vertex -15.024236172842738 -114.98623649957732 88.75721324361686
    endloop
  endfacet
  facet normal 0.4938181170261163 0.8695652173913012 -2.2559110476351736e-14
    outer loop
      vertex -16.882663919873877 -113.93085241530912 88.75
      vertex -13.462811345639452 -115.87295534783178 89.26776695251465
      vertex -13.334685991639702 -115.94571656204556 89.10696902126074
    endloop
  endfacet
  facet normal 0.49381811702599293 0.8695652173913713 7.947347366545586e-13
    outer loop
      vertex -15.024236172842738 -114.98623649957732 88.75721324361686
      vertex -13.334685991639702 -115.94571656204556 89.10696902126074
      vertex -14.975763827157262 -115.01376350042268 88.75721324361686
    endloop
  endfacet
  facet normal 0.4938181170261232 0.8695652173912972 -1.1129854533017793e-13
    outer loop
      vertex -14.968569529608581 -115.01784907606182 89.19879103763738
      vertex -14.688369296025215 -115.176972220561 89.24316575802295
      vertex -13.462811345639452 -115.87295534783178 89.26776695251465
    endloop
  endfacet
  facet normal 0.49381811702620065 0.8695652173912533 -1.2229773128548334e-12
    outer loop
      vertex -15.034653486891104 -114.9803206024083 89.27800609079169
      vertex -13.602635633686333 -115.79355041619826 89.41511110961437
      vertex -14.965346513108896 -115.0196793975917 89.27800609079169
    endloop
  endfacet
  facet normal 0.493818117026108 0.8695652173913058 -4.187270257787835e-15
    outer loop
      vertex -14.965346513108896 -115.0196793975917 89.27800609079169
      vertex -13.602635633686333 -115.79355041619826 89.41511110961437
      vertex -14.685306442902059 -115.17871158677731 89.25119434468749
    endloop
  endfacet
  facet normal 0.8891615950604961 -0.45551347267385517 0.04357905554367977
    outer loop
      vertex -17.240069540562658 -124.85063247865196 87.5
      vertex -12.826086956521763 -116.23454529256527 87.5
      vertex -12.834359349116056 -116.22984747663092 87.71788935363293
    endloop
  endfacet
  facet normal 0.8824068989439786 -0.4520530723349462 0.13040737896532978
    outer loop
      vertex -17.248715189391305 -124.84666325831054 87.71788935363293
      vertex -12.834359349116056 -116.22984747663092 87.71788935363293
      vertex -12.859113579211055 -116.2157897762429 87.93412044644356
    endloop
  endfacet
  facet normal 0.4938181170262415 0.8695652173912299 -1.1291581887554313e-12
    outer loop
      vertex -14.993806128039273 -115.00351744311706 87.82819348736633
      vertex -15 -115 87.82913124188076
      vertex -12.900161244299127 -116.19247918345846 88.1470476090908
    endloop
  endfacet
  facet normal 0.4938181170261097 0.869565217391305 1.694250674543698e-14
    outer loop
      vertex -17.165640650883986 -113.77015252336906 87.71788935363293
      vertex -12.957189957732766 -116.16009309979161 88.355050355196
      vertex -12.900161244299127 -116.19247918345846 88.1470476090908
    endloop
  endfacet
  facet normal 0.4938181170261199 0.8695652173912991 -7.466139847639607e-14
    outer loop
      vertex -14.975763827157262 -115.01376350042268 88.75721324361686
      vertex -13.219234684239282 -116.01128030135852 88.93394108861685
      vertex -14.617931575583366 -115.21697315640864 88.72217785827705
    endloop
  endfacet
  facet normal 0.49381811702610817 0.8695652173913058 1.9578332511886647e-13
    outer loop
      vertex -14.978291674974557 -115.01232795881603 88.6610459080117
      vertex -14.620344194157333 -115.21560305243315 88.71657687883257
      vertex -13.117336080126165 -116.06914758469087 88.75
    endloop
  endfacet
  facet normal 0.49381811702612216 0.8695652173912978 -6.397792300930748e-13
    outer loop
      vertex -14.620344194157333 -115.21560305243315 88.71657687883257
      vertex -14.617931575583366 -115.21697315640864 88.72217785827705
      vertex -13.117336080126165 -116.06914758469087 88.75
    endloop
  endfacet
  facet normal 0.4938181170260037 0.8695652173913649 9.067476395040667e-13
    outer loop
      vertex -14.688369296025215 -115.176972220561 89.24316575802295
      vertex -14.685306442902059 -115.17871158677731 89.25119434468749
      vertex -13.602635633686333 -115.79355041619826 89.41511110961437
    endloop
  endfacet
  facet normal 0.49381811702610284 0.8695652173913089 1.282596061803816e-13
    outer loop
      vertex -15.034653486891104 -114.9803206024083 89.27800609079169
      vertex -13.753094705550595 -115.70810608830715 89.54788011312485
      vertex -13.602635633686333 -115.79355041619826 89.41511110961437
    endloop
  endfacet
  facet normal 0.49381811702610834 0.8695652173913057 7.858260589786321e-14
    outer loop
      vertex -14.975763827157262 -115.01376350042268 88.75721324361686
      vertex -13.334685991639702 -115.94571656204556 89.10696902126074
      vertex -13.219234684239282 -116.01128030135852 88.93394108861685
    endloop
  endfacet
  facet normal 0.4938181170261228 0.8695652173912976 -8.761269221000703e-14
    outer loop
      vertex -14.688369296025215 -115.176972220561 89.24316575802295
      vertex -13.602635633686333 -115.79355041619826 89.41511110961437
      vertex -13.462811345639452 -115.87295534783178 89.26776695251465
    endloop
  endfacet
  facet normal 0.4938181170261177 0.8695652173913004 -5.385812807920882e-14
    outer loop
      vertex -14.993806128039273 -115.00351744311706 87.82819348736633
      vertex -12.900161244299127 -116.19247918345846 88.1470476090908
      vertex -12.859113579211055 -116.2157897762429 87.93412044644356
    endloop
  endfacet
  facet normal 0.4938181170261136 0.8695652173913028 -1.938742369698504e-14
    outer loop
      vertex -14.617931575583366 -115.21697315640864 88.72217785827705
      vertex -13.219234684239282 -116.01128030135852 88.93394108861685
      vertex -13.117336080126165 -116.06914758469087 88.75
    endloop
  endfacet
endsolid OpenSCAD_Model
