solid OpenSCAD_Model
  facet normal 0.7372739113945941 0.6755870771397751 0.0030464370421485697
    outer loop
      vertex -2.2874567218921147 -66.90437562485927 17.09665966272748
      vertex -2.545584410429001 -66.545584410429 0
      vertex -2.7577599957585335 -66.31403539329767 0
    endloop
  endfacet
  facet normal 0.6755799422376269 0.7372661250053115 0.005513852179482342
    outer loop
      vertex -2.2470310864995424 -66.94553390533551 16.89790983500482
      vertex -2.4786087349057198 -66.60695631057024 0
      vertex -2.545584410429001 -66.545584410429 0
    endloop
  endfacet
  facet normal 0.6755799422376229 0.7372661250053151 0.005513852179482486
    outer loop
      vertex -2.2470310864995424 -66.94553390533551 16.89790983500482
      vertex -2.201940150830043 -66.98569644007969 16.743379875537343
      vertex -2.4786087349057198 -66.60695631057024 0
    endloop
  endfacet
  facet normal 0.9805127963855906 0.1961025592771535 -0.011766153537145193
    outer loop
      vertex -2.201940150830043 -66.98569644007969 16.743379875537343
      vertex -2.1930654308728053 -67.03256546471214 16.701789461364115
      vertex -2.4786087349057198 -66.60695631057024 0
    endloop
  endfacet
  facet normal 0.9805127963855979 0.1961025592771175 -0.011766153537146235
    outer loop
      vertex -2.137731805619494 -67.32115140136332 16.503159287958116
      vertex -2.4786087349057198 -66.60695631057024 0
      vertex -2.1930654308728053 -67.03256546471214 16.701789461364115
    endloop
  endfacet
  facet normal 0.9805127963855976 0.1961025592771195 -0.011766153537146063
    outer loop
      vertex -1.7799476238222285 -69.15705872497868 15.72005237617777
      vertex -1.7999999970197678 -70 0
      vertex -2.4786087349057198 -66.60695631057024 0
    endloop
  endfacet
  facet normal 0.9805127963855973 0.19610255927711975 -0.011766153537146018
    outer loop
      vertex -1.8908629027300998 -68.59088281488646 15.913377635712372
      vertex -1.7799476238222285 -69.15705872497868 15.72005237617777
      vertex -2.4786087349057198 -66.60695631057024 0
    endloop
  endfacet
  facet normal 0.9805127963855976 0.19610255927711942 -0.011766153537146204
    outer loop
      vertex -2.069217230032611 -67.67559362404184 16.305336875228857
      vertex -1.9870947483579997 -68.09800896822532 16.108621278062802
      vertex -2.4786087349057198 -66.60695631057024 0
    endloop
  endfacet
  facet normal 0.980512796385597 0.19610255927712172 -0.011766153537146036
    outer loop
      vertex -2.069217230032611 -67.67559362404184 16.305336875228857
      vertex -2.4786087349057198 -66.60695631057024 0
      vertex -2.137731805619494 -67.32115140136332 16.503159287958116
    endloop
  endfacet
  facet normal 0.9805127963855984 0.19610255927711542 -0.011766153537146594
    outer loop
      vertex -1.9870947483579997 -68.09800896822532 16.108621278062802
      vertex -1.8908629027300998 -68.59088281488646 15.913377635712372
      vertex -2.4786087349057198 -66.60695631057024 0
    endloop
  endfacet
  facet normal 0.9805127963855971 0.19610255927712156 -0.011766153537146173
    outer loop
      vertex -1.7799476238222285 -69.15705872497868 15.72005237617777
      vertex -1.6537056020138479 -69.79972055210987 15.529190407706826
      vertex -1.7999999970197678 -70 0
    endloop
  endfacet
  facet normal 0.9805127963855979 0.19610255927711787 -0.011766153537146133
    outer loop
      vertex -1.6537056020138479 -69.79972055210987 15.529190407706826
      vertex -1.6142740807578997 -70 15.477159714114306
      vertex -1.7999999970197678 -70 0
    endloop
  endfacet
  facet normal 0.737273911394631 0.6755870771397348 0.003046437042146074
    outer loop
      vertex -2.311707544936655 -66.87881728423989 17.2977517964307
      vertex -2.7577599957585335 -66.31403539329767 0
      vertex -2.3198495214384 -66.87084387766487 17.5
    endloop
  endfacet
  facet normal 0.737273911394653 0.6755870771397107 0.003046437042144727
    outer loop
      vertex -2.311707544936655 -66.87881728423989 17.2977517964307
      vertex -2.2874567218921147 -66.90437562485927 17.09665966272748
      vertex -2.7577599957585335 -66.31403539329767 0
    endloop
  endfacet
  facet normal 0.7372739113945538 0.6755870771398192 0.0030464370421501045
    outer loop
      vertex -2.2579191063304815 -66.93595273095511 16.95084061561564
      vertex -2.545584410429001 -66.545584410429 0
      vertex -2.2874567218921147 -66.90437562485927 17.09665966272748
    endloop
  endfacet
  facet normal 0.6755799422377562 0.737266125005193 0.005513852179477272
    outer loop
      vertex -2.2579191063304815 -66.93595273095511 16.95084061561564
      vertex -2.2470310864995424 -66.94553390533551 16.89790983500482
      vertex -2.545584410429001 -66.545584410429 0
    endloop
  endfacet
  facet normal 0.9761814614900967 0.2164142324677937 -0.015317774917876396
    outer loop
      vertex -1.477211629971862 -67.76047226662438 87.5
      vertex -3.4773329719901085 -64.93174856156111 0
      vertex -3.5453079119324684 -64.62513343989849 0
    endloop
  endfacet
  facet normal 0.9536488778720139 0.30068432165057823 -0.011948072940027732
    outer loop
      vertex -1.4488887383292122 -67.88822856731713 87.5
      vertex -3.3828934356570244 -65.2312725186348 0
      vertex -3.4773329719901085 -64.93174856156111 0
    endloop
  endfacet
  facet normal 0.9238448056535746 0.38266906714362214 -0.008669493545700931
    outer loop
      vertex -1.4095389315237603 -68.01303021609783 87.5
      vertex -3.262708030641079 -65.5214257389307 0
      vertex -3.3828934356570244 -65.2312725186348 0
    endloop
  endfacet
  facet normal 0.8869973907385628 0.46174159477244753 -0.005507129922049482
    outer loop
      vertex -1.359461679433783 -68.13392739122112 87.5
      vertex -3.117691457271576 -65.79999999701977 0
      vertex -3.262708030641079 -65.5214257389307 0
    endloop
  endfacet
  facet normal 0.8433888431810664 0.5372979463486365 -0.0024851654351881105
    outer loop
      vertex -1.2990381071964903 -68.24999999875824 87.5
      vertex -2.948947362601757 -66.0648751705885 0
      vertex -3.117691457271576 -65.79999999701977 0
    endloop
  endfacet
  facet normal 0.7933532794345817 0.6087613938625126 0.0003733001011697393
    outer loop
      vertex -1.2287280677507324 -68.36036465441187 87.5
      vertex -2.7577599957585335 -66.31403539329767 0
      vertex -2.948947362601757 -66.0648751705885 0
    endloop
  endfacet
  facet normal 0.9912705182164527 0.13050322509170617 -0.018752811937115834
    outer loop
      vertex -1.4942920456329984 -67.63073361478746 87.5
      vertex -3.5453079119324684 -64.62513343989849 0
      vertex -3.5863009095191956 -64.3137606754899 0
    endloop
  endfacet
  facet normal 0.9988014082113542 0.043608627277488925 -0.022226888715895163
    outer loop
      vertex -1.500000000620882 -67.5 87.5
      vertex -3.5863009095191956 -64.3137606754899 0
      vertex -3.600000001490116 -64 0
    endloop
  endfacet
  facet normal 0.9987178907158818 -0.04360498082354797 -0.02571342862004447
    outer loop
      vertex -1.4942920456329984 -67.36926638521254 87.5
      vertex -3.600000001490116 -64 0
      vertex -3.5863009095191956 -63.6862393245101 0
    endloop
  endfacet
  facet normal 0.9910225124785402 -0.1304705745205008 -0.02918576613714599
    outer loop
      vertex -1.477211629971862 -67.23952773337562 87.5
      vertex -3.5863009095191956 -63.6862393245101 0
      vertex -3.5453079119324684 -63.37486656010151 0
    endloop
  endfacet
  facet normal 0.9757765288302851 -0.21632446105312222 -0.03261737779154047
    outer loop
      vertex -1.4488887383292122 -67.11177143268287 87.5
      vertex -3.5453079119324684 -63.37486656010151 0
      vertex -3.4773329719901085 -63.06825143843889 0
    endloop
  endfacet
  facet normal 0.9530993617217011 -0.300511059882304 -0.03598207295446644
    outer loop
      vertex -1.4095389315237603 -66.98696978390217 87.5
      vertex -3.4773329719901085 -63.06825143843889 0
      vertex -3.3828934356570244 -62.768727481365204 0
    endloop
  endfacet
  facet normal 0.9231674513384086 -0.38238849778573425 -0.0392542169774997
    outer loop
      vertex -1.359461679433783 -66.86607260877888 87.5
      vertex -3.3828934356570244 -62.768727481365204 0
      vertex -3.262708030641079 -62.4785742610693 0
    endloop
  endfacet
  facet normal 0.8862128311594237 -0.4613331789247256 -0.04240891311512108
    outer loop
      vertex -1.2990381071964903 -66.75000000124176 87.5
      vertex -3.262708030641079 -62.4785742610693 0
      vertex -3.117691457271576 -62.20000000298023 0
    endloop
  endfacet
  facet normal 0.8425209653176411 -0.5367450471758882 -0.04542221188343543
    outer loop
      vertex -1.2287280677507324 -66.63963534558813 87.5
      vertex -3.117691457271576 -62.20000000298023 0
      vertex -2.948947362601757 -61.93512482941151 0
    endloop
  endfacet
  facet normal 0.7924284929115746 -0.6080517801918257 -0.04827127745815504
    outer loop
      vertex -1.1490666648993892 -66.53581858612597 87.5
      vertex -2.948947362601757 -61.93512482941151 0
      vertex -2.7577599957585335 -61.68596460670233 0
    endloop
  endfacet
  facet normal 0.7363203411933901 -0.674713291027012 -0.05093456641955552
    outer loop
      vertex -1.060660171012084 -66.43933982898791 87.5
      vertex -2.7577599957585335 -61.68596460670233 0
      vertex -2.545584410429001 -61.454415589571 0
    endloop
  endfacet
  facet normal 0.6746265710083771 -0.7362257029010085 -0.053391985141920575
    outer loop
      vertex -0.9641814138740303 -66.3509333351006 87.5
      vertex -2.545584410429001 -61.454415589571 0
      vertex -2.3140353932976723 -61.24224000424147 0
    endloop
  endfacet
  facet normal 0.6078189087195949 -0.7921250089061108 -0.055625034547536735
    outer loop
      vertex -0.8603646544118724 -66.27127193224926 87.5
      vertex -2.3140353932976723 -61.24224000424147 0
      vertex -2.0648751705884933 -61.05105263739824 0
    endloop
  endfacet
  facet normal 0.5364070242175814 -0.8419903755513625 -0.057616940641750415
    outer loop
      vertex -0.7499999987582368 -66.2009618928035 87.5
      vertex -2.0648751705884933 -61.05105263739824 0
      vertex -1.7999999970197678 -60.882308542728424 0
    endloop
  endfacet
  facet normal 0.7372739113945892 0.6755870771397803 0.0030464370421485754
    outer loop
      vertex -2.3198495214384 -66.87084387766487 17.5
      vertex -2.7577599957585335 -66.31403539329767 0
      vertex -1.1490666648993892 -68.46418141387403 87.5
    endloop
  endfacet
  facet normal 0.7372739113951335 0.6755870771391865 0.0030464370421259546
    outer loop
      vertex -2.3198495214384 -66.87084387766487 17.5
      vertex -1.1490666648993892 -68.46418141387403 87.5
      vertex -2.311850962021237 -66.88048483151263 17.702260750938358
    endloop
  endfacet
  facet normal 0.7372739113944927 0.6755870771398856 0.0030464370421524963
    outer loop
      vertex -2.311850962021237 -66.88048483151263 17.702260750938358
      vertex -1.1490666648993892 -68.46418141387403 87.5
      vertex -2.2877397533184465 -66.90770455507892 17.90339024334937
    endloop
  endfacet
  facet normal 0.737273911394567 0.6755870771398046 0.003046437042149465
    outer loop
      vertex -2.2877397533184465 -66.90770455507892 17.90339024334937
      vertex -1.1490666648993892 -68.46418141387403 87.5
      vertex -2.24760382209458 -66.9524019306546 18.102243629035346
    endloop
  endfacet
  facet normal 0.7372739113948845 0.675587077139458 0.0030464370421368877
    outer loop
      vertex -2.24760382209458 -66.9524019306546 18.102243629035346
      vertex -1.1490666648993892 -68.46418141387403 87.5
      vertex -2.237798555469412 -66.96325677331194 18.13645544606307
    endloop
  endfacet
  facet normal 0.9805127963855979 0.1961025592771176 -0.011766153537146171
    outer loop
      vertex -2.061429990851128 -67.5714400030919 18.69016716013347
      vertex -1.03275363954405 -68.58623179607093 87.5
      vertex -1.9783905884690705 -67.97493000441543 18.885284003569186
    endloop
  endfacet
  facet normal 0.9805127963855969 0.1961025592771223 -0.011766153537146115
    outer loop
      vertex -1.9783905884690705 -67.97493000441543 18.885284003569186
      vertex -1.03275363954405 -68.58623179607093 87.5
      vertex -1.881423822541512 -68.44815875215161 19.07870203558273
    endloop
  endfacet
  facet normal 0.9805127963855974 0.19610255927712059 -0.011766153537146126
    outer loop
      vertex -1.881423822541512 -68.44815875215161 19.07870203558273
      vertex -1.03275363954405 -68.58623179607093 87.5
      vertex -1.7699856263339466 -68.99387271776337 19.26998562633395
    endloop
  endfacet
  facet normal 0.6755799422375884 0.7372661250053465 0.0055138521794835995
    outer loop
      vertex -2.237798555469412 -66.96325677331194 18.13645544606307
      vertex -1.060660171012084 -68.56066017101209 87.5
      vertex -2.1910179521344286 -67.00732745664654 18.297465317319826
    endloop
  endfacet
  facet normal 0.6755799422374705 0.7372661250054546 0.005513852179487953
    outer loop
      vertex -2.1910179521344286 -67.00732745664654 18.297465317319826
      vertex -1.060660171012084 -68.56066017101209 87.5
      vertex -2.175591163130999 -67.0217663793065 18.337963199317542
    endloop
  endfacet
  facet normal 0.9805127963855994 0.1961025592771093 -0.011766153537146377
    outer loop
      vertex -2.175591163130999 -67.0217663793065 18.337963199317542
      vertex -1.03275363954405 -68.58623179607093 87.5
      vertex -2.131014707703861 -67.23530393974613 18.493708477843246
    endloop
  endfacet
  facet normal 0.9805127963855971 0.1961025592771216 -0.011766153537146098
    outer loop
      vertex -2.131014707703861 -67.23530393974613 18.493708477843246
      vertex -1.03275363954405 -68.58623179607093 87.5
      vertex -2.061429990851128 -67.5714400030919 18.69016716013347
    endloop
  endfacet
  facet normal 0.460934566577371 -0.8854471039301193 -0.05935277142556724
    outer loop
      vertex -0.6339273912211261 -66.14053832056622 87.5
      vertex -1.7999999970197678 -60.882308542728424 0
      vertex -1.5214257389307022 -60.73729196935892 0
    endloop
  endfacet
  facet normal 0.38197501678466356 -0.9221692199477012 -0.06081953907589515
    outer loop
      vertex -0.5130302160978318 -66.09046106847624 87.5
      vertex -1.5214257389307022 -60.73729196935892 0
      vertex -1.2312725186347961 -60.617106564342976 0
    endloop
  endfacet
  facet normal 0.30012715574509713 -0.9518817732965779 -0.062006290407673234
    outer loop
      vertex -0.38822856731712824 -66.05111126167078 87.5
      vertex -1.2312725186347961 -60.617106564342976 0
      vertex -0.9317485615611076 -60.52266702800989 0
    endloop
  endfacet
  facet normal 0.21601098281651926 -0.9743625199656047 -0.06290417306441395
    outer loop
      vertex -0.2604722666243713 -66.02278837002814 87.5
      vertex -0.9317485615611076 -60.52266702800989 0
      vertex -0.6251334398984909 -60.45469208806753 0
    endloop
  endfacet
  facet normal 0.13026261505190218 -0.9894435686500627 -0.06350650027255794
    outer loop
      vertex -0.25000000062088173 -66.02140967113276 87.5
      vertex -0.6251334398984909 -60.45469208806753 0
      vertex -0.6000000014901161 -60.45138321071863 0
    endloop
  endfacet
  facet normal 0.9805127963855981 0.1961025592771172 -0.011766153537146112
    outer loop
      vertex -1.7699856263339466 -68.99387271776337 19.26998562633395
      vertex -1.03275363954405 -68.58623179607093 87.5
      vertex -1.643463849240941 -69.61516450402928 19.4586039466316
    endloop
  endfacet
  facet normal 0.9805127963855972 0.19610255927712145 -0.011766153537146168
    outer loop
      vertex -1.643463849240941 -69.61516450402928 19.4586039466316
      vertex -1.03275363954405 -68.58623179607093 87.5
      vertex -1.565274731702689 -70 19.56043880880916
    endloop
  endfacet
  facet normal 0.999992000095959 0 -0.003999968010317863
    outer loop
      vertex -0.25000000062088173 -65 87.5
      vertex -0.6000000014901161 -60.45138321071863 0
      vertex -0.6000000014901161 -58 0
    endloop
  endfacet
  facet normal 0.9761814614900951 0.21641423246780106 -0.01531777491787612
    outer loop
      vertex -1.4488887383292122 -67.88822856731713 87.5
      vertex -3.4773329719901085 -64.93174856156111 0
      vertex -1.477211629971862 -67.76047226662438 87.5
    endloop
  endfacet
  facet normal 0.9536488778720136 0.30068432165057923 -0.011948072940027666
    outer loop
      vertex -1.4488887383292122 -67.88822856731713 87.5
      vertex -1.4095389315237603 -68.01303021609783 87.5
      vertex -3.3828934356570244 -65.2312725186348 0
    endloop
  endfacet
  facet normal 0.9988014082113543 0.04360862727748893 -0.022226888715895142
    outer loop
      vertex -1.4942920456329984 -67.63073361478746 87.5
      vertex -3.5863009095191956 -64.3137606754899 0
      vertex -1.500000000620882 -67.5 87.5
    endloop
  endfacet
  facet normal 0.9912705182164533 0.13050322509170204 -0.01875281193711599
    outer loop
      vertex -1.4942920456329984 -67.63073361478746 87.5
      vertex -1.477211629971862 -67.76047226662438 87.5
      vertex -3.5453079119324684 -64.62513343989849 0
    endloop
  endfacet
  facet normal 0.9987178907158817 -0.04360498082354797 -0.025713428620044443
    outer loop
      vertex -1.500000000620882 -67.5 87.5
      vertex -3.600000001490116 -64 0
      vertex -1.4942920456329984 -67.36926638521254 87.5
    endloop
  endfacet
  facet normal 0.9910225124785407 -0.13047057452049665 -0.029185766137145835
    outer loop
      vertex -1.4942920456329984 -67.36926638521254 87.5
      vertex -3.5863009095191956 -63.6862393245101 0
      vertex -1.477211629971862 -67.23952773337562 87.5
    endloop
  endfacet
  facet normal 0.9757765288302834 -0.21632446105312933 -0.032617377791540725
    outer loop
      vertex -1.477211629971862 -67.23952773337562 87.5
      vertex -3.5453079119324684 -63.37486656010151 0
      vertex -1.4488887383292122 -67.11177143268287 87.5
    endloop
  endfacet
  facet normal 0.9530993617217005 -0.3005110598823049 -0.03598207295446645
    outer loop
      vertex -1.4488887383292122 -67.11177143268287 87.5
      vertex -3.4773329719901085 -63.06825143843889 0
      vertex -1.4095389315237603 -66.98696978390217 87.5
    endloop
  endfacet
  facet normal 0.9238448056535693 0.3826690671436349 -0.008669493545700454
    outer loop
      vertex -1.4095389315237603 -68.01303021609783 87.5
      vertex -1.359461679433783 -68.13392739122112 87.5
      vertex -3.262708030641079 -65.5214257389307 0
    endloop
  endfacet
  facet normal 0.8869973907385786 0.461741594772417 -0.005507129922050612
    outer loop
      vertex -1.359461679433783 -68.13392739122112 87.5
      vertex -1.2990381071964903 -68.24999999875824 87.5
      vertex -3.117691457271576 -65.79999999701977 0
    endloop
  endfacet
  facet normal 0.8433888431810455 0.5372979463486693 -0.0024851654351868997
    outer loop
      vertex -1.2990381071964903 -68.24999999875824 87.5
      vertex -1.2287280677507324 -68.36036465441187 87.5
      vertex -2.948947362601757 -66.0648751705885 0
    endloop
  endfacet
  facet normal 0.7933532794345951 0.6087613938624951 0.0003733001011691023
    outer loop
      vertex -1.2287280677507324 -68.36036465441187 87.5
      vertex -1.1490666648993892 -68.46418141387403 87.5
      vertex -2.7577599957585335 -66.31403539329767 0
    endloop
  endfacet
  facet normal 0.9231674513384032 -0.38238849778574696 -0.03925421697750016
    outer loop
      vertex -1.4095389315237603 -66.98696978390217 87.5
      vertex -3.3828934356570244 -62.768727481365204 0
      vertex -1.359461679433783 -66.86607260877888 87.5
    endloop
  endfacet
  facet normal 0.8862128311594396 -0.46133317892469505 -0.04240891311511999
    outer loop
      vertex -1.359461679433783 -66.86607260877888 87.5
      vertex -3.262708030641079 -62.4785742610693 0
      vertex -1.2990381071964903 -66.75000000124176 87.5
    endloop
  endfacet
  facet normal 0.8425209653176201 -0.536745047175921 -0.04542221188343667
    outer loop
      vertex -1.2990381071964903 -66.75000000124176 87.5
      vertex -3.117691457271576 -62.20000000298023 0
      vertex -1.2287280677507324 -66.63963534558813 87.5
    endloop
  endfacet
  facet normal 0.792428492911588 -0.6080517801918082 -0.048271277458154425
    outer loop
      vertex -1.2287280677507324 -66.63963534558813 87.5
      vertex -2.948947362601757 -61.93512482941151 0
      vertex -1.1490666648993892 -66.53581858612597 87.5
    endloop
  endfacet
  facet normal 0.7363203411934066 -0.6747132910269941 -0.05093456641955488
    outer loop
      vertex -1.1490666648993892 -66.53581858612597 87.5
      vertex -2.7577599957585335 -61.68596460670233 0
      vertex -1.060660171012084 -66.43933982898791 87.5
    endloop
  endfacet
  facet normal 0.6746265710083766 -0.736225702901009 -0.05339198514192058
    outer loop
      vertex -1.060660171012084 -66.43933982898791 87.5
      vertex -2.545584410429001 -61.454415589571 0
      vertex -0.9641814138740303 -66.3509333351006 87.5
    endloop
  endfacet
  facet normal 0.7372739113946104 0.6755870771397572 0.00304643704214766
    outer loop
      vertex -2.237798555469412 -66.96325677331194 18.13645544606307
      vertex -1.1490666648993892 -68.46418141387403 87.5
      vertex -1.060660171012084 -68.56066017101209 87.5
    endloop
  endfacet
  facet normal 0.6755799422375586 0.737266125005374 0.005513852179484749
    outer loop
      vertex -2.175591163130999 -67.0217663793065 18.337963199317542
      vertex -1.060660171012084 -68.56066017101209 87.5
      vertex -1.03275363954405 -68.58623179607093 87.5
    endloop
  endfacet
  facet normal 0.9805127963855975 0.19610255927711942 -0.01176615353714613
    outer loop
      vertex -1.03275363954405 -68.58623179607093 87.5
      vertex -0.7499999987582368 -70 87.5
      vertex -1.565274731702689 -70 19.56043880880916
    endloop
  endfacet
  facet normal 0.6078189087195945 -0.792125008906111 -0.055625034547536756
    outer loop
      vertex -0.9641814138740303 -66.3509333351006 87.5
      vertex -2.3140353932976723 -61.24224000424147 0
      vertex -0.8603646544118724 -66.27127193224926 87.5
    endloop
  endfacet
  facet normal 0.5364070242175815 -0.8419903755513624 -0.05761694064175042
    outer loop
      vertex -0.8603646544118724 -66.27127193224926 87.5
      vertex -2.0648751705884933 -61.05105263739824 0
      vertex -0.7499999987582368 -66.2009618928035 87.5
    endloop
  endfacet
  facet normal 0.460934566577314 -0.8854471039301489 -0.05935277142556829
    outer loop
      vertex -0.7499999987582368 -66.2009618928035 87.5
      vertex -1.7999999970197678 -60.882308542728424 0
      vertex -0.6339273912211261 -66.14053832056622 87.5
    endloop
  endfacet
  facet normal 0.3819750167846636 -0.9221692199477013 -0.06081953907589515
    outer loop
      vertex -0.6339273912211261 -66.14053832056622 87.5
      vertex -1.5214257389307022 -60.73729196935892 0
      vertex -0.5130302160978318 -66.09046106847624 87.5
    endloop
  endfacet
  facet normal 0.3001271557451627 -0.9518817732965571 -0.062006290407672575
    outer loop
      vertex -0.5130302160978318 -66.09046106847624 87.5
      vertex -1.2312725186347961 -60.617106564342976 0
      vertex -0.38822856731712824 -66.05111126167078 87.5
    endloop
  endfacet
  facet normal 0.21601098281648484 -0.9743625199656124 -0.06290417306441416
    outer loop
      vertex -0.38822856731712824 -66.05111126167078 87.5
      vertex -0.9317485615611076 -60.52266702800989 0
      vertex -0.2604722666243713 -66.02278837002814 87.5
    endloop
  endfacet
  facet normal 0.13026261505234146 -0.9894435686500052 -0.06350650027255622
    outer loop
      vertex -0.2604722666243713 -66.02278837002814 87.5
      vertex -0.6251334398984909 -60.45469208806753 0
      vertex -0.25000000062088173 -66.02140967113276 87.5
    endloop
  endfacet
  facet normal 0.9999920000959591 0 -0.003999968010317864
    outer loop
      vertex -0.25000000062088173 -66.02140967113276 87.5
      vertex -0.6000000014901161 -60.45138321071863 0
      vertex -0.25000000062088173 -65 87.5
    endloop
  endfacet
  facet normal 0 -0.9968152785361251 -0.07974522228289
    outer loop
      vertex -0.25000000062088173 -65 87.5
      vertex -0.6000000014901161 -58 0
      vertex 0.25000000062088173 -65 87.5
    endloop
  endfacet
  facet normal 0 0 -1
    outer loop
      vertex -1.4942920456329984 -67.63073361478746 87.5
      vertex 1.03275363954405 -68.58623179607093 87.5
      vertex -1.477211629971862 -67.76047226662438 87.5
    endloop
  endfacet
  facet normal 0 0 -1
    outer loop
      vertex -1.4942920456329984 -67.63073361478746 87.5
      vertex -1.500000000620882 -67.5 87.5
      vertex 1.03275363954405 -68.58623179607093 87.5
    endloop
  endfacet
  facet normal 0 0 -1
    outer loop
      vertex -1.500000000620882 -67.5 87.5
      vertex -1.4942920456329984 -67.36926638521254 87.5
      vertex 1.03275363954405 -68.58623179607093 87.5
    endloop
  endfacet
  facet normal 0 0 -1
    outer loop
      vertex -1.4488887383292122 -67.88822856731713 87.5
      vertex -1.477211629971862 -67.76047226662438 87.5
      vertex 1.03275363954405 -68.58623179607093 87.5
    endloop
  endfacet
  facet normal 0 0 -1
    outer loop
      vertex -1.4488887383292122 -67.88822856731713 87.5
      vertex 1.03275363954405 -68.58623179607093 87.5
      vertex -1.4095389315237603 -68.01303021609783 87.5
    endloop
  endfacet
  facet normal 0 0 -1
    outer loop
      vertex -1.4095389315237603 -68.01303021609783 87.5
      vertex 1.03275363954405 -68.58623179607093 87.5
      vertex -1.359461679433783 -68.13392739122112 87.5
    endloop
  endfacet
  facet normal 0 0 -1
    outer loop
      vertex -1.2990381071964903 -68.24999999875824 87.5
      vertex 1.03275363954405 -68.58623179607093 87.5
      vertex -1.2287280677507324 -68.36036465441187 87.5
    endloop
  endfacet
  facet normal 0 0 -1
    outer loop
      vertex -1.359461679433783 -68.13392739122112 87.5
      vertex 1.03275363954405 -68.58623179607093 87.5
      vertex -1.2990381071964903 -68.24999999875824 87.5
    endloop
  endfacet
  facet normal 0 0 -1
    outer loop
      vertex -1.2287280677507324 -68.36036465441187 87.5
      vertex 1.03275363954405 -68.58623179607093 87.5
      vertex -1.1490666648993892 -68.46418141387403 87.5
    endloop
  endfacet
  facet normal 0 0 -1
    outer loop
      vertex -1.1490666648993892 -68.46418141387403 87.5
      vertex 1.03275363954405 -68.58623179607093 87.5
      vertex -1.060660171012084 -68.56066017101209 87.5
    endloop
  endfacet
  facet normal 0 0 -1
    outer loop
      vertex -1.4942920456329984 -67.36926638521254 87.5
      vertex -1.477211629971862 -67.23952773337562 87.5
      vertex 1.03275363954405 -68.58623179607093 87.5
    endloop
  endfacet
  facet normal 0 0 -1
    outer loop
      vertex -1.477211629971862 -67.23952773337562 87.5
      vertex -1.4488887383292122 -67.11177143268287 87.5
      vertex 1.03275363954405 -68.58623179607093 87.5
    endloop
  endfacet
  facet normal 0 0 -1
    outer loop
      vertex -1.4488887383292122 -67.11177143268287 87.5
      vertex -1.4095389315237603 -66.98696978390217 87.5
      vertex 1.03275363954405 -68.58623179607093 87.5
    endloop
  endfacet
  facet normal 0 0 -1
    outer loop
      vertex -1.4095389315237603 -66.98696978390217 87.5
      vertex -1.359461679433783 -66.86607260877888 87.5
      vertex 1.03275363954405 -68.58623179607093 87.5
    endloop
  endfacet
  facet normal 0 0 -1
    outer loop
      vertex -1.359461679433783 -66.86607260877888 87.5
      vertex -1.2990381071964903 -66.75000000124176 87.5
      vertex 1.03275363954405 -68.58623179607093 87.5
    endloop
  endfacet
  facet normal 0 0 -1
    outer loop
      vertex -1.2990381071964903 -66.75000000124176 87.5
      vertex -1.2287280677507324 -66.63963534558813 87.5
      vertex 1.03275363954405 -68.58623179607093 87.5
    endloop
  endfacet
  facet normal 0 0 -1
    outer loop
      vertex -1.2287280677507324 -66.63963534558813 87.5
      vertex -1.1490666648993892 -66.53581858612597 87.5
      vertex 1.03275363954405 -68.58623179607093 87.5
    endloop
  endfacet
  facet normal 0 0 -1
    outer loop
      vertex -1.1490666648993892 -66.53581858612597 87.5
      vertex -1.060660171012084 -66.43933982898791 87.5
      vertex 1.03275363954405 -68.58623179607093 87.5
    endloop
  endfacet
  facet normal 0 0 -1
    outer loop
      vertex -1.03275363954405 -68.58623179607093 87.5
      vertex 0.7499999987582368 -70 87.5
      vertex -0.7499999987582368 -70 87.5
    endloop
  endfacet
  facet normal 0 0 -1
    outer loop
      vertex -1.060660171012084 -68.56066017101209 87.5
      vertex 1.03275363954405 -68.58623179607093 87.5
      vertex -1.03275363954405 -68.58623179607093 87.5
    endloop
  endfacet
  facet normal 0 0 -1
    outer loop
      vertex -1.060660171012084 -66.43933982898791 87.5
      vertex -0.9641814138740303 -66.3509333351006 87.5
      vertex 1.060660171012084 -68.56066017101209 87.5
    endloop
  endfacet
  facet normal 0 0 -1
    outer loop
      vertex -0.9641814138740303 -66.3509333351006 87.5
      vertex -0.8603646544118724 -66.27127193224926 87.5
      vertex 1.060660171012084 -68.56066017101209 87.5
    endloop
  endfacet
  facet normal 0 0 -1
    outer loop
      vertex -0.8603646544118724 -66.27127193224926 87.5
      vertex -0.7499999987582368 -66.2009618928035 87.5
      vertex 1.060660171012084 -68.56066017101209 87.5
    endloop
  endfacet
  facet normal 0 0 -1
    outer loop
      vertex -0.7499999987582368 -66.2009618928035 87.5
      vertex -0.6339273912211261 -66.14053832056622 87.5
      vertex 1.060660171012084 -68.56066017101209 87.5
    endloop
  endfacet
  facet normal 0 0 -1
    outer loop
      vertex -0.6339273912211261 -66.14053832056622 87.5
      vertex -0.5130302160978318 -66.09046106847624 87.5
      vertex 1.060660171012084 -68.56066017101209 87.5
    endloop
  endfacet
  facet normal 0 0 -1
    outer loop
      vertex -0.25000000062088173 -66.02140967113276 87.5
      vertex -0.25000000062088173 -65 87.5
      vertex 0.25000000062088173 -66.02140967113276 87.5
    endloop
  endfacet
  facet normal -0.9805127963855975 0.1961025592771195 -0.01176615353714615
    outer loop
      vertex 1.6537056020138479 -69.79972055210987 15.529190407706826
      vertex 2.4786087349057198 -66.60695631057024 0
      vertex 1.7999999970197678 -70 0
    endloop
  endfacet
  facet normal -0.9805127963855979 0.19610255927711787 -0.011766153537146133
    outer loop
      vertex 1.6537056020138479 -69.79972055210987 15.529190407706826
      vertex 1.7999999970197678 -70 0
      vertex 1.6142740807578997 -70 15.477159714114306
    endloop
  endfacet
  facet normal -0.9805127963855972 0.19610255927712145 -0.011766153537145727
    outer loop
      vertex 1.6537056020138479 -69.79972055210987 15.529190407706826
      vertex 1.7799476238222285 -69.15705872497868 15.72005237617777
      vertex 2.4786087349057198 -66.60695631057024 0
    endloop
  endfacet
  facet normal -0.9805127963855973 0.19610255927711975 -0.011766153537146018
    outer loop
      vertex 1.7799476238222285 -69.15705872497868 15.72005237617777
      vertex 1.8908629027300998 -68.59088281488646 15.913377635712372
      vertex 2.4786087349057198 -66.60695631057024 0
    endloop
  endfacet
  facet normal -0.9805127963855984 0.19610255927711542 -0.011766153537146594
    outer loop
      vertex 1.8908629027300998 -68.59088281488646 15.913377635712372
      vertex 1.9870947483579997 -68.09800896822532 16.108621278062802
      vertex 2.4786087349057198 -66.60695631057024 0
    endloop
  endfacet
  facet normal -0.9805127963855976 0.1961025592771194 -0.011766153537146202
    outer loop
      vertex 1.9870947483579997 -68.09800896822532 16.108621278062802
      vertex 2.069217230032611 -67.67559362404184 16.305336875228857
      vertex 2.4786087349057198 -66.60695631057024 0
    endloop
  endfacet
  facet normal -0.980512796385597 0.19610255927712172 -0.011766153537146036
    outer loop
      vertex 2.069217230032611 -67.67559362404184 16.305336875228857
      vertex 2.137731805619494 -67.32115140136332 16.503159287958116
      vertex 2.4786087349057198 -66.60695631057024 0
    endloop
  endfacet
  facet normal -0.6755799422376272 0.7372661250053114 0.00551385217948232
    outer loop
      vertex 2.201940150830043 -66.98569644007969 16.743379875537343
      vertex 2.545584410429001 -66.545584410429 0
      vertex 2.4786087349057198 -66.60695631057024 0
    endloop
  endfacet
  facet normal -0.7372739113945942 0.6755870771397751 0.0030464370421484028
    outer loop
      vertex 2.2579191063304815 -66.93595273095511 16.95084061561564
      vertex 2.7577599957585335 -66.31403539329767 0
      vertex 2.545584410429001 -66.545584410429 0
    endloop
  endfacet
  facet normal -0.9805127963855979 0.1961025592771175 -0.011766153537146235
    outer loop
      vertex 2.137731805619494 -67.32115140136332 16.503159287958116
      vertex 2.1930654308728053 -67.03256546471214 16.701789461364115
      vertex 2.4786087349057198 -66.60695631057024 0
    endloop
  endfacet
  facet normal -0.9805127963855906 0.1961025592771535 -0.011766153537145193
    outer loop
      vertex 2.1930654308728053 -67.03256546471214 16.701789461364115
      vertex 2.201940150830043 -66.98569644007969 16.743379875537343
      vertex 2.4786087349057198 -66.60695631057024 0
    endloop
  endfacet
  facet normal -0.6755799422376229 0.7372661250053151 0.005513852179482517
    outer loop
      vertex 2.201940150830043 -66.98569644007969 16.743379875537343
      vertex 2.2470310864995424 -66.94553390533551 16.89790983500482
      vertex 2.545584410429001 -66.545584410429 0
    endloop
  endfacet
  facet normal -0.6755799422377562 0.7372661250051931 0.005513852179477274
    outer loop
      vertex 2.2470310864995424 -66.94553390533551 16.89790983500482
      vertex 2.2579191063304815 -66.93595273095511 16.95084061561564
      vertex 2.545584410429001 -66.545584410429 0
    endloop
  endfacet
  facet normal -0.7372739113945558 0.6755870771398168 0.0030464370421510643
    outer loop
      vertex 2.2579191063304815 -66.93595273095511 16.95084061561564
      vertex 2.2874567218921147 -66.90437562485927 17.09665966272748
      vertex 2.7577599957585335 -66.31403539329767 0
    endloop
  endfacet
  facet normal -0.737273911394653 0.6755870771397107 0.003046437042144727
    outer loop
      vertex 2.2874567218921147 -66.90437562485927 17.09665966272748
      vertex 2.311707544936655 -66.87881728423989 17.2977517964307
      vertex 2.7577599957585335 -66.31403539329767 0
    endloop
  endfacet
  facet normal -0.737273911394631 0.6755870771397348 0.003046437042146074
    outer loop
      vertex 2.311707544936655 -66.87881728423989 17.2977517964307
      vertex 2.3198495214384 -66.87084387766487 17.5
      vertex 2.7577599957585335 -66.31403539329767 0
    endloop
  endfacet
  facet normal -0.13026261505190218 -0.9894435686500627 -0.06350650027255794
    outer loop
      vertex 0.25000000062088173 -66.02140967113276 87.5
      vertex 0.6000000014901161 -60.45138321071863 0
      vertex 0.6251334398984909 -60.45469208806753 0
    endloop
  endfacet
  facet normal -0.21601098281651926 -0.9743625199656047 -0.06290417306441395
    outer loop
      vertex 0.2604722666243713 -66.02278837002814 87.5
      vertex 0.6251334398984909 -60.45469208806753 0
      vertex 0.9317485615611076 -60.52266702800989 0
    endloop
  endfacet
  facet normal -0.30012715574509713 -0.9518817732965779 -0.062006290407673234
    outer loop
      vertex 0.38822856731712824 -66.05111126167078 87.5
      vertex 0.9317485615611076 -60.52266702800989 0
      vertex 1.2312725186347961 -60.617106564342976 0
    endloop
  endfacet
  facet normal -0.38197501678466356 -0.9221692199477012 -0.06081953907589515
    outer loop
      vertex 0.5130302160978318 -66.09046106847624 87.5
      vertex 1.2312725186347961 -60.617106564342976 0
      vertex 1.5214257389307022 -60.73729196935892 0
    endloop
  endfacet
  facet normal -0.460934566577371 -0.8854471039301193 -0.05935277142556724
    outer loop
      vertex 0.6339273912211261 -66.14053832056622 87.5
      vertex 1.5214257389307022 -60.73729196935892 0
      vertex 1.7999999970197678 -60.882308542728424 0
    endloop
  endfacet
  facet normal -0.9805127963855972 0.19610255927712145 -0.011766153537146168
    outer loop
      vertex 1.643463849240941 -69.61516450402928 19.4586039466316
      vertex 1.565274731702689 -70 19.56043880880916
      vertex 1.03275363954405 -68.58623179607093 87.5
    endloop
  endfacet
  facet normal -0.9805127963855981 0.1961025592771172 -0.011766153537146112
    outer loop
      vertex 1.643463849240941 -69.61516450402928 19.4586039466316
      vertex 1.03275363954405 -68.58623179607093 87.5
      vertex 1.7699856263339466 -68.99387271776337 19.26998562633395
    endloop
  endfacet
  facet normal 0 -0.996815278536125 -0.07974522228289
    outer loop
      vertex 0.25000000062088173 -65 87.5
      vertex -0.6000000014901161 -58 0
      vertex 0.6000000014901161 -58 0
    endloop
  endfacet
  facet normal -0.999992000095959 0 -0.003999968010317863
    outer loop
      vertex 0.25000000062088173 -65 87.5
      vertex 0.6000000014901161 -58 0
      vertex 0.6000000014901161 -60.45138321071863 0
    endloop
  endfacet
  facet normal -0.5364070242175814 -0.8419903755513625 -0.057616940641750415
    outer loop
      vertex 0.7499999987582368 -66.2009618928035 87.5
      vertex 1.7999999970197678 -60.882308542728424 0
      vertex 2.0648751705884933 -61.05105263739824 0
    endloop
  endfacet
  facet normal -0.6078189087195949 -0.7921250089061108 -0.055625034547536735
    outer loop
      vertex 0.8603646544118724 -66.27127193224926 87.5
      vertex 2.0648751705884933 -61.05105263739824 0
      vertex 2.3140353932976723 -61.24224000424147 0
    endloop
  endfacet
  facet normal -0.6746265710083771 -0.7362257029010085 -0.053391985141920575
    outer loop
      vertex 0.9641814138740303 -66.3509333351006 87.5
      vertex 2.3140353932976723 -61.24224000424147 0
      vertex 2.545584410429001 -61.454415589571 0
    endloop
  endfacet
  facet normal -0.7363203411933901 -0.674713291027012 -0.05093456641955552
    outer loop
      vertex 1.060660171012084 -66.43933982898791 87.5
      vertex 2.545584410429001 -61.454415589571 0
      vertex 2.7577599957585335 -61.68596460670233 0
    endloop
  endfacet
  facet normal -0.7933532794345817 0.6087613938625126 0.0003733001011697393
    outer loop
      vertex 1.2287280677507324 -68.36036465441187 87.5
      vertex 2.948947362601757 -66.0648751705885 0
      vertex 2.7577599957585335 -66.31403539329767 0
    endloop
  endfacet
  facet normal -0.8433888431810664 0.5372979463486365 -0.0024851654351881105
    outer loop
      vertex 1.2990381071964903 -68.24999999875824 87.5
      vertex 3.117691457271576 -65.79999999701977 0
      vertex 2.948947362601757 -66.0648751705885 0
    endloop
  endfacet
  facet normal -0.8869973907385628 0.46174159477244753 -0.005507129922049482
    outer loop
      vertex 1.359461679433783 -68.13392739122112 87.5
      vertex 3.262708030641079 -65.5214257389307 0
      vertex 3.117691457271576 -65.79999999701977 0
    endloop
  endfacet
  facet normal -0.9238448056535746 0.38266906714362214 -0.008669493545700931
    outer loop
      vertex 1.4095389315237603 -68.01303021609783 87.5
      vertex 3.3828934356570244 -65.2312725186348 0
      vertex 3.262708030641079 -65.5214257389307 0
    endloop
  endfacet
  facet normal -0.9536488778720139 0.30068432165057823 -0.011948072940027732
    outer loop
      vertex 1.4488887383292122 -67.88822856731713 87.5
      vertex 3.4773329719901085 -64.93174856156111 0
      vertex 3.3828934356570244 -65.2312725186348 0
    endloop
  endfacet
  facet normal -0.9761814614900967 0.2164142324677937 -0.015317774917876396
    outer loop
      vertex 1.477211629971862 -67.76047226662438 87.5
      vertex 3.5453079119324684 -64.62513343989849 0
      vertex 3.4773329719901085 -64.93174856156111 0
    endloop
  endfacet
  facet normal -0.8425209653176411 -0.5367450471758882 -0.04542221188343543
    outer loop
      vertex 1.2287280677507324 -66.63963534558813 87.5
      vertex 2.948947362601757 -61.93512482941151 0
      vertex 3.117691457271576 -62.20000000298023 0
    endloop
  endfacet
  facet normal -0.8862128311594237 -0.4613331789247256 -0.04240891311512108
    outer loop
      vertex 1.2990381071964903 -66.75000000124176 87.5
      vertex 3.117691457271576 -62.20000000298023 0
      vertex 3.262708030641079 -62.4785742610693 0
    endloop
  endfacet
  facet normal -0.7924284929115746 -0.6080517801918257 -0.04827127745815504
    outer loop
      vertex 1.1490666648993892 -66.53581858612597 87.5
      vertex 2.7577599957585335 -61.68596460670233 0
      vertex 2.948947362601757 -61.93512482941151 0
    endloop
  endfacet
  facet normal -0.9231674513384086 -0.38238849778573425 -0.0392542169774997
    outer loop
      vertex 1.359461679433783 -66.86607260877888 87.5
      vertex 3.262708030641079 -62.4785742610693 0
      vertex 3.3828934356570244 -62.768727481365204 0
    endloop
  endfacet
  facet normal -0.9530993617217011 -0.300511059882304 -0.03598207295446644
    outer loop
      vertex 1.4095389315237603 -66.98696978390217 87.5
      vertex 3.3828934356570244 -62.768727481365204 0
      vertex 3.4773329719901085 -63.06825143843889 0
    endloop
  endfacet
  facet normal -0.9912705182164527 0.13050322509170617 -0.018752811937115834
    outer loop
      vertex 1.4942920456329984 -67.63073361478746 87.5
      vertex 3.5863009095191956 -64.3137606754899 0
      vertex 3.5453079119324684 -64.62513343989849 0
    endloop
  endfacet
  facet normal -0.9988014082113542 0.043608627277488925 -0.022226888715895163
    outer loop
      vertex 1.500000000620882 -67.5 87.5
      vertex 3.600000001490116 -64 0
      vertex 3.5863009095191956 -64.3137606754899 0
    endloop
  endfacet
  facet normal -0.9987178907158818 -0.04360498082354797 -0.02571342862004447
    outer loop
      vertex 1.4942920456329984 -67.36926638521254 87.5
      vertex 3.5863009095191956 -63.6862393245101 0
      vertex 3.600000001490116 -64 0
    endloop
  endfacet
  facet normal -0.9910225124785402 -0.1304705745205008 -0.02918576613714599
    outer loop
      vertex 1.477211629971862 -67.23952773337562 87.5
      vertex 3.5453079119324684 -63.37486656010151 0
      vertex 3.5863009095191956 -63.6862393245101 0
    endloop
  endfacet
  facet normal -0.9757765288302851 -0.21632446105312222 -0.03261737779154047
    outer loop
      vertex 1.4488887383292122 -67.11177143268287 87.5
      vertex 3.4773329719901085 -63.06825143843889 0
      vertex 3.5453079119324684 -63.37486656010151 0
    endloop
  endfacet
  facet normal -0.7372739113945892 0.6755870771397803 0.0030464370421485754
    outer loop
      vertex 2.3198495214384 -66.87084387766487 17.5
      vertex 1.1490666648993892 -68.46418141387403 87.5
      vertex 2.7577599957585335 -66.31403539329767 0
    endloop
  endfacet
  facet normal -0.9805127963855972 0.19610255927712056 -0.011766153537146126
    outer loop
      vertex 1.7699856263339466 -68.99387271776337 19.26998562633395
      vertex 1.03275363954405 -68.58623179607093 87.5
      vertex 1.881423822541512 -68.44815875215161 19.07870203558273
    endloop
  endfacet
  facet normal -0.9805127963855969 0.19610255927712233 -0.011766153537146115
    outer loop
      vertex 1.881423822541512 -68.44815875215161 19.07870203558273
      vertex 1.03275363954405 -68.58623179607093 87.5
      vertex 1.9783905884690705 -67.97493000441543 18.885284003569186
    endloop
  endfacet
  facet normal -0.9805127963855979 0.1961025592771176 -0.011766153537146173
    outer loop
      vertex 1.9783905884690705 -67.97493000441543 18.885284003569186
      vertex 1.03275363954405 -68.58623179607093 87.5
      vertex 2.061429990851128 -67.5714400030919 18.69016716013347
    endloop
  endfacet
  facet normal -0.9805127963855995 0.1961025592771093 -0.01176615353714638
    outer loop
      vertex 2.131014707703861 -67.23530393974613 18.493708477843246
      vertex 1.03275363954405 -68.58623179607093 87.5
      vertex 2.175591163130999 -67.0217663793065 18.337963199317542
    endloop
  endfacet
  facet normal -0.9805127963855971 0.19610255927712164 -0.0117661535371461
    outer loop
      vertex 2.061429990851128 -67.5714400030919 18.69016716013347
      vertex 1.03275363954405 -68.58623179607093 87.5
      vertex 2.131014707703861 -67.23530393974613 18.493708477843246
    endloop
  endfacet
  facet normal -0.6755799422374706 0.7372661250054547 0.0055138521794879545
    outer loop
      vertex 2.175591163130999 -67.0217663793065 18.337963199317542
      vertex 1.060660171012084 -68.56066017101209 87.5
      vertex 2.1910179521344286 -67.00732745664654 18.297465317319826
    endloop
  endfacet
  facet normal -0.6755799422375884 0.7372661250053465 0.005513852179483601
    outer loop
      vertex 2.1910179521344286 -67.00732745664654 18.297465317319826
      vertex 1.060660171012084 -68.56066017101209 87.5
      vertex 2.237798555469412 -66.96325677331194 18.13645544606307
    endloop
  endfacet
  facet normal -0.7372739113944927 0.6755870771398856 0.0030464370421524963
    outer loop
      vertex 2.311850962021237 -66.88048483151263 17.702260750938358
      vertex 2.2877397533184465 -66.90770455507892 17.90339024334937
      vertex 1.1490666648993892 -68.46418141387403 87.5
    endloop
  endfacet
  facet normal -0.7372739113948845 0.675587077139458 0.0030464370421368877
    outer loop
      vertex 2.24760382209458 -66.9524019306546 18.102243629035346
      vertex 2.237798555469412 -66.96325677331194 18.13645544606307
      vertex 1.1490666648993892 -68.46418141387403 87.5
    endloop
  endfacet
  facet normal -0.737273911394567 0.6755870771398046 0.0030464370421494644
    outer loop
      vertex 2.24760382209458 -66.9524019306546 18.102243629035346
      vertex 1.1490666648993892 -68.46418141387403 87.5
      vertex 2.2877397533184465 -66.90770455507892 17.90339024334937
    endloop
  endfacet
  facet normal -0.7372739113951335 0.6755870771391865 0.0030464370421259546
    outer loop
      vertex 2.3198495214384 -66.87084387766487 17.5
      vertex 2.311850962021237 -66.88048483151263 17.702260750938358
      vertex 1.1490666648993892 -68.46418141387403 87.5
    endloop
  endfacet
  facet normal -0.9999920000959591 0 -0.003999968010317864
    outer loop
      vertex 0.25000000062088173 -66.02140967113276 87.5
      vertex 0.25000000062088173 -65 87.5
      vertex 0.6000000014901161 -60.45138321071863 0
    endloop
  endfacet
  facet normal -0.13026261505234146 -0.9894435686500052 -0.06350650027255622
    outer loop
      vertex 0.25000000062088173 -66.02140967113276 87.5
      vertex 0.6251334398984909 -60.45469208806753 0
      vertex 0.2604722666243713 -66.02278837002814 87.5
    endloop
  endfacet
  facet normal -0.21601098281648484 -0.9743625199656124 -0.06290417306441416
    outer loop
      vertex 0.2604722666243713 -66.02278837002814 87.5
      vertex 0.9317485615611076 -60.52266702800989 0
      vertex 0.38822856731712824 -66.05111126167078 87.5
    endloop
  endfacet
  facet normal -0.3001271557451627 -0.9518817732965571 -0.062006290407672575
    outer loop
      vertex 0.38822856731712824 -66.05111126167078 87.5
      vertex 1.2312725186347961 -60.617106564342976 0
      vertex 0.5130302160978318 -66.09046106847624 87.5
    endloop
  endfacet
  facet normal -0.9805127963855975 0.19610255927711942 -0.01176615353714613
    outer loop
      vertex 1.03275363954405 -68.58623179607093 87.5
      vertex 1.565274731702689 -70 19.56043880880916
      vertex 0.7499999987582368 -70 87.5
    endloop
  endfacet
  facet normal -0.6755799422375586 0.737266125005374 0.005513852179484749
    outer loop
      vertex 2.175591163130999 -67.0217663793065 18.337963199317542
      vertex 1.03275363954405 -68.58623179607093 87.5
      vertex 1.060660171012084 -68.56066017101209 87.5
    endloop
  endfacet
  facet normal -0.7372739113946104 0.6755870771397572 0.00304643704214766
    outer loop
      vertex 2.237798555469412 -66.96325677331194 18.13645544606307
      vertex 1.060660171012084 -68.56066017101209 87.5
      vertex 1.1490666648993892 -68.46418141387403 87.5
    endloop
  endfacet
  facet normal -0.3819750167846636 -0.9221692199477013 -0.06081953907589516
    outer loop
      vertex 0.5130302160978318 -66.09046106847624 87.5
      vertex 1.5214257389307022 -60.73729196935892 0
      vertex 0.6339273912211261 -66.14053832056622 87.5
    endloop
  endfacet
  facet normal -0.460934566577314 -0.8854471039301489 -0.05935277142556829
    outer loop
      vertex 0.6339273912211261 -66.14053832056622 87.5
      vertex 1.7999999970197678 -60.882308542728424 0
      vertex 0.7499999987582368 -66.2009618928035 87.5
    endloop
  endfacet
  facet normal -0.5364070242175814 -0.8419903755513622 -0.05761694064175042
    outer loop
      vertex 0.7499999987582368 -66.2009618928035 87.5
      vertex 2.0648751705884933 -61.05105263739824 0
      vertex 0.8603646544118724 -66.27127193224926 87.5
    endloop
  endfacet
  facet normal -0.6078189087195945 -0.792125008906111 -0.055625034547536756
    outer loop
      vertex 0.8603646544118724 -66.27127193224926 87.5
      vertex 2.3140353932976723 -61.24224000424147 0
      vertex 0.9641814138740303 -66.3509333351006 87.5
    endloop
  endfacet
  facet normal -0.7933532794345951 0.6087613938624951 0.0003733001011691023
    outer loop
      vertex 1.1490666648993892 -68.46418141387403 87.5
      vertex 1.2287280677507324 -68.36036465441187 87.5
      vertex 2.7577599957585335 -66.31403539329767 0
    endloop
  endfacet
  facet normal -0.8433888431810455 0.5372979463486693 -0.0024851654351868997
    outer loop
      vertex 1.2287280677507324 -68.36036465441187 87.5
      vertex 1.2990381071964903 -68.24999999875824 87.5
      vertex 2.948947362601757 -66.0648751705885 0
    endloop
  endfacet
  facet normal -0.8869973907385786 0.461741594772417 -0.005507129922050612
    outer loop
      vertex 1.2990381071964903 -68.24999999875824 87.5
      vertex 1.359461679433783 -68.13392739122112 87.5
      vertex 3.117691457271576 -65.79999999701977 0
    endloop
  endfacet
  facet normal -0.9238448056535693 0.3826690671436349 -0.008669493545700454
    outer loop
      vertex 1.359461679433783 -68.13392739122112 87.5
      vertex 1.4095389315237603 -68.01303021609783 87.5
      vertex 3.262708030641079 -65.5214257389307 0
    endloop
  endfacet
  facet normal -0.9536488778720136 0.30068432165057923 -0.011948072940027666
    outer loop
      vertex 1.4095389315237603 -68.01303021609783 87.5
      vertex 1.4488887383292122 -67.88822856731713 87.5
      vertex 3.3828934356570244 -65.2312725186348 0
    endloop
  endfacet
  facet normal -0.9761814614900951 0.21641423246780106 -0.01531777491787612
    outer loop
      vertex 1.4488887383292122 -67.88822856731713 87.5
      vertex 1.477211629971862 -67.76047226662438 87.5
      vertex 3.4773329719901085 -64.93174856156111 0
    endloop
  endfacet
  facet normal -0.9530993617217005 -0.3005110598823049 -0.03598207295446645
    outer loop
      vertex 1.4095389315237603 -66.98696978390217 87.5
      vertex 3.4773329719901085 -63.06825143843889 0
      vertex 1.4488887383292122 -67.11177143268287 87.5
    endloop
  endfacet
  facet normal -0.9912705182164533 0.13050322509170204 -0.018752811937115997
    outer loop
      vertex 1.477211629971862 -67.76047226662438 87.5
      vertex 1.4942920456329984 -67.63073361478746 87.5
      vertex 3.5453079119324684 -64.62513343989849 0
    endloop
  endfacet
  facet normal -0.9988014082113543 0.04360862727748893 -0.022226888715895142
    outer loop
      vertex 1.4942920456329984 -67.63073361478746 87.5
      vertex 1.500000000620882 -67.5 87.5
      vertex 3.5863009095191956 -64.3137606754899 0
    endloop
  endfacet
  facet normal -0.9987178907158817 -0.04360498082354797 -0.025713428620044443
    outer loop
      vertex 1.500000000620882 -67.5 87.5
      vertex 1.4942920456329984 -67.36926638521254 87.5
      vertex 3.600000001490116 -64 0
    endloop
  endfacet
  facet normal -0.9757765288302834 -0.21632446105312933 -0.032617377791540725
    outer loop
      vertex 1.4488887383292122 -67.11177143268287 87.5
      vertex 3.5453079119324684 -63.37486656010151 0
      vertex 1.477211629971862 -67.23952773337562 87.5
    endloop
  endfacet
  facet normal -0.9910225124785407 -0.13047057452049665 -0.029185766137145835
    outer loop
      vertex 1.4942920456329984 -67.36926638521254 87.5
      vertex 1.477211629971862 -67.23952773337562 87.5
      vertex 3.5863009095191956 -63.6862393245101 0
    endloop
  endfacet
  facet normal -0.6746265710083766 -0.736225702901009 -0.05339198514192058
    outer loop
      vertex 0.9641814138740303 -66.3509333351006 87.5
      vertex 2.545584410429001 -61.454415589571 0
      vertex 1.060660171012084 -66.43933982898791 87.5
    endloop
  endfacet
  facet normal -0.7363203411934066 -0.6747132910269941 -0.05093456641955488
    outer loop
      vertex 1.060660171012084 -66.43933982898791 87.5
      vertex 2.7577599957585335 -61.68596460670233 0
      vertex 1.1490666648993892 -66.53581858612597 87.5
    endloop
  endfacet
  facet normal -0.792428492911588 -0.6080517801918082 -0.048271277458154425
    outer loop
      vertex 1.1490666648993892 -66.53581858612597 87.5
      vertex 2.948947362601757 -61.93512482941151 0
      vertex 1.2287280677507324 -66.63963534558813 87.5
    endloop
  endfacet
  facet normal -0.8425209653176201 -0.536745047175921 -0.04542221188343667
    outer loop
      vertex 1.2287280677507324 -66.63963534558813 87.5
      vertex 3.117691457271576 -62.20000000298023 0
      vertex 1.2990381071964903 -66.75000000124176 87.5
    endloop
  endfacet
  facet normal -0.8862128311594396 -0.46133317892469505 -0.04240891311511999
    outer loop
      vertex 1.2990381071964903 -66.75000000124176 87.5
      vertex 3.262708030641079 -62.4785742610693 0
      vertex 1.359461679433783 -66.86607260877888 87.5
    endloop
  endfacet
  facet normal -0.9231674513384032 -0.38238849778574696 -0.03925421697750016
    outer loop
      vertex 1.359461679433783 -66.86607260877888 87.5
      vertex 3.3828934356570244 -62.768727481365204 0
      vertex 1.4095389315237603 -66.98696978390217 87.5
    endloop
  endfacet
  facet normal 0 0 -1
    outer loop
      vertex -1.03275363954405 -68.58623179607093 87.5
      vertex 1.03275363954405 -68.58623179607093 87.5
      vertex 0.7499999987582368 -70 87.5
    endloop
  endfacet
  facet normal 0 0 -1
    outer loop
      vertex -1.060660171012084 -66.43933982898791 87.5
      vertex 1.060660171012084 -68.56066017101209 87.5
      vertex 1.03275363954405 -68.58623179607093 87.5
    endloop
  endfacet
  facet normal 0 0 -1
    outer loop
      vertex -0.5130302160978318 -66.09046106847624 87.5
      vertex -0.38822856731712824 -66.05111126167078 87.5
      vertex 1.060660171012084 -68.56066017101209 87.5
    endloop
  endfacet
  facet normal 0 0 -1
    outer loop
      vertex -0.38822856731712824 -66.05111126167078 87.5
      vertex -0.2604722666243713 -66.02278837002814 87.5
      vertex 1.2287280677507324 -68.36036465441187 87.5
    endloop
  endfacet
  facet normal 0 0 -1
    outer loop
      vertex -0.2604722666243713 -66.02278837002814 87.5
      vertex -0.25000000062088173 -66.02140967113276 87.5
      vertex 1.2287280677507324 -68.36036465441187 87.5
    endloop
  endfacet
  facet normal 0 0 -1
    outer loop
      vertex -0.25000000062088173 -66.02140967113276 87.5
      vertex 0.25000000062088173 -66.02140967113276 87.5
      vertex 0.8603646544118724 -66.27127193224926 87.5
    endloop
  endfacet
  facet normal 0 0 -1
    outer loop
      vertex 0.2604722666243713 -66.02278837002814 87.5
      vertex 0.38822856731712824 -66.05111126167078 87.5
      vertex 0.6339273912211261 -66.14053832056622 87.5
    endloop
  endfacet
  facet normal 0 0 -1
    outer loop
      vertex 0.25000000062088173 -66.02140967113276 87.5
      vertex 0.2604722666243713 -66.02278837002814 87.5
      vertex 0.8603646544118724 -66.27127193224926 87.5
    endloop
  endfacet
  facet normal 0 0 -1
    outer loop
      vertex -0.25000000062088173 -66.02140967113276 87.5
      vertex 0.8603646544118724 -66.27127193224926 87.5
      vertex 0.9641814138740303 -66.3509333351006 87.5
    endloop
  endfacet
  facet normal 0 0 -1
    outer loop
      vertex 0.38822856731712824 -66.05111126167078 87.5
      vertex 0.5130302160978318 -66.09046106847624 87.5
      vertex 0.6339273912211261 -66.14053832056622 87.5
    endloop
  endfacet
  facet normal 0 0 -1
    outer loop
      vertex 0.2604722666243713 -66.02278837002814 87.5
      vertex 0.6339273912211261 -66.14053832056622 87.5
      vertex 0.7499999987582368 -66.2009618928035 87.5
    endloop
  endfacet
  facet normal 0 0 -1
    outer loop
      vertex -0.38822856731712824 -66.05111126167078 87.5
      vertex 1.1490666648993892 -68.46418141387403 87.5
      vertex 1.060660171012084 -68.56066017101209 87.5
    endloop
  endfacet
  facet normal 0 0 -1
    outer loop
      vertex -0.38822856731712824 -66.05111126167078 87.5
      vertex 1.2287280677507324 -68.36036465441187 87.5
      vertex 1.1490666648993892 -68.46418141387403 87.5
    endloop
  endfacet
  facet normal 0 0 -1
    outer loop
      vertex -0.25000000062088173 -66.02140967113276 87.5
      vertex 0.9641814138740303 -66.3509333351006 87.5
      vertex 1.060660171012084 -66.43933982898791 87.5
    endloop
  endfacet
  facet normal 0 0 -1
    outer loop
      vertex -0.25000000062088173 -66.02140967113276 87.5
      vertex 1.060660171012084 -66.43933982898791 87.5
      vertex 1.1490666648993892 -66.53581858612597 87.5
    endloop
  endfacet
  facet normal 0 0 -1
    outer loop
      vertex 0.2604722666243713 -66.02278837002814 87.5
      vertex 0.7499999987582368 -66.2009618928035 87.5
      vertex 0.8603646544118724 -66.27127193224926 87.5
    endloop
  endfacet
  facet normal 0 0 -1
    outer loop
      vertex -0.25000000062088173 -66.02140967113276 87.5
      vertex 1.1490666648993892 -66.53581858612597 87.5
      vertex 1.2287280677507324 -66.63963534558813 87.5
    endloop
  endfacet
  facet normal 0 0 -1
    outer loop
      vertex -0.25000000062088173 -65 87.5
      vertex 0.25000000062088173 -65 87.5
      vertex 0.25000000062088173 -66.02140967113276 87.5
    endloop
  endfacet
  facet normal 0 0 -1
    outer loop
      vertex -0.25000000062088173 -66.02140967113276 87.5
      vertex 1.2990381071964903 -68.24999999875824 87.5
      vertex 1.2287280677507324 -68.36036465441187 87.5
    endloop
  endfacet
  facet normal 0 0 -1
    outer loop
      vertex -0.25000000062088173 -66.02140967113276 87.5
      vertex 1.359461679433783 -68.13392739122112 87.5
      vertex 1.2990381071964903 -68.24999999875824 87.5
    endloop
  endfacet
  facet normal 0 0 -1
    outer loop
      vertex -0.25000000062088173 -66.02140967113276 87.5
      vertex 1.4095389315237603 -68.01303021609783 87.5
      vertex 1.359461679433783 -68.13392739122112 87.5
    endloop
  endfacet
  facet normal 0 0 -1
    outer loop
      vertex -0.25000000062088173 -66.02140967113276 87.5
      vertex 1.4488887383292122 -67.88822856731713 87.5
      vertex 1.4095389315237603 -68.01303021609783 87.5
    endloop
  endfacet
  facet normal 0 0 -1
    outer loop
      vertex -0.25000000062088173 -66.02140967113276 87.5
      vertex 1.477211629971862 -67.76047226662438 87.5
      vertex 1.4488887383292122 -67.88822856731713 87.5
    endloop
  endfacet
  facet normal 0 0 -1
    outer loop
      vertex -0.25000000062088173 -66.02140967113276 87.5
      vertex 1.4942920456329984 -67.63073361478746 87.5
      vertex 1.477211629971862 -67.76047226662438 87.5
    endloop
  endfacet
  facet normal 0 0 -1
    outer loop
      vertex -0.25000000062088173 -66.02140967113276 87.5
      vertex 1.500000000620882 -67.5 87.5
      vertex 1.4942920456329984 -67.63073361478746 87.5
    endloop
  endfacet
  facet normal 0 0 -1
    outer loop
      vertex -0.25000000062088173 -66.02140967113276 87.5
      vertex 1.477211629971862 -67.23952773337562 87.5
      vertex 1.4942920456329984 -67.36926638521254 87.5
    endloop
  endfacet
  facet normal 0 0 -1
    outer loop
      vertex -0.25000000062088173 -66.02140967113276 87.5
      vertex 1.4488887383292122 -67.11177143268287 87.5
      vertex 1.477211629971862 -67.23952773337562 87.5
    endloop
  endfacet
  facet normal 0 0 -1
    outer loop
      vertex -0.25000000062088173 -66.02140967113276 87.5
      vertex 1.4942920456329984 -67.36926638521254 87.5
      vertex 1.500000000620882 -67.5 87.5
    endloop
  endfacet
  facet normal 0 0 -1
    outer loop
      vertex -0.25000000062088173 -66.02140967113276 87.5
      vertex 1.2287280677507324 -66.63963534558813 87.5
      vertex 1.2990381071964903 -66.75000000124176 87.5
    endloop
  endfacet
  facet normal 0 0 -1
    outer loop
      vertex -0.25000000062088173 -66.02140967113276 87.5
      vertex 1.2990381071964903 -66.75000000124176 87.5
      vertex 1.359461679433783 -66.86607260877888 87.5
    endloop
  endfacet
  facet normal 0 0 -1
    outer loop
      vertex -0.25000000062088173 -66.02140967113276 87.5
      vertex 1.359461679433783 -66.86607260877888 87.5
      vertex 1.4095389315237603 -66.98696978390217 87.5
    endloop
  endfacet
  facet normal 0 0 -1
    outer loop
      vertex -0.25000000062088173 -66.02140967113276 87.5
      vertex 1.4095389315237603 -66.98696978390217 87.5
      vertex 1.4488887383292122 -67.11177143268287 87.5
    endloop
  endfacet
  facet normal 0.7372739113945942 -0.675587077139775 0.003046437042148357
    outer loop
      vertex -2.2874567218921147 -3.0956243751407353 17.09665966272748
      vertex -2.7577599957585335 -3.6859646067023277 0
      vertex -2.545584410429001 -3.454415589570999 0
    endloop
  endfacet
  facet normal 0.6755799422376269 -0.7372661250053115 0.005513852179482134
    outer loop
      vertex -2.2470310864995424 -3.054466094664496 16.89790983500482
      vertex -2.545584410429001 -3.454415589570999 0
      vertex -2.4786087349057198 -3.39304368942976 0
    endloop
  endfacet
  facet normal 0.6755799422376263 -0.7372661250053121 0.005513852179482165
    outer loop
      vertex -2.2470310864995424 -3.054466094664496 16.89790983500482
      vertex -2.4786087349057198 -3.39304368942976 0
      vertex -2.201940150830043 -3.014303559920312 16.743379875537343
    endloop
  endfacet
  facet normal 0.980512796385598 -0.19610255927711676 -0.011766153537146197
    outer loop
      vertex -2.201940150830043 -3.014303559920312 16.743379875537343
      vertex -2.4786087349057198 -3.39304368942976 0
      vertex -2.1930654308728053 -2.9674345352878597 16.701789461364115
    endloop
  endfacet
  facet normal 0.9805127963855974 -0.19610255927712003 -0.011766153537146103
    outer loop
      vertex -2.1930654308728053 -2.9674345352878597 16.701789461364115
      vertex -2.4786087349057198 -3.39304368942976 0
      vertex -2.137731805619494 -2.6788485986366757 16.503159287958116
    endloop
  endfacet
  facet normal 0.9805127963855976 -0.1961025592771195 -0.011766153537146124
    outer loop
      vertex -1.7799476238222285 -0.8429412750213223 15.72005237617777
      vertex -2.4786087349057198 -3.39304368942976 0
      vertex -1.7999999970197678 0 0
    endloop
  endfacet
  facet normal 0.9805127963855975 -0.19610255927711895 -0.01176615353714616
    outer loop
      vertex -2.069217230032611 -2.324406375958156 16.305336875228857
      vertex -2.137731805619494 -2.6788485986366757 16.503159287958116
      vertex -2.4786087349057198 -3.39304368942976 0
    endloop
  endfacet
  facet normal 0.9805127963855974 -0.19610255927711975 -0.011766153537146103
    outer loop
      vertex -2.069217230032611 -2.324406375958156 16.305336875228857
      vertex -2.4786087349057198 -3.39304368942976 0
      vertex -1.9870947483579997 -1.9019910317746795 16.108621278062802
    endloop
  endfacet
  facet normal 0.9805127963855975 -0.19610255927711936 -0.011766153537146133
    outer loop
      vertex -1.9870947483579997 -1.9019910317746795 16.108621278062802
      vertex -2.4786087349057198 -3.39304368942976 0
      vertex -1.8908629027300998 -1.4091171851135498 15.913377635712372
    endloop
  endfacet
  facet normal 0.9805127963855975 -0.1961025592771196 -0.011766153537146114
    outer loop
      vertex -1.8908629027300998 -1.4091171851135498 15.913377635712372
      vertex -2.4786087349057198 -3.39304368942976 0
      vertex -1.7799476238222285 -0.8429412750213223 15.72005237617777
    endloop
  endfacet
  facet normal 0.9805127963855974 -0.1961025592771198 -0.01176615353714614
    outer loop
      vertex -1.7799476238222285 -0.8429412750213223 15.72005237617777
      vertex -1.7999999970197678 0 0
      vertex -1.6537056020138479 -0.20027944789012408 15.529190407706826
    endloop
  endfacet
  facet normal 0.9805127963855976 -0.1961025592771188 -0.01176615353714613
    outer loop
      vertex -1.6537056020138479 -0.20027944789012408 15.529190407706826
      vertex -1.7999999970197678 0 0
      vertex -1.6142740807578997 0 15.477159714114306
    endloop
  endfacet
  facet normal 0.7372739113946107 -0.675587077139757 0.0030464370421473437
    outer loop
      vertex -2.311707544936655 -3.121182715760113 17.2977517964307
      vertex -2.3198495214384 -3.129156122335131 17.5
      vertex -2.7577599957585335 -3.6859646067023277 0
    endloop
  endfacet
  facet normal 0.7372739113945926 -0.6755870771397766 0.003046437042148456
    outer loop
      vertex -2.311707544936655 -3.121182715760113 17.2977517964307
      vertex -2.7577599957585335 -3.6859646067023277 0
      vertex -2.2874567218921147 -3.0956243751407353 17.09665966272748
    endloop
  endfacet
  facet normal 0.7372739113945921 -0.6755870771397773 0.003046437042148436
    outer loop
      vertex -2.2579191063304815 -3.064047269044893 16.95084061561564
      vertex -2.2874567218921147 -3.0956243751407353 17.09665966272748
      vertex -2.545584410429001 -3.454415589570999 0
    endloop
  endfacet
  facet normal 0.6755799422376352 -0.7372661250053038 0.0055138521794818205
    outer loop
      vertex -2.2579191063304815 -3.064047269044893 16.95084061561564
      vertex -2.545584410429001 -3.454415589570999 0
      vertex -2.2470310864995424 -3.054466094664496 16.89790983500482
    endloop
  endfacet
  facet normal 0.9757765288302851 0.21632446105312178 -0.03261737779154043
    outer loop
      vertex -1.4488887383292122 -2.8882285673171286 87.5
      vertex -3.4773329719901085 -6.931748561561108 0
      vertex -3.5453079119324684 -6.625133439898491 0
    endloop
  endfacet
  facet normal 0.9910225124785402 0.1304705745205008 -0.02918576613714599
    outer loop
      vertex -1.477211629971862 -2.7604722666243715 87.5
      vertex -3.5453079119324684 -6.625133439898491 0
      vertex -3.5863009095191956 -6.3137606754899025 0
    endloop
  endfacet
  facet normal 0.9987178907158818 0.04360498082354797 -0.02571342862004447
    outer loop
      vertex -1.4942920456329984 -2.63073361478746 87.5
      vertex -3.5863009095191956 -6.3137606754899025 0
      vertex -3.600000001490116 -6 0
    endloop
  endfacet
  facet normal 0.9988014082113542 -0.043608627277488925 -0.022226888715895128
    outer loop
      vertex -1.500000000620882 -2.5000000000000004 87.5
      vertex -3.600000001490116 -6 0
      vertex -3.5863009095191956 -5.6862393245100975 0
    endloop
  endfacet
  facet normal 0.9912705182164527 -0.13050322509170617 -0.018752811937115834
    outer loop
      vertex -1.4942920456329984 -2.369266385212541 87.5
      vertex -3.5863009095191956 -5.6862393245100975 0
      vertex -3.5453079119324684 -5.374866560101509 0
    endloop
  endfacet
  facet normal 0.9530993617217013 0.3005110598823034 -0.035982072954466406
    outer loop
      vertex -1.4095389315237603 -3.013030216097832 87.5
      vertex -3.3828934356570244 -7.231272518634796 0
      vertex -3.4773329719901085 -6.931748561561108 0
    endloop
  endfacet
  facet normal 0.9231674513384086 0.38238849778573425 -0.039254216977499666
    outer loop
      vertex -1.359461679433783 -3.1339273912211265 87.5
      vertex -3.262708030641079 -7.521425738930702 0
      vertex -3.3828934356570244 -7.231272518634796 0
    endloop
  endfacet
  facet normal 0.7924284929115746 0.6080517801918257 -0.04827127745815504
    outer loop
      vertex -1.1490666648993892 -3.4641814138740306 87.5
      vertex -2.7577599957585335 -8.314035393297672 0
      vertex -2.948947362601757 -8.064875170588493 0
    endloop
  endfacet
  facet normal 0.8862128311594237 0.4613331789247256 -0.042408913115121114
    outer loop
      vertex -1.2990381071964903 -3.2499999987582373 87.5
      vertex -3.117691457271576 -7.799999997019768 0
      vertex -3.262708030641079 -7.521425738930702 0
    endloop
  endfacet
  facet normal 0.8425209653176411 0.5367450471758882 -0.04542221188343543
    outer loop
      vertex -1.2287280677507324 -3.360364654411873 87.5
      vertex -2.948947362601757 -8.064875170588493 0
      vertex -3.117691457271576 -7.799999997019768 0
    endloop
  endfacet
  facet normal 0.9761814614900965 -0.21641423246779415 -0.015317774917876427
    outer loop
      vertex -1.477211629971862 -2.2395277333756294 87.5
      vertex -3.5453079119324684 -5.374866560101509 0
      vertex -3.4773329719901085 -5.068251438438892 0
    endloop
  endfacet
  facet normal 0.9536488778720139 -0.30068432165057857 -0.011948072940027744
    outer loop
      vertex -1.4488887383292122 -2.1117714326828723 87.5
      vertex -3.4773329719901085 -5.068251438438892 0
      vertex -3.3828934356570244 -4.768727481365204 0
    endloop
  endfacet
  facet normal 0.9238448056535746 -0.38266906714362214 -0.008669493545700931
    outer loop
      vertex -1.4095389315237603 -1.9869697839021687 87.5
      vertex -3.3828934356570244 -4.768727481365204 0
      vertex -3.262708030641079 -4.478574261069298 0
    endloop
  endfacet
  facet normal 0.8869973907385628 -0.46174159477244753 -0.00550712992204945
    outer loop
      vertex -1.359461679433783 -1.8660726087788744 87.5
      vertex -3.262708030641079 -4.478574261069298 0
      vertex -3.117691457271576 -4.200000002980232 0
    endloop
  endfacet
  facet normal 0.8433888431810664 -0.5372979463486365 -0.0024851654351881426
    outer loop
      vertex -1.2990381071964903 -1.7500000012417638 87.5
      vertex -3.117691457271576 -4.200000002980232 0
      vertex -2.948947362601757 -3.9351248294115067 0
    endloop
  endfacet
  facet normal 0.7933532794345817 -0.6087613938625126 0.00037330010116978774
    outer loop
      vertex -1.2287280677507324 -1.639635345588128 87.5
      vertex -2.948947362601757 -3.9351248294115067 0
      vertex -2.7577599957585335 -3.6859646067023277 0
    endloop
  endfacet
  facet normal 0.7363203411933901 0.674713291027012 -0.05093456641955556
    outer loop
      vertex -1.060660171012084 -3.5606601710120844 87.5
      vertex -2.545584410429001 -8.545584410429 0
      vertex -2.7577599957585335 -8.314035393297672 0
    endloop
  endfacet
  facet normal 0.6746265710083771 0.7362257029010085 -0.053391985141920575
    outer loop
      vertex -0.9641814138740303 -3.6490666648993897 87.5
      vertex -2.3140353932976723 -8.757759995758533 0
      vertex -2.545584410429001 -8.545584410429 0
    endloop
  endfacet
  facet normal 0.6078189087195949 0.7921250089061108 -0.05562503454753676
    outer loop
      vertex -0.8603646544118724 -3.728728067750733 87.5
      vertex -2.0648751705884933 -8.948947362601757 0
      vertex -2.3140353932976723 -8.757759995758533 0
    endloop
  endfacet
  facet normal 0.5364070242175814 0.8419903755513625 -0.05761694064175048
    outer loop
      vertex -0.7499999987582368 -3.7990381071964907 87.5
      vertex -1.7999999970197678 -9.117691457271576 0
      vertex -2.0648751705884933 -8.948947362601757 0
    endloop
  endfacet
  facet normal 0.7372739113945929 -0.6755870771397763 0.0030464370421484097
    outer loop
      vertex -2.3198495214384 -3.129156122335131 17.5
      vertex -1.1490666648993892 -1.53581858612597 87.5
      vertex -2.7577599957585335 -3.6859646067023277 0
    endloop
  endfacet
  facet normal 0.7372739113945999 -0.675587077139769 0.0030464370421481243
    outer loop
      vertex -2.3198495214384 -3.129156122335131 17.5
      vertex -2.311850962021237 -3.1195151684873745 17.702260750938358
      vertex -1.1490666648993892 -1.53581858612597 87.5
    endloop
  endfacet
  facet normal 0.7372739113946045 -0.6755870771397636 0.003046437042147928
    outer loop
      vertex -2.311850962021237 -3.1195151684873745 17.702260750938358
      vertex -2.2877397533184465 -3.092295444921077 17.90339024334937
      vertex -1.1490666648993892 -1.53581858612597 87.5
    endloop
  endfacet
  facet normal 0.7372739113945893 -0.6755870771397802 0.003046437042148544
    outer loop
      vertex -2.2877397533184465 -3.092295444921077 17.90339024334937
      vertex -2.24760382209458 -3.047598069345394 18.102243629035346
      vertex -1.1490666648993892 -1.53581858612597 87.5
    endloop
  endfacet
  facet normal 0.737273911394589 -0.6755870771397806 0.0030464370421485584
    outer loop
      vertex -2.24760382209458 -3.047598069345394 18.102243629035346
      vertex -2.237798555469412 -3.036743226688065 18.13645544606307
      vertex -1.1490666648993892 -1.53581858612597 87.5
    endloop
  endfacet
  facet normal 0.675579942237633 -0.737266125005306 0.005513852179481916
    outer loop
      vertex -2.237798555469412 -3.036743226688065 18.13645544606307
      vertex -2.1910179521344286 -2.9926725433534647 18.297465317319826
      vertex -1.060660171012084 -1.4393398289879165 87.5
    endloop
  endfacet
  facet normal 0.6755799422376153 -0.7372661250053222 0.005513852179482564
    outer loop
      vertex -2.1910179521344286 -2.9926725433534647 18.297465317319826
      vertex -2.175591163130999 -2.9782336206934965 18.337963199317542
      vertex -1.060660171012084 -1.4393398289879165 87.5
    endloop
  endfacet
  facet normal 0.9805127963855974 -0.1961025592771201 -0.011766153537146117
    outer loop
      vertex -2.175591163130999 -2.9782336206934965 18.337963199317542
      vertex -2.131014707703861 -2.7646960602538755 18.493708477843246
      vertex -1.03275363954405 -1.4137682039290669 87.5
    endloop
  endfacet
  facet normal 0.9805127963855976 -0.19610255927711862 -0.01176615353714615
    outer loop
      vertex -2.131014707703861 -2.7646960602538755 18.493708477843246
      vertex -2.061429990851128 -2.428559996908108 18.69016716013347
      vertex -1.03275363954405 -1.4137682039290669 87.5
    endloop
  endfacet
  facet normal 0.9805127963855973 -0.1961025592771201 -0.01176615353714612
    outer loop
      vertex -2.061429990851128 -2.428559996908108 18.69016716013347
      vertex -1.9783905884690705 -2.0250699955845803 18.885284003569186
      vertex -1.03275363954405 -1.4137682039290669 87.5
    endloop
  endfacet
  facet normal 0.9805127963855976 -0.19610255927711936 -0.011766153537146135
    outer loop
      vertex -1.9783905884690705 -2.0250699955845803 18.885284003569186
      vertex -1.881423822541512 -1.5518412478483863 19.07870203558273
      vertex -1.03275363954405 -1.4137682039290669 87.5
    endloop
  endfacet
  facet normal 0.9805127963855975 -0.19610255927711942 -0.011766153537146131
    outer loop
      vertex -1.881423822541512 -1.5518412478483863 19.07870203558273
      vertex -1.7699856263339466 -1.0061272822366296 19.26998562633395
      vertex -1.03275363954405 -1.4137682039290669 87.5
    endloop
  endfacet
  facet normal 0.999992000095959 0 -0.003999968010317865
    outer loop
      vertex -0.25000000062088173 -5.000000000000001 87.5
      vertex -0.6000000014901161 -12 0
      vertex -0.6000000014901161 -9.548616789281368 0
    endloop
  endfacet
  facet normal 0.460934566577371 0.8854471039301193 -0.059352771425567205
    outer loop
      vertex -0.6339273912211261 -3.8594616794337835 87.5
      vertex -1.5214257389307022 -9.262708030641079 0
      vertex -1.7999999970197678 -9.117691457271576 0
    endloop
  endfacet
  facet normal 0.38197501678466356 0.9221692199477012 -0.06081953907589509
    outer loop
      vertex -0.5130302160978318 -3.9095389315237608 87.5
      vertex -1.2312725186347961 -9.382893435657024 0
      vertex -1.5214257389307022 -9.262708030641079 0
    endloop
  endfacet
  facet normal 0.30012715574509713 0.9518817732965779 -0.06200629040767325
    outer loop
      vertex -0.38822856731712824 -3.9488887383292126 87.5
      vertex -0.9317485615611076 -9.477332971990108 0
      vertex -1.2312725186347961 -9.382893435657024 0
    endloop
  endfacet
  facet normal 0.21601098281651926 0.9743625199656047 -0.06290417306441393
    outer loop
      vertex -0.2604722666243713 -3.9772116299718627 87.5
      vertex -0.6251334398984909 -9.545307911932468 0
      vertex -0.9317485615611076 -9.477332971990108 0
    endloop
  endfacet
  facet normal 0.13026261505190218 0.9894435686500627 -0.06350650027255804
    outer loop
      vertex -0.25000000062088173 -3.9785903288672375 87.5
      vertex -0.6000000014901161 -9.548616789281368 0
      vertex -0.6251334398984909 -9.545307911932468 0
    endloop
  endfacet
  facet normal 0.9805127963855974 -0.1961025592771196 -0.011766153537146131
    outer loop
      vertex -1.7699856263339466 -1.0061272822366296 19.26998562633395
      vertex -1.643463849240941 -0.38483549597072353 19.4586039466316
      vertex -1.03275363954405 -1.4137682039290669 87.5
    endloop
  endfacet
  facet normal 0.9805127963855975 -0.19610255927711942 -0.01176615353714613
    outer loop
      vertex -1.643463849240941 -0.38483549597072353 19.4586039466316
      vertex -1.565274731702689 0 19.56043880880916
      vertex -1.03275363954405 -1.4137682039290669 87.5
    endloop
  endfacet
  facet normal 0.9231674513384088 0.3823884977857338 -0.03925421697749965
    outer loop
      vertex -1.4095389315237603 -3.013030216097832 87.5
      vertex -1.359461679433783 -3.1339273912211265 87.5
      vertex -3.3828934356570244 -7.231272518634796 0
    endloop
  endfacet
  facet normal 0.8862128311594245 0.46133317892472425 -0.04240891311512109
    outer loop
      vertex -1.359461679433783 -3.1339273912211265 87.5
      vertex -1.2990381071964903 -3.2499999987582373 87.5
      vertex -3.262708030641079 -7.521425738930702 0
    endloop
  endfacet
  facet normal 0.8425209653176408 0.5367450471758888 -0.04542221188343545
    outer loop
      vertex -1.2990381071964903 -3.2499999987582373 87.5
      vertex -1.2287280677507324 -3.360364654411873 87.5
      vertex -3.117691457271576 -7.799999997019768 0
    endloop
  endfacet
  facet normal 0.7924284929115742 0.6080517801918263 -0.04827127745815509
    outer loop
      vertex -1.2287280677507324 -3.360364654411873 87.5
      vertex -1.1490666648993892 -3.4641814138740306 87.5
      vertex -2.948947362601757 -8.064875170588493 0
    endloop
  endfacet
  facet normal 0.7363203411933911 0.674713291027011 -0.05093456641955554
    outer loop
      vertex -1.1490666648993892 -3.4641814138740306 87.5
      vertex -1.060660171012084 -3.5606601710120844 87.5
      vertex -2.7577599957585335 -8.314035393297672 0
    endloop
  endfacet
  facet normal 0.6746265710083766 0.736225702901009 -0.05339198514192061
    outer loop
      vertex -1.060660171012084 -3.5606601710120844 87.5
      vertex -0.9641814138740303 -3.6490666648993897 87.5
      vertex -2.545584410429001 -8.545584410429 0
    endloop
  endfacet
  facet normal 0.9910225124785401 0.13047057452050148 -0.029185766137146026
    outer loop
      vertex -1.477211629971862 -2.7604722666243715 87.5
      vertex -3.5863009095191956 -6.3137606754899025 0
      vertex -1.4942920456329984 -2.63073361478746 87.5
    endloop
  endfacet
  facet normal 0.9757765288302853 0.21632446105312145 -0.032617377791540426
    outer loop
      vertex -1.477211629971862 -2.7604722666243715 87.5
      vertex -1.4488887383292122 -2.8882285673171286 87.5
      vertex -3.5453079119324684 -6.625133439898491 0
    endloop
  endfacet
  facet normal 0.9987178907158817 0.04360498082354797 -0.025713428620044443
    outer loop
      vertex -1.4942920456329984 -2.63073361478746 87.5
      vertex -3.600000001490116 -6 0
      vertex -1.500000000620882 -2.5000000000000004 87.5
    endloop
  endfacet
  facet normal 0.9988014082113543 -0.04360862727748893 -0.022226888715895145
    outer loop
      vertex -1.500000000620882 -2.5000000000000004 87.5
      vertex -3.5863009095191956 -5.6862393245100975 0
      vertex -1.4942920456329984 -2.369266385212541 87.5
    endloop
  endfacet
  facet normal 0.9912705182164526 -0.13050322509170686 -0.018752811937115813
    outer loop
      vertex -1.4942920456329984 -2.369266385212541 87.5
      vertex -3.5453079119324684 -5.374866560101509 0
      vertex -1.477211629971862 -2.2395277333756294 87.5
    endloop
  endfacet
  facet normal 0.9530993617217005 0.3005110598823049 -0.03598207295446645
    outer loop
      vertex -1.4488887383292122 -2.8882285673171286 87.5
      vertex -1.4095389315237603 -3.013030216097832 87.5
      vertex -3.4773329719901085 -6.931748561561108 0
    endloop
  endfacet
  facet normal 0.9761814614900968 -0.21641423246779312 -0.015317774917876427
    outer loop
      vertex -1.477211629971862 -2.2395277333756294 87.5
      vertex -3.4773329719901085 -5.068251438438892 0
      vertex -1.4488887383292122 -2.1117714326828723 87.5
    endloop
  endfacet
  facet normal 0.9536488778720136 -0.30068432165057923 -0.01194807294002767
    outer loop
      vertex -1.4488887383292122 -2.1117714326828723 87.5
      vertex -3.3828934356570244 -4.768727481365204 0
      vertex -1.4095389315237603 -1.9869697839021687 87.5
    endloop
  endfacet
  facet normal 0.9238448056535747 -0.3826690671436217 -0.008669493545700947
    outer loop
      vertex -1.4095389315237603 -1.9869697839021687 87.5
      vertex -3.262708030641079 -4.478574261069298 0
      vertex -1.359461679433783 -1.8660726087788744 87.5
    endloop
  endfacet
  facet normal 0.8869973907385631 -0.46174159477244686 -0.00550712992204948
    outer loop
      vertex -1.359461679433783 -1.8660726087788744 87.5
      vertex -3.117691457271576 -4.200000002980232 0
      vertex -1.2990381071964903 -1.7500000012417638 87.5
    endloop
  endfacet
  facet normal 0.8433888431810665 -0.5372979463486363 -0.002485165435188153
    outer loop
      vertex -1.2990381071964903 -1.7500000012417638 87.5
      vertex -2.948947362601757 -3.9351248294115067 0
      vertex -1.2287280677507324 -1.639635345588128 87.5
    endloop
  endfacet
  facet normal 0.7933532794345819 -0.6087613938625124 0.0003733001011697674
    outer loop
      vertex -1.2287280677507324 -1.639635345588128 87.5
      vertex -2.7577599957585335 -3.6859646067023277 0
      vertex -1.1490666648993892 -1.53581858612597 87.5
    endloop
  endfacet
  facet normal 0.6078189087195945 0.792125008906111 -0.0556250345475368
    outer loop
      vertex -0.9641814138740303 -3.6490666648993897 87.5
      vertex -0.8603646544118724 -3.728728067750733 87.5
      vertex -2.3140353932976723 -8.757759995758533 0
    endloop
  endfacet
  facet normal 0.5364070242175814 0.8419903755513622 -0.05761694064175046
    outer loop
      vertex -0.8603646544118724 -3.728728067750733 87.5
      vertex -0.7499999987582368 -3.7990381071964907 87.5
      vertex -2.0648751705884933 -8.948947362601757 0
    endloop
  endfacet
  facet normal 0.46093456657737 0.8854471039301197 -0.05935277142556722
    outer loop
      vertex -0.7499999987582368 -3.7990381071964907 87.5
      vertex -0.6339273912211261 -3.8594616794337835 87.5
      vertex -1.7999999970197678 -9.117691457271576 0
    endloop
  endfacet
  facet normal 0.3819750167846636 0.9221692199477013 -0.0608195390758951
    outer loop
      vertex -0.6339273912211261 -3.8594616794337835 87.5
      vertex -0.5130302160978318 -3.9095389315237608 87.5
      vertex -1.5214257389307022 -9.262708030641079 0
    endloop
  endfacet
  facet normal 0.7372739113945941 -0.6755870771397752 0.0030464370421483524
    outer loop
      vertex -2.237798555469412 -3.036743226688065 18.13645544606307
      vertex -1.060660171012084 -1.4393398289879165 87.5
      vertex -1.1490666648993892 -1.53581858612597 87.5
    endloop
  endfacet
  facet normal 0.6755799422376235 -0.7372661250053146 0.005513852179482269
    outer loop
      vertex -2.175591163130999 -2.9782336206934965 18.337963199317542
      vertex -1.03275363954405 -1.4137682039290669 87.5
      vertex -1.060660171012084 -1.4393398289879165 87.5
    endloop
  endfacet
  facet normal 0.9805127963855975 -0.1961025592771194 -0.01176615353714613
    outer loop
      vertex -1.03275363954405 -1.4137682039290669 87.5
      vertex -1.565274731702689 0 19.56043880880916
      vertex -0.7499999987582368 0 87.5
    endloop
  endfacet
  facet normal 0.30012715574509796 0.9518817732965774 -0.062006290407673255
    outer loop
      vertex -0.5130302160978318 -3.9095389315237608 87.5
      vertex -0.38822856731712824 -3.9488887383292126 87.5
      vertex -1.2312725186347961 -9.382893435657024 0
    endloop
  endfacet
  facet normal 0.21601098281652034 0.9743625199656046 -0.06290417306441393
    outer loop
      vertex -0.38822856731712824 -3.9488887383292126 87.5
      vertex -0.2604722666243713 -3.9772116299718627 87.5
      vertex -0.9317485615611076 -9.477332971990108 0
    endloop
  endfacet
  facet normal 0.13026261505188777 0.9894435686500648 -0.06350650027255812
    outer loop
      vertex -0.2604722666243713 -3.9772116299718627 87.5
      vertex -0.25000000062088173 -3.9785903288672375 87.5
      vertex -0.6251334398984909 -9.545307911932468 0
    endloop
  endfacet
  facet normal 0 0.9968152785361251 -0.07974522228288998
    outer loop
      vertex -0.25000000062088173 -5.000000000000001 87.5
      vertex 0.25000000062088173 -5.000000000000001 87.5
      vertex -0.6000000014901161 -12 0
    endloop
  endfacet
  facet normal 0.9999920000959589 0 -0.003999968010317863
    outer loop
      vertex -0.25000000062088173 -5.000000000000001 87.5
      vertex -0.6000000014901161 -9.548616789281368 0
      vertex -0.25000000062088173 -3.9785903288672375 87.5
    endloop
  endfacet
  facet normal 0 0 -1
    outer loop
      vertex -1.477211629971862 -2.7604722666243715 87.5
      vertex -1.4942920456329984 -2.63073361478746 87.5
      vertex 1.03275363954405 -1.4137682039290669 87.5
    endloop
  endfacet
  facet normal 0 0 -1
    outer loop
      vertex -1.477211629971862 -2.7604722666243715 87.5
      vertex 1.03275363954405 -1.4137682039290669 87.5
      vertex -1.4488887383292122 -2.8882285673171286 87.5
    endloop
  endfacet
  facet normal 0 0 -1
    outer loop
      vertex -1.4095389315237603 -3.013030216097832 87.5
      vertex 1.03275363954405 -1.4137682039290669 87.5
      vertex -1.359461679433783 -3.1339273912211265 87.5
    endloop
  endfacet
  facet normal 0 0 -1
    outer loop
      vertex -1.4488887383292122 -2.8882285673171286 87.5
      vertex 1.03275363954405 -1.4137682039290669 87.5
      vertex -1.4095389315237603 -3.013030216097832 87.5
    endloop
  endfacet
  facet normal 0 0 -1
    outer loop
      vertex -1.359461679433783 -3.1339273912211265 87.5
      vertex 1.03275363954405 -1.4137682039290669 87.5
      vertex -1.2990381071964903 -3.2499999987582373 87.5
    endloop
  endfacet
  facet normal 0 0 -1
    outer loop
      vertex -1.2990381071964903 -3.2499999987582373 87.5
      vertex 1.03275363954405 -1.4137682039290669 87.5
      vertex -1.2287280677507324 -3.360364654411873 87.5
    endloop
  endfacet
  facet normal 0 0 -1
    outer loop
      vertex -1.2287280677507324 -3.360364654411873 87.5
      vertex 1.03275363954405 -1.4137682039290669 87.5
      vertex -1.1490666648993892 -3.4641814138740306 87.5
    endloop
  endfacet
  facet normal 0 0 -1
    outer loop
      vertex -1.1490666648993892 -3.4641814138740306 87.5
      vertex 1.03275363954405 -1.4137682039290669 87.5
      vertex -1.060660171012084 -3.5606601710120844 87.5
    endloop
  endfacet
  facet normal 0 0 -1
    outer loop
      vertex -1.4942920456329984 -2.63073361478746 87.5
      vertex -1.500000000620882 -2.5000000000000004 87.5
      vertex 1.03275363954405 -1.4137682039290669 87.5
    endloop
  endfacet
  facet normal 0 0 -1
    outer loop
      vertex -1.500000000620882 -2.5000000000000004 87.5
      vertex -1.4942920456329984 -2.369266385212541 87.5
      vertex 1.03275363954405 -1.4137682039290669 87.5
    endloop
  endfacet
  facet normal 0 0 -1
    outer loop
      vertex -1.4942920456329984 -2.369266385212541 87.5
      vertex -1.477211629971862 -2.2395277333756294 87.5
      vertex 1.03275363954405 -1.4137682039290669 87.5
    endloop
  endfacet
  facet normal 0 0 -1
    outer loop
      vertex -1.477211629971862 -2.2395277333756294 87.5
      vertex -1.4488887383292122 -2.1117714326828723 87.5
      vertex 1.03275363954405 -1.4137682039290669 87.5
    endloop
  endfacet
  facet normal 0 0 -1
    outer loop
      vertex -1.4488887383292122 -2.1117714326828723 87.5
      vertex -1.4095389315237603 -1.9869697839021687 87.5
      vertex 1.03275363954405 -1.4137682039290669 87.5
    endloop
  endfacet
  facet normal 0 0 -1
    outer loop
      vertex -1.4095389315237603 -1.9869697839021687 87.5
      vertex -1.359461679433783 -1.8660726087788744 87.5
      vertex 1.03275363954405 -1.4137682039290669 87.5
    endloop
  endfacet
  facet normal 0 0 -1
    outer loop
      vertex -1.359461679433783 -1.8660726087788744 87.5
      vertex -1.2990381071964903 -1.7500000012417638 87.5
      vertex 1.03275363954405 -1.4137682039290669 87.5
    endloop
  endfacet
  facet normal 0 0 -1
    outer loop
      vertex -1.2990381071964903 -1.7500000012417638 87.5
      vertex -1.2287280677507324 -1.639635345588128 87.5
      vertex 1.03275363954405 -1.4137682039290669 87.5
    endloop
  endfacet
  facet normal 0 0 -1
    outer loop
      vertex -1.2287280677507324 -1.639635345588128 87.5
      vertex -1.1490666648993892 -1.53581858612597 87.5
      vertex 1.03275363954405 -1.4137682039290669 87.5
    endloop
  endfacet
  facet normal 0 0 -1
    outer loop
      vertex -1.1490666648993892 -1.53581858612597 87.5
      vertex -1.060660171012084 -1.4393398289879165 87.5
      vertex 1.03275363954405 -1.4137682039290669 87.5
    endloop
  endfacet
  facet normal 0 0 -1
    outer loop
      vertex -1.060660171012084 -3.5606601710120844 87.5
      vertex 1.060660171012084 -1.4393398289879165 87.5
      vertex -0.9641814138740303 -3.6490666648993897 87.5
    endloop
  endfacet
  facet normal 0 0 -1
    outer loop
      vertex -0.9641814138740303 -3.6490666648993897 87.5
      vertex 1.060660171012084 -1.4393398289879165 87.5
      vertex -0.8603646544118724 -3.728728067750733 87.5
    endloop
  endfacet
  facet normal 0 0 -1
    outer loop
      vertex -0.25000000062088173 -5.000000000000001 87.5
      vertex -0.25000000062088173 -3.9785903288672375 87.5
      vertex 0.25000000062088173 -3.9785903288672375 87.5
    endloop
  endfacet
  facet normal 0 0 -1
    outer loop
      vertex -0.8603646544118724 -3.728728067750733 87.5
      vertex 1.060660171012084 -1.4393398289879165 87.5
      vertex -0.7499999987582368 -3.7990381071964907 87.5
    endloop
  endfacet
  facet normal 0 0 -1
    outer loop
      vertex -0.7499999987582368 -3.7990381071964907 87.5
      vertex 1.060660171012084 -1.4393398289879165 87.5
      vertex -0.6339273912211261 -3.8594616794337835 87.5
    endloop
  endfacet
  facet normal 0 0 -1
    outer loop
      vertex -0.6339273912211261 -3.8594616794337835 87.5
      vertex 1.060660171012084 -1.4393398289879165 87.5
      vertex -0.5130302160978318 -3.9095389315237608 87.5
    endloop
  endfacet
  facet normal 0 0 -1
    outer loop
      vertex -1.060660171012084 -1.4393398289879165 87.5
      vertex -1.03275363954405 -1.4137682039290669 87.5
      vertex 1.03275363954405 -1.4137682039290669 87.5
    endloop
  endfacet
  facet normal 0 0 -1
    outer loop
      vertex -1.03275363954405 -1.4137682039290669 87.5
      vertex -0.7499999987582368 0 87.5
      vertex 0.7499999987582368 0 87.5
    endloop
  endfacet
  facet normal -0.9805127963855975 -0.1961025592771195 -0.011766153537146138
    outer loop
      vertex 1.6537056020138479 -0.20027944789012408 15.529190407706826
      vertex 1.7999999970197678 0 0
      vertex 2.4786087349057198 -3.39304368942976 0
    endloop
  endfacet
  facet normal -0.9805127963855976 -0.1961025592771188 -0.01176615353714613
    outer loop
      vertex 1.6537056020138479 -0.20027944789012408 15.529190407706826
      vertex 1.6142740807578997 0 15.477159714114306
      vertex 1.7999999970197678 0 0
    endloop
  endfacet
  facet normal -0.9805127963855975 -0.19610255927711942 -0.011766153537146135
    outer loop
      vertex 1.8908629027300998 -1.4091171851135498 15.913377635712372
      vertex 2.4786087349057198 -3.39304368942976 0
      vertex 1.9870947483579997 -1.9019910317746795 16.108621278062802
    endloop
  endfacet
  facet normal -0.9805127963855975 -0.19610255927711895 -0.01176615353714616
    outer loop
      vertex 2.069217230032611 -2.324406375958156 16.305336875228857
      vertex 2.4786087349057198 -3.39304368942976 0
      vertex 2.137731805619494 -2.6788485986366757 16.503159287958116
    endloop
  endfacet
  facet normal -0.9805127963855974 -0.1961025592771197 -0.0117661535371461
    outer loop
      vertex 1.9870947483579997 -1.9019910317746795 16.108621278062802
      vertex 2.4786087349057198 -3.39304368942976 0
      vertex 2.069217230032611 -2.324406375958156 16.305336875228857
    endloop
  endfacet
  facet normal -0.9805127963855975 -0.1961025592771196 -0.011766153537146114
    outer loop
      vertex 1.7799476238222285 -0.8429412750213223 15.72005237617777
      vertex 2.4786087349057198 -3.39304368942976 0
      vertex 1.8908629027300998 -1.4091171851135498 15.913377635712372
    endloop
  endfacet
  facet normal -0.9805127963855975 -0.1961025592771198 -0.011766153537146072
    outer loop
      vertex 1.6537056020138479 -0.20027944789012408 15.529190407706826
      vertex 2.4786087349057198 -3.39304368942976 0
      vertex 1.7799476238222285 -0.8429412750213223 15.72005237617777
    endloop
  endfacet
  facet normal -0.6755799422376273 -0.7372661250053111 0.005513852179482125
    outer loop
      vertex 2.201940150830043 -3.014303559920312 16.743379875537343
      vertex 2.4786087349057198 -3.39304368942976 0
      vertex 2.545584410429001 -3.454415589570999 0
    endloop
  endfacet
  facet normal -0.7372739113945941 -0.6755870771397752 0.003046437042148351
    outer loop
      vertex 2.2579191063304815 -3.064047269044893 16.95084061561564
      vertex 2.545584410429001 -3.454415589570999 0
      vertex 2.7577599957585335 -3.6859646067023277 0
    endloop
  endfacet
  facet normal -0.9805127963855974 -0.19610255927712003 -0.011766153537146103
    outer loop
      vertex 2.1930654308728053 -2.9674345352878597 16.701789461364115
      vertex 2.137731805619494 -2.6788485986366757 16.503159287958116
      vertex 2.4786087349057198 -3.39304368942976 0
    endloop
  endfacet
  facet normal -0.980512796385598 -0.19610255927711676 -0.011766153537146197
    outer loop
      vertex 2.1930654308728053 -2.9674345352878597 16.701789461364115
      vertex 2.4786087349057198 -3.39304368942976 0
      vertex 2.201940150830043 -3.014303559920312 16.743379875537343
    endloop
  endfacet
  facet normal -0.6755799422376263 -0.7372661250053121 0.005513852179482172
    outer loop
      vertex 2.201940150830043 -3.014303559920312 16.743379875537343
      vertex 2.545584410429001 -3.454415589570999 0
      vertex 2.2470310864995424 -3.054466094664496 16.89790983500482
    endloop
  endfacet
  facet normal -0.7372739113945922 -0.6755870771397772 0.003046437042148483
    outer loop
      vertex 2.2579191063304815 -3.064047269044893 16.95084061561564
      vertex 2.7577599957585335 -3.6859646067023277 0
      vertex 2.2874567218921147 -3.0956243751407353 17.09665966272748
    endloop
  endfacet
  facet normal -0.6755799422376353 -0.7372661250053039 0.005513852179481819
    outer loop
      vertex 2.2470310864995424 -3.054466094664496 16.89790983500482
      vertex 2.545584410429001 -3.454415589570999 0
      vertex 2.2579191063304815 -3.064047269044893 16.95084061561564
    endloop
  endfacet
  facet normal -0.7372739113945926 -0.6755870771397766 0.0030464370421484565
    outer loop
      vertex 2.2874567218921147 -3.0956243751407353 17.09665966272748
      vertex 2.7577599957585335 -3.6859646067023277 0
      vertex 2.311707544936655 -3.121182715760113 17.2977517964307
    endloop
  endfacet
  facet normal -0.7372739113946107 -0.675587077139757 0.0030464370421473437
    outer loop
      vertex 2.311707544936655 -3.121182715760113 17.2977517964307
      vertex 2.7577599957585335 -3.6859646067023277 0
      vertex 2.3198495214384 -3.129156122335131 17.5
    endloop
  endfacet
  facet normal 0 0.996815278536125 -0.07974522228289
    outer loop
      vertex 0.25000000062088173 -5.000000000000001 87.5
      vertex 0.6000000014901161 -12 0
      vertex -0.6000000014901161 -12 0
    endloop
  endfacet
  facet normal -0.999992000095959 0 -0.003999968010317865
    outer loop
      vertex 0.25000000062088173 -5.000000000000001 87.5
      vertex 0.6000000014901161 -9.548616789281368 0
      vertex 0.6000000014901161 -12 0
    endloop
  endfacet
  facet normal -0.13026261505190218 0.9894435686500627 -0.06350650027255804
    outer loop
      vertex 0.25000000062088173 -3.9785903288672375 87.5
      vertex 0.6251334398984909 -9.545307911932468 0
      vertex 0.6000000014901161 -9.548616789281368 0
    endloop
  endfacet
  facet normal -0.21601098281651926 0.9743625199656047 -0.06290417306441393
    outer loop
      vertex 0.2604722666243713 -3.9772116299718627 87.5
      vertex 0.9317485615611076 -9.477332971990108 0
      vertex 0.6251334398984909 -9.545307911932468 0
    endloop
  endfacet
  facet normal -0.30012715574509713 0.9518817732965779 -0.06200629040767325
    outer loop
      vertex 0.38822856731712824 -3.9488887383292126 87.5
      vertex 1.2312725186347961 -9.382893435657024 0
      vertex 0.9317485615611076 -9.477332971990108 0
    endloop
  endfacet
  facet normal -0.38197501678466356 0.9221692199477012 -0.06081953907589509
    outer loop
      vertex 0.5130302160978318 -3.9095389315237608 87.5
      vertex 1.5214257389307022 -9.262708030641079 0
      vertex 1.2312725186347961 -9.382893435657024 0
    endloop
  endfacet
  facet normal -0.460934566577371 0.8854471039301193 -0.059352771425567205
    outer loop
      vertex 0.6339273912211261 -3.8594616794337835 87.5
      vertex 1.7999999970197678 -9.117691457271576 0
      vertex 1.5214257389307022 -9.262708030641079 0
    endloop
  endfacet
  facet normal -0.9805127963855975 -0.19610255927711942 -0.01176615353714613
    outer loop
      vertex 1.643463849240941 -0.38483549597072353 19.4586039466316
      vertex 1.03275363954405 -1.4137682039290669 87.5
      vertex 1.565274731702689 0 19.56043880880916
    endloop
  endfacet
  facet normal -0.9805127963855975 -0.19610255927711956 -0.01176615353714613
    outer loop
      vertex 1.643463849240941 -0.38483549597072353 19.4586039466316
      vertex 1.7699856263339466 -1.0061272822366296 19.26998562633395
      vertex 1.03275363954405 -1.4137682039290669 87.5
    endloop
  endfacet
  facet normal -0.5364070242175814 0.8419903755513625 -0.05761694064175048
    outer loop
      vertex 0.7499999987582368 -3.7990381071964907 87.5
      vertex 2.0648751705884933 -8.948947362601757 0
      vertex 1.7999999970197678 -9.117691457271576 0
    endloop
  endfacet
  facet normal -0.6078189087195949 0.7921250089061108 -0.05562503454753676
    outer loop
      vertex 0.8603646544118724 -3.728728067750733 87.5
      vertex 2.3140353932976723 -8.757759995758533 0
      vertex 2.0648751705884933 -8.948947362601757 0
    endloop
  endfacet
  facet normal -0.6746265710083771 0.7362257029010085 -0.053391985141920575
    outer loop
      vertex 0.9641814138740303 -3.6490666648993897 87.5
      vertex 2.545584410429001 -8.545584410429 0
      vertex 2.3140353932976723 -8.757759995758533 0
    endloop
  endfacet
  facet normal -0.7363203411933901 0.674713291027012 -0.05093456641955556
    outer loop
      vertex 1.060660171012084 -3.5606601710120844 87.5
      vertex 2.7577599957585335 -8.314035393297672 0
      vertex 2.545584410429001 -8.545584410429 0
    endloop
  endfacet
  facet normal -0.7924284929115746 0.6080517801918257 -0.04827127745815504
    outer loop
      vertex 1.1490666648993892 -3.4641814138740306 87.5
      vertex 2.948947362601757 -8.064875170588493 0
      vertex 2.7577599957585335 -8.314035393297672 0
    endloop
  endfacet
  facet normal -0.8425209653176411 0.5367450471758882 -0.04542221188343543
    outer loop
      vertex 1.2287280677507324 -3.360364654411873 87.5
      vertex 3.117691457271576 -7.799999997019768 0
      vertex 2.948947362601757 -8.064875170588493 0
    endloop
  endfacet
  facet normal -0.8862128311594237 0.4613331789247256 -0.042408913115121114
    outer loop
      vertex 1.2990381071964903 -3.2499999987582373 87.5
      vertex 3.262708030641079 -7.521425738930702 0
      vertex 3.117691457271576 -7.799999997019768 0
    endloop
  endfacet
  facet normal -0.9231674513384086 0.38238849778573425 -0.039254216977499666
    outer loop
      vertex 1.359461679433783 -3.1339273912211265 87.5
      vertex 3.3828934356570244 -7.231272518634796 0
      vertex 3.262708030641079 -7.521425738930702 0
    endloop
  endfacet
  facet normal -0.9530993617217013 0.3005110598823034 -0.035982072954466406
    outer loop
      vertex 1.4095389315237603 -3.013030216097832 87.5
      vertex 3.4773329719901085 -6.931748561561108 0
      vertex 3.3828934356570244 -7.231272518634796 0
    endloop
  endfacet
  facet normal -0.9757765288302851 0.21632446105312178 -0.03261737779154043
    outer loop
      vertex 1.4488887383292122 -2.8882285673171286 87.5
      vertex 3.5453079119324684 -6.625133439898491 0
      vertex 3.4773329719901085 -6.931748561561108 0
    endloop
  endfacet
  facet normal -0.9910225124785402 0.1304705745205008 -0.02918576613714599
    outer loop
      vertex 1.477211629971862 -2.7604722666243715 87.5
      vertex 3.5863009095191956 -6.3137606754899025 0
      vertex 3.5453079119324684 -6.625133439898491 0
    endloop
  endfacet
  facet normal -0.9987178907158818 0.04360498082354797 -0.02571342862004447
    outer loop
      vertex 1.4942920456329984 -2.63073361478746 87.5
      vertex 3.600000001490116 -6 0
      vertex 3.5863009095191956 -6.3137606754899025 0
    endloop
  endfacet
  facet normal -0.9988014082113542 -0.043608627277488925 -0.022226888715895128
    outer loop
      vertex 1.500000000620882 -2.5000000000000004 87.5
      vertex 3.5863009095191956 -5.6862393245100975 0
      vertex 3.600000001490116 -6 0
    endloop
  endfacet
  facet normal -0.9912705182164527 -0.13050322509170617 -0.018752811937115834
    outer loop
      vertex 1.4942920456329984 -2.369266385212541 87.5
      vertex 3.5453079119324684 -5.374866560101509 0
      vertex 3.5863009095191956 -5.6862393245100975 0
    endloop
  endfacet
  facet normal -0.7933532794345817 -0.6087613938625126 0.00037330010116978774
    outer loop
      vertex 1.2287280677507324 -1.639635345588128 87.5
      vertex 2.7577599957585335 -3.6859646067023277 0
      vertex 2.948947362601757 -3.9351248294115067 0
    endloop
  endfacet
  facet normal -0.8433888431810664 -0.5372979463486365 -0.0024851654351881426
    outer loop
      vertex 1.2990381071964903 -1.7500000012417638 87.5
      vertex 2.948947362601757 -3.9351248294115067 0
      vertex 3.117691457271576 -4.200000002980232 0
    endloop
  endfacet
  facet normal -0.8869973907385628 -0.46174159477244753 -0.00550712992204945
    outer loop
      vertex 1.359461679433783 -1.8660726087788744 87.5
      vertex 3.117691457271576 -4.200000002980232 0
      vertex 3.262708030641079 -4.478574261069298 0
    endloop
  endfacet
  facet normal -0.9238448056535746 -0.38266906714362214 -0.008669493545700931
    outer loop
      vertex 1.4095389315237603 -1.9869697839021687 87.5
      vertex 3.262708030641079 -4.478574261069298 0
      vertex 3.3828934356570244 -4.768727481365204 0
    endloop
  endfacet
  facet normal -0.9536488778720139 -0.30068432165057857 -0.011948072940027744
    outer loop
      vertex 1.4488887383292122 -2.1117714326828723 87.5
      vertex 3.3828934356570244 -4.768727481365204 0
      vertex 3.4773329719901085 -5.068251438438892 0
    endloop
  endfacet
  facet normal -0.9761814614900965 -0.21641423246779415 -0.015317774917876427
    outer loop
      vertex 1.477211629971862 -2.2395277333756294 87.5
      vertex 3.4773329719901085 -5.068251438438892 0
      vertex 3.5453079119324684 -5.374866560101509 0
    endloop
  endfacet
  facet normal -0.7372739113945929 -0.6755870771397763 0.0030464370421484097
    outer loop
      vertex 2.3198495214384 -3.129156122335131 17.5
      vertex 2.7577599957585335 -3.6859646067023277 0
      vertex 1.1490666648993892 -1.53581858612597 87.5
    endloop
  endfacet
  facet normal -0.9805127963855974 -0.19610255927712006 -0.011766153537146115
    outer loop
      vertex 2.131014707703861 -2.7646960602538755 18.493708477843246
      vertex 2.175591163130999 -2.9782336206934965 18.337963199317542
      vertex 1.03275363954405 -1.4137682039290669 87.5
    endloop
  endfacet
  facet normal -0.9805127963855976 -0.19610255927711862 -0.01176615353714615
    outer loop
      vertex 2.061429990851128 -2.428559996908108 18.69016716013347
      vertex 2.131014707703861 -2.7646960602538755 18.493708477843246
      vertex 1.03275363954405 -1.4137682039290669 87.5
    endloop
  endfacet
  facet normal -0.6755799422376153 -0.7372661250053221 0.005513852179482565
    outer loop
      vertex 2.175591163130999 -2.9782336206934965 18.337963199317542
      vertex 2.1910179521344286 -2.9926725433534647 18.297465317319826
      vertex 1.060660171012084 -1.4393398289879165 87.5
    endloop
  endfacet
  facet normal -0.675579942237633 -0.737266125005306 0.005513852179481916
    outer loop
      vertex 2.1910179521344286 -2.9926725433534647 18.297465317319826
      vertex 2.237798555469412 -3.036743226688065 18.13645544606307
      vertex 1.060660171012084 -1.4393398289879165 87.5
    endloop
  endfacet
  facet normal -0.9805127963855975 -0.19610255927711942 -0.011766153537146133
    outer loop
      vertex 1.7699856263339466 -1.0061272822366296 19.26998562633395
      vertex 1.881423822541512 -1.5518412478483863 19.07870203558273
      vertex 1.03275363954405 -1.4137682039290669 87.5
    endloop
  endfacet
  facet normal -0.9805127963855976 -0.19610255927711934 -0.011766153537146131
    outer loop
      vertex 1.881423822541512 -1.5518412478483863 19.07870203558273
      vertex 1.9783905884690705 -2.0250699955845803 18.885284003569186
      vertex 1.03275363954405 -1.4137682039290669 87.5
    endloop
  endfacet
  facet normal -0.9805127963855973 -0.19610255927712006 -0.01176615353714612
    outer loop
      vertex 1.9783905884690705 -2.0250699955845803 18.885284003569186
      vertex 2.061429990851128 -2.428559996908108 18.69016716013347
      vertex 1.03275363954405 -1.4137682039290669 87.5
    endloop
  endfacet
  facet normal -0.7372739113946045 -0.6755870771397636 0.003046437042147928
    outer loop
      vertex 2.311850962021237 -3.1195151684873745 17.702260750938358
      vertex 1.1490666648993892 -1.53581858612597 87.5
      vertex 2.2877397533184465 -3.092295444921077 17.90339024334937
    endloop
  endfacet
  facet normal -0.737273911394589 -0.6755870771397806 0.0030464370421485584
    outer loop
      vertex 2.24760382209458 -3.047598069345394 18.102243629035346
      vertex 1.1490666648993892 -1.53581858612597 87.5
      vertex 2.237798555469412 -3.036743226688065 18.13645544606307
    endloop
  endfacet
  facet normal -0.7372739113945893 -0.6755870771397803 0.0030464370421485433
    outer loop
      vertex 2.24760382209458 -3.047598069345394 18.102243629035346
      vertex 2.2877397533184465 -3.092295444921077 17.90339024334937
      vertex 1.1490666648993892 -1.53581858612597 87.5
    endloop
  endfacet
  facet normal -0.7372739113945999 -0.675587077139769 0.0030464370421481243
    outer loop
      vertex 2.3198495214384 -3.129156122335131 17.5
      vertex 1.1490666648993892 -1.53581858612597 87.5
      vertex 2.311850962021237 -3.1195151684873745 17.702260750938358
    endloop
  endfacet
  facet normal -0.9999920000959589 0 -0.003999968010317863
    outer loop
      vertex 0.25000000062088173 -5.000000000000001 87.5
      vertex 0.25000000062088173 -3.9785903288672375 87.5
      vertex 0.6000000014901161 -9.548616789281368 0
    endloop
  endfacet
  facet normal -0.13026261505188777 0.9894435686500648 -0.06350650027255811
    outer loop
      vertex 0.25000000062088173 -3.9785903288672375 87.5
      vertex 0.2604722666243713 -3.9772116299718627 87.5
      vertex 0.6251334398984909 -9.545307911932468 0
    endloop
  endfacet
  facet normal -0.21601098281652034 0.9743625199656046 -0.06290417306441393
    outer loop
      vertex 0.2604722666243713 -3.9772116299718627 87.5
      vertex 0.38822856731712824 -3.9488887383292126 87.5
      vertex 0.9317485615611076 -9.477332971990108 0
    endloop
  endfacet
  facet normal -0.30012715574509796 0.9518817732965774 -0.06200629040767325
    outer loop
      vertex 0.38822856731712824 -3.9488887383292126 87.5
      vertex 0.5130302160978318 -3.9095389315237608 87.5
      vertex 1.2312725186347961 -9.382893435657024 0
    endloop
  endfacet
  facet normal -0.3819750167846636 0.9221692199477013 -0.0608195390758951
    outer loop
      vertex 0.5130302160978318 -3.9095389315237608 87.5
      vertex 0.6339273912211261 -3.8594616794337835 87.5
      vertex 1.5214257389307022 -9.262708030641079 0
    endloop
  endfacet
  facet normal -0.46093456657737 0.8854471039301197 -0.05935277142556722
    outer loop
      vertex 0.6339273912211261 -3.8594616794337835 87.5
      vertex 0.7499999987582368 -3.7990381071964907 87.5
      vertex 1.7999999970197678 -9.117691457271576 0
    endloop
  endfacet
  facet normal -0.5364070242175814 0.8419903755513622 -0.057616940641750464
    outer loop
      vertex 0.7499999987582368 -3.7990381071964907 87.5
      vertex 0.8603646544118724 -3.728728067750733 87.5
      vertex 2.0648751705884933 -8.948947362601757 0
    endloop
  endfacet
  facet normal -0.6078189087195945 0.792125008906111 -0.055625034547536784
    outer loop
      vertex 0.8603646544118724 -3.728728067750733 87.5
      vertex 0.9641814138740303 -3.6490666648993897 87.5
      vertex 2.3140353932976723 -8.757759995758533 0
    endloop
  endfacet
  facet normal -0.9805127963855975 -0.1961025592771194 -0.01176615353714613
    outer loop
      vertex 1.03275363954405 -1.4137682039290669 87.5
      vertex 0.7499999987582368 0 87.5
      vertex 1.565274731702689 0 19.56043880880916
    endloop
  endfacet
  facet normal -0.6755799422376235 -0.7372661250053146 0.005513852179482269
    outer loop
      vertex 2.175591163130999 -2.9782336206934965 18.337963199317542
      vertex 1.060660171012084 -1.4393398289879165 87.5
      vertex 1.03275363954405 -1.4137682039290669 87.5
    endloop
  endfacet
  facet normal -0.7372739113945941 -0.6755870771397752 0.0030464370421483524
    outer loop
      vertex 2.237798555469412 -3.036743226688065 18.13645544606307
      vertex 1.1490666648993892 -1.53581858612597 87.5
      vertex 1.060660171012084 -1.4393398289879165 87.5
    endloop
  endfacet
  facet normal -0.6746265710083766 0.736225702901009 -0.0533919851419206
    outer loop
      vertex 0.9641814138740303 -3.6490666648993897 87.5
      vertex 1.060660171012084 -3.5606601710120844 87.5
      vertex 2.545584410429001 -8.545584410429 0
    endloop
  endfacet
  facet normal -0.7363203411933911 0.674713291027011 -0.05093456641955554
    outer loop
      vertex 1.060660171012084 -3.5606601710120844 87.5
      vertex 1.1490666648993892 -3.4641814138740306 87.5
      vertex 2.7577599957585335 -8.314035393297672 0
    endloop
  endfacet
  facet normal -0.7924284929115742 0.6080517801918263 -0.04827127745815509
    outer loop
      vertex 1.1490666648993892 -3.4641814138740306 87.5
      vertex 1.2287280677507324 -3.360364654411873 87.5
      vertex 2.948947362601757 -8.064875170588493 0
    endloop
  endfacet
  facet normal -0.8425209653176408 0.5367450471758888 -0.04542221188343545
    outer loop
      vertex 1.2287280677507324 -3.360364654411873 87.5
      vertex 1.2990381071964903 -3.2499999987582373 87.5
      vertex 3.117691457271576 -7.799999997019768 0
    endloop
  endfacet
  facet normal -0.8862128311594245 0.46133317892472425 -0.04240891311512109
    outer loop
      vertex 1.2990381071964903 -3.2499999987582373 87.5
      vertex 1.359461679433783 -3.1339273912211265 87.5
      vertex 3.262708030641079 -7.521425738930702 0
    endloop
  endfacet
  facet normal -0.9231674513384088 0.3823884977857338 -0.03925421697749965
    outer loop
      vertex 1.359461679433783 -3.1339273912211265 87.5
      vertex 1.4095389315237603 -3.013030216097832 87.5
      vertex 3.3828934356570244 -7.231272518634796 0
    endloop
  endfacet
  facet normal -0.7933532794345819 -0.6087613938625124 0.00037330010116976985
    outer loop
      vertex 1.1490666648993892 -1.53581858612597 87.5
      vertex 2.7577599957585335 -3.6859646067023277 0
      vertex 1.2287280677507324 -1.639635345588128 87.5
    endloop
  endfacet
  facet normal -0.8433888431810665 -0.5372979463486363 -0.002485165435188153
    outer loop
      vertex 1.2287280677507324 -1.639635345588128 87.5
      vertex 2.948947362601757 -3.9351248294115067 0
      vertex 1.2990381071964903 -1.7500000012417638 87.5
    endloop
  endfacet
  facet normal -0.8869973907385631 -0.46174159477244686 -0.00550712992204948
    outer loop
      vertex 1.2990381071964903 -1.7500000012417638 87.5
      vertex 3.117691457271576 -4.200000002980232 0
      vertex 1.359461679433783 -1.8660726087788744 87.5
    endloop
  endfacet
  facet normal -0.9238448056535747 -0.3826690671436217 -0.008669493545700947
    outer loop
      vertex 1.359461679433783 -1.8660726087788744 87.5
      vertex 3.262708030641079 -4.478574261069298 0
      vertex 1.4095389315237603 -1.9869697839021687 87.5
    endloop
  endfacet
  facet normal -0.9530993617217005 0.3005110598823049 -0.03598207295446645
    outer loop
      vertex 1.4095389315237603 -3.013030216097832 87.5
      vertex 1.4488887383292122 -2.8882285673171286 87.5
      vertex 3.4773329719901085 -6.931748561561108 0
    endloop
  endfacet
  facet normal -0.9757765288302853 0.21632446105312145 -0.032617377791540426
    outer loop
      vertex 1.4488887383292122 -2.8882285673171286 87.5
      vertex 1.477211629971862 -2.7604722666243715 87.5
      vertex 3.5453079119324684 -6.625133439898491 0
    endloop
  endfacet
  facet normal -0.9910225124785401 0.13047057452050148 -0.029185766137146026
    outer loop
      vertex 1.477211629971862 -2.7604722666243715 87.5
      vertex 1.4942920456329984 -2.63073361478746 87.5
      vertex 3.5863009095191956 -6.3137606754899025 0
    endloop
  endfacet
  facet normal -0.9987178907158817 0.04360498082354797 -0.025713428620044443
    outer loop
      vertex 1.4942920456329984 -2.63073361478746 87.5
      vertex 1.500000000620882 -2.5000000000000004 87.5
      vertex 3.600000001490116 -6 0
    endloop
  endfacet
  facet normal -0.9912705182164526 -0.13050322509170686 -0.018752811937115817
    outer loop
      vertex 1.477211629971862 -2.2395277333756294 87.5
      vertex 3.5453079119324684 -5.374866560101509 0
      vertex 1.4942920456329984 -2.369266385212541 87.5
    endloop
  endfacet
  facet normal -0.9988014082113543 -0.04360862727748893 -0.022226888715895145
    outer loop
      vertex 1.500000000620882 -2.5000000000000004 87.5
      vertex 1.4942920456329984 -2.369266385212541 87.5
      vertex 3.5863009095191956 -5.6862393245100975 0
    endloop
  endfacet
  facet normal -0.9536488778720136 -0.30068432165057923 -0.011948072940027669
    outer loop
      vertex 1.4095389315237603 -1.9869697839021687 87.5
      vertex 3.3828934356570244 -4.768727481365204 0
      vertex 1.4488887383292122 -2.1117714326828723 87.5
    endloop
  endfacet
  facet normal -0.9761814614900968 -0.21641423246779312 -0.015317774917876427
    outer loop
      vertex 1.477211629971862 -2.2395277333756294 87.5
      vertex 1.4488887383292122 -2.1117714326828723 87.5
      vertex 3.4773329719901085 -5.068251438438892 0
    endloop
  endfacet
  facet normal 0 0 -1
    outer loop
      vertex -0.25000000062088173 -5.000000000000001 87.5
      vertex 0.25000000062088173 -3.9785903288672375 87.5
      vertex 0.25000000062088173 -5.000000000000001 87.5
    endloop
  endfacet
  facet normal 0 0 -1
    outer loop
      vertex -0.5130302160978318 -3.9095389315237608 87.5
      vertex 1.060660171012084 -1.4393398289879165 87.5
      vertex -0.38822856731712824 -3.9488887383292126 87.5
    endloop
  endfacet
  facet normal 0 0 -1
    outer loop
      vertex -0.25000000062088173 -3.9785903288672375 87.5
      vertex 0.8603646544118724 -3.728728067750733 87.5
      vertex 0.25000000062088173 -3.9785903288672375 87.5
    endloop
  endfacet
  facet normal 0 0 -1
    outer loop
      vertex -0.38822856731712824 -3.9488887383292126 87.5
      vertex 1.2287280677507324 -1.639635345588128 87.5
      vertex -0.2604722666243713 -3.9772116299718627 87.5
    endloop
  endfacet
  facet normal 0 0 -1
    outer loop
      vertex -0.2604722666243713 -3.9772116299718627 87.5
      vertex 1.2287280677507324 -1.639635345588128 87.5
      vertex -0.25000000062088173 -3.9785903288672375 87.5
    endloop
  endfacet
  facet normal 0 0 -1
    outer loop
      vertex -1.060660171012084 -3.5606601710120844 87.5
      vertex 1.03275363954405 -1.4137682039290669 87.5
      vertex 1.060660171012084 -1.4393398289879165 87.5
    endloop
  endfacet
  facet normal 0 0 -1
    outer loop
      vertex -1.03275363954405 -1.4137682039290669 87.5
      vertex 0.7499999987582368 0 87.5
      vertex 1.03275363954405 -1.4137682039290669 87.5
    endloop
  endfacet
  facet normal 0 0 -1
    outer loop
      vertex 0.2604722666243713 -3.9772116299718627 87.5
      vertex 0.6339273912211261 -3.8594616794337835 87.5
      vertex 0.38822856731712824 -3.9488887383292126 87.5
    endloop
  endfacet
  facet normal 0 0 -1
    outer loop
      vertex 0.25000000062088173 -3.9785903288672375 87.5
      vertex 0.8603646544118724 -3.728728067750733 87.5
      vertex 0.2604722666243713 -3.9772116299718627 87.5
    endloop
  endfacet
  facet normal 0 0 -1
    outer loop
      vertex 0.38822856731712824 -3.9488887383292126 87.5
      vertex 0.6339273912211261 -3.8594616794337835 87.5
      vertex 0.5130302160978318 -3.9095389315237608 87.5
    endloop
  endfacet
  facet normal 0 0 -1
    outer loop
      vertex 0.2604722666243713 -3.9772116299718627 87.5
      vertex 0.7499999987582368 -3.7990381071964907 87.5
      vertex 0.6339273912211261 -3.8594616794337835 87.5
    endloop
  endfacet
  facet normal 0 0 -1
    outer loop
      vertex -0.25000000062088173 -3.9785903288672375 87.5
      vertex 0.9641814138740303 -3.6490666648993897 87.5
      vertex 0.8603646544118724 -3.728728067750733 87.5
    endloop
  endfacet
  facet normal 0 0 -1
    outer loop
      vertex 0.2604722666243713 -3.9772116299718627 87.5
      vertex 0.8603646544118724 -3.728728067750733 87.5
      vertex 0.7499999987582368 -3.7990381071964907 87.5
    endloop
  endfacet
  facet normal 0 0 -1
    outer loop
      vertex -0.25000000062088173 -3.9785903288672375 87.5
      vertex 1.060660171012084 -3.5606601710120844 87.5
      vertex 0.9641814138740303 -3.6490666648993897 87.5
    endloop
  endfacet
  facet normal 0 0 -1
    outer loop
      vertex -0.25000000062088173 -3.9785903288672375 87.5
      vertex 1.1490666648993892 -3.4641814138740306 87.5
      vertex 1.060660171012084 -3.5606601710120844 87.5
    endloop
  endfacet
  facet normal 0 0 -1
    outer loop
      vertex -0.25000000062088173 -3.9785903288672375 87.5
      vertex 1.2287280677507324 -3.360364654411873 87.5
      vertex 1.1490666648993892 -3.4641814138740306 87.5
    endloop
  endfacet
  facet normal 0 0 -1
    outer loop
      vertex -0.38822856731712824 -3.9488887383292126 87.5
      vertex 1.060660171012084 -1.4393398289879165 87.5
      vertex 1.1490666648993892 -1.53581858612597 87.5
    endloop
  endfacet
  facet normal 0 0 -1
    outer loop
      vertex -0.38822856731712824 -3.9488887383292126 87.5
      vertex 1.1490666648993892 -1.53581858612597 87.5
      vertex 1.2287280677507324 -1.639635345588128 87.5
    endloop
  endfacet
  facet normal 0 0 -1
    outer loop
      vertex -0.25000000062088173 -3.9785903288672375 87.5
      vertex 1.2990381071964903 -3.2499999987582373 87.5
      vertex 1.2287280677507324 -3.360364654411873 87.5
    endloop
  endfacet
  facet normal 0 0 -1
    outer loop
      vertex -0.25000000062088173 -3.9785903288672375 87.5
      vertex 1.359461679433783 -3.1339273912211265 87.5
      vertex 1.2990381071964903 -3.2499999987582373 87.5
    endloop
  endfacet
  facet normal 0 0 -1
    outer loop
      vertex -0.25000000062088173 -3.9785903288672375 87.5
      vertex 1.4095389315237603 -3.013030216097832 87.5
      vertex 1.359461679433783 -3.1339273912211265 87.5
    endloop
  endfacet
  facet normal 0 0 -1
    outer loop
      vertex -0.25000000062088173 -3.9785903288672375 87.5
      vertex 1.4488887383292122 -2.8882285673171286 87.5
      vertex 1.4095389315237603 -3.013030216097832 87.5
    endloop
  endfacet
  facet normal 0 0 -1
    outer loop
      vertex -0.25000000062088173 -3.9785903288672375 87.5
      vertex 1.2287280677507324 -1.639635345588128 87.5
      vertex 1.2990381071964903 -1.7500000012417638 87.5
    endloop
  endfacet
  facet normal 0 0 -1
    outer loop
      vertex -0.25000000062088173 -3.9785903288672375 87.5
      vertex 1.2990381071964903 -1.7500000012417638 87.5
      vertex 1.359461679433783 -1.8660726087788744 87.5
    endloop
  endfacet
  facet normal 0 0 -1
    outer loop
      vertex -0.25000000062088173 -3.9785903288672375 87.5
      vertex 1.359461679433783 -1.8660726087788744 87.5
      vertex 1.4095389315237603 -1.9869697839021687 87.5
    endloop
  endfacet
  facet normal 0 0 -1
    outer loop
      vertex -0.25000000062088173 -3.9785903288672375 87.5
      vertex 1.477211629971862 -2.7604722666243715 87.5
      vertex 1.4488887383292122 -2.8882285673171286 87.5
    endloop
  endfacet
  facet normal 0 0 -1
    outer loop
      vertex -0.25000000062088173 -3.9785903288672375 87.5
      vertex 1.4942920456329984 -2.63073361478746 87.5
      vertex 1.477211629971862 -2.7604722666243715 87.5
    endloop
  endfacet
  facet normal 0 0 -1
    outer loop
      vertex -0.25000000062088173 -3.9785903288672375 87.5
      vertex 1.500000000620882 -2.5000000000000004 87.5
      vertex 1.4942920456329984 -2.63073361478746 87.5
    endloop
  endfacet
  facet normal 0 0 -1
    outer loop
      vertex -0.25000000062088173 -3.9785903288672375 87.5
      vertex 1.4488887383292122 -2.1117714326828723 87.5
      vertex 1.477211629971862 -2.2395277333756294 87.5
    endloop
  endfacet
  facet normal 0 0 -1
    outer loop
      vertex -0.25000000062088173 -3.9785903288672375 87.5
      vertex 1.477211629971862 -2.2395277333756294 87.5
      vertex 1.4942920456329984 -2.369266385212541 87.5
    endloop
  endfacet
  facet normal 0 0 -1
    outer loop
      vertex -0.25000000062088173 -3.9785903288672375 87.5
      vertex 1.4942920456329984 -2.369266385212541 87.5
      vertex 1.500000000620882 -2.5000000000000004 87.5
    endloop
  endfacet
  facet normal 0 0 -1
    outer loop
      vertex -0.25000000062088173 -3.9785903288672375 87.5
      vertex 1.4095389315237603 -1.9869697839021687 87.5
      vertex 1.4488887383292122 -2.1117714326828723 87.5
    endloop
  endfacet
  facet normal 0.950189146111833 -0.08593211956781881 0.29959348697501365
    outer loop
      vertex -2.1930654308728053 -67.03256546471214 16.701789461364115
      vertex -2.5017478900886867 -70 16.829658673184472
      vertex -2.4338038878355026 -70 16.614167828786517
    endloop
  endfacet
  facet normal 0.9204620966612617 -0.08593211956781893 0.38126788408746964
    outer loop
      vertex -2.137731805619494 -67.32115140136332 16.503159287958116
      vertex -2.4338038878355026 -70 16.614167828786517
      vertex -2.3473371684249233 -70 16.405418702091588
    endloop
  endfacet
  facet normal 0.9501891461118335 -0.08593211956781922 0.29959348697501204
    outer loop
      vertex -2.2470310864995424 -66.94553390533551 16.89790983500482
      vertex -2.5017478900886867 -70 16.829658673184472
      vertex -2.201940150830043 -66.98569644007969 16.743379875537343
    endloop
  endfacet
  facet normal 0.9501891461118388 -0.08593211956782024 0.29959348697499477
    outer loop
      vertex -2.201940150830043 -66.98569644007969 16.743379875537343
      vertex -2.5017478900886867 -70 16.829658673184472
      vertex -2.1930654308728053 -67.03256546471214 16.701789461364115
    endloop
  endfacet
  facet normal 0.9204620966612613 -0.08593211956781885 0.3812678840874706
    outer loop
      vertex -2.137731805619494 -67.32115140136332 16.503159287958116
      vertex -2.1930654308728053 -67.03256546471214 16.701789461364115
      vertex -2.4338038878355026 -70 16.614167828786517
    endloop
  endfacet
  facet normal 0.995352736306784 -0.08593211956781903 0.04345803899372209
    outer loop
      vertex -2.3198495214384 -66.87084387766487 17.5
      vertex -2.59 -70 17.5
      vertex -2.5801442680576208 -70 17.274266626283566
    endloop
  endfacet
  facet normal 0.987777500973075 -0.08593211956781914 0.13004337506374147
    outer loop
      vertex -2.2874567218921147 -66.90437562485927 17.09665966272748
      vertex -2.5801442680576208 -70 17.274266626283566
      vertex -2.5506520803016186 -70 17.05025121984265
    endloop
  endfacet
  facet normal 0.9953527363067839 -0.0859321195678193 -0.04345803899372195
    outer loop
      vertex -2.311850962021237 -66.88048483151263 17.702260750938358
      vertex -2.5801442680576208 -70 17.725733373716434
      vertex -2.59 -70 17.5
    endloop
  endfacet
  facet normal 0.987777500973075 -0.08593211956781896 -0.1300433750637414
    outer loop
      vertex -2.2877397533184465 -66.90770455507892 17.90339024334937
      vertex -2.5506520803016186 -70 17.94974878015735
      vertex -2.5801442680576208 -70 17.725733373716434
    endloop
  endfacet
  facet normal 0.9726846824205985 -0.08593211956781917 0.21563900252719015
    outer loop
      vertex -2.2470310864995424 -66.94553390533551 16.89790983500482
      vertex -2.5506520803016186 -70 17.05025121984265
      vertex -2.5017478900886867 -70 16.829658673184472
    endloop
  endfacet
  facet normal 0.9726846824205984 -0.08593211956781896 -0.2156390025271903
    outer loop
      vertex -2.24760382209458 -66.9524019306546 18.102243629035346
      vertex -2.5017478900886867 -70 18.170341326815528
      vertex -2.5506520803016186 -70 17.94974878015735
    endloop
  endfacet
  facet normal 0.950189146111833 -0.08593211956781875 -0.29959348697501376
    outer loop
      vertex -2.1910179521344286 -67.00732745664654 18.297465317319826
      vertex -2.4338038878355026 -70 18.385832171213483
      vertex -2.5017478900886867 -70 18.170341326815528
    endloop
  endfacet
  facet normal 0.9204620966612618 -0.08593211956781946 -0.3812678840874696
    outer loop
      vertex -2.131014707703861 -67.23530393974613 18.493708477843246
      vertex -2.3473371684249233 -70 18.594581297908412
      vertex -2.4338038878355026 -70 18.385832171213483
    endloop
  endfacet
  facet normal 0.9877775009730747 -0.085932119567819 0.1300433750637434
    outer loop
      vertex -2.311707544936655 -66.87881728423989 17.2977517964307
      vertex -2.5801442680576208 -70 17.274266626283566
      vertex -2.2874567218921147 -66.90437562485927 17.09665966272748
    endloop
  endfacet
  facet normal 0.9953527363067841 -0.08593211956781897 0.0434580389937212
    outer loop
      vertex -2.311707544936655 -66.87881728423989 17.2977517964307
      vertex -2.3198495214384 -66.87084387766487 17.5
      vertex -2.5801442680576208 -70 17.274266626283566
    endloop
  endfacet
  facet normal 0.9953527363067838 -0.08593211956781902 -0.04345803899372621
    outer loop
      vertex -2.3198495214384 -66.87084387766487 17.5
      vertex -2.311850962021237 -66.88048483151263 17.702260750938358
      vertex -2.59 -70 17.5
    endloop
  endfacet
  facet normal 0.9726846824205967 -0.0859321195678186 0.21563900252719834
    outer loop
      vertex -2.2579191063304815 -66.93595273095511 16.95084061561564
      vertex -2.5506520803016186 -70 17.05025121984265
      vertex -2.2470310864995424 -66.94553390533551 16.89790983500482
    endloop
  endfacet
  facet normal 0.9726846824205988 -0.0859321195678191 0.2156390025271888
    outer loop
      vertex -2.2579191063304815 -66.93595273095511 16.95084061561564
      vertex -2.2874567218921147 -66.90437562485927 17.09665966272748
      vertex -2.5506520803016186 -70 17.05025121984265
    endloop
  endfacet
  facet normal 0.9877775009730757 -0.08593211956781935 -0.13004337506373587
    outer loop
      vertex -2.311850962021237 -66.88048483151263 17.702260750938358
      vertex -2.2877397533184465 -66.90770455507892 17.90339024334937
      vertex -2.5801442680576208 -70 17.725733373716434
    endloop
  endfacet
  facet normal 0.9726846824205985 -0.08593211956781896 -0.2156390025271904
    outer loop
      vertex -2.2877397533184465 -66.90770455507892 17.90339024334937
      vertex -2.24760382209458 -66.9524019306546 18.102243629035346
      vertex -2.5506520803016186 -70 17.94974878015735
    endloop
  endfacet
  facet normal 0.9501891461118287 -0.08593211956781895 -0.2995934869750275
    outer loop
      vertex -2.24760382209458 -66.9524019306546 18.102243629035346
      vertex -2.237798555469412 -66.96325677331194 18.13645544606307
      vertex -2.5017478900886867 -70 18.170341326815528
    endloop
  endfacet
  facet normal 0.9501891461118351 -0.08593211956781925 -0.29959348697500643
    outer loop
      vertex -2.237798555469412 -66.96325677331194 18.13645544606307
      vertex -2.1910179521344286 -67.00732745664654 18.297465317319826
      vertex -2.5017478900886867 -70 18.170341326815528
    endloop
  endfacet
  facet normal 0.9204620966612551 -0.08593211956781865 -0.3812678840874858
    outer loop
      vertex -2.1910179521344286 -67.00732745664654 18.297465317319826
      vertex -2.175591163130999 -67.0217663793065 18.337963199317542
      vertex -2.4338038878355026 -70 18.385832171213483
    endloop
  endfacet
  facet normal 0.8837297748648898 -0.08593211956781832 0.46004060238617367
    outer loop
      vertex -2.069217230032611 -67.67559362404184 16.305336875228857
      vertex -2.3473371684249233 -70 16.405418702091588
      vertex -2.243005795801696 -70 16.205
    endloop
  endfacet
  facet normal 0.8402717358711674 -0.08593211956781907 0.53531213392061
    outer loop
      vertex -1.9870947483579997 -68.09800896822532 16.108621278062802
      vertex -2.243005795801696 -70 16.205
      vertex -2.1216037947084887 -70 16.01443702985079
    endloop
  endfacet
  facet normal 0.8837297748648929 -0.08593211956781896 0.4600406023861675
    outer loop
      vertex -2.069217230032611 -67.67559362404184 16.305336875228857
      vertex -2.137731805619494 -67.32115140136332 16.503159287958116
      vertex -2.3473371684249233 -70 16.405418702091588
    endloop
  endfacet
  facet normal 0.8402717358711637 -0.08593211956781824 0.535312133920616
    outer loop
      vertex -2.069217230032611 -67.67559362404184 16.305336875228857
      vertex -2.243005795801696 -70 16.205
      vertex -1.9870947483579997 -68.09800896822532 16.108621278062802
    endloop
  endfacet
  facet normal 0.7904187215975165 -0.08593211956781888 0.6065096168856102
    outer loop
      vertex -1.8908629027300998 -68.59088281488646 15.913377635712372
      vertex -2.1216037947084887 -70 16.01443702985079
      vertex -1.984055107678153 -70 15.835180090911864
    endloop
  endfacet
  facet normal 0.7345501435846457 -0.08593211956781882 0.673091195445579
    outer loop
      vertex -1.8908629027300998 -68.59088281488646 15.913377635712372
      vertex -1.984055107678153 -70 15.835180090911864
      vertex -1.7799476238222285 -69.15705872497868 15.72005237617777
    endloop
  endfacet
  facet normal 0.7904187215975174 -0.08593211956781908 0.6065096168856091
    outer loop
      vertex -1.9870947483579997 -68.09800896822532 16.108621278062802
      vertex -2.1216037947084887 -70 16.01443702985079
      vertex -1.8908629027300998 -68.59088281488646 15.913377635712372
    endloop
  endfacet
  facet normal 0.7345501435846469 -0.08593211956781935 0.6730911954455775
    outer loop
      vertex -1.7799476238222285 -69.15705872497868 15.72005237617777
      vertex -1.984055107678153 -70 15.835180090911864
      vertex -1.8314065632731582 -70 15.668593436726841
    endloop
  endfacet
  facet normal 0.673091195445577 -0.08593211956781933 0.7345501435846471
    outer loop
      vertex -1.7799476238222285 -69.15705872497868 15.72005237617777
      vertex -1.8314065632731582 -70 15.668593436726841
      vertex -1.6648199090881366 -70 15.515944892321848
    endloop
  endfacet
  facet normal 0.6730911954455787 -0.08593211956781875 0.7345501435846458
    outer loop
      vertex -1.7799476238222285 -69.15705872497868 15.72005237617777
      vertex -1.6648199090881366 -70 15.515944892321848
      vertex -1.6537056020138479 -69.79972055210987 15.529190407706826
    endloop
  endfacet
  facet normal 0.6065096168856017 -0.08593211956781867 0.7904187215975231
    outer loop
      vertex -1.6537056020138479 -69.79972055210987 15.529190407706826
      vertex -1.6648199090881366 -70 15.515944892321848
      vertex -1.6142740807578997 -70 15.477159714114306
    endloop
  endfacet
  facet normal 0.8837297748648898 -0.08593211956781871 -0.46004060238617356
    outer loop
      vertex -2.061429990851128 -67.5714400030919 18.69016716013347
      vertex -2.243005795801696 -70 18.795
      vertex -2.3473371684249233 -70 18.594581297908412
    endloop
  endfacet
  facet normal 0.8402717358711674 -0.08593211956781979 -0.5353121339206098
    outer loop
      vertex -1.9783905884690705 -67.97493000441543 18.885284003569186
      vertex -2.1216037947084887 -70 18.98556297014921
      vertex -2.243005795801696 -70 18.795
    endloop
  endfacet
  facet normal 0.9204620966612584 -0.08593211956781878 -0.3812678840874777
    outer loop
      vertex -2.175591163130999 -67.0217663793065 18.337963199317542
      vertex -2.131014707703861 -67.23530393974613 18.493708477843246
      vertex -2.4338038878355026 -70 18.385832171213483
    endloop
  endfacet
  facet normal 0.8837297748648939 -0.08593211956781953 -0.4600406023861653
    outer loop
      vertex -2.131014707703861 -67.23530393974613 18.493708477843246
      vertex -2.061429990851128 -67.5714400030919 18.69016716013347
      vertex -2.3473371684249233 -70 18.594581297908412
    endloop
  endfacet
  facet normal 0.8402717358711618 -0.08593211956781864 -0.5353121339206189
    outer loop
      vertex -2.061429990851128 -67.5714400030919 18.69016716013347
      vertex -1.9783905884690705 -67.97493000441543 18.885284003569186
      vertex -2.243005795801696 -70 18.795
    endloop
  endfacet
  facet normal 0.7904187215975194 -0.08593211956781992 -0.6065096168856065
    outer loop
      vertex -1.881423822541512 -68.44815875215161 19.07870203558273
      vertex -1.984055107678153 -70 19.164819909088138
      vertex -2.1216037947084887 -70 18.98556297014921
    endloop
  endfacet
  facet normal 0.7345501435846495 -0.08593211956782007 -0.6730911954455745
    outer loop
      vertex -1.881423822541512 -68.44815875215161 19.07870203558273
      vertex -1.7699856263339466 -68.99387271776337 19.26998562633395
      vertex -1.984055107678153 -70 19.164819909088138
    endloop
  endfacet
  facet normal 0.7904187215975189 -0.08593211956781983 -0.6065096168856069
    outer loop
      vertex -1.9783905884690705 -67.97493000441543 18.885284003569186
      vertex -1.881423822541512 -68.44815875215161 19.07870203558273
      vertex -2.1216037947084887 -70 18.98556297014921
    endloop
  endfacet
  facet normal 0.7345501435846434 -0.08593211956781804 -0.6730911954455814
    outer loop
      vertex -1.7699856263339466 -68.99387271776337 19.26998562633395
      vertex -1.8314065632731582 -70 19.33140656327316
      vertex -1.984055107678153 -70 19.164819909088138
    endloop
  endfacet
  facet normal 0.6730911954455788 -0.08593211956781799 -0.734550143584646
    outer loop
      vertex -1.7699856263339466 -68.99387271776337 19.26998562633395
      vertex -1.643463849240941 -69.61516450402928 19.4586039466316
      vertex -1.8314065632731582 -70 19.33140656327316
    endloop
  endfacet
  facet normal 0.6730911954455774 -0.08593211956781678 -0.7345501435846474
    outer loop
      vertex -1.643463849240941 -69.61516450402928 19.4586039466316
      vertex -1.6648199090881366 -70 19.484055107678152
      vertex -1.8314065632731582 -70 19.33140656327316
    endloop
  endfacet
  facet normal 0.606509616885608 -0.0859321195678165 -0.7904187215975185
    outer loop
      vertex -1.643463849240941 -69.61516450402928 19.4586039466316
      vertex -1.565274731702689 -70 19.56043880880916
      vertex -1.6648199090881366 -70 19.484055107678152
    endloop
  endfacet
  facet normal -0.6065096168856017 -0.08593211956781867 0.7904187215975231
    outer loop
      vertex 1.6537056020138479 -69.79972055210987 15.529190407706826
      vertex 1.6142740807578997 -70 15.477159714114306
      vertex 1.6648199090881366 -70 15.515944892321848
    endloop
  endfacet
  facet normal -0.6730911954455772 -0.08593211956781877 0.7345501435846473
    outer loop
      vertex 1.6537056020138479 -69.79972055210987 15.529190407706826
      vertex 1.6648199090881366 -70 15.515944892321848
      vertex 1.8314065632731582 -70 15.668593436726841
    endloop
  endfacet
  facet normal -0.6730911954455775 -0.08593211956781935 0.7345501435846468
    outer loop
      vertex 1.6537056020138479 -69.79972055210987 15.529190407706826
      vertex 1.8314065632731582 -70 15.668593436726841
      vertex 1.7799476238222285 -69.15705872497868 15.72005237617777
    endloop
  endfacet
  facet normal -0.7345501435846469 -0.08593211956781935 0.6730911954455775
    outer loop
      vertex 1.7799476238222285 -69.15705872497868 15.72005237617777
      vertex 1.8314065632731582 -70 15.668593436726841
      vertex 1.984055107678153 -70 15.835180090911864
    endloop
  endfacet
  facet normal -0.7345501435846457 -0.08593211956781882 0.673091195445579
    outer loop
      vertex 1.7799476238222285 -69.15705872497868 15.72005237617777
      vertex 1.984055107678153 -70 15.835180090911864
      vertex 1.8908629027300998 -68.59088281488646 15.913377635712372
    endloop
  endfacet
  facet normal -0.7904187215975165 -0.08593211956781888 0.6065096168856102
    outer loop
      vertex 1.8908629027300998 -68.59088281488646 15.913377635712372
      vertex 1.984055107678153 -70 15.835180090911864
      vertex 2.1216037947084887 -70 16.01443702985079
    endloop
  endfacet
  facet normal -0.7904187215975174 -0.0859321195678191 0.6065096168856091
    outer loop
      vertex 1.8908629027300998 -68.59088281488646 15.913377635712372
      vertex 2.1216037947084887 -70 16.01443702985079
      vertex 1.9870947483579997 -68.09800896822532 16.108621278062802
    endloop
  endfacet
  facet normal -0.8402717358711674 -0.08593211956781907 0.53531213392061
    outer loop
      vertex 1.9870947483579997 -68.09800896822532 16.108621278062802
      vertex 2.1216037947084887 -70 16.01443702985079
      vertex 2.243005795801696 -70 16.205
    endloop
  endfacet
  facet normal -0.8837297748648898 -0.08593211956781832 0.46004060238617367
    outer loop
      vertex 2.069217230032611 -67.67559362404184 16.305336875228857
      vertex 2.243005795801696 -70 16.205
      vertex 2.3473371684249233 -70 16.405418702091588
    endloop
  endfacet
  facet normal -0.8402717358711637 -0.08593211956781824 0.535312133920616
    outer loop
      vertex 1.9870947483579997 -68.09800896822532 16.108621278062802
      vertex 2.243005795801696 -70 16.205
      vertex 2.069217230032611 -67.67559362404184 16.305336875228857
    endloop
  endfacet
  facet normal -0.8837297748648929 -0.08593211956781896 0.4600406023861675
    outer loop
      vertex 2.069217230032611 -67.67559362404184 16.305336875228857
      vertex 2.3473371684249233 -70 16.405418702091588
      vertex 2.137731805619494 -67.32115140136332 16.503159287958116
    endloop
  endfacet
  facet normal -0.606509616885608 -0.0859321195678165 -0.7904187215975185
    outer loop
      vertex 1.643463849240941 -69.61516450402928 19.4586039466316
      vertex 1.6648199090881366 -70 19.484055107678152
      vertex 1.565274731702689 -70 19.56043880880916
    endloop
  endfacet
  facet normal -0.6730911954455814 -0.08593211956781675 -0.7345501435846437
    outer loop
      vertex 1.643463849240941 -69.61516450402928 19.4586039466316
      vertex 1.7699856263339466 -68.99387271776337 19.26998562633395
      vertex 1.6648199090881366 -70 19.484055107678152
    endloop
  endfacet
  facet normal -0.6730911954455773 -0.08593211956781797 -0.7345501435846473
    outer loop
      vertex 1.7699856263339466 -68.99387271776337 19.26998562633395
      vertex 1.8314065632731582 -70 19.33140656327316
      vertex 1.6648199090881366 -70 19.484055107678152
    endloop
  endfacet
  facet normal -0.7345501435846434 -0.08593211956781804 -0.6730911954455814
    outer loop
      vertex 1.7699856263339466 -68.99387271776337 19.26998562633395
      vertex 1.984055107678153 -70 19.164819909088138
      vertex 1.8314065632731582 -70 19.33140656327316
    endloop
  endfacet
  facet normal -0.7345501435846495 -0.08593211956782007 -0.6730911954455745
    outer loop
      vertex 1.7699856263339466 -68.99387271776337 19.26998562633395
      vertex 1.881423822541512 -68.44815875215161 19.07870203558273
      vertex 1.984055107678153 -70 19.164819909088138
    endloop
  endfacet
  facet normal -0.7904187215975194 -0.08593211956781992 -0.6065096168856065
    outer loop
      vertex 1.881423822541512 -68.44815875215161 19.07870203558273
      vertex 2.1216037947084887 -70 18.98556297014921
      vertex 1.984055107678153 -70 19.164819909088138
    endloop
  endfacet
  facet normal -0.7904187215975189 -0.08593211956781983 -0.606509616885607
    outer loop
      vertex 1.881423822541512 -68.44815875215161 19.07870203558273
      vertex 1.9783905884690705 -67.97493000441543 18.885284003569186
      vertex 2.1216037947084887 -70 18.98556297014921
    endloop
  endfacet
  facet normal -0.8402717358711674 -0.08593211956781979 -0.5353121339206098
    outer loop
      vertex 1.9783905884690705 -67.97493000441543 18.885284003569186
      vertex 2.243005795801696 -70 18.795
      vertex 2.1216037947084887 -70 18.98556297014921
    endloop
  endfacet
  facet normal -0.8837297748648898 -0.08593211956781871 -0.46004060238617356
    outer loop
      vertex 2.061429990851128 -67.5714400030919 18.69016716013347
      vertex 2.3473371684249233 -70 18.594581297908412
      vertex 2.243005795801696 -70 18.795
    endloop
  endfacet
  facet normal -0.8402717358711617 -0.08593211956781864 -0.5353121339206189
    outer loop
      vertex 1.9783905884690705 -67.97493000441543 18.885284003569186
      vertex 2.061429990851128 -67.5714400030919 18.69016716013347
      vertex 2.243005795801696 -70 18.795
    endloop
  endfacet
  facet normal -0.8837297748648939 -0.08593211956781954 -0.4600406023861653
    outer loop
      vertex 2.061429990851128 -67.5714400030919 18.69016716013347
      vertex 2.131014707703861 -67.23530393974613 18.493708477843246
      vertex 2.3473371684249233 -70 18.594581297908412
    endloop
  endfacet
  facet normal -0.9204620966612584 -0.0859321195678188 -0.3812678840874777
    outer loop
      vertex 2.131014707703861 -67.23530393974613 18.493708477843246
      vertex 2.175591163130999 -67.0217663793065 18.337963199317542
      vertex 2.4338038878355026 -70 18.385832171213483
    endloop
  endfacet
  facet normal -0.9204620966612617 -0.08593211956781893 0.38126788408746964
    outer loop
      vertex 2.137731805619494 -67.32115140136332 16.503159287958116
      vertex 2.3473371684249233 -70 16.405418702091588
      vertex 2.4338038878355026 -70 16.614167828786517
    endloop
  endfacet
  facet normal -0.950189146111833 -0.08593211956781881 0.29959348697501365
    outer loop
      vertex 2.1930654308728053 -67.03256546471214 16.701789461364115
      vertex 2.4338038878355026 -70 16.614167828786517
      vertex 2.5017478900886867 -70 16.829658673184472
    endloop
  endfacet
  facet normal -0.9204620966612613 -0.08593211956781885 0.3812678840874706
    outer loop
      vertex 2.137731805619494 -67.32115140136332 16.503159287958116
      vertex 2.4338038878355026 -70 16.614167828786517
      vertex 2.1930654308728053 -67.03256546471214 16.701789461364115
    endloop
  endfacet
  facet normal -0.9501891461118388 -0.08593211956782022 0.2995934869749947
    outer loop
      vertex 2.1930654308728053 -67.03256546471214 16.701789461364115
      vertex 2.5017478900886867 -70 16.829658673184472
      vertex 2.201940150830043 -66.98569644007969 16.743379875537343
    endloop
  endfacet
  facet normal -0.9501891461118335 -0.08593211956781921 0.2995934869750121
    outer loop
      vertex 2.201940150830043 -66.98569644007969 16.743379875537343
      vertex 2.5017478900886867 -70 16.829658673184472
      vertex 2.2470310864995424 -66.94553390533551 16.89790983500482
    endloop
  endfacet
  facet normal -0.9726846824205985 -0.08593211956781917 0.21563900252719015
    outer loop
      vertex 2.2470310864995424 -66.94553390533551 16.89790983500482
      vertex 2.5017478900886867 -70 16.829658673184472
      vertex 2.5506520803016186 -70 17.05025121984265
    endloop
  endfacet
  facet normal -0.9726846824205984 -0.08593211956781896 -0.2156390025271903
    outer loop
      vertex 2.24760382209458 -66.9524019306546 18.102243629035346
      vertex 2.5506520803016186 -70 17.94974878015735
      vertex 2.5017478900886867 -70 18.170341326815528
    endloop
  endfacet
  facet normal -0.9204620966612618 -0.08593211956781946 -0.3812678840874696
    outer loop
      vertex 2.131014707703861 -67.23530393974613 18.493708477843246
      vertex 2.4338038878355026 -70 18.385832171213483
      vertex 2.3473371684249233 -70 18.594581297908412
    endloop
  endfacet
  facet normal -0.950189146111833 -0.08593211956781875 -0.29959348697501376
    outer loop
      vertex 2.1910179521344286 -67.00732745664654 18.297465317319826
      vertex 2.5017478900886867 -70 18.170341326815528
      vertex 2.4338038878355026 -70 18.385832171213483
    endloop
  endfacet
  facet normal -0.9501891461118352 -0.08593211956781928 -0.29959348697500654
    outer loop
      vertex 2.1910179521344286 -67.00732745664654 18.297465317319826
      vertex 2.237798555469412 -66.96325677331194 18.13645544606307
      vertex 2.5017478900886867 -70 18.170341326815528
    endloop
  endfacet
  facet normal -0.9501891461118287 -0.08593211956781895 -0.2995934869750275
    outer loop
      vertex 2.24760382209458 -66.9524019306546 18.102243629035346
      vertex 2.5017478900886867 -70 18.170341326815528
      vertex 2.237798555469412 -66.96325677331194 18.13645544606307
    endloop
  endfacet
  facet normal -0.9726846824205968 -0.08593211956781859 0.2156390025271983
    outer loop
      vertex 2.2470310864995424 -66.94553390533551 16.89790983500482
      vertex 2.5506520803016186 -70 17.05025121984265
      vertex 2.2579191063304815 -66.93595273095511 16.95084061561564
    endloop
  endfacet
  facet normal -0.9726846824205988 -0.0859321195678191 0.2156390025271888
    outer loop
      vertex 2.2579191063304815 -66.93595273095511 16.95084061561564
      vertex 2.5506520803016186 -70 17.05025121984265
      vertex 2.2874567218921147 -66.90437562485927 17.09665966272748
    endloop
  endfacet
  facet normal -0.9877775009730747 -0.08593211956781897 0.1300433750637434
    outer loop
      vertex 2.2874567218921147 -66.90437562485927 17.09665966272748
      vertex 2.5801442680576208 -70 17.274266626283566
      vertex 2.311707544936655 -66.87881728423989 17.2977517964307
    endloop
  endfacet
  facet normal -0.995352736306784 -0.08593211956781903 0.0434580389937212
    outer loop
      vertex 2.311707544936655 -66.87881728423989 17.2977517964307
      vertex 2.59 -70 17.5
      vertex 2.3198495214384 -66.87084387766487 17.5
    endloop
  endfacet
  facet normal -0.9726846824205985 -0.08593211956781896 -0.2156390025271904
    outer loop
      vertex 2.24760382209458 -66.9524019306546 18.102243629035346
      vertex 2.2877397533184465 -66.90770455507892 17.90339024334937
      vertex 2.5506520803016186 -70 17.94974878015735
    endloop
  endfacet
  facet normal -0.9953527363067838 -0.08593211956781933 -0.04345803899372623
    outer loop
      vertex 2.3198495214384 -66.87084387766487 17.5
      vertex 2.5801442680576208 -70 17.725733373716434
      vertex 2.311850962021237 -66.88048483151263 17.702260750938358
    endloop
  endfacet
  facet normal -0.9877775009730757 -0.08593211956781935 -0.13004337506373587
    outer loop
      vertex 2.311850962021237 -66.88048483151263 17.702260750938358
      vertex 2.5801442680576208 -70 17.725733373716434
      vertex 2.2877397533184465 -66.90770455507892 17.90339024334937
    endloop
  endfacet
  facet normal -0.9204620966612551 -0.08593211956781861 -0.3812678840874857
    outer loop
      vertex 2.175591163130999 -67.0217663793065 18.337963199317542
      vertex 2.1910179521344286 -67.00732745664654 18.297465317319826
      vertex 2.4338038878355026 -70 18.385832171213483
    endloop
  endfacet
  facet normal -0.987777500973075 -0.08593211956781914 0.13004337506374147
    outer loop
      vertex 2.2874567218921147 -66.90437562485927 17.09665966272748
      vertex 2.5506520803016186 -70 17.05025121984265
      vertex 2.5801442680576208 -70 17.274266626283566
    endloop
  endfacet
  facet normal -0.9953527363067839 -0.08593211956781896 0.04345803899372212
    outer loop
      vertex 2.311707544936655 -66.87881728423989 17.2977517964307
      vertex 2.5801442680576208 -70 17.274266626283566
      vertex 2.59 -70 17.5
    endloop
  endfacet
  facet normal -0.995352736306784 -0.08593211956781903 -0.04345803899372209
    outer loop
      vertex 2.3198495214384 -66.87084387766487 17.5
      vertex 2.59 -70 17.5
      vertex 2.5801442680576208 -70 17.725733373716434
    endloop
  endfacet
  facet normal -0.987777500973075 -0.08593211956781896 -0.1300433750637414
    outer loop
      vertex 2.2877397533184465 -66.90770455507892 17.90339024334937
      vertex 2.5801442680576208 -70 17.725733373716434
      vertex 2.5506520803016186 -70 17.94974878015735
    endloop
  endfacet
  facet normal 0.9501891461118335 0.08593211956781908 0.29959348697501226
    outer loop
      vertex -2.2470310864995424 -3.054466094664496 16.89790983500482
      vertex -2.201940150830043 -3.014303559920312 16.743379875537343
      vertex -2.5017478900886867 0 16.829658673184472
    endloop
  endfacet
  facet normal 0.9501891461118336 0.0859321195678191 0.2995934869750116
    outer loop
      vertex -2.201940150830043 -3.014303559920312 16.743379875537343
      vertex -2.1930654308728053 -2.9674345352878597 16.701789461364115
      vertex -2.5017478900886867 0 16.829658673184472
    endloop
  endfacet
  facet normal 0.9204620966612619 0.085932119567819 0.3812678840874693
    outer loop
      vertex -2.1930654308728053 -2.9674345352878597 16.701789461364115
      vertex -2.137731805619494 -2.6788485986366757 16.503159287958116
      vertex -2.4338038878355026 0 16.614167828786517
    endloop
  endfacet
  facet normal 0.950189146111833 0.08593211956781896 0.29959348697501365
    outer loop
      vertex -2.1930654308728053 -2.9674345352878597 16.701789461364115
      vertex -2.4338038878355026 0 16.614167828786517
      vertex -2.5017478900886867 0 16.829658673184472
    endloop
  endfacet
  facet normal 0.9204620966612618 0.08593211956781896 0.38126788408746964
    outer loop
      vertex -2.137731805619494 -2.6788485986366757 16.503159287958116
      vertex -2.3473371684249233 0 16.405418702091588
      vertex -2.4338038878355026 0 16.614167828786517
    endloop
  endfacet
  facet normal 0.995352736306784 0.08593211956781906 0.0434580389937221
    outer loop
      vertex -2.3198495214384 -3.129156122335131 17.5
      vertex -2.5801442680576208 0 17.274266626283566
      vertex -2.59 0 17.5
    endloop
  endfacet
  facet normal 0.9877775009730749 0.085932119567819 0.13004337506374142
    outer loop
      vertex -2.2874567218921147 -3.0956243751407353 17.09665966272748
      vertex -2.5506520803016186 0 17.05025121984265
      vertex -2.5801442680576208 0 17.274266626283566
    endloop
  endfacet
  facet normal 0.995352736306784 0.08593211956781911 -0.04345803899372201
    outer loop
      vertex -2.311850962021237 -3.1195151684873745 17.702260750938358
      vertex -2.59 0 17.5
      vertex -2.5801442680576208 0 17.725733373716434
    endloop
  endfacet
  facet normal 0.987777500973075 0.08593211956781897 -0.13004337506374142
    outer loop
      vertex -2.2877397533184465 -3.092295444921077 17.90339024334937
      vertex -2.5801442680576208 0 17.725733373716434
      vertex -2.5506520803016186 0 17.94974878015735
    endloop
  endfacet
  facet normal 0.987777500973075 0.08593211956781903 0.13004337506374097
    outer loop
      vertex -2.311707544936655 -3.121182715760113 17.2977517964307
      vertex -2.2874567218921147 -3.0956243751407353 17.09665966272748
      vertex -2.5801442680576208 0 17.274266626283566
    endloop
  endfacet
  facet normal 0.9953527363067841 0.08593211956781899 0.043458038993720825
    outer loop
      vertex -2.311707544936655 -3.121182715760113 17.2977517964307
      vertex -2.5801442680576208 0 17.274266626283566
      vertex -2.3198495214384 -3.129156122335131 17.5
    endloop
  endfacet
  facet normal 0.995352736306784 0.08593211956781906 -0.04345803899372282
    outer loop
      vertex -2.3198495214384 -3.129156122335131 17.5
      vertex -2.59 0 17.5
      vertex -2.311850962021237 -3.1195151684873745 17.702260750938358
    endloop
  endfacet
  facet normal 0.9726846824205982 0.08593211956781893 0.21563900252719095
    outer loop
      vertex -2.2579191063304815 -3.064047269044893 16.95084061561564
      vertex -2.5506520803016186 0 17.05025121984265
      vertex -2.2874567218921147 -3.0956243751407353 17.09665966272748
    endloop
  endfacet
  facet normal 0.972684682420598 0.08593211956781885 0.21563900252719284
    outer loop
      vertex -2.2579191063304815 -3.064047269044893 16.95084061561564
      vertex -2.2470310864995424 -3.054466094664496 16.89790983500482
      vertex -2.5506520803016186 0 17.05025121984265
    endloop
  endfacet
  facet normal 0.9877775009730754 0.08593211956781917 -0.13004337506373903
    outer loop
      vertex -2.311850962021237 -3.1195151684873745 17.702260750938358
      vertex -2.5801442680576208 0 17.725733373716434
      vertex -2.2877397533184465 -3.092295444921077 17.90339024334937
    endloop
  endfacet
  facet normal 0.9726846824205981 0.08593211956781896 -0.21563900252719145
    outer loop
      vertex -2.2877397533184465 -3.092295444921077 17.90339024334937
      vertex -2.5506520803016186 0 17.94974878015735
      vertex -2.24760382209458 -3.047598069345394 18.102243629035346
    endloop
  endfacet
  facet normal 0.9501891461118351 0.08593211956781911 -0.2995934869750071
    outer loop
      vertex -2.24760382209458 -3.047598069345394 18.102243629035346
      vertex -2.5017478900886867 0 18.170341326815528
      vertex -2.237798555469412 -3.036743226688065 18.13645544606307
    endloop
  endfacet
  facet normal 0.9501891461118346 0.08593211956781908 -0.2995934869750088
    outer loop
      vertex -2.237798555469412 -3.036743226688065 18.13645544606307
      vertex -2.5017478900886867 0 18.170341326815528
      vertex -2.1910179521344286 -2.9926725433534647 18.297465317319826
    endloop
  endfacet
  facet normal 0.9204620966612511 0.08593211956781857 -0.3812678840874954
    outer loop
      vertex -2.1910179521344286 -2.9926725433534647 18.297465317319826
      vertex -2.4338038878355026 0 18.385832171213483
      vertex -2.175591163130999 -2.9782336206934965 18.337963199317542
    endloop
  endfacet
  facet normal 0.9726846824205985 0.08593211956781903 0.2156390025271903
    outer loop
      vertex -2.2470310864995424 -3.054466094664496 16.89790983500482
      vertex -2.5017478900886867 0 16.829658673184472
      vertex -2.5506520803016186 0 17.05025121984265
    endloop
  endfacet
  facet normal 0.9726846824205985 0.08593211956781907 -0.21563900252719026
    outer loop
      vertex -2.24760382209458 -3.047598069345394 18.102243629035346
      vertex -2.5506520803016186 0 17.94974878015735
      vertex -2.5017478900886867 0 18.170341326815528
    endloop
  endfacet
  facet normal 0.950189146111833 0.08593211956781872 -0.29959348697501365
    outer loop
      vertex -2.1910179521344286 -2.9926725433534647 18.297465317319826
      vertex -2.5017478900886867 0 18.170341326815528
      vertex -2.4338038878355026 0 18.385832171213483
    endloop
  endfacet
  facet normal 0.9204620966612618 0.08593211956781925 -0.38126788408746953
    outer loop
      vertex -2.131014707703861 -2.7646960602538755 18.493708477843246
      vertex -2.4338038878355026 0 18.385832171213483
      vertex -2.3473371684249233 0 18.594581297908412
    endloop
  endfacet
  facet normal 0.8837297748648918 0.08593211956781897 0.4600406023861694
    outer loop
      vertex -2.069217230032611 -2.324406375958156 16.305336875228857
      vertex -2.3473371684249233 0 16.405418702091588
      vertex -2.137731805619494 -2.6788485986366757 16.503159287958116
    endloop
  endfacet
  facet normal 0.8402717358711635 0.08593211956781846 0.535312133920616
    outer loop
      vertex -2.069217230032611 -2.324406375958156 16.305336875228857
      vertex -1.9870947483579997 -1.9019910317746795 16.108621278062802
      vertex -2.243005795801696 0 16.205
    endloop
  endfacet
  facet normal 0.8837297748648896 0.08593211956781854 0.46004060238617356
    outer loop
      vertex -2.069217230032611 -2.324406375958156 16.305336875228857
      vertex -2.243005795801696 0 16.205
      vertex -2.3473371684249233 0 16.405418702091588
    endloop
  endfacet
  facet normal 0.8402717358711673 0.0859321195678193 0.53531213392061
    outer loop
      vertex -1.9870947483579997 -1.9019910317746795 16.108621278062802
      vertex -2.1216037947084887 0 16.01443702985079
      vertex -2.243005795801696 0 16.205
    endloop
  endfacet
  facet normal 0.7904187215975197 0.08593211956781935 0.6065096168856062
    outer loop
      vertex -1.9870947483579997 -1.9019910317746795 16.108621278062802
      vertex -1.8908629027300998 -1.4091171851135498 15.913377635712372
      vertex -2.1216037947084887 0 16.01443702985079
    endloop
  endfacet
  facet normal 0.7904187215975165 0.08593211956781853 0.6065096168856102
    outer loop
      vertex -1.8908629027300998 -1.4091171851135498 15.913377635712372
      vertex -1.984055107678153 0 15.835180090911864
      vertex -2.1216037947084887 0 16.01443702985079
    endloop
  endfacet
  facet normal 0.734550143584646 0.08593211956781849 0.6730911954455786
    outer loop
      vertex -1.8908629027300998 -1.4091171851135498 15.913377635712372
      vertex -1.7799476238222285 -0.8429412750213223 15.72005237617777
      vertex -1.984055107678153 0 15.835180090911864
    endloop
  endfacet
  facet normal 0.7345501435846469 0.08593211956781885 0.6730911954455775
    outer loop
      vertex -1.7799476238222285 -0.8429412750213223 15.72005237617777
      vertex -1.8314065632731582 0 15.668593436726841
      vertex -1.984055107678153 0 15.835180090911864
    endloop
  endfacet
  facet normal 0.6730911954455772 0.08593211956781885 0.7345501435846472
    outer loop
      vertex -1.7799476238222285 -0.8429412750213223 15.72005237617777
      vertex -1.6648199090881366 0 15.515944892321848
      vertex -1.8314065632731582 0 15.668593436726841
    endloop
  endfacet
  facet normal 0.6730911954455762 0.08593211956781922 0.7345501435846482
    outer loop
      vertex -1.7799476238222285 -0.8429412750213223 15.72005237617777
      vertex -1.6537056020138479 -0.20027944789012408 15.529190407706826
      vertex -1.6648199090881366 0 15.515944892321848
    endloop
  endfacet
  facet normal 0.6065096168856017 0.0859321195678191 0.790418721597523
    outer loop
      vertex -1.6537056020138479 -0.20027944789012408 15.529190407706826
      vertex -1.6142740807578997 0 15.477159714114306
      vertex -1.6648199090881366 0 15.515944892321848
    endloop
  endfacet
  facet normal 0.9204620966612607 0.08593211956781903 -0.38126788408747203
    outer loop
      vertex -2.175591163130999 -2.9782336206934965 18.337963199317542
      vertex -2.4338038878355026 0 18.385832171213483
      vertex -2.131014707703861 -2.7646960602538755 18.493708477843246
    endloop
  endfacet
  facet normal 0.8837297748648931 0.08593211956781932 -0.46004060238616695
    outer loop
      vertex -2.131014707703861 -2.7646960602538755 18.493708477843246
      vertex -2.3473371684249233 0 18.594581297908412
      vertex -2.061429990851128 -2.428559996908108 18.69016716013347
    endloop
  endfacet
  facet normal 0.840271735871163 0.08593211956781859 -0.535312133920617
    outer loop
      vertex -2.061429990851128 -2.428559996908108 18.69016716013347
      vertex -2.243005795801696 0 18.795
      vertex -1.9783905884690705 -2.0250699955845803 18.885284003569186
    endloop
  endfacet
  facet normal 0.8837297748648897 0.08593211956781864 -0.46004060238617356
    outer loop
      vertex -2.061429990851128 -2.428559996908108 18.69016716013347
      vertex -2.3473371684249233 0 18.594581297908412
      vertex -2.243005795801696 0 18.795
    endloop
  endfacet
  facet normal 0.8402717358711675 0.08593211956781949 -0.53531213392061
    outer loop
      vertex -1.9783905884690705 -2.0250699955845803 18.885284003569186
      vertex -2.243005795801696 0 18.795
      vertex -2.1216037947084887 0 18.98556297014921
    endloop
  endfacet
  facet normal 0.7904187215975176 0.08593211956781953 -0.6065096168856089
    outer loop
      vertex -1.9783905884690705 -2.0250699955845803 18.885284003569186
      vertex -2.1216037947084887 0 18.98556297014921
      vertex -1.881423822541512 -1.5518412478483863 19.07870203558273
    endloop
  endfacet
  facet normal 0.7904187215975192 0.08593211956781995 -0.6065096168856066
    outer loop
      vertex -1.881423822541512 -1.5518412478483863 19.07870203558273
      vertex -2.1216037947084887 0 18.98556297014921
      vertex -1.984055107678153 0 19.164819909088138
    endloop
  endfacet
  facet normal 0.7345501435846487 0.08593211956782008 -0.6730911954455755
    outer loop
      vertex -1.881423822541512 -1.5518412478483863 19.07870203558273
      vertex -1.984055107678153 0 19.164819909088138
      vertex -1.7699856263339466 -1.0061272822366296 19.26998562633395
    endloop
  endfacet
  facet normal 0.7345501435846435 0.08593211956781838 -0.6730911954455814
    outer loop
      vertex -1.7699856263339466 -1.0061272822366296 19.26998562633395
      vertex -1.984055107678153 0 19.164819909088138
      vertex -1.8314065632731582 0 19.33140656327316
    endloop
  endfacet
  facet normal 0.6730911954455804 0.08593211956781831 -0.7345501435846445
    outer loop
      vertex -1.7699856263339466 -1.0061272822366296 19.26998562633395
      vertex -1.8314065632731582 0 19.33140656327316
      vertex -1.643463849240941 -0.38483549597072353 19.4586039466316
    endloop
  endfacet
  facet normal 0.6730911954455774 0.08593211956781587 -0.7345501435846475
    outer loop
      vertex -1.643463849240941 -0.38483549597072353 19.4586039466316
      vertex -1.8314065632731582 0 19.33140656327316
      vertex -1.6648199090881366 0 19.484055107678152
    endloop
  endfacet
  facet normal 0.606509616885608 0.0859321195678156 -0.7904187215975186
    outer loop
      vertex -1.643463849240941 -0.38483549597072353 19.4586039466316
      vertex -1.6648199090881366 0 19.484055107678152
      vertex -1.565274731702689 0 19.56043880880916
    endloop
  endfacet
  facet normal -0.6065096168856017 0.0859321195678191 0.790418721597523
    outer loop
      vertex 1.6537056020138479 -0.20027944789012408 15.529190407706826
      vertex 1.6648199090881366 0 15.515944892321848
      vertex 1.6142740807578997 0 15.477159714114306
    endloop
  endfacet
  facet normal -0.6730911954455773 0.0859321195678192 0.7345501435846473
    outer loop
      vertex 1.6537056020138479 -0.20027944789012408 15.529190407706826
      vertex 1.8314065632731582 0 15.668593436726841
      vertex 1.6648199090881366 0 15.515944892321848
    endloop
  endfacet
  facet normal -0.6730911954455769 0.08593211956781886 0.7345501435846474
    outer loop
      vertex 1.6537056020138479 -0.20027944789012408 15.529190407706826
      vertex 1.7799476238222285 -0.8429412750213223 15.72005237617777
      vertex 1.8314065632731582 0 15.668593436726841
    endloop
  endfacet
  facet normal -0.7345501435846469 0.08593211956781885 0.6730911954455775
    outer loop
      vertex 1.7799476238222285 -0.8429412750213223 15.72005237617777
      vertex 1.984055107678153 0 15.835180090911864
      vertex 1.8314065632731582 0 15.668593436726841
    endloop
  endfacet
  facet normal -0.7904187215975197 0.08593211956781936 0.6065096168856061
    outer loop
      vertex 1.8908629027300998 -1.4091171851135498 15.913377635712372
      vertex 1.9870947483579997 -1.9019910317746795 16.108621278062802
      vertex 2.1216037947084887 0 16.01443702985079
    endloop
  endfacet
  facet normal -0.734550143584646 0.08593211956781849 0.6730911954455786
    outer loop
      vertex 1.7799476238222285 -0.8429412750213223 15.72005237617777
      vertex 1.8908629027300998 -1.4091171851135498 15.913377635712372
      vertex 1.984055107678153 0 15.835180090911864
    endloop
  endfacet
  facet normal -0.7904187215975165 0.08593211956781853 0.6065096168856102
    outer loop
      vertex 1.8908629027300998 -1.4091171851135498 15.913377635712372
      vertex 2.1216037947084887 0 16.01443702985079
      vertex 1.984055107678153 0 15.835180090911864
    endloop
  endfacet
  facet normal -0.8402717358711635 0.08593211956781846 0.535312133920616
    outer loop
      vertex 1.9870947483579997 -1.9019910317746795 16.108621278062802
      vertex 2.069217230032611 -2.324406375958156 16.305336875228857
      vertex 2.243005795801696 0 16.205
    endloop
  endfacet
  facet normal -0.8837297748648918 0.08593211956781897 0.4600406023861694
    outer loop
      vertex 2.069217230032611 -2.324406375958156 16.305336875228857
      vertex 2.137731805619494 -2.6788485986366757 16.503159287958116
      vertex 2.3473371684249233 0 16.405418702091588
    endloop
  endfacet
  facet normal -0.8402717358711673 0.0859321195678193 0.53531213392061
    outer loop
      vertex 1.9870947483579997 -1.9019910317746795 16.108621278062802
      vertex 2.243005795801696 0 16.205
      vertex 2.1216037947084887 0 16.01443702985079
    endloop
  endfacet
  facet normal -0.8837297748648896 0.08593211956781854 0.46004060238617356
    outer loop
      vertex 2.069217230032611 -2.324406375958156 16.305336875228857
      vertex 2.3473371684249233 0 16.405418702091588
      vertex 2.243005795801696 0 16.205
    endloop
  endfacet
  facet normal -0.606509616885608 0.0859321195678156 -0.7904187215975186
    outer loop
      vertex 1.643463849240941 -0.38483549597072353 19.4586039466316
      vertex 1.565274731702689 0 19.56043880880916
      vertex 1.6648199090881366 0 19.484055107678152
    endloop
  endfacet
  facet normal -0.6730911954455857 0.08593211956781581 -0.7345501435846398
    outer loop
      vertex 1.643463849240941 -0.38483549597072353 19.4586039466316
      vertex 1.6648199090881366 0 19.484055107678152
      vertex 1.7699856263339466 -1.0061272822366296 19.26998562633395
    endloop
  endfacet
  facet normal -0.6730911954455772 0.0859321195678183 -0.7345501435846473
    outer loop
      vertex 1.7699856263339466 -1.0061272822366296 19.26998562633395
      vertex 1.6648199090881366 0 19.484055107678152
      vertex 1.8314065632731582 0 19.33140656327316
    endloop
  endfacet
  facet normal -0.7345501435846435 0.08593211956781838 -0.6730911954455814
    outer loop
      vertex 1.7699856263339466 -1.0061272822366296 19.26998562633395
      vertex 1.8314065632731582 0 19.33140656327316
      vertex 1.984055107678153 0 19.164819909088138
    endloop
  endfacet
  facet normal -0.7904187215975176 0.08593211956781953 -0.6065096168856089
    outer loop
      vertex 1.881423822541512 -1.5518412478483863 19.07870203558273
      vertex 2.1216037947084887 0 18.98556297014921
      vertex 1.9783905884690705 -2.0250699955845803 18.885284003569186
    endloop
  endfacet
  facet normal -0.7345501435846485 0.08593211956782008 -0.6730911954455756
    outer loop
      vertex 1.7699856263339466 -1.0061272822366296 19.26998562633395
      vertex 1.984055107678153 0 19.164819909088138
      vertex 1.881423822541512 -1.5518412478483863 19.07870203558273
    endloop
  endfacet
  facet normal -0.7904187215975192 0.08593211956781995 -0.6065096168856066
    outer loop
      vertex 1.881423822541512 -1.5518412478483863 19.07870203558273
      vertex 1.984055107678153 0 19.164819909088138
      vertex 2.1216037947084887 0 18.98556297014921
    endloop
  endfacet
  facet normal -0.840271735871163 0.0859321195678186 -0.5353121339206172
    outer loop
      vertex 1.9783905884690705 -2.0250699955845803 18.885284003569186
      vertex 2.243005795801696 0 18.795
      vertex 2.061429990851128 -2.428559996908108 18.69016716013347
    endloop
  endfacet
  facet normal -0.8837297748648931 0.0859321195678193 -0.46004060238616695
    outer loop
      vertex 2.061429990851128 -2.428559996908108 18.69016716013347
      vertex 2.3473371684249233 0 18.594581297908412
      vertex 2.131014707703861 -2.7646960602538755 18.493708477843246
    endloop
  endfacet
  facet normal -0.9204620966612607 0.08593211956781904 -0.38126788408747203
    outer loop
      vertex 2.131014707703861 -2.7646960602538755 18.493708477843246
      vertex 2.4338038878355026 0 18.385832171213483
      vertex 2.175591163130999 -2.9782336206934965 18.337963199317542
    endloop
  endfacet
  facet normal -0.8402717358711675 0.08593211956781949 -0.53531213392061
    outer loop
      vertex 1.9783905884690705 -2.0250699955845803 18.885284003569186
      vertex 2.1216037947084887 0 18.98556297014921
      vertex 2.243005795801696 0 18.795
    endloop
  endfacet
  facet normal -0.8837297748648897 0.08593211956781864 -0.46004060238617356
    outer loop
      vertex 2.061429990851128 -2.428559996908108 18.69016716013347
      vertex 2.243005795801696 0 18.795
      vertex 2.3473371684249233 0 18.594581297908412
    endloop
  endfacet
  facet normal -0.9204620966612619 0.085932119567819 0.3812678840874693
    outer loop
      vertex 2.1930654308728053 -2.9674345352878597 16.701789461364115
      vertex 2.4338038878355026 0 16.614167828786517
      vertex 2.137731805619494 -2.6788485986366757 16.503159287958116
    endloop
  endfacet
  facet normal -0.9501891461118336 0.0859321195678191 0.2995934869750116
    outer loop
      vertex 2.1930654308728053 -2.9674345352878597 16.701789461364115
      vertex 2.201940150830043 -3.014303559920312 16.743379875537343
      vertex 2.5017478900886867 0 16.829658673184472
    endloop
  endfacet
  facet normal -0.9501891461118335 0.08593211956781907 0.29959348697501226
    outer loop
      vertex 2.201940150830043 -3.014303559920312 16.743379875537343
      vertex 2.2470310864995424 -3.054466094664496 16.89790983500482
      vertex 2.5017478900886867 0 16.829658673184472
    endloop
  endfacet
  facet normal -0.9204620966612618 0.08593211956781896 0.38126788408746964
    outer loop
      vertex 2.137731805619494 -2.6788485986366757 16.503159287958116
      vertex 2.4338038878355026 0 16.614167828786517
      vertex 2.3473371684249233 0 16.405418702091588
    endloop
  endfacet
  facet normal -0.950189146111833 0.08593211956781896 0.29959348697501365
    outer loop
      vertex 2.1930654308728053 -2.9674345352878597 16.701789461364115
      vertex 2.5017478900886867 0 16.829658673184472
      vertex 2.4338038878355026 0 16.614167828786517
    endloop
  endfacet
  facet normal -0.9501891461118346 0.08593211956781908 -0.2995934869750088
    outer loop
      vertex 2.1910179521344286 -2.9926725433534647 18.297465317319826
      vertex 2.5017478900886867 0 18.170341326815528
      vertex 2.237798555469412 -3.036743226688065 18.13645544606307
    endloop
  endfacet
  facet normal -0.9501891461118351 0.08593211956781911 -0.2995934869750071
    outer loop
      vertex 2.24760382209458 -3.047598069345394 18.102243629035346
      vertex 2.237798555469412 -3.036743226688065 18.13645544606307
      vertex 2.5017478900886867 0 18.170341326815528
    endloop
  endfacet
  facet normal -0.9726846824205982 0.08593211956781893 0.21563900252719095
    outer loop
      vertex 2.2579191063304815 -3.064047269044893 16.95084061561564
      vertex 2.2874567218921147 -3.0956243751407353 17.09665966272748
      vertex 2.5506520803016186 0 17.05025121984265
    endloop
  endfacet
  facet normal -0.972684682420598 0.08593211956781885 0.21563900252719287
    outer loop
      vertex 2.2470310864995424 -3.054466094664496 16.89790983500482
      vertex 2.2579191063304815 -3.064047269044893 16.95084061561564
      vertex 2.5506520803016186 0 17.05025121984265
    endloop
  endfacet
  facet normal -0.987777500973075 0.08593211956781902 0.13004337506374097
    outer loop
      vertex 2.2874567218921147 -3.0956243751407353 17.09665966272748
      vertex 2.311707544936655 -3.121182715760113 17.2977517964307
      vertex 2.5801442680576208 0 17.274266626283566
    endloop
  endfacet
  facet normal -0.995352736306784 0.08593211956781907 0.04345803899372083
    outer loop
      vertex 2.311707544936655 -3.121182715760113 17.2977517964307
      vertex 2.3198495214384 -3.129156122335131 17.5
      vertex 2.59 0 17.5
    endloop
  endfacet
  facet normal -0.9726846824205981 0.08593211956781897 -0.21563900252719148
    outer loop
      vertex 2.24760382209458 -3.047598069345394 18.102243629035346
      vertex 2.5506520803016186 0 17.94974878015735
      vertex 2.2877397533184465 -3.092295444921077 17.90339024334937
    endloop
  endfacet
  facet normal -0.9953527363067839 0.08593211956781913 -0.04345803899372282
    outer loop
      vertex 2.3198495214384 -3.129156122335131 17.5
      vertex 2.311850962021237 -3.1195151684873745 17.702260750938358
      vertex 2.5801442680576208 0 17.725733373716434
    endloop
  endfacet
  facet normal -0.9877775009730754 0.08593211956781917 -0.13004337506373903
    outer loop
      vertex 2.311850962021237 -3.1195151684873745 17.702260750938358
      vertex 2.2877397533184465 -3.092295444921077 17.90339024334937
      vertex 2.5801442680576208 0 17.725733373716434
    endloop
  endfacet
  facet normal -0.9204620966612511 0.08593211956781857 -0.3812678840874954
    outer loop
      vertex 2.175591163130999 -2.9782336206934965 18.337963199317542
      vertex 2.4338038878355026 0 18.385832171213483
      vertex 2.1910179521344286 -2.9926725433534647 18.297465317319826
    endloop
  endfacet
  facet normal -0.9726846824205985 0.08593211956781903 0.2156390025271903
    outer loop
      vertex 2.2470310864995424 -3.054466094664496 16.89790983500482
      vertex 2.5506520803016186 0 17.05025121984265
      vertex 2.5017478900886867 0 16.829658673184472
    endloop
  endfacet
  facet normal -0.9726846824205985 0.08593211956781907 -0.21563900252719026
    outer loop
      vertex 2.24760382209458 -3.047598069345394 18.102243629035346
      vertex 2.5017478900886867 0 18.170341326815528
      vertex 2.5506520803016186 0 17.94974878015735
    endloop
  endfacet
  facet normal -0.9204620966612618 0.08593211956781925 -0.38126788408746953
    outer loop
      vertex 2.131014707703861 -2.7646960602538755 18.493708477843246
      vertex 2.3473371684249233 0 18.594581297908412
      vertex 2.4338038878355026 0 18.385832171213483
    endloop
  endfacet
  facet normal -0.950189146111833 0.08593211956781872 -0.29959348697501365
    outer loop
      vertex 2.1910179521344286 -2.9926725433534647 18.297465317319826
      vertex 2.4338038878355026 0 18.385832171213483
      vertex 2.5017478900886867 0 18.170341326815528
    endloop
  endfacet
  facet normal -0.9877775009730749 0.085932119567819 0.13004337506374142
    outer loop
      vertex 2.2874567218921147 -3.0956243751407353 17.09665966272748
      vertex 2.5801442680576208 0 17.274266626283566
      vertex 2.5506520803016186 0 17.05025121984265
    endloop
  endfacet
  facet normal -0.9953527363067839 0.08593211956781897 0.04345803899372213
    outer loop
      vertex 2.311707544936655 -3.121182715760113 17.2977517964307
      vertex 2.59 0 17.5
      vertex 2.5801442680576208 0 17.274266626283566
    endloop
  endfacet
  facet normal -0.995352736306784 0.08593211956781906 -0.0434580389937221
    outer loop
      vertex 2.3198495214384 -3.129156122335131 17.5
      vertex 2.5801442680576208 0 17.725733373716434
      vertex 2.59 0 17.5
    endloop
  endfacet
  facet normal -0.987777500973075 0.08593211956781897 -0.13004337506374142
    outer loop
      vertex 2.2877397533184465 -3.092295444921077 17.90339024334937
      vertex 2.5506520803016186 0 17.94974878015735
      vertex 2.5801442680576208 0 17.725733373716434
    endloop
  endfacet
  facet normal 0 0 -1
    outer loop
      vertex -6 -70 0
      vertex -3.5863009095191956 -64.3137606754899 0
      vertex -3.5453079119324684 -64.62513343989849 0
    endloop
  endfacet
  facet normal 0 0 -1
    outer loop
      vertex -6 -70 0
      vertex -3.5453079119324684 -64.62513343989849 0
      vertex -3.4773329719901085 -64.93174856156111 0
    endloop
  endfacet
  facet normal 0 0 -1
    outer loop
      vertex -6 -70 0
      vertex -3.600000001490116 -64 0
      vertex -3.5863009095191956 -64.3137606754899 0
    endloop
  endfacet
  facet normal 0 0 -1
    outer loop
      vertex -6 -70 0
      vertex -3.5863009095191956 -63.6862393245101 0
      vertex -3.600000001490116 -64 0
    endloop
  endfacet
  facet normal 0 0 -1
    outer loop
      vertex -6 -70 0
      vertex -3.5453079119324684 -63.37486656010151 0
      vertex -3.5863009095191956 -63.6862393245101 0
    endloop
  endfacet
  facet normal 0 0 -1
    outer loop
      vertex -6 -70 0
      vertex -3.4773329719901085 -64.93174856156111 0
      vertex -3.3828934356570244 -65.2312725186348 0
    endloop
  endfacet
  facet normal 0 0 -1
    outer loop
      vertex -6 -70 0
      vertex -3.3828934356570244 -65.2312725186348 0
      vertex -3.262708030641079 -65.5214257389307 0
    endloop
  endfacet
  facet normal 0 0 -1
    outer loop
      vertex -6 -70 0
      vertex -3.262708030641079 -65.5214257389307 0
      vertex -3.117691457271576 -65.79999999701977 0
    endloop
  endfacet
  facet normal 0 0 -1
    outer loop
      vertex -6 -70 0
      vertex -3.117691457271576 -65.79999999701977 0
      vertex -2.948947362601757 -66.0648751705885 0
    endloop
  endfacet
  facet normal 0 0 -1
    outer loop
      vertex -6 -70 0
      vertex -2.948947362601757 -66.0648751705885 0
      vertex -2.7577599957585335 -66.31403539329767 0
    endloop
  endfacet
  facet normal 0 0 -1
    outer loop
      vertex -6 -70 0
      vertex -2.7577599957585335 -66.31403539329767 0
      vertex -2.545584410429001 -66.545584410429 0
    endloop
  endfacet
  facet normal 0 0 -1
    outer loop
      vertex -6 -70 0
      vertex -3.4773329719901085 -63.06825143843889 0
      vertex -3.5453079119324684 -63.37486656010151 0
    endloop
  endfacet
  facet normal 0 0 -1
    outer loop
      vertex -6 -70 0
      vertex -3.3828934356570244 -62.768727481365204 0
      vertex -3.4773329719901085 -63.06825143843889 0
    endloop
  endfacet
  facet normal 0 0 -1
    outer loop
      vertex -6 -70 0
      vertex -2.4786087349057198 -66.60695631057024 0
      vertex -1.7999999970197678 -70 0
    endloop
  endfacet
  facet normal 0 0 -1
    outer loop
      vertex -6 -70 0
      vertex -2.545584410429001 -66.545584410429 0
      vertex -2.4786087349057198 -66.60695631057024 0
    endloop
  endfacet
  facet normal 0 -1 0
    outer loop
      vertex -6 -70 0
      vertex -1.7999999970197678 -70 0
      vertex -1.6142740807578997 -70 15.477159714114306
    endloop
  endfacet
  facet normal 0 -1 0
    outer loop
      vertex -6 -70 0
      vertex -2.4338038878355026 -70 16.614167828786517
      vertex -2.5017478900886867 -70 16.829658673184472
    endloop
  endfacet
  facet normal 0 -1 0
    outer loop
      vertex -6 -70 0
      vertex -2.3473371684249233 -70 16.405418702091588
      vertex -2.4338038878355026 -70 16.614167828786517
    endloop
  endfacet
  facet normal 0 -1 0
    outer loop
      vertex -6 -70 0
      vertex -2.243005795801696 -70 16.205
      vertex -2.3473371684249233 -70 16.405418702091588
    endloop
  endfacet
  facet normal 0 -1 0
    outer loop
      vertex -6 -70 0
      vertex -2.1216037947084887 -70 16.01443702985079
      vertex -2.243005795801696 -70 16.205
    endloop
  endfacet
  facet normal 0 -1 0
    outer loop
      vertex -6 -70 0
      vertex -1.984055107678153 -70 15.835180090911864
      vertex -2.1216037947084887 -70 16.01443702985079
    endloop
  endfacet
  facet normal 0 -1 0
    outer loop
      vertex -6 -70 0
      vertex -1.8314065632731582 -70 15.668593436726841
      vertex -1.984055107678153 -70 15.835180090911864
    endloop
  endfacet
  facet normal 0 -1 0
    outer loop
      vertex -6 -70 0
      vertex -1.6648199090881366 -70 15.515944892321848
      vertex -1.8314065632731582 -70 15.668593436726841
    endloop
  endfacet
  facet normal 0 -1 0
    outer loop
      vertex -6 -70 0
      vertex -1.6142740807578997 -70 15.477159714114306
      vertex -1.6648199090881366 -70 15.515944892321848
    endloop
  endfacet
  facet normal 0 -1 0
    outer loop
      vertex -6 -70 0
      vertex -2.5801442680576208 -70 17.274266626283566
      vertex -2.59 -70 17.5
    endloop
  endfacet
  facet normal 0 -1 0
    outer loop
      vertex -6 -70 0
      vertex -2.5506520803016186 -70 17.05025121984265
      vertex -2.5801442680576208 -70 17.274266626283566
    endloop
  endfacet
  facet normal 0 -1 0
    outer loop
      vertex -6 -70 0
      vertex -2.5017478900886867 -70 16.829658673184472
      vertex -2.5506520803016186 -70 17.05025121984265
    endloop
  endfacet
  facet normal 0 -1 0
    outer loop
      vertex -6 -70 0
      vertex -2.59 -70 17.5
      vertex -0.7499999987582368 -70 87.5
    endloop
  endfacet
  facet normal -0.9992009587217895 0 0.039968038348871575
    outer loop
      vertex -6 -70 0
      vertex -2.5 -70 87.5
      vertex -6 0 0
    endloop
  endfacet
  facet normal 0 0 -1
    outer loop
      vertex -2.3140353932976723 -61.24224000424147 0
      vertex -0.6000000014901161 -58 0
      vertex -2.0648751705884933 -61.05105263739824 0
    endloop
  endfacet
  facet normal 0 0 -1
    outer loop
      vertex -2.0648751705884933 -61.05105263739824 0
      vertex -0.6000000014901161 -58 0
      vertex -1.7999999970197678 -60.882308542728424 0
    endloop
  endfacet
  facet normal 0 0 -1
    outer loop
      vertex -1.7999999970197678 -60.882308542728424 0
      vertex -0.6000000014901161 -58 0
      vertex -1.5214257389307022 -60.73729196935892 0
    endloop
  endfacet
  facet normal 0 0 -1
    outer loop
      vertex -1.5214257389307022 -60.73729196935892 0
      vertex -0.6000000014901161 -58 0
      vertex -1.2312725186347961 -60.617106564342976 0
    endloop
  endfacet
  facet normal 0 0 -1
    outer loop
      vertex -1.2312725186347961 -60.617106564342976 0
      vertex -0.6000000014901161 -58 0
      vertex -0.9317485615611076 -60.52266702800989 0
    endloop
  endfacet
  facet normal 0 0 -1
    outer loop
      vertex -0.9317485615611076 -60.52266702800989 0
      vertex -0.6000000014901161 -58 0
      vertex -0.6251334398984909 -60.45469208806753 0
    endloop
  endfacet
  facet normal 0 0 -1
    outer loop
      vertex -0.6251334398984909 -60.45469208806753 0
      vertex -0.6000000014901161 -58 0
      vertex -0.6000000014901161 -60.45138321071863 0
    endloop
  endfacet
  facet normal 0 -1 0
    outer loop
      vertex -0.7499999987582368 -70 87.5
      vertex -2.59 -70 17.5
      vertex -2.5801442680576208 -70 17.725733373716434
    endloop
  endfacet
  facet normal 0 -1 0
    outer loop
      vertex -0.7499999987582368 -70 87.5
      vertex -2.5801442680576208 -70 17.725733373716434
      vertex -2.5506520803016186 -70 17.94974878015735
    endloop
  endfacet
  facet normal 0 -1 0
    outer loop
      vertex -0.7499999987582368 -70 87.5
      vertex -2.5506520803016186 -70 17.94974878015735
      vertex -2.5017478900886867 -70 18.170341326815528
    endloop
  endfacet
  facet normal 0 -1 0
    outer loop
      vertex -0.7499999987582368 -70 87.5
      vertex -2.5017478900886867 -70 18.170341326815528
      vertex -2.4338038878355026 -70 18.385832171213483
    endloop
  endfacet
  facet normal 0 -1 0
    outer loop
      vertex -0.7499999987582368 -70 87.5
      vertex -2.4338038878355026 -70 18.385832171213483
      vertex -2.3473371684249233 -70 18.594581297908412
    endloop
  endfacet
  facet normal 0 -1 0
    outer loop
      vertex -0.7499999987582368 -70 87.5
      vertex -2.3473371684249233 -70 18.594581297908412
      vertex -2.243005795801696 -70 18.795
    endloop
  endfacet
  facet normal 0 -1 0
    outer loop
      vertex -0.7499999987582368 -70 87.5
      vertex -2.243005795801696 -70 18.795
      vertex -2.1216037947084887 -70 18.98556297014921
    endloop
  endfacet
  facet normal 0 -1 0
    outer loop
      vertex -0.7499999987582368 -70 87.5
      vertex -2.1216037947084887 -70 18.98556297014921
      vertex -1.984055107678153 -70 19.164819909088138
    endloop
  endfacet
  facet normal 0 -1 0
    outer loop
      vertex -0.7499999987582368 -70 87.5
      vertex -1.984055107678153 -70 19.164819909088138
      vertex -1.8314065632731582 -70 19.33140656327316
    endloop
  endfacet
  facet normal 0 -1 0
    outer loop
      vertex -0.7499999987582368 -70 87.5
      vertex -1.8314065632731582 -70 19.33140656327316
      vertex -1.6648199090881366 -70 19.484055107678152
    endloop
  endfacet
  facet normal 0 -1 0
    outer loop
      vertex -0.7499999987582368 -70 87.5
      vertex -1.6648199090881366 -70 19.484055107678152
      vertex -1.565274731702689 -70 19.56043880880916
    endloop
  endfacet
  facet normal 0 0 -1
    outer loop
      vertex -6 -70 0
      vertex 6 0 0
      vertex -3.3828934356570244 -62.768727481365204 0
    endloop
  endfacet
  facet normal 0 0 -1
    outer loop
      vertex 6 0 0
      vertex -3.262708030641079 -62.4785742610693 0
      vertex -3.3828934356570244 -62.768727481365204 0
    endloop
  endfacet
  facet normal 0 0 -1
    outer loop
      vertex 6 0 0
      vertex -3.117691457271576 -62.20000000298023 0
      vertex -3.262708030641079 -62.4785742610693 0
    endloop
  endfacet
  facet normal 0 0 -1
    outer loop
      vertex 6 0 0
      vertex -2.948947362601757 -61.93512482941151 0
      vertex -3.117691457271576 -62.20000000298023 0
    endloop
  endfacet
  facet normal 0 -1 0
    outer loop
      vertex -6 -70 0
      vertex -0.7499999987582368 -70 87.5
      vertex -2.5 -70 87.5
    endloop
  endfacet
  facet normal 0 -1 0
    outer loop
      vertex -2.5 -70 87.5
      vertex 2.414814569056034 -70 88.1470476090908
      vertex -2.4904867485165596 -70 87.71788935363293
    endloop
  endfacet
  facet normal 0 -1 0
    outer loop
      vertex -2.4904867485165596 -70 87.71788935363293
      vertex 2.3492315486073494 -70 88.355050355196
      vertex -2.462019383907318 -70 87.93412044644356
    endloop
  endfacet
  facet normal 0 -1 0
    outer loop
      vertex -2.462019383907318 -70 87.93412044644356
      vertex 2.2657694667577744 -70 88.55654565244913
      vertex -2.414814569056034 -70 88.1470476090908
    endloop
  endfacet
  facet normal 0 -1 0
    outer loop
      vertex -2.414814569056034 -70 88.1470476090908
      vertex 2.1650635078549385 -70 88.75
      vertex -2.3492315486073494 -70 88.355050355196
    endloop
  endfacet
  facet normal 0 -1 0
    outer loop
      vertex -2.3492315486073494 -70 88.355050355196
      vertex 2.0478801131248474 -70 88.93394108861685
      vertex -2.2657694667577744 -70 88.55654565244913
    endloop
  endfacet
  facet normal 0 -1 0
    outer loop
      vertex -2.2657694667577744 -70 88.55654565244913
      vertex 1.9151111096143723 -70 89.10696902126074
      vertex -2.1650635078549385 -70 88.75
    endloop
  endfacet
  facet normal 0 -1 0
    outer loop
      vertex -2.1650635078549385 -70 88.75
      vertex 1.7677669525146484 -70 89.26776695251465
      vertex -2.0478801131248474 -70 88.93394108861685
    endloop
  endfacet
  facet normal 0 -1 0
    outer loop
      vertex -2.0478801131248474 -70 88.93394108861685
      vertex 1.6069690212607384 -70 89.41511110961437
      vertex -1.9151111096143723 -70 89.10696902126074
    endloop
  endfacet
  facet normal 0 -1 0
    outer loop
      vertex -1.9151111096143723 -70 89.10696902126074
      vertex 1.433941088616848 -70 89.54788011312485
      vertex -1.7677669525146484 -70 89.26776695251465
    endloop
  endfacet
  facet normal 0 -1 0
    outer loop
      vertex -1.7677669525146484 -70 89.26776695251465
      vertex 1.25 -70 89.66506350785494
      vertex -1.6069690212607384 -70 89.41511110961437
    endloop
  endfacet
  facet normal 0 -1 0
    outer loop
      vertex -1.6069690212607384 -70 89.41511110961437
      vertex 1.056545652449131 -70 89.76576946675777
      vertex -1.433941088616848 -70 89.54788011312485
    endloop
  endfacet
  facet normal 0 -1 0
    outer loop
      vertex -1.433941088616848 -70 89.54788011312485
      vertex 0.8550503551959991 -70 89.84923154860735
      vertex -1.25 -70 89.66506350785494
    endloop
  endfacet
  facet normal 0 -1 0
    outer loop
      vertex -1.25 -70 89.66506350785494
      vertex 0.647047609090805 -70 89.91481456905603
      vertex -1.056545652449131 -70 89.76576946675777
    endloop
  endfacet
  facet normal 0 -1 0
    outer loop
      vertex -1.056545652449131 -70 89.76576946675777
      vertex 0.43412044644355774 -70 89.96201938390732
      vertex -0.8550503551959991 -70 89.84923154860735
    endloop
  endfacet
  facet normal 0 -1 0
    outer loop
      vertex -0.8550503551959991 -70 89.84923154860735
      vertex 0.21788935363292694 -70 89.99048674851656
      vertex -0.647047609090805 -70 89.91481456905603
    endloop
  endfacet
  facet normal 0 -1 0
    outer loop
      vertex -2.5 -70 87.5
      vertex -0.7499999987582368 -70 87.5
      vertex 2.462019383907318 -70 87.93412044644356
    endloop
  endfacet
  facet normal 0 -1 0
    outer loop
      vertex -0.647047609090805 -70 89.91481456905603
      vertex 0 -70 90
      vertex -0.43412044644355774 -70 89.96201938390732
    endloop
  endfacet
  facet normal 0 -1 0
    outer loop
      vertex -0.43412044644355774 -70 89.96201938390732
      vertex 0 -70 90
      vertex -0.21788935363292694 -70 89.99048674851656
    endloop
  endfacet
  facet normal 0 -1 0
    outer loop
      vertex -0.647047609090805 -70 89.91481456905603
      vertex 0.21788935363292694 -70 89.99048674851656
      vertex 0 -70 90
    endloop
  endfacet
  facet normal 0 -1 0
    outer loop
      vertex -0.8550503551959991 -70 89.84923154860735
      vertex 0.43412044644355774 -70 89.96201938390732
      vertex 0.21788935363292694 -70 89.99048674851656
    endloop
  endfacet
  facet normal -0.9990482222104388 0 0.04361937296846291
    outer loop
      vertex -2.5 -70 87.5
      vertex -2.4904867485165596 -70 87.71788935363293
      vertex -2.5 0 87.5
    endloop
  endfacet
  facet normal -0.9914448606708773 0 0.13052619755935901
    outer loop
      vertex -2.4904867485165596 -70 87.71788935363293
      vertex -2.462019383907318 -70 87.93412044644356
      vertex -2.4904867485165596 0 87.71788935363293
    endloop
  endfacet
  facet normal -0.9762960077393519 0 0.2164396111440865
    outer loop
      vertex -2.462019383907318 -70 87.93412044644356
      vertex -2.414814569056034 -70 88.1470476090908
      vertex -2.462019383907318 0 87.93412044644356
    endloop
  endfacet
  facet normal -0.9537169421770515 0 0.3007058266885675
    outer loop
      vertex -2.414814569056034 -70 88.1470476090908
      vertex -2.3492315486073494 -70 88.355050355196
      vertex -2.414814569056034 0 88.1470476090908
    endloop
  endfacet
  facet normal -0.9238795374184212 0 0.382683420518219
    outer loop
      vertex -2.3492315486073494 -70 88.355050355196
      vertex -2.2657694667577744 -70 88.55654565244913
      vertex -2.3492315486073494 0 88.355050355196
    endloop
  endfacet
  facet normal -0.8870108335878645 0 0.46174861244811755
    outer loop
      vertex -2.2657694667577744 -70 88.55654565244913
      vertex -2.1650635078549385 -70 88.75
      vertex -2.2657694667577744 0 88.55654565244913
    endloop
  endfacet
  facet normal -0.84339145114912 0 0.5372995999706138
    outer loop
      vertex -2.1650635078549385 -70 88.75
      vertex -2.0478801131248474 -70 88.93394108861685
      vertex -2.1650635078549385 0 88.75
    endloop
  endfacet
  facet normal -0.7933533378141335 0 0.6087614322369422
    outer loop
      vertex -2.0478801131248474 -70 88.93394108861685
      vertex -1.9151111096143723 -70 89.10696902126074
      vertex -2.0478801131248474 0 88.93394108861685
    endloop
  endfacet
  facet normal -0.7372773368689203 0 0.6755902075514953
    outer loop
      vertex -1.9151111096143723 -70 89.10696902126074
      vertex -1.7677669525146484 -70 89.26776695251465
      vertex -1.9151111096143723 0 89.10696902126074
    endloop
  endfacet
  facet normal -0.6755902075514953 0 0.7372773368689203
    outer loop
      vertex -1.7677669525146484 -70 89.26776695251465
      vertex -1.6069690212607384 -70 89.41511110961437
      vertex -1.7677669525146484 0 89.26776695251465
    endloop
  endfacet
  facet normal -0.6087614322369422 0 0.7933533378141335
    outer loop
      vertex -1.6069690212607384 -70 89.41511110961437
      vertex -1.433941088616848 -70 89.54788011312485
      vertex -1.6069690212607384 0 89.41511110961437
    endloop
  endfacet
  facet normal -0.5372995999706138 0 0.84339145114912
    outer loop
      vertex -1.433941088616848 -70 89.54788011312485
      vertex -1.25 -70 89.66506350785494
      vertex -1.433941088616848 0 89.54788011312485
    endloop
  endfacet
  facet normal -0.46174861244811755 0 0.8870108335878645
    outer loop
      vertex -1.25 -70 89.66506350785494
      vertex -1.056545652449131 -70 89.76576946675777
      vertex -1.25 0 89.66506350785494
    endloop
  endfacet
  facet normal -0.382683420518219 0 0.9238795374184212
    outer loop
      vertex -1.056545652449131 -70 89.76576946675777
      vertex -0.8550503551959991 -70 89.84923154860735
      vertex -1.056545652449131 0 89.76576946675777
    endloop
  endfacet
  facet normal -0.3007058266885675 0 0.9537169421770515
    outer loop
      vertex -0.8550503551959991 -70 89.84923154860735
      vertex -0.647047609090805 -70 89.91481456905603
      vertex -0.8550503551959991 0 89.84923154860735
    endloop
  endfacet
  facet normal -0.2164396111440865 0 0.9762960077393519
    outer loop
      vertex -0.647047609090805 -70 89.91481456905603
      vertex -0.43412044644355774 -70 89.96201938390732
      vertex -0.647047609090805 0 89.91481456905603
    endloop
  endfacet
  facet normal -0.13052619755935901 0 0.9914448606708773
    outer loop
      vertex -0.43412044644355774 -70 89.96201938390732
      vertex -0.21788935363292694 -70 89.99048674851656
      vertex -0.43412044644355774 0 89.96201938390732
    endloop
  endfacet
  facet normal -0.04361937296846291 0 0.9990482222104388
    outer loop
      vertex -0.21788935363292694 -70 89.99048674851656
      vertex 0 -70 90
      vertex -0.21788935363292694 0 89.99048674851656
    endloop
  endfacet
  facet normal 0 0 -1
    outer loop
      vertex -6 -70 0
      vertex -6 0 0
      vertex -3.600000001490116 -6 0
    endloop
  endfacet
  facet normal 0 0 -1
    outer loop
      vertex -6 -70 0
      vertex -3.262708030641079 -7.521425738930702 0
      vertex -3.117691457271576 -7.799999997019768 0
    endloop
  endfacet
  facet normal 0 0 -1
    outer loop
      vertex -6 -70 0
      vertex -3.5863009095191956 -6.3137606754899025 0
      vertex -3.5453079119324684 -6.625133439898491 0
    endloop
  endfacet
  facet normal 0 0 -1
    outer loop
      vertex -6 -70 0
      vertex -3.600000001490116 -6 0
      vertex -3.5863009095191956 -6.3137606754899025 0
    endloop
  endfacet
  facet normal 0 0 -1
    outer loop
      vertex -6 -70 0
      vertex -3.5453079119324684 -6.625133439898491 0
      vertex -3.4773329719901085 -6.931748561561108 0
    endloop
  endfacet
  facet normal 0 0 -1
    outer loop
      vertex -6 -70 0
      vertex -3.4773329719901085 -6.931748561561108 0
      vertex -3.3828934356570244 -7.231272518634796 0
    endloop
  endfacet
  facet normal 0 0 -1
    outer loop
      vertex -6 -70 0
      vertex -3.3828934356570244 -7.231272518634796 0
      vertex -3.262708030641079 -7.521425738930702 0
    endloop
  endfacet
  facet normal 0 0 -1
    outer loop
      vertex -6 -70 0
      vertex -3.117691457271576 -7.799999997019768 0
      vertex -2.948947362601757 -8.064875170588493 0
    endloop
  endfacet
  facet normal 0 0 -1
    outer loop
      vertex -6 -70 0
      vertex -2.948947362601757 -8.064875170588493 0
      vertex -2.7577599957585335 -8.314035393297672 0
    endloop
  endfacet
  facet normal 0 0 -1
    outer loop
      vertex -6 -70 0
      vertex -2.7577599957585335 -8.314035393297672 0
      vertex -2.545584410429001 -8.545584410429 0
    endloop
  endfacet
  facet normal 0 0 -1
    outer loop
      vertex -6 -70 0
      vertex -2.545584410429001 -8.545584410429 0
      vertex -2.3140353932976723 -8.757759995758533 0
    endloop
  endfacet
  facet normal 0 0 -1
    outer loop
      vertex -6 0 0
      vertex -3.5863009095191956 -5.6862393245100975 0
      vertex -3.600000001490116 -6 0
    endloop
  endfacet
  facet normal 0 0 -1
    outer loop
      vertex -6 0 0
      vertex -3.5453079119324684 -5.374866560101509 0
      vertex -3.5863009095191956 -5.6862393245100975 0
    endloop
  endfacet
  facet normal 0 0 -1
    outer loop
      vertex -6 0 0
      vertex -3.4773329719901085 -5.068251438438892 0
      vertex -3.5453079119324684 -5.374866560101509 0
    endloop
  endfacet
  facet normal 0 0 -1
    outer loop
      vertex -6 0 0
      vertex -3.3828934356570244 -4.768727481365204 0
      vertex -3.4773329719901085 -5.068251438438892 0
    endloop
  endfacet
  facet normal 0 0 -1
    outer loop
      vertex -6 0 0
      vertex -3.262708030641079 -4.478574261069298 0
      vertex -3.3828934356570244 -4.768727481365204 0
    endloop
  endfacet
  facet normal 0 0 -1
    outer loop
      vertex -6 0 0
      vertex -3.117691457271576 -4.200000002980232 0
      vertex -3.262708030641079 -4.478574261069298 0
    endloop
  endfacet
  facet normal 0 0 -1
    outer loop
      vertex -6 0 0
      vertex -2.948947362601757 -3.9351248294115067 0
      vertex -3.117691457271576 -4.200000002980232 0
    endloop
  endfacet
  facet normal 0 0 -1
    outer loop
      vertex -6 0 0
      vertex -2.7577599957585335 -3.6859646067023277 0
      vertex -2.948947362601757 -3.9351248294115067 0
    endloop
  endfacet
  facet normal 0 0 -1
    outer loop
      vertex -6 0 0
      vertex -2.545584410429001 -3.454415589570999 0
      vertex -2.7577599957585335 -3.6859646067023277 0
    endloop
  endfacet
  facet normal 0 0 -1
    outer loop
      vertex -6 0 0
      vertex -2.4786087349057198 -3.39304368942976 0
      vertex -2.545584410429001 -3.454415589570999 0
    endloop
  endfacet
  facet normal 0 0 -1
    outer loop
      vertex -6 0 0
      vertex -1.7999999970197678 0 0
      vertex -2.4786087349057198 -3.39304368942976 0
    endloop
  endfacet
  facet normal 0 1 0
    outer loop
      vertex -6 0 0
      vertex -1.6142740807578997 0 15.477159714114306
      vertex -1.7999999970197678 0 0
    endloop
  endfacet
  facet normal 0 1 0
    outer loop
      vertex -6 0 0
      vertex -2.5017478900886867 0 16.829658673184472
      vertex -2.4338038878355026 0 16.614167828786517
    endloop
  endfacet
  facet normal 0 1 0
    outer loop
      vertex -6 0 0
      vertex -2.4338038878355026 0 16.614167828786517
      vertex -2.3473371684249233 0 16.405418702091588
    endloop
  endfacet
  facet normal 0 1 0
    outer loop
      vertex -6 0 0
      vertex -2.3473371684249233 0 16.405418702091588
      vertex -2.243005795801696 0 16.205
    endloop
  endfacet
  facet normal 0 1 0
    outer loop
      vertex -6 0 0
      vertex -2.243005795801696 0 16.205
      vertex -2.1216037947084887 0 16.01443702985079
    endloop
  endfacet
  facet normal 0 1 0
    outer loop
      vertex -6 0 0
      vertex -2.1216037947084887 0 16.01443702985079
      vertex -1.984055107678153 0 15.835180090911864
    endloop
  endfacet
  facet normal 0 1 0
    outer loop
      vertex -6 0 0
      vertex -1.984055107678153 0 15.835180090911864
      vertex -1.8314065632731582 0 15.668593436726841
    endloop
  endfacet
  facet normal 0 1 0
    outer loop
      vertex -6 0 0
      vertex -1.8314065632731582 0 15.668593436726841
      vertex -1.6648199090881366 0 15.515944892321848
    endloop
  endfacet
  facet normal 0 1 0
    outer loop
      vertex -6 0 0
      vertex -1.6648199090881366 0 15.515944892321848
      vertex -1.6142740807578997 0 15.477159714114306
    endloop
  endfacet
  facet normal 0 1 0
    outer loop
      vertex -6 0 0
      vertex -2.59 0 17.5
      vertex -2.5801442680576208 0 17.274266626283566
    endloop
  endfacet
  facet normal 0 1 0
    outer loop
      vertex -6 0 0
      vertex -2.5801442680576208 0 17.274266626283566
      vertex -2.5506520803016186 0 17.05025121984265
    endloop
  endfacet
  facet normal 0 1 0
    outer loop
      vertex -6 0 0
      vertex -2.5506520803016186 0 17.05025121984265
      vertex -2.5017478900886867 0 16.829658673184472
    endloop
  endfacet
  facet normal 0 1 0
    outer loop
      vertex -6 0 0
      vertex -0.7499999987582368 0 87.5
      vertex -2.59 0 17.5
    endloop
  endfacet
  facet normal 0 0 -1
    outer loop
      vertex -6 -70 0
      vertex -2.3140353932976723 -8.757759995758533 0
      vertex -0.6000000014901161 -12 0
    endloop
  endfacet
  facet normal 0 0 -1
    outer loop
      vertex -6 -70 0
      vertex -0.6000000014901161 -12 0
      vertex 0.6000000014901161 -12 0
    endloop
  endfacet
  facet normal 0 0 -1
    outer loop
      vertex -6 -70 0
      vertex 0.6000000014901161 -12 0
      vertex 2.3140353932976723 -8.757759995758533 0
    endloop
  endfacet
  facet normal 0 0 -1
    outer loop
      vertex -6 -70 0
      vertex 2.3140353932976723 -8.757759995758533 0
      vertex 2.545584410429001 -8.545584410429 0
    endloop
  endfacet
  facet normal 0 0 -1
    outer loop
      vertex -6 -70 0
      vertex 2.545584410429001 -8.545584410429 0
      vertex 2.7577599957585335 -8.314035393297672 0
    endloop
  endfacet
  facet normal 0 0 -1
    outer loop
      vertex -6 -70 0
      vertex 2.7577599957585335 -8.314035393297672 0
      vertex 2.948947362601757 -8.064875170588493 0
    endloop
  endfacet
  facet normal 0 0 -1
    outer loop
      vertex -2.3140353932976723 -8.757759995758533 0
      vertex -2.0648751705884933 -8.948947362601757 0
      vertex -0.6000000014901161 -12 0
    endloop
  endfacet
  facet normal 0 0 -1
    outer loop
      vertex -2.0648751705884933 -8.948947362601757 0
      vertex -1.7999999970197678 -9.117691457271576 0
      vertex -0.6000000014901161 -12 0
    endloop
  endfacet
  facet normal 0 0 -1
    outer loop
      vertex -1.7999999970197678 -9.117691457271576 0
      vertex -1.5214257389307022 -9.262708030641079 0
      vertex -0.6000000014901161 -12 0
    endloop
  endfacet
  facet normal 0 0 -1
    outer loop
      vertex -1.5214257389307022 -9.262708030641079 0
      vertex -1.2312725186347961 -9.382893435657024 0
      vertex -0.6000000014901161 -12 0
    endloop
  endfacet
  facet normal 0 0 -1
    outer loop
      vertex -1.2312725186347961 -9.382893435657024 0
      vertex -0.9317485615611076 -9.477332971990108 0
      vertex -0.6000000014901161 -12 0
    endloop
  endfacet
  facet normal 0 0 -1
    outer loop
      vertex -0.9317485615611076 -9.477332971990108 0
      vertex -0.6251334398984909 -9.545307911932468 0
      vertex -0.6000000014901161 -12 0
    endloop
  endfacet
  facet normal 0 0 -1
    outer loop
      vertex -0.6000000014901161 -9.548616789281368 0
      vertex -0.6000000014901161 -12 0
      vertex -0.6251334398984909 -9.545307911932468 0
    endloop
  endfacet
  facet normal 0 1 0
    outer loop
      vertex -0.7499999987582368 0 87.5
      vertex -2.5801442680576208 0 17.725733373716434
      vertex -2.59 0 17.5
    endloop
  endfacet
  facet normal 0 1 0
    outer loop
      vertex -0.7499999987582368 0 87.5
      vertex -2.5506520803016186 0 17.94974878015735
      vertex -2.5801442680576208 0 17.725733373716434
    endloop
  endfacet
  facet normal 0 1 0
    outer loop
      vertex -0.7499999987582368 0 87.5
      vertex -2.5017478900886867 0 18.170341326815528
      vertex -2.5506520803016186 0 17.94974878015735
    endloop
  endfacet
  facet normal 0 1 0
    outer loop
      vertex -0.7499999987582368 0 87.5
      vertex -2.4338038878355026 0 18.385832171213483
      vertex -2.5017478900886867 0 18.170341326815528
    endloop
  endfacet
  facet normal 0 1 0
    outer loop
      vertex -0.7499999987582368 0 87.5
      vertex -2.3473371684249233 0 18.594581297908412
      vertex -2.4338038878355026 0 18.385832171213483
    endloop
  endfacet
  facet normal 0 1 0
    outer loop
      vertex -0.7499999987582368 0 87.5
      vertex -2.243005795801696 0 18.795
      vertex -2.3473371684249233 0 18.594581297908412
    endloop
  endfacet
  facet normal 0 1 0
    outer loop
      vertex -0.7499999987582368 0 87.5
      vertex -2.1216037947084887 0 18.98556297014921
      vertex -2.243005795801696 0 18.795
    endloop
  endfacet
  facet normal 0 1 0
    outer loop
      vertex -0.7499999987582368 0 87.5
      vertex -1.984055107678153 0 19.164819909088138
      vertex -2.1216037947084887 0 18.98556297014921
    endloop
  endfacet
  facet normal 0 1 0
    outer loop
      vertex -0.7499999987582368 0 87.5
      vertex -1.8314065632731582 0 19.33140656327316
      vertex -1.984055107678153 0 19.164819909088138
    endloop
  endfacet
  facet normal 0 1 0
    outer loop
      vertex -0.7499999987582368 0 87.5
      vertex -1.6648199090881366 0 19.484055107678152
      vertex -1.8314065632731582 0 19.33140656327316
    endloop
  endfacet
  facet normal 0 1 0
    outer loop
      vertex -0.7499999987582368 0 87.5
      vertex -1.565274731702689 0 19.56043880880916
      vertex -1.6648199090881366 0 19.484055107678152
    endloop
  endfacet
  facet normal -0.9992009587217895 0 0.039968038348871575
    outer loop
      vertex -2.5 -70 87.5
      vertex -2.5 0 87.5
      vertex -6 0 0
    endloop
  endfacet
  facet normal 0 1 0
    outer loop
      vertex -6 0 0
      vertex -2.5 0 87.5
      vertex -0.7499999987582368 0 87.5
    endloop
  endfacet
  facet normal -0.9990482222104388 0 0.04361937296846291
    outer loop
      vertex -2.4904867485165596 -70 87.71788935363293
      vertex -2.4904867485165596 0 87.71788935363293
      vertex -2.5 0 87.5
    endloop
  endfacet
  facet normal -0.9914448606708773 0 0.13052619755935901
    outer loop
      vertex -2.462019383907318 -70 87.93412044644356
      vertex -2.462019383907318 0 87.93412044644356
      vertex -2.4904867485165596 0 87.71788935363293
    endloop
  endfacet
  facet normal -0.9762960077393519 0 0.2164396111440865
    outer loop
      vertex -2.414814569056034 -70 88.1470476090908
      vertex -2.414814569056034 0 88.1470476090908
      vertex -2.462019383907318 0 87.93412044644356
    endloop
  endfacet
  facet normal -0.9537169421770515 0 0.3007058266885675
    outer loop
      vertex -2.3492315486073494 -70 88.355050355196
      vertex -2.3492315486073494 0 88.355050355196
      vertex -2.414814569056034 0 88.1470476090908
    endloop
  endfacet
  facet normal -0.9238795374184212 0 0.382683420518219
    outer loop
      vertex -2.2657694667577744 -70 88.55654565244913
      vertex -2.2657694667577744 0 88.55654565244913
      vertex -2.3492315486073494 0 88.355050355196
    endloop
  endfacet
  facet normal -0.8870108335878645 0 0.46174861244811755
    outer loop
      vertex -2.1650635078549385 -70 88.75
      vertex -2.1650635078549385 0 88.75
      vertex -2.2657694667577744 0 88.55654565244913
    endloop
  endfacet
  facet normal -0.84339145114912 0 0.5372995999706138
    outer loop
      vertex -2.0478801131248474 -70 88.93394108861685
      vertex -2.0478801131248474 0 88.93394108861685
      vertex -2.1650635078549385 0 88.75
    endloop
  endfacet
  facet normal -0.7933533378141335 0 0.6087614322369422
    outer loop
      vertex -1.9151111096143723 -70 89.10696902126074
      vertex -1.9151111096143723 0 89.10696902126074
      vertex -2.0478801131248474 0 88.93394108861685
    endloop
  endfacet
  facet normal -0.7372773368689203 0 0.6755902075514953
    outer loop
      vertex -1.7677669525146484 -70 89.26776695251465
      vertex -1.7677669525146484 0 89.26776695251465
      vertex -1.9151111096143723 0 89.10696902126074
    endloop
  endfacet
  facet normal -0.6755902075514953 0 0.7372773368689203
    outer loop
      vertex -1.6069690212607384 -70 89.41511110961437
      vertex -1.6069690212607384 0 89.41511110961437
      vertex -1.7677669525146484 0 89.26776695251465
    endloop
  endfacet
  facet normal -0.6087614322369422 0 0.7933533378141335
    outer loop
      vertex -1.433941088616848 -70 89.54788011312485
      vertex -1.433941088616848 0 89.54788011312485
      vertex -1.6069690212607384 0 89.41511110961437
    endloop
  endfacet
  facet normal -0.5372995999706138 0 0.84339145114912
    outer loop
      vertex -1.25 -70 89.66506350785494
      vertex -1.25 0 89.66506350785494
      vertex -1.433941088616848 0 89.54788011312485
    endloop
  endfacet
  facet normal -0.46174861244811755 0 0.8870108335878645
    outer loop
      vertex -1.056545652449131 -70 89.76576946675777
      vertex -1.056545652449131 0 89.76576946675777
      vertex -1.25 0 89.66506350785494
    endloop
  endfacet
  facet normal -0.382683420518219 0 0.9238795374184212
    outer loop
      vertex -0.8550503551959991 -70 89.84923154860735
      vertex -0.8550503551959991 0 89.84923154860735
      vertex -1.056545652449131 0 89.76576946675777
    endloop
  endfacet
  facet normal -0.3007058266885675 0 0.9537169421770515
    outer loop
      vertex -0.647047609090805 -70 89.91481456905603
      vertex -0.647047609090805 0 89.91481456905603
      vertex -0.8550503551959991 0 89.84923154860735
    endloop
  endfacet
  facet normal -0.2164396111440865 0 0.9762960077393519
    outer loop
      vertex -0.43412044644355774 -70 89.96201938390732
      vertex -0.43412044644355774 0 89.96201938390732
      vertex -0.647047609090805 0 89.91481456905603
    endloop
  endfacet
  facet normal -0.13052619755935901 0 0.9914448606708773
    outer loop
      vertex -0.21788935363292694 -70 89.99048674851656
      vertex -0.21788935363292694 0 89.99048674851656
      vertex -0.43412044644355774 0 89.96201938390732
    endloop
  endfacet
  facet normal -0.04361937296846291 0 0.9990482222104388
    outer loop
      vertex -0.21788935363292694 0 89.99048674851656
      vertex 0 -70 90
      vertex 0 0 90
    endloop
  endfacet
  facet normal 0 1 0
    outer loop
      vertex -2.5 0 87.5
      vertex -2.4904867485165596 0 87.71788935363293
      vertex 2.414814569056034 0 88.1470476090908
    endloop
  endfacet
  facet normal 0 1 0
    outer loop
      vertex -2.4904867485165596 0 87.71788935363293
      vertex -2.462019383907318 0 87.93412044644356
      vertex 2.3492315486073494 0 88.355050355196
    endloop
  endfacet
  facet normal 0 1 0
    outer loop
      vertex -2.462019383907318 0 87.93412044644356
      vertex -2.414814569056034 0 88.1470476090908
      vertex 2.2657694667577744 0 88.55654565244913
    endloop
  endfacet
  facet normal 0 1 0
    outer loop
      vertex -2.414814569056034 0 88.1470476090908
      vertex -2.3492315486073494 0 88.355050355196
      vertex 2.1650635078549385 0 88.75
    endloop
  endfacet
  facet normal 0 1 0
    outer loop
      vertex -2.3492315486073494 0 88.355050355196
      vertex -2.2657694667577744 0 88.55654565244913
      vertex 2.0478801131248474 0 88.93394108861685
    endloop
  endfacet
  facet normal 0 1 0
    outer loop
      vertex -2.2657694667577744 0 88.55654565244913
      vertex -2.1650635078549385 0 88.75
      vertex 1.9151111096143723 0 89.10696902126074
    endloop
  endfacet
  facet normal 0 1 0
    outer loop
      vertex -2.1650635078549385 0 88.75
      vertex -2.0478801131248474 0 88.93394108861685
      vertex 1.7677669525146484 0 89.26776695251465
    endloop
  endfacet
  facet normal 0 1 0
    outer loop
      vertex -2.0478801131248474 0 88.93394108861685
      vertex -1.9151111096143723 0 89.10696902126074
      vertex 1.6069690212607384 0 89.41511110961437
    endloop
  endfacet
  facet normal 0 1 0
    outer loop
      vertex -1.9151111096143723 0 89.10696902126074
      vertex -1.7677669525146484 0 89.26776695251465
      vertex 1.433941088616848 0 89.54788011312485
    endloop
  endfacet
  facet normal 0 1 0
    outer loop
      vertex -1.7677669525146484 0 89.26776695251465
      vertex -1.6069690212607384 0 89.41511110961437
      vertex 1.25 0 89.66506350785494
    endloop
  endfacet
  facet normal 0 1 0
    outer loop
      vertex -1.6069690212607384 0 89.41511110961437
      vertex -1.433941088616848 0 89.54788011312485
      vertex 1.056545652449131 0 89.76576946675777
    endloop
  endfacet
  facet normal 0 1 0
    outer loop
      vertex -1.433941088616848 0 89.54788011312485
      vertex -1.25 0 89.66506350785494
      vertex 0.8550503551959991 0 89.84923154860735
    endloop
  endfacet
  facet normal 0 1 0
    outer loop
      vertex -1.25 0 89.66506350785494
      vertex -1.056545652449131 0 89.76576946675777
      vertex 0.647047609090805 0 89.91481456905603
    endloop
  endfacet
  facet normal 0 1 0
    outer loop
      vertex -1.056545652449131 0 89.76576946675777
      vertex -0.8550503551959991 0 89.84923154860735
      vertex 0.43412044644355774 0 89.96201938390732
    endloop
  endfacet
  facet normal 0 1 0
    outer loop
      vertex -0.8550503551959991 0 89.84923154860735
      vertex -0.647047609090805 0 89.91481456905603
      vertex 0.21788935363292694 0 89.99048674851656
    endloop
  endfacet
  facet normal 0 1 0
    outer loop
      vertex -2.5 0 87.5
      vertex 2.462019383907318 0 87.93412044644356
      vertex -0.7499999987582368 0 87.5
    endloop
  endfacet
  facet normal 0 1 0
    outer loop
      vertex -0.647047609090805 0 89.91481456905603
      vertex -0.43412044644355774 0 89.96201938390732
      vertex 0 0 90
    endloop
  endfacet
  facet normal 0 1 0
    outer loop
      vertex -0.43412044644355774 0 89.96201938390732
      vertex -0.21788935363292694 0 89.99048674851656
      vertex 0 0 90
    endloop
  endfacet
  facet normal 0 1 0
    outer loop
      vertex -0.647047609090805 0 89.91481456905603
      vertex 0 0 90
      vertex 0.21788935363292694 0 89.99048674851656
    endloop
  endfacet
  facet normal 0 1 0
    outer loop
      vertex -0.8550503551959991 0 89.84923154860735
      vertex 0.21788935363292694 0 89.99048674851656
      vertex 0.43412044644355774 0 89.96201938390732
    endloop
  endfacet
  facet normal 0 0 -1
    outer loop
      vertex 0.6000000014901161 -58 0
      vertex 0.6251334398984909 -60.45469208806753 0
      vertex 0.6000000014901161 -60.45138321071863 0
    endloop
  endfacet
  facet normal 0 0 -1
    outer loop
      vertex 0.6000000014901161 -58 0
      vertex 0.9317485615611076 -60.52266702800989 0
      vertex 0.6251334398984909 -60.45469208806753 0
    endloop
  endfacet
  facet normal 0 0 -1
    outer loop
      vertex 0.6000000014901161 -58 0
      vertex 1.2312725186347961 -60.617106564342976 0
      vertex 0.9317485615611076 -60.52266702800989 0
    endloop
  endfacet
  facet normal 0 0 -1
    outer loop
      vertex 0.6000000014901161 -58 0
      vertex 1.5214257389307022 -60.73729196935892 0
      vertex 1.2312725186347961 -60.617106564342976 0
    endloop
  endfacet
  facet normal 0 0 -1
    outer loop
      vertex 0.6000000014901161 -58 0
      vertex 1.7999999970197678 -60.882308542728424 0
      vertex 1.5214257389307022 -60.73729196935892 0
    endloop
  endfacet
  facet normal 0 0 -1
    outer loop
      vertex 0.6000000014901161 -58 0
      vertex 2.0648751705884933 -61.05105263739824 0
      vertex 1.7999999970197678 -60.882308542728424 0
    endloop
  endfacet
  facet normal 0 0 -1
    outer loop
      vertex 0.6000000014901161 -58 0
      vertex 2.3140353932976723 -61.24224000424147 0
      vertex 2.0648751705884933 -61.05105263739824 0
    endloop
  endfacet
  facet normal 0 -1 0
    outer loop
      vertex 0.7499999987582368 -70 87.5
      vertex 1.565274731702689 -70 19.56043880880916
      vertex 1.6648199090881366 -70 19.484055107678152
    endloop
  endfacet
  facet normal 0 -1 0
    outer loop
      vertex 0.7499999987582368 -70 87.5
      vertex 1.6648199090881366 -70 19.484055107678152
      vertex 1.8314065632731582 -70 19.33140656327316
    endloop
  endfacet
  facet normal 0 -1 0
    outer loop
      vertex 0.7499999987582368 -70 87.5
      vertex 1.8314065632731582 -70 19.33140656327316
      vertex 1.984055107678153 -70 19.164819909088138
    endloop
  endfacet
  facet normal 0 -1 0
    outer loop
      vertex 0.7499999987582368 -70 87.5
      vertex 1.984055107678153 -70 19.164819909088138
      vertex 2.1216037947084887 -70 18.98556297014921
    endloop
  endfacet
  facet normal 0 -1 0
    outer loop
      vertex 0.7499999987582368 -70 87.5
      vertex 2.1216037947084887 -70 18.98556297014921
      vertex 2.243005795801696 -70 18.795
    endloop
  endfacet
  facet normal 0 -1 0
    outer loop
      vertex 0.7499999987582368 -70 87.5
      vertex 2.243005795801696 -70 18.795
      vertex 2.3473371684249233 -70 18.594581297908412
    endloop
  endfacet
  facet normal 0 -1 0
    outer loop
      vertex 0.7499999987582368 -70 87.5
      vertex 2.3473371684249233 -70 18.594581297908412
      vertex 2.4338038878355026 -70 18.385832171213483
    endloop
  endfacet
  facet normal 0 -1 0
    outer loop
      vertex 0.7499999987582368 -70 87.5
      vertex 2.4338038878355026 -70 18.385832171213483
      vertex 2.5017478900886867 -70 18.170341326815528
    endloop
  endfacet
  facet normal 0 -1 0
    outer loop
      vertex 0.7499999987582368 -70 87.5
      vertex 2.5506520803016186 -70 17.94974878015735
      vertex 2.5801442680576208 -70 17.725733373716434
    endloop
  endfacet
  facet normal 0 -1 0
    outer loop
      vertex 0.7499999987582368 -70 87.5
      vertex 2.5017478900886867 -70 18.170341326815528
      vertex 2.5506520803016186 -70 17.94974878015735
    endloop
  endfacet
  facet normal 0 -1 0
    outer loop
      vertex 0.7499999987582368 -70 87.5
      vertex 2.5801442680576208 -70 17.725733373716434
      vertex 2.59 -70 17.5
    endloop
  endfacet
  facet normal 0 0 -1
    outer loop
      vertex 6 0 0
      vertex -2.7577599957585335 -61.68596460670233 0
      vertex -2.948947362601757 -61.93512482941151 0
    endloop
  endfacet
  facet normal 0 0 -1
    outer loop
      vertex 6 0 0
      vertex -2.545584410429001 -61.454415589571 0
      vertex -2.7577599957585335 -61.68596460670233 0
    endloop
  endfacet
  facet normal 0 0 -1
    outer loop
      vertex 6 0 0
      vertex -2.3140353932976723 -61.24224000424147 0
      vertex -2.545584410429001 -61.454415589571 0
    endloop
  endfacet
  facet normal 0 0 -1
    outer loop
      vertex 6 0 0
      vertex -0.6000000014901161 -58 0
      vertex -2.3140353932976723 -61.24224000424147 0
    endloop
  endfacet
  facet normal 0 0 -1
    outer loop
      vertex 6 0 0
      vertex 0.6000000014901161 -58 0
      vertex -0.6000000014901161 -58 0
    endloop
  endfacet
  facet normal 0 0 -1
    outer loop
      vertex 6 0 0
      vertex 2.3140353932976723 -61.24224000424147 0
      vertex 0.6000000014901161 -58 0
    endloop
  endfacet
  facet normal 0 -1 0
    outer loop
      vertex 6 -70 0
      vertex 1.6142740807578997 -70 15.477159714114306
      vertex 1.7999999970197678 -70 0
    endloop
  endfacet
  facet normal 0 0 -1
    outer loop
      vertex 6 -70 0
      vertex 1.7999999970197678 -70 0
      vertex 2.4786087349057198 -66.60695631057024 0
    endloop
  endfacet
  facet normal 0 0 -1
    outer loop
      vertex 6 -70 0
      vertex 2.4786087349057198 -66.60695631057024 0
      vertex 2.545584410429001 -66.545584410429 0
    endloop
  endfacet
  facet normal 0 -1 0
    outer loop
      vertex 6 -70 0
      vertex 1.6648199090881366 -70 15.515944892321848
      vertex 1.6142740807578997 -70 15.477159714114306
    endloop
  endfacet
  facet normal 0 -1 0
    outer loop
      vertex 6 -70 0
      vertex 1.8314065632731582 -70 15.668593436726841
      vertex 1.6648199090881366 -70 15.515944892321848
    endloop
  endfacet
  facet normal 0 -1 0
    outer loop
      vertex 6 -70 0
      vertex 1.984055107678153 -70 15.835180090911864
      vertex 1.8314065632731582 -70 15.668593436726841
    endloop
  endfacet
  facet normal 0 -1 0
    outer loop
      vertex 6 -70 0
      vertex 2.1216037947084887 -70 16.01443702985079
      vertex 1.984055107678153 -70 15.835180090911864
    endloop
  endfacet
  facet normal 0 -1 0
    outer loop
      vertex 6 -70 0
      vertex 2.243005795801696 -70 16.205
      vertex 2.1216037947084887 -70 16.01443702985079
    endloop
  endfacet
  facet normal 0 -1 0
    outer loop
      vertex 6 -70 0
      vertex 2.3473371684249233 -70 16.405418702091588
      vertex 2.243005795801696 -70 16.205
    endloop
  endfacet
  facet normal 0 -1 0
    outer loop
      vertex 6 -70 0
      vertex 2.4338038878355026 -70 16.614167828786517
      vertex 2.3473371684249233 -70 16.405418702091588
    endloop
  endfacet
  facet normal 0 -1 0
    outer loop
      vertex 6 -70 0
      vertex 2.5017478900886867 -70 16.829658673184472
      vertex 2.4338038878355026 -70 16.614167828786517
    endloop
  endfacet
  facet normal 0 0 -1
    outer loop
      vertex 6 -70 0
      vertex 2.545584410429001 -66.545584410429 0
      vertex 2.7577599957585335 -66.31403539329767 0
    endloop
  endfacet
  facet normal 0 0 -1
    outer loop
      vertex 6 -70 0
      vertex 2.7577599957585335 -66.31403539329767 0
      vertex 2.948947362601757 -66.0648751705885 0
    endloop
  endfacet
  facet normal 0 0 -1
    outer loop
      vertex 6 -70 0
      vertex 2.948947362601757 -66.0648751705885 0
      vertex 3.117691457271576 -65.79999999701977 0
    endloop
  endfacet
  facet normal 0 0 -1
    outer loop
      vertex 6 -70 0
      vertex 3.117691457271576 -65.79999999701977 0
      vertex 3.262708030641079 -65.5214257389307 0
    endloop
  endfacet
  facet normal 0 0 -1
    outer loop
      vertex 6 -70 0
      vertex 3.262708030641079 -65.5214257389307 0
      vertex 3.3828934356570244 -65.2312725186348 0
    endloop
  endfacet
  facet normal 0 0 -1
    outer loop
      vertex 6 -70 0
      vertex 3.3828934356570244 -65.2312725186348 0
      vertex 3.4773329719901085 -64.93174856156111 0
    endloop
  endfacet
  facet normal 0 0 -1
    outer loop
      vertex 6 -70 0
      vertex 3.4773329719901085 -64.93174856156111 0
      vertex 3.5453079119324684 -64.62513343989849 0
    endloop
  endfacet
  facet normal 0 0 -1
    outer loop
      vertex 6 -70 0
      vertex 3.5453079119324684 -64.62513343989849 0
      vertex 3.5863009095191956 -64.3137606754899 0
    endloop
  endfacet
  facet normal 0 0 -1
    outer loop
      vertex 6 -70 0
      vertex 3.5863009095191956 -64.3137606754899 0
      vertex 3.600000001490116 -64 0
    endloop
  endfacet
  facet normal 0 -1 0
    outer loop
      vertex 6 -70 0
      vertex 2.5506520803016186 -70 17.05025121984265
      vertex 2.5017478900886867 -70 16.829658673184472
    endloop
  endfacet
  facet normal 0 -1 0
    outer loop
      vertex 6 -70 0
      vertex 2.5801442680576208 -70 17.274266626283566
      vertex 2.5506520803016186 -70 17.05025121984265
    endloop
  endfacet
  facet normal 0 -1 0
    outer loop
      vertex 6 -70 0
      vertex 2.59 -70 17.5
      vertex 2.5801442680576208 -70 17.274266626283566
    endloop
  endfacet
  facet normal 0 -1 0
    outer loop
      vertex 6 -70 0
      vertex 0.7499999987582368 -70 87.5
      vertex 2.59 -70 17.5
    endloop
  endfacet
  facet normal 0 0 -1
    outer loop
      vertex 6 0 0
      vertex 2.545584410429001 -61.454415589571 0
      vertex 2.3140353932976723 -61.24224000424147 0
    endloop
  endfacet
  facet normal 0 0 -1
    outer loop
      vertex 6 0 0
      vertex 2.7577599957585335 -61.68596460670233 0
      vertex 2.545584410429001 -61.454415589571 0
    endloop
  endfacet
  facet normal 0 0 -1
    outer loop
      vertex 6 0 0
      vertex 2.948947362601757 -61.93512482941151 0
      vertex 2.7577599957585335 -61.68596460670233 0
    endloop
  endfacet
  facet normal 0 0 -1
    outer loop
      vertex 6 0 0
      vertex 3.117691457271576 -62.20000000298023 0
      vertex 2.948947362601757 -61.93512482941151 0
    endloop
  endfacet
  facet normal 0 0 -1
    outer loop
      vertex 6 0 0
      vertex 3.3828934356570244 -62.768727481365204 0
      vertex 3.262708030641079 -62.4785742610693 0
    endloop
  endfacet
  facet normal 0 0 -1
    outer loop
      vertex 6 0 0
      vertex 3.4773329719901085 -63.06825143843889 0
      vertex 3.3828934356570244 -62.768727481365204 0
    endloop
  endfacet
  facet normal 0 0 -1
    outer loop
      vertex 6 0 0
      vertex 3.5453079119324684 -63.37486656010151 0
      vertex 3.4773329719901085 -63.06825143843889 0
    endloop
  endfacet
  facet normal 0 0 -1
    outer loop
      vertex 6 0 0
      vertex 3.600000001490116 -64 0
      vertex 3.5863009095191956 -63.6862393245101 0
    endloop
  endfacet
  facet normal 0 0 -1
    outer loop
      vertex 6 0 0
      vertex 3.5863009095191956 -63.6862393245101 0
      vertex 3.5453079119324684 -63.37486656010151 0
    endloop
  endfacet
  facet normal 0 0 -1
    outer loop
      vertex 6 0 0
      vertex 3.262708030641079 -62.4785742610693 0
      vertex 3.117691457271576 -62.20000000298023 0
    endloop
  endfacet
  facet normal 0 0 -1
    outer loop
      vertex 6 -70 0
      vertex 3.600000001490116 -64 0
      vertex 6 0 0
    endloop
  endfacet
  facet normal 0 -1 0
    outer loop
      vertex -1.056545652449131 -70 89.76576946675777
      vertex 0.647047609090805 -70 89.91481456905603
      vertex 0.43412044644355774 -70 89.96201938390732
    endloop
  endfacet
  facet normal 0 -1 0
    outer loop
      vertex -1.25 -70 89.66506350785494
      vertex 0.8550503551959991 -70 89.84923154860735
      vertex 0.647047609090805 -70 89.91481456905603
    endloop
  endfacet
  facet normal 0 -1 0
    outer loop
      vertex -1.433941088616848 -70 89.54788011312485
      vertex 1.056545652449131 -70 89.76576946675777
      vertex 0.8550503551959991 -70 89.84923154860735
    endloop
  endfacet
  facet normal 0 -1 0
    outer loop
      vertex -1.6069690212607384 -70 89.41511110961437
      vertex 1.25 -70 89.66506350785494
      vertex 1.056545652449131 -70 89.76576946675777
    endloop
  endfacet
  facet normal 0 -1 0
    outer loop
      vertex -1.7677669525146484 -70 89.26776695251465
      vertex 1.433941088616848 -70 89.54788011312485
      vertex 1.25 -70 89.66506350785494
    endloop
  endfacet
  facet normal 0 -1 0
    outer loop
      vertex -2.0478801131248474 -70 88.93394108861685
      vertex 1.7677669525146484 -70 89.26776695251465
      vertex 1.6069690212607384 -70 89.41511110961437
    endloop
  endfacet
  facet normal 0 -1 0
    outer loop
      vertex -1.9151111096143723 -70 89.10696902126074
      vertex 1.6069690212607384 -70 89.41511110961437
      vertex 1.433941088616848 -70 89.54788011312485
    endloop
  endfacet
  facet normal 0 -1 0
    outer loop
      vertex -2.1650635078549385 -70 88.75
      vertex 1.9151111096143723 -70 89.10696902126074
      vertex 1.7677669525146484 -70 89.26776695251465
    endloop
  endfacet
  facet normal 0 -1 0
    outer loop
      vertex -2.414814569056034 -70 88.1470476090908
      vertex 2.2657694667577744 -70 88.55654565244913
      vertex 2.1650635078549385 -70 88.75
    endloop
  endfacet
  facet normal 0 -1 0
    outer loop
      vertex -2.462019383907318 -70 87.93412044644356
      vertex 2.3492315486073494 -70 88.355050355196
      vertex 2.2657694667577744 -70 88.55654565244913
    endloop
  endfacet
  facet normal 0 -1 0
    outer loop
      vertex -2.2657694667577744 -70 88.55654565244913
      vertex 2.0478801131248474 -70 88.93394108861685
      vertex 1.9151111096143723 -70 89.10696902126074
    endloop
  endfacet
  facet normal 0 -1 0
    outer loop
      vertex -2.3492315486073494 -70 88.355050355196
      vertex 2.1650635078549385 -70 88.75
      vertex 2.0478801131248474 -70 88.93394108861685
    endloop
  endfacet
  facet normal 0 -1 0
    outer loop
      vertex -2.5 -70 87.5
      vertex 2.462019383907318 -70 87.93412044644356
      vertex 2.414814569056034 -70 88.1470476090908
    endloop
  endfacet
  facet normal 0 -1 0
    outer loop
      vertex 2.462019383907318 -70 87.93412044644356
      vertex -0.7499999987582368 -70 87.5
      vertex 0.7499999987582368 -70 87.5
    endloop
  endfacet
  facet normal 0 -1 0
    outer loop
      vertex -2.4904867485165596 -70 87.71788935363293
      vertex 2.414814569056034 -70 88.1470476090908
      vertex 2.3492315486073494 -70 88.355050355196
    endloop
  endfacet
  facet normal 0 -1 0
    outer loop
      vertex 2.4904867485165596 -70 87.71788935363293
      vertex 2.462019383907318 -70 87.93412044644356
      vertex 0.7499999987582368 -70 87.5
    endloop
  endfacet
  facet normal 0.04361937296846291 0 0.9990482222104388
    outer loop
      vertex 0 -70 90
      vertex 0.21788935363292694 -70 89.99048674851656
      vertex 0 0 90
    endloop
  endfacet
  facet normal 0.13052619755935901 0 0.9914448606708773
    outer loop
      vertex 0.21788935363292694 -70 89.99048674851656
      vertex 0.43412044644355774 -70 89.96201938390732
      vertex 0.21788935363292694 0 89.99048674851656
    endloop
  endfacet
  facet normal 0.2164396111440865 0 0.9762960077393519
    outer loop
      vertex 0.43412044644355774 -70 89.96201938390732
      vertex 0.647047609090805 -70 89.91481456905603
      vertex 0.43412044644355774 0 89.96201938390732
    endloop
  endfacet
  facet normal 0.3007058266885675 0 0.9537169421770515
    outer loop
      vertex 0.647047609090805 -70 89.91481456905603
      vertex 0.8550503551959991 -70 89.84923154860735
      vertex 0.647047609090805 0 89.91481456905603
    endloop
  endfacet
  facet normal 0.382683420518219 0 0.9238795374184212
    outer loop
      vertex 0.8550503551959991 -70 89.84923154860735
      vertex 1.056545652449131 -70 89.76576946675777
      vertex 0.8550503551959991 0 89.84923154860735
    endloop
  endfacet
  facet normal 0.46174861244811755 0 0.8870108335878645
    outer loop
      vertex 1.056545652449131 -70 89.76576946675777
      vertex 1.25 -70 89.66506350785494
      vertex 1.056545652449131 0 89.76576946675777
    endloop
  endfacet
  facet normal 0.5372995999706138 0 0.84339145114912
    outer loop
      vertex 1.25 -70 89.66506350785494
      vertex 1.433941088616848 -70 89.54788011312485
      vertex 1.25 0 89.66506350785494
    endloop
  endfacet
  facet normal 0.6087614322369422 0 0.7933533378141335
    outer loop
      vertex 1.433941088616848 -70 89.54788011312485
      vertex 1.6069690212607384 -70 89.41511110961437
      vertex 1.433941088616848 0 89.54788011312485
    endloop
  endfacet
  facet normal 0.6755902075514953 0 0.7372773368689203
    outer loop
      vertex 1.6069690212607384 -70 89.41511110961437
      vertex 1.7677669525146484 -70 89.26776695251465
      vertex 1.6069690212607384 0 89.41511110961437
    endloop
  endfacet
  facet normal 0.7372773368689203 0 0.6755902075514953
    outer loop
      vertex 1.7677669525146484 -70 89.26776695251465
      vertex 1.9151111096143723 -70 89.10696902126074
      vertex 1.7677669525146484 0 89.26776695251465
    endloop
  endfacet
  facet normal 0.7933533378141335 0 0.6087614322369422
    outer loop
      vertex 1.9151111096143723 -70 89.10696902126074
      vertex 2.0478801131248474 -70 88.93394108861685
      vertex 1.9151111096143723 0 89.10696902126074
    endloop
  endfacet
  facet normal 0.84339145114912 0 0.5372995999706138
    outer loop
      vertex 2.0478801131248474 -70 88.93394108861685
      vertex 2.1650635078549385 -70 88.75
      vertex 2.0478801131248474 0 88.93394108861685
    endloop
  endfacet
  facet normal 0.8870108335878645 0 0.46174861244811755
    outer loop
      vertex 2.1650635078549385 -70 88.75
      vertex 2.2657694667577744 -70 88.55654565244913
      vertex 2.1650635078549385 0 88.75
    endloop
  endfacet
  facet normal 0.9238795374184212 0 0.382683420518219
    outer loop
      vertex 2.2657694667577744 -70 88.55654565244913
      vertex 2.3492315486073494 -70 88.355050355196
      vertex 2.2657694667577744 0 88.55654565244913
    endloop
  endfacet
  facet normal 0.9537169421770515 0 0.3007058266885675
    outer loop
      vertex 2.3492315486073494 -70 88.355050355196
      vertex 2.414814569056034 -70 88.1470476090908
      vertex 2.3492315486073494 0 88.355050355196
    endloop
  endfacet
  facet normal 0.9762960077393519 0 0.2164396111440865
    outer loop
      vertex 2.414814569056034 -70 88.1470476090908
      vertex 2.462019383907318 -70 87.93412044644356
      vertex 2.414814569056034 0 88.1470476090908
    endloop
  endfacet
  facet normal 0.9914448606708773 0 0.13052619755935901
    outer loop
      vertex 2.4904867485165596 -70 87.71788935363293
      vertex 2.462019383907318 0 87.93412044644356
      vertex 2.462019383907318 -70 87.93412044644356
    endloop
  endfacet
  facet normal 0.9990482222104388 0 0.04361937296846291
    outer loop
      vertex 2.5 -70 87.5
      vertex 2.4904867485165596 0 87.71788935363293
      vertex 2.4904867485165596 -70 87.71788935363293
    endloop
  endfacet
  facet normal 0 -1 0
    outer loop
      vertex 6 -70 0
      vertex 2.4904867485165596 -70 87.71788935363293
      vertex 0.7499999987582368 -70 87.5
    endloop
  endfacet
  facet normal 0 -1 0
    outer loop
      vertex 6 -70 0
      vertex 2.5 -70 87.5
      vertex 2.4904867485165596 -70 87.71788935363293
    endloop
  endfacet
  facet normal 0.9992009587217895 0 0.039968038348871575
    outer loop
      vertex 6 -70 0
      vertex 2.5 0 87.5
      vertex 2.5 -70 87.5
    endloop
  endfacet
  facet normal 0 0 -1
    outer loop
      vertex -6 -70 0
      vertex 2.948947362601757 -8.064875170588493 0
      vertex 3.117691457271576 -7.799999997019768 0
    endloop
  endfacet
  facet normal 0 0 -1
    outer loop
      vertex -6 -70 0
      vertex 3.117691457271576 -7.799999997019768 0
      vertex 3.262708030641079 -7.521425738930702 0
    endloop
  endfacet
  facet normal 0 0 -1
    outer loop
      vertex -6 -70 0
      vertex 3.262708030641079 -7.521425738930702 0
      vertex 3.3828934356570244 -7.231272518634796 0
    endloop
  endfacet
  facet normal 0 0 -1
    outer loop
      vertex -6 -70 0
      vertex 3.3828934356570244 -7.231272518634796 0
      vertex 6 0 0
    endloop
  endfacet
  facet normal 0 0 -1
    outer loop
      vertex 0.6000000014901161 -12 0
      vertex 0.6000000014901161 -9.548616789281368 0
      vertex 0.6251334398984909 -9.545307911932468 0
    endloop
  endfacet
  facet normal 0 0 -1
    outer loop
      vertex 0.6000000014901161 -12 0
      vertex 0.6251334398984909 -9.545307911932468 0
      vertex 0.9317485615611076 -9.477332971990108 0
    endloop
  endfacet
  facet normal 0 0 -1
    outer loop
      vertex 0.6000000014901161 -12 0
      vertex 0.9317485615611076 -9.477332971990108 0
      vertex 1.2312725186347961 -9.382893435657024 0
    endloop
  endfacet
  facet normal 0 0 -1
    outer loop
      vertex 0.6000000014901161 -12 0
      vertex 1.2312725186347961 -9.382893435657024 0
      vertex 1.5214257389307022 -9.262708030641079 0
    endloop
  endfacet
  facet normal 0 0 -1
    outer loop
      vertex 0.6000000014901161 -12 0
      vertex 1.5214257389307022 -9.262708030641079 0
      vertex 1.7999999970197678 -9.117691457271576 0
    endloop
  endfacet
  facet normal 0 0 -1
    outer loop
      vertex 0.6000000014901161 -12 0
      vertex 1.7999999970197678 -9.117691457271576 0
      vertex 2.0648751705884933 -8.948947362601757 0
    endloop
  endfacet
  facet normal 0 0 -1
    outer loop
      vertex 0.6000000014901161 -12 0
      vertex 2.0648751705884933 -8.948947362601757 0
      vertex 2.3140353932976723 -8.757759995758533 0
    endloop
  endfacet
  facet normal 0 1 0
    outer loop
      vertex 0.7499999987582368 0 87.5
      vertex 1.6648199090881366 0 19.484055107678152
      vertex 1.565274731702689 0 19.56043880880916
    endloop
  endfacet
  facet normal 0 1 0
    outer loop
      vertex 0.7499999987582368 0 87.5
      vertex 1.8314065632731582 0 19.33140656327316
      vertex 1.6648199090881366 0 19.484055107678152
    endloop
  endfacet
  facet normal 0 1 0
    outer loop
      vertex 0.7499999987582368 0 87.5
      vertex 1.984055107678153 0 19.164819909088138
      vertex 1.8314065632731582 0 19.33140656327316
    endloop
  endfacet
  facet normal 0 1 0
    outer loop
      vertex 0.7499999987582368 0 87.5
      vertex 2.1216037947084887 0 18.98556297014921
      vertex 1.984055107678153 0 19.164819909088138
    endloop
  endfacet
  facet normal 0 1 0
    outer loop
      vertex 0.7499999987582368 0 87.5
      vertex 2.243005795801696 0 18.795
      vertex 2.1216037947084887 0 18.98556297014921
    endloop
  endfacet
  facet normal 0 1 0
    outer loop
      vertex 0.7499999987582368 0 87.5
      vertex 2.3473371684249233 0 18.594581297908412
      vertex 2.243005795801696 0 18.795
    endloop
  endfacet
  facet normal 0 1 0
    outer loop
      vertex 0.7499999987582368 0 87.5
      vertex 2.4338038878355026 0 18.385832171213483
      vertex 2.3473371684249233 0 18.594581297908412
    endloop
  endfacet
  facet normal 0 1 0
    outer loop
      vertex 0.7499999987582368 0 87.5
      vertex 2.5017478900886867 0 18.170341326815528
      vertex 2.4338038878355026 0 18.385832171213483
    endloop
  endfacet
  facet normal 0 1 0
    outer loop
      vertex 0.7499999987582368 0 87.5
      vertex 2.5801442680576208 0 17.725733373716434
      vertex 2.5506520803016186 0 17.94974878015735
    endloop
  endfacet
  facet normal 0 1 0
    outer loop
      vertex 0.7499999987582368 0 87.5
      vertex 2.5506520803016186 0 17.94974878015735
      vertex 2.5017478900886867 0 18.170341326815528
    endloop
  endfacet
  facet normal 0 1 0
    outer loop
      vertex 0.7499999987582368 0 87.5
      vertex 2.59 0 17.5
      vertex 2.5801442680576208 0 17.725733373716434
    endloop
  endfacet
  facet normal 0.9992009587217895 0 0.039968038348871575
    outer loop
      vertex 6 -70 0
      vertex 6 0 0
      vertex 2.5 0 87.5
    endloop
  endfacet
  facet normal 0 1 0
    outer loop
      vertex 6 0 0
      vertex 1.7999999970197678 0 0
      vertex 1.6142740807578997 0 15.477159714114306
    endloop
  endfacet
  facet normal 0 0 -1
    outer loop
      vertex 6 0 0
      vertex 2.545584410429001 -3.454415589570999 0
      vertex 2.4786087349057198 -3.39304368942976 0
    endloop
  endfacet
  facet normal 0 0 -1
    outer loop
      vertex 6 0 0
      vertex 2.4786087349057198 -3.39304368942976 0
      vertex 1.7999999970197678 0 0
    endloop
  endfacet
  facet normal 0 1 0
    outer loop
      vertex 6 0 0
      vertex 1.6142740807578997 0 15.477159714114306
      vertex 1.6648199090881366 0 15.515944892321848
    endloop
  endfacet
  facet normal 0 1 0
    outer loop
      vertex 6 0 0
      vertex 1.6648199090881366 0 15.515944892321848
      vertex 1.8314065632731582 0 15.668593436726841
    endloop
  endfacet
  facet normal 0 1 0
    outer loop
      vertex 6 0 0
      vertex 1.8314065632731582 0 15.668593436726841
      vertex 1.984055107678153 0 15.835180090911864
    endloop
  endfacet
  facet normal 0 1 0
    outer loop
      vertex 6 0 0
      vertex 1.984055107678153 0 15.835180090911864
      vertex 2.1216037947084887 0 16.01443702985079
    endloop
  endfacet
  facet normal 0 1 0
    outer loop
      vertex 6 0 0
      vertex 2.1216037947084887 0 16.01443702985079
      vertex 2.243005795801696 0 16.205
    endloop
  endfacet
  facet normal 0 1 0
    outer loop
      vertex 6 0 0
      vertex 2.243005795801696 0 16.205
      vertex 2.3473371684249233 0 16.405418702091588
    endloop
  endfacet
  facet normal 0 1 0
    outer loop
      vertex 6 0 0
      vertex 2.3473371684249233 0 16.405418702091588
      vertex 2.4338038878355026 0 16.614167828786517
    endloop
  endfacet
  facet normal 0 1 0
    outer loop
      vertex 6 0 0
      vertex 2.4338038878355026 0 16.614167828786517
      vertex 2.5017478900886867 0 16.829658673184472
    endloop
  endfacet
  facet normal 0 0 -1
    outer loop
      vertex 6 0 0
      vertex 3.3828934356570244 -7.231272518634796 0
      vertex 3.4773329719901085 -6.931748561561108 0
    endloop
  endfacet
  facet normal 0 0 -1
    outer loop
      vertex 6 0 0
      vertex 3.4773329719901085 -6.931748561561108 0
      vertex 3.5453079119324684 -6.625133439898491 0
    endloop
  endfacet
  facet normal 0 0 -1
    outer loop
      vertex 6 0 0
      vertex 2.7577599957585335 -3.6859646067023277 0
      vertex 2.545584410429001 -3.454415589570999 0
    endloop
  endfacet
  facet normal 0 0 -1
    outer loop
      vertex 6 0 0
      vertex 2.948947362601757 -3.9351248294115067 0
      vertex 2.7577599957585335 -3.6859646067023277 0
    endloop
  endfacet
  facet normal 0 0 -1
    outer loop
      vertex 6 0 0
      vertex 3.117691457271576 -4.200000002980232 0
      vertex 2.948947362601757 -3.9351248294115067 0
    endloop
  endfacet
  facet normal 0 0 -1
    outer loop
      vertex 6 0 0
      vertex 3.262708030641079 -4.478574261069298 0
      vertex 3.117691457271576 -4.200000002980232 0
    endloop
  endfacet
  facet normal 0 0 -1
    outer loop
      vertex 6 0 0
      vertex 3.3828934356570244 -4.768727481365204 0
      vertex 3.262708030641079 -4.478574261069298 0
    endloop
  endfacet
  facet normal 0 0 -1
    outer loop
      vertex 6 0 0
      vertex 3.4773329719901085 -5.068251438438892 0
      vertex 3.3828934356570244 -4.768727481365204 0
    endloop
  endfacet
  facet normal 0 0 -1
    outer loop
      vertex 6 0 0
      vertex 3.5453079119324684 -6.625133439898491 0
      vertex 3.5863009095191956 -6.3137606754899025 0
    endloop
  endfacet
  facet normal 0 0 -1
    outer loop
      vertex 6 0 0
      vertex 3.5863009095191956 -6.3137606754899025 0
      vertex 3.600000001490116 -6 0
    endloop
  endfacet
  facet normal 0 0 -1
    outer loop
      vertex 6 0 0
      vertex 3.600000001490116 -6 0
      vertex 3.5863009095191956 -5.6862393245100975 0
    endloop
  endfacet
  facet normal 0 0 -1
    outer loop
      vertex 6 0 0
      vertex 3.5453079119324684 -5.374866560101509 0
      vertex 3.4773329719901085 -5.068251438438892 0
    endloop
  endfacet
  facet normal 0 0 -1
    outer loop
      vertex 6 0 0
      vertex 3.5863009095191956 -5.6862393245100975 0
      vertex 3.5453079119324684 -5.374866560101509 0
    endloop
  endfacet
  facet normal 0 1 0
    outer loop
      vertex 6 0 0
      vertex 2.5017478900886867 0 16.829658673184472
      vertex 2.5506520803016186 0 17.05025121984265
    endloop
  endfacet
  facet normal 0 1 0
    outer loop
      vertex 6 0 0
      vertex 2.5506520803016186 0 17.05025121984265
      vertex 2.5801442680576208 0 17.274266626283566
    endloop
  endfacet
  facet normal 0 1 0
    outer loop
      vertex 6 0 0
      vertex 2.5801442680576208 0 17.274266626283566
      vertex 2.59 0 17.5
    endloop
  endfacet
  facet normal 0 1 0
    outer loop
      vertex 6 0 0
      vertex 2.59 0 17.5
      vertex 0.7499999987582368 0 87.5
    endloop
  endfacet
  facet normal 0.04361937296846291 0 0.9990482222104388
    outer loop
      vertex 0.21788935363292694 -70 89.99048674851656
      vertex 0.21788935363292694 0 89.99048674851656
      vertex 0 0 90
    endloop
  endfacet
  facet normal 0.13052619755935901 0 0.9914448606708773
    outer loop
      vertex 0.43412044644355774 -70 89.96201938390732
      vertex 0.43412044644355774 0 89.96201938390732
      vertex 0.21788935363292694 0 89.99048674851656
    endloop
  endfacet
  facet normal 0.2164396111440865 0 0.9762960077393519
    outer loop
      vertex 0.647047609090805 -70 89.91481456905603
      vertex 0.647047609090805 0 89.91481456905603
      vertex 0.43412044644355774 0 89.96201938390732
    endloop
  endfacet
  facet normal 0.3007058266885675 0 0.9537169421770515
    outer loop
      vertex 0.8550503551959991 -70 89.84923154860735
      vertex 0.8550503551959991 0 89.84923154860735
      vertex 0.647047609090805 0 89.91481456905603
    endloop
  endfacet
  facet normal 0.382683420518219 0 0.9238795374184212
    outer loop
      vertex 1.056545652449131 -70 89.76576946675777
      vertex 1.056545652449131 0 89.76576946675777
      vertex 0.8550503551959991 0 89.84923154860735
    endloop
  endfacet
  facet normal 0.46174861244811755 0 0.8870108335878645
    outer loop
      vertex 1.25 -70 89.66506350785494
      vertex 1.25 0 89.66506350785494
      vertex 1.056545652449131 0 89.76576946675777
    endloop
  endfacet
  facet normal 0.5372995999706138 0 0.84339145114912
    outer loop
      vertex 1.433941088616848 -70 89.54788011312485
      vertex 1.433941088616848 0 89.54788011312485
      vertex 1.25 0 89.66506350785494
    endloop
  endfacet
  facet normal 0.6087614322369422 0 0.7933533378141335
    outer loop
      vertex 1.6069690212607384 -70 89.41511110961437
      vertex 1.6069690212607384 0 89.41511110961437
      vertex 1.433941088616848 0 89.54788011312485
    endloop
  endfacet
  facet normal 0.6755902075514953 0 0.7372773368689203
    outer loop
      vertex 1.7677669525146484 -70 89.26776695251465
      vertex 1.7677669525146484 0 89.26776695251465
      vertex 1.6069690212607384 0 89.41511110961437
    endloop
  endfacet
  facet normal 0.7372773368689203 0 0.6755902075514953
    outer loop
      vertex 1.9151111096143723 -70 89.10696902126074
      vertex 1.9151111096143723 0 89.10696902126074
      vertex 1.7677669525146484 0 89.26776695251465
    endloop
  endfacet
  facet normal 0.7933533378141335 0 0.6087614322369422
    outer loop
      vertex 2.0478801131248474 -70 88.93394108861685
      vertex 2.0478801131248474 0 88.93394108861685
      vertex 1.9151111096143723 0 89.10696902126074
    endloop
  endfacet
  facet normal 0.84339145114912 0 0.5372995999706138
    outer loop
      vertex 2.1650635078549385 -70 88.75
      vertex 2.1650635078549385 0 88.75
      vertex 2.0478801131248474 0 88.93394108861685
    endloop
  endfacet
  facet normal 0.8870108335878645 0 0.46174861244811755
    outer loop
      vertex 2.2657694667577744 -70 88.55654565244913
      vertex 2.2657694667577744 0 88.55654565244913
      vertex 2.1650635078549385 0 88.75
    endloop
  endfacet
  facet normal 0.9238795374184212 0 0.382683420518219
    outer loop
      vertex 2.3492315486073494 -70 88.355050355196
      vertex 2.3492315486073494 0 88.355050355196
      vertex 2.2657694667577744 0 88.55654565244913
    endloop
  endfacet
  facet normal 0.9537169421770515 0 0.3007058266885675
    outer loop
      vertex 2.414814569056034 -70 88.1470476090908
      vertex 2.414814569056034 0 88.1470476090908
      vertex 2.3492315486073494 0 88.355050355196
    endloop
  endfacet
  facet normal 0.9914448606708773 0 0.13052619755935901
    outer loop
      vertex 2.4904867485165596 -70 87.71788935363293
      vertex 2.4904867485165596 0 87.71788935363293
      vertex 2.462019383907318 0 87.93412044644356
    endloop
  endfacet
  facet normal 0.9990482222104388 0 0.04361937296846291
    outer loop
      vertex 2.5 -70 87.5
      vertex 2.5 0 87.5
      vertex 2.4904867485165596 0 87.71788935363293
    endloop
  endfacet
  facet normal 0.9762960077393519 0 0.2164396111440865
    outer loop
      vertex 2.462019383907318 -70 87.93412044644356
      vertex 2.462019383907318 0 87.93412044644356
      vertex 2.414814569056034 0 88.1470476090908
    endloop
  endfacet
  facet normal 0 1 0
    outer loop
      vertex -1.056545652449131 0 89.76576946675777
      vertex 0.43412044644355774 0 89.96201938390732
      vertex 0.647047609090805 0 89.91481456905603
    endloop
  endfacet
  facet normal 0 1 0
    outer loop
      vertex -1.25 0 89.66506350785494
      vertex 0.647047609090805 0 89.91481456905603
      vertex 0.8550503551959991 0 89.84923154860735
    endloop
  endfacet
  facet normal 0 1 0
    outer loop
      vertex -1.433941088616848 0 89.54788011312485
      vertex 0.8550503551959991 0 89.84923154860735
      vertex 1.056545652449131 0 89.76576946675777
    endloop
  endfacet
  facet normal 0 1 0
    outer loop
      vertex -1.6069690212607384 0 89.41511110961437
      vertex 1.056545652449131 0 89.76576946675777
      vertex 1.25 0 89.66506350785494
    endloop
  endfacet
  facet normal 0 1 0
    outer loop
      vertex -1.7677669525146484 0 89.26776695251465
      vertex 1.25 0 89.66506350785494
      vertex 1.433941088616848 0 89.54788011312485
    endloop
  endfacet
  facet normal 0 1 0
    outer loop
      vertex -2.0478801131248474 0 88.93394108861685
      vertex 1.6069690212607384 0 89.41511110961437
      vertex 1.7677669525146484 0 89.26776695251465
    endloop
  endfacet
  facet normal 0 1 0
    outer loop
      vertex -1.9151111096143723 0 89.10696902126074
      vertex 1.433941088616848 0 89.54788011312485
      vertex 1.6069690212607384 0 89.41511110961437
    endloop
  endfacet
  facet normal 0 1 0
    outer loop
      vertex -2.1650635078549385 0 88.75
      vertex 1.7677669525146484 0 89.26776695251465
      vertex 1.9151111096143723 0 89.10696902126074
    endloop
  endfacet
  facet normal 0 1 0
    outer loop
      vertex -2.414814569056034 0 88.1470476090908
      vertex 2.1650635078549385 0 88.75
      vertex 2.2657694667577744 0 88.55654565244913
    endloop
  endfacet
  facet normal 0 1 0
    outer loop
      vertex -2.462019383907318 0 87.93412044644356
      vertex 2.2657694667577744 0 88.55654565244913
      vertex 2.3492315486073494 0 88.355050355196
    endloop
  endfacet
  facet normal 0 1 0
    outer loop
      vertex -2.2657694667577744 0 88.55654565244913
      vertex 1.9151111096143723 0 89.10696902126074
      vertex 2.0478801131248474 0 88.93394108861685
    endloop
  endfacet
  facet normal 0 1 0
    outer loop
      vertex -2.3492315486073494 0 88.355050355196
      vertex 2.0478801131248474 0 88.93394108861685
      vertex 2.1650635078549385 0 88.75
    endloop
  endfacet
  facet normal 0 1 0
    outer loop
      vertex -2.5 0 87.5
      vertex 2.414814569056034 0 88.1470476090908
      vertex 2.462019383907318 0 87.93412044644356
    endloop
  endfacet
  facet normal 0 1 0
    outer loop
      vertex 2.462019383907318 0 87.93412044644356
      vertex 0.7499999987582368 0 87.5
      vertex -0.7499999987582368 0 87.5
    endloop
  endfacet
  facet normal 0 1 0
    outer loop
      vertex -2.4904867485165596 0 87.71788935363293
      vertex 2.3492315486073494 0 88.355050355196
      vertex 2.414814569056034 0 88.1470476090908
    endloop
  endfacet
  facet normal 0 1 0
    outer loop
      vertex 2.4904867485165596 0 87.71788935363293
      vertex 0.7499999987582368 0 87.5
      vertex 2.462019383907318 0 87.93412044644356
    endloop
  endfacet
  facet normal 0 1 0
    outer loop
      vertex 6 0 0
      vertex 0.7499999987582368 0 87.5
      vertex 2.4904867485165596 0 87.71788935363293
    endloop
  endfacet
  facet normal 0 1 0
    outer loop
      vertex 6 0 0
      vertex 2.4904867485165596 0 87.71788935363293
      vertex 2.5 0 87.5
    endloop
  endfacet
endsolid OpenSCAD_Model
