solid OpenSCAD_Model
  facet normal 0 0 -1
    outer loop
      vertex -1.4735236861922412 -2.321901795130541 0
      vertex -1.3717177430356593 -1.5234468922286581 0
      vertex -1.375 -2.381569860407206 0
    endloop
  endfacet
  facet normal 0 0 -1
    outer loop
      vertex -1.7529159718088965 -2.118911417633421 0
      vertex -1.8401091674868602 -2.043648270062834 0
      vertex -1.7074885434557039 -1.1344526759488551 0
    endloop
  endfacet
  facet normal 0 0 -1
    outer loop
      vertex -2.08173640304233 -1.7969066609727904 0
      vertex -1.9855954803136935 -0.5098142686879524 0
      vertex -2.004663725408882 -1.8825045413038934 0
    endloop
  endfacet
  facet normal 0 0 -1
    outer loop
      vertex -1.924074186411755 -1.9647998689902093 0
      vertex -2.004663725408882 -1.8825045413038934 0
      vertex -1.9060417960709153 -0.7546553330035896 0
    endloop
  endfacet
  facet normal 0 0 -1
    outer loop
      vertex -1.924074186411755 -1.9647998689902093 0
      vertex -1.836209108490796 -0.9115021173291015 0
      vertex -1.8401091674868602 -2.043648270062834 0
    endloop
  endfacet
  facet normal 0 0 -1
    outer loop
      vertex -1.8401091674868602 -2.043648270062834 0
      vertex -1.7534967333290385 -1.0619553692149164 0
      vertex -1.7074885434557039 -1.1344526759488551 0
    endloop
  endfacet
  facet normal 0 0 -1
    outer loop
      vertex -1.5694623111321875 -2.258160325117686 0
      vertex -1.6626475658715305 -2.19045727456654 0
      vertex -1.5518398640861002 -1.3395122381797164 0
    endloop
  endfacet
  facet normal 0 0 -1
    outer loop
      vertex -1.7529159718088965 -2.118911417633421 0
      vertex -1.6584848384686421 -1.2049597671995698 0
      vertex -1.6626475658715305 -2.19045727456654 0
    endloop
  endfacet
  facet normal 0 0 -1
    outer loop
      vertex -1.5694623111321875 -2.258160325117686 0
      vertex -1.434309848052399 -1.4646689932472468 0
      vertex -1.4735236861922412 -2.321901795130541 0
    endloop
  endfacet
  facet normal 0 0 -1
    outer loop
      vertex -1.4735236861922412 -2.321901795130541 0
      vertex -1.434309848052399 -1.4646689932472468 0
      vertex -1.3717177430356593 -1.5234468922286581 0
    endloop
  endfacet
  facet normal 0 0 -1
    outer loop
      vertex -1.6626475658715305 -2.19045727456654 0
      vertex -1.6584848384686421 -1.2049597671995698 0
      vertex -1.6065715875179714 -1.2733529495705362 0
    endloop
  endfacet
  facet normal 0 0 -1
    outer loop
      vertex -1.6626475658715305 -2.19045727456654 0
      vertex -1.6065715875179714 -1.2733529495705362 0
      vertex -1.5518398640861002 -1.3395122381797164 0
    endloop
  endfacet
  facet normal 0 0 -1
    outer loop
      vertex -1.7529159718088965 -2.118911417633421 0
      vertex -1.7074885434557039 -1.1344526759488551 0
      vertex -1.6584848384686421 -1.2049597671995698 0
    endloop
  endfacet
  facet normal 0 0 -1
    outer loop
      vertex -1.5694623111321875 -2.258160325117686 0
      vertex -1.5518398640861002 -1.3395122381797164 0
      vertex -1.4943856862138938 -1.4033215671538113 0
    endloop
  endfacet
  facet normal 0 0 -1
    outer loop
      vertex -1.5694623111321875 -2.258160325117686 0
      vertex -1.4943856862138938 -1.4033215671538113 0
      vertex -1.434309848052399 -1.4646689932472468 0
    endloop
  endfacet
  facet normal -0.77051324277579 -0.6374239897486887 0
    outer loop
      vertex -2.08173640304233 -1.7969066609727904 0
      vertex -2.1551570076460593 -1.7081563957653536 28
      vertex -2.1551570076460593 -1.7081563957653536 0
    endloop
  endfacet
  facet normal -0.8211492091337058 -0.5707135676844292 0
    outer loop
      vertex -2.2905334119527736 -1.521826760419196 0
      vertex -2.2247967345311057 -1.616409443804301 0
      vertex -2.2905334119527736 -1.521826760419196 28
    endloop
  endfacet
  facet normal -0.8443279255020151 -0.5358267949789964 0
    outer loop
      vertex -2.3522517154413936 -1.4245742757761073 0
      vertex -2.2905334119527736 -1.521826760419196 0
      vertex -2.3522517154413936 -1.4245742757761073 28
    endloop
  endfacet
  facet normal -0.7965299180241951 -0.6045991148623765 0
    outer loop
      vertex -2.1551570076460593 -1.7081563957653536 0
      vertex -2.2247967345311057 -1.616409443804301 28
      vertex -2.2247967345311057 -1.616409443804301 0
    endloop
  endfacet
  facet normal -0.6534206039901076 -0.7569950556517544 0
    outer loop
      vertex -1.7529159718088965 -2.118911417633421 0
      vertex -1.7529159718088965 -2.118911417633421 28
      vertex -1.8401091674868602 -2.043648270062834 0
    endloop
  endfacet
  facet normal -0.5877852522924729 -0.8090169943749476 0
    outer loop
      vertex -1.5694623111321875 -2.258160325117686 0
      vertex -1.5694623111321875 -2.258160325117686 28
      vertex -1.6626475658715305 -2.19045727456654 0
    endloop
  endfacet
  facet normal -0.6211477802783083 -0.7836934573258414 0
    outer loop
      vertex -1.7529159718088965 -2.118911417633421 0
      vertex -1.6626475658715305 -2.19045727456654 0
      vertex -1.6626475658715305 -2.19045727456654 28
    endloop
  endfacet
  facet normal -0.5533915492433431 -0.8329212407101001 0
    outer loop
      vertex -1.5694623111321875 -2.258160325117686 0
      vertex -1.4735236861922412 -2.321901795130541 0
      vertex -1.4735236861922412 -2.321901795130541 28
    endloop
  endfacet
  facet normal -0.5180270093731311 -0.855364260160506 0
    outer loop
      vertex -1.4735236861922412 -2.321901795130541 0
      vertex -1.375 -2.381569860407206 0
      vertex -1.375 -2.381569860407206 28
    endloop
  endfacet
  facet normal -0.7144726796328036 -0.6996633405133651 0
    outer loop
      vertex -1.924074186411755 -1.9647998689902093 0
      vertex -2.004663725408882 -1.8825045413038934 28
      vertex -2.004663725408882 -1.8825045413038934 0
    endloop
  endfacet
  facet normal -0.7431448254773938 -0.6691306063588588 0
    outer loop
      vertex -2.08173640304233 -1.7969066609727904 0
      vertex -2.004663725408882 -1.8825045413038934 0
      vertex -2.08173640304233 -1.7969066609727904 28
    endloop
  endfacet
  facet normal -0.6845471059286877 -0.7289686274214124 0
    outer loop
      vertex -1.924074186411755 -1.9647998689902093 0
      vertex -1.8401091674868602 -2.043648270062834 0
      vertex -1.8401091674868602 -2.043648270062834 28
    endloop
  endfacet
  facet normal 0 0 -1
    outer loop
      vertex -2.463207340658385 -1.2227467427585508 0
      vertex -2.512250008517152 -1.1185257684584506 0
      vertex -2.463207340658385 1.2227467427585508 0
    endloop
  endfacet
  facet normal 0 0 -1
    outer loop
      vertex -2.4098433701206243 -1.3248226037797173 0
      vertex -2.463207340658385 -1.2227467427585508 0
      vertex -2.4098433701206243 1.3248226037797173 0
    endloop
  endfacet
  facet normal 0 0 -1
    outer loop
      vertex -2.6899059020179656 -0.5717571497488382 0
      vertex -2.6636036931037355 0.6838971897033508 0
      vertex -2.6636036931037355 -0.6838971897033508 0
    endloop
  endfacet
  facet normal 0 0 -1
    outer loop
      vertex -2.5970350181530732 -0.9043832785311035 0
      vertex -2.632628618213185 -0.7948374415972974 0
      vertex -2.5970350181530732 0.9043832785311035 0
    endloop
  endfacet
  facet normal 0 0 -1
    outer loop
      vertex -2.632628618213185 -0.7948374415972974 0
      vertex -2.6636036931037355 -0.6838971897033508 0
      vertex -2.632628618213185 0.7948374415972974 0
    endloop
  endfacet
  facet normal 0 0 -1
    outer loop
      vertex -2.7114891019438887 -0.45861405346928097 0
      vertex -2.728315428614814 -0.34466639230183616 0
      vertex -2.7114891019438887 0.45861405346928097 0
    endloop
  endfacet
  facet normal 0 0 -1
    outer loop
      vertex -2.6899059020179656 -0.5717571497488382 0
      vertex -2.7114891019438887 -0.45861405346928097 0
      vertex -2.6899059020179656 0.5717571497488382 0
    endloop
  endfacet
  facet normal 0 0 -1
    outer loop
      vertex -2.728315428614814 -0.34466639230183616 0
      vertex -2.7403553629361372 -0.23011406916386815 0
      vertex -2.728315428614814 0.34466639230183616 0
    endloop
  endfacet
  facet normal 0 0 -1
    outer loop
      vertex -2.7403553629361372 -0.23011406916386815 0
      vertex -2.7475877827718604 -0.11515804775529925 0
      vertex -2.7403553629361372 0.23011406916386815 0
    endloop
  endfacet
  facet normal 0 0 -1
    outer loop
      vertex -2.5970350181530732 -0.9043832785311035 0
      vertex -2.5568853361926913 1.0123425198828642 0
      vertex -2.5568853361926913 -1.0123425198828642 0
    endloop
  endfacet
  facet normal 0 0 -1
    outer loop
      vertex -2.512250008517152 -1.1185257684584506 0
      vertex -2.5568853361926913 -1.0123425198828642 0
      vertex -2.512250008517152 1.1185257684584506 0
    endloop
  endfacet
  facet normal 0 0 -1
    outer loop
      vertex -2.3522517154413936 -1.4245742757761073 0
      vertex -2.4098433701206243 -1.3248226037797173 0
      vertex -2.3522517154413936 1.4245742757761073 0
    endloop
  endfacet
  facet normal 0 0 -1
    outer loop
      vertex -2.3522517154413936 -1.4245742757761073 0
      vertex -2.2905334119527736 1.521826760419196 0
      vertex -2.2905334119527736 -1.521826760419196 0
    endloop
  endfacet
  facet normal 0 0 -1
    outer loop
      vertex -2.2905334119527736 -1.521826760419196 0
      vertex -2.2247967345311057 1.616409443804301 0
      vertex -2.2247967345311057 -1.616409443804301 0
    endloop
  endfacet
  facet normal 0 0 -1
    outer loop
      vertex -2.1551570076460593 -1.7081563957653536 0
      vertex -2.2247967345311057 -1.616409443804301 0
      vertex -2.1551570076460593 1.7081563957653536 0
    endloop
  endfacet
  facet normal 0 0 -1
    outer loop
      vertex -2.08173640304233 -1.7969066609727904 0
      vertex -2.1551570076460593 -1.7081563957653536 0
      vertex -2.08173640304233 1.7969066609727904 0
    endloop
  endfacet
  facet normal 0 0 -1
    outer loop
      vertex -1.924074186411755 -1.9647998689902093 0
      vertex -1.9060417960709153 -0.7546553330035896 0
      vertex -1.8727681881673317 -0.8338101183053903 0
    endloop
  endfacet
  facet normal 0 0 -1
    outer loop
      vertex -2.004663725408882 -1.8825045413038934 0
      vertex -1.935971558986836 -0.6741766258140952 0
      vertex -1.9060417960709153 -0.7546553330035896 0
    endloop
  endfacet
  facet normal 0 0 -1
    outer loop
      vertex -2.004663725408882 -1.8825045413038934 0
      vertex -1.9625049699407378 -0.5925151837361671 0
      vertex -1.935971558986836 -0.6741766258140952 0
    endloop
  endfacet
  facet normal 0 0 -1
    outer loop
      vertex -1.8401091674868602 -2.043648270062834 0
      vertex -1.836209108490796 -0.9115021173291015 0
      vertex -1.79642869408992 -0.9875950319085165 0
    endloop
  endfacet
  facet normal 0 0 -1
    outer loop
      vertex -1.924074186411755 -1.9647998689902093 0
      vertex -1.8727681881673317 -0.8338101183053903 0
      vertex -1.836209108490796 -0.9115021173291015 0
    endloop
  endfacet
  facet normal 0 0 -1
    outer loop
      vertex -1.8401091674868602 -2.043648270062834 0
      vertex -1.79642869408992 -0.9875950319085165 0
      vertex -1.7534967333290385 -1.0619553692149164 0
    endloop
  endfacet
  facet normal 0 0 -1
    outer loop
      vertex -2.004663725408882 -1.8825045413038934 0
      vertex -1.9855954803136935 -0.5098142686879524 0
      vertex -1.9625049699407378 -0.5925151837361671 0
    endloop
  endfacet
  facet normal 0 0 -1
    outer loop
      vertex -2.08173640304233 -1.7969066609727904 0
      vertex -2.0052025815043013 -0.4262189661764066 0
      vertex -1.9855954803136935 -0.5098142686879524 0
    endloop
  endfacet
  facet normal 0 0 -1
    outer loop
      vertex -2.08173640304233 -1.7969066609727904 0
      vertex -2.021291875994535 -0.34187593076800943 0
      vertex -2.0052025815043013 -0.4262189661764066 0
    endloop
  endfacet
  facet normal 0 0 -1
    outer loop
      vertex -2.08173640304233 -1.7969066609727904 0
      vertex -2.0338351376946795 -0.2569331288068233 0
      vertex -2.021291875994535 -0.34187593076800943 0
    endloop
  endfacet
  facet normal 0 0 -1
    outer loop
      vertex -2.08173640304233 -1.7969066609727904 0
      vertex -2.0428103614614836 -0.17153957883124715 0
      vertex -2.0338351376946795 -0.2569331288068233 0
    endloop
  endfacet
  facet normal 0 0 -1
    outer loop
      vertex -2.08173640304233 -1.7969066609727904 0
      vertex -2.0482018017026595 -0.08584509014485943 0
      vertex -2.0428103614614836 -0.17153957883124715 0
    endloop
  endfacet
  facet normal 0 0 -1
    outer loop
      vertex -2.08173640304233 -1.7969066609727904 0
      vertex -2.05 0 0
      vertex -2.0482018017026595 -0.08584509014485943 0
    endloop
  endfacet
  facet normal -0.8862035792312135 -0.463296035119864 0
    outer loop
      vertex -2.4098433701206243 -1.3248226037797173 0
      vertex -2.463207340658385 -1.2227467427585508 28
      vertex -2.463207340658385 -1.2227467427585508 0
    endloop
  endfacet
  facet normal -0.9048270524660201 -0.42577929156507144 0
    outer loop
      vertex -2.463207340658385 -1.2227467427585508 0
      vertex -2.512250008517152 -1.1185257684584506 28
      vertex -2.512250008517152 -1.1185257684584506 0
    endloop
  endfacet
  facet normal -0.9218631515885002 -0.3875155864521037 0
    outer loop
      vertex -2.512250008517152 -1.1185257684584506 0
      vertex -2.5568853361926913 -1.0123425198828642 28
      vertex -2.5568853361926913 -1.0123425198828642 0
    endloop
  endfacet
  facet normal -0.9372819894918906 -0.34857204732181746 0
    outer loop
      vertex -2.5970350181530732 -0.9043832785311035 0
      vertex -2.5568853361926913 -1.0123425198828642 0
      vertex -2.5970350181530732 -0.9043832785311035 28
    endloop
  endfacet
  facet normal -0.9510565162951533 -0.30901699437494784 0
    outer loop
      vertex -2.5970350181530732 -0.9043832785311035 0
      vertex -2.632628618213185 -0.7948374415972974 28
      vertex -2.632628618213185 -0.7948374415972974 0
    endloop
  endfacet
  facet normal -0.9631625667976589 -0.26891982061526315 0
    outer loop
      vertex -2.632628618213185 -0.7948374415972974 0
      vertex -2.6636036931037355 -0.6838971897033508 28
      vertex -2.6636036931037355 -0.6838971897033508 0
    endloop
  endfacet
  facet normal -0.8660254037844396 -0.49999999999999833 0
    outer loop
      vertex -2.3522517154413936 -1.4245742757761073 0
      vertex -2.4098433701206243 -1.3248226037797173 28
      vertex -2.4098433701206243 -1.3248226037797173 0
    endloop
  endfacet
  facet normal -0.97357890287316 -0.2283508701106577 0
    outer loop
      vertex -2.6899059020179656 -0.5717571497488382 0
      vertex -2.6636036931037355 -0.6838971897033508 0
      vertex -2.6899059020179656 -0.5717571497488382 28
    endloop
  endfacet
  facet normal -0.9822872507286886 -0.18738131458572427 0
    outer loop
      vertex -2.6899059020179656 -0.5717571497488382 0
      vertex -2.7114891019438887 -0.45861405346928097 28
      vertex -2.7114891019438887 -0.45861405346928097 0
    endloop
  endfacet
  facet normal -0.9892723329629883 -0.14608302856241084 0
    outer loop
      vertex -2.7114891019438887 -0.45861405346928097 0
      vertex -2.728315428614814 -0.34466639230183616 28
      vertex -2.728315428614814 -0.34466639230183616 0
    endloop
  endfacet
  facet normal -0.994521895368273 -0.10452846326765626 0
    outer loop
      vertex -2.728315428614814 -0.34466639230183616 0
      vertex -2.7403553629361372 -0.23011406916386815 28
      vertex -2.7403553629361372 -0.23011406916386815 0
    endloop
  endfacet
  facet normal -0.9980267284282718 -0.06279051952931038 0
    outer loop
      vertex -2.7403553629361372 -0.23011406916386815 0
      vertex -2.7475877827718604 -0.11515804775529925 28
      vertex -2.7475877827718604 -0.11515804775529925 0
    endloop
  endfacet
  facet normal -0.9997806834748454 -0.020942419883357082 0
    outer loop
      vertex -2.7475877827718604 -0.11515804775529925 0
      vertex -2.75 0 28
      vertex -2.75 0 0
    endloop
  endfacet
  facet normal 0 0 -1
    outer loop
      vertex -1.2740640965796195 -2.4370598428858403 0
      vertex -1.375 -2.381569860407206 0
      vertex -1.2394281854678681 -1.6328863319496023 0
    endloop
  endfacet
  facet normal 0 0 -1
    outer loop
      vertex -1.2740640965796195 -2.4370598428858403 0
      vertex -1.169962813753085 -1.683355878724093 0
      vertex -1.170893051803949 -2.4882743942815537 0
    endloop
  endfacet
  facet normal 0 0 -1
    outer loop
      vertex -1.170893051803949 -2.4882743942815537 0
      vertex -1.025 -1.775352077758099 0
      vertex -1.0656678627432836 -2.535123666868376 0
    endloop
  endfacet
  facet normal 0 0 -1
    outer loop
      vertex -1.0656678627432836 -2.535123666868376 0
      vertex -0.9497568719957162 -1.81671733742399 0
      vertex -0.958573130134992 -2.5775254711027014 0
    endloop
  endfacet
  facet normal 0 0 -1
    outer loop
      vertex -0.958573130134992 -2.5775254711027014 0
      vertex -0.7944069522268113 -1.8898194607564256 0
      vertex -0.8497967345311054 -2.615405419811672 0
    endloop
  endfacet
  facet normal 0 0 -1
    outer loop
      vertex -0.958573130134992 -2.5775254711027014 0
      vertex -0.9497568719957162 -1.81671733742399 0
      vertex -0.8728475477083985 -1.85489545755534 0
    endloop
  endfacet
  facet normal 0 0 -1
    outer loop
      vertex -0.958573130134992 -2.5775254711027014 0
      vertex -0.8728475477083985 -1.85489545755534 0
      vertex -0.7944069522268113 -1.8898194607564256 0
    endloop
  endfacet
  facet normal 0 0 -1
    outer loop
      vertex -0.8497967345311054 -2.615405419811672 0
      vertex -0.7145726970097213 -1.9214280784583773 0
      vertex -0.7395295066919804 -2.64869705869356 0
    endloop
  endfacet
  facet normal 0 0 -1
    outer loop
      vertex -0.8497967345311054 -2.615405419811672 0
      vertex -0.7944069522268113 -1.8898194607564256 0
      vertex -0.7145726970097213 -1.9214280784583773 0
    endloop
  endfacet
  facet normal 0 0 -1
    outer loop
      vertex -0.7395295066919804 -2.64869705869356 0
      vertex -0.7145726970097213 -1.9214280784583773 0
      vertex -0.6334848384686421 -1.9496658584050646 0
    endloop
  endfacet
  facet normal 0 0 -1
    outer loop
      vertex -1.2740640965796195 -2.4370598428858403 0
      vertex -1.2394281854678681 -1.6328863319496023 0
      vertex -1.169962813753085 -1.683355878724093 0
    endloop
  endfacet
  facet normal 0 0 -1
    outer loop
      vertex -1.375 -2.381569860407206 0
      vertex -1.3717177430356593 -1.5234468922286581 0
      vertex -1.3067191789848136 -1.579552147690368 0
    endloop
  endfacet
  facet normal 0 0 -1
    outer loop
      vertex -1.375 -2.381569860407206 0
      vertex -1.3067191789848136 -1.579552147690368 0
      vertex -1.2394281854678681 -1.6328863319496023 0
    endloop
  endfacet
  facet normal 0 0 -1
    outer loop
      vertex -1.170893051803949 -2.4882743942815537 0
      vertex -1.169962813753085 -1.683355878724093 0
      vertex -1.0984449297069432 -1.7308722472791305 0
    endloop
  endfacet
  facet normal 0 0 -1
    outer loop
      vertex -1.170893051803949 -2.4882743942815537 0
      vertex -1.0984449297069432 -1.7308722472791305 0
      vertex -1.025 -1.775352077758099 0
    endloop
  endfacet
  facet normal 0 0 -1
    outer loop
      vertex -1.0656678627432836 -2.535123666868376 0
      vertex -1.025 -1.775352077758099 0
      vertex -0.9497568719957162 -1.81671733742399 0
    endloop
  endfacet
  facet normal 0 0 -1
    outer loop
      vertex -0.7395295066919804 -2.64869705869356 0
      vertex -0.5512856322612945 -1.974483261935199 0
      vertex -0.6279648928043027 -2.677341982901191 0
    endloop
  endfacet
  facet normal 0 0 -1
    outer loop
      vertex -0.6279648928043027 -2.677341982901191 0
      vertex -0.4681192837268438 -1.9958367508899784 0
      vertex -0.5152986151107433 -2.701289939503894 0
    endloop
  endfacet
  facet normal 0 0 -1
    outer loop
      vertex -0.5152986151107433 -2.701289939503894 0
      vertex -0.38413169490073584 -2.0136888639938113 0
      vertex -0.4017283285466308 -2.7204989156482178 0
    endloop
  endfacet
  facet normal 0 0 -1
    outer loop
      vertex -0.7395295066919804 -2.64869705869356 0
      vertex -0.6334848384686421 -1.9496658584050646 0
      vertex -0.5512856322612945 -1.974483261935199 0
    endloop
  endfacet
  facet normal 0 0 -1
    outer loop
      vertex -0.6279648928043027 -2.677341982901191 0
      vertex -0.5512856322612945 -1.974483261935199 0
      vertex -0.4681192837268438 -1.9958367508899784 0
    endloop
  endfacet
  facet normal 0 0 -1
    outer loop
      vertex -0.5152986151107433 -2.701289939503894 0
      vertex -0.4681192837268438 -1.9958367508899784 0
      vertex -0.38413169490073584 -2.0136888639938113 0
    endloop
  endfacet
  facet normal 0 0 -1
    outer loop
      vertex -0.4017283285466308 -2.7204989156482178 0
      vertex -0.38413169490073584 -2.0136888639938113 0
      vertex -0.29947020855294293 -2.0280082825741257 0
    endloop
  endfacet
  facet normal 0 0 -1
    outer loop
      vertex -0.4017283285466308 -2.7204989156482178 0
      vertex -0.2142833496986896 -2.03876988550496 0
      vertex -0.28745327398604703 -2.7349352122627515 0
    endloop
  endfacet
  facet normal 0 0 -1
    outer loop
      vertex -0.28745327398604703 -2.7349352122627515 0
      vertex -0.12872056503509322 -2.0459547932779567 0
      vertex -0.17267392870561285 -2.744573503177747 0
    endloop
  endfacet
  facet normal 0 0 -1
    outer loop
      vertex -0.17267392870561285 -2.744573503177747 0
      vertex -0.042931960760881266 -2.049550401123433 0
      vertex -0.05759165467923109 -2.749396879555825 0
    endloop
  endfacet
  facet normal 0 0 -1
    outer loop
      vertex -0.05759165467923109 -2.749396879555825 0
      vertex -0.042931960760881266 -2.049550401123433 0
      vertex 0.05759165467923109 -2.749396879555825 0
    endloop
  endfacet
  facet normal 0 0 -1
    outer loop
      vertex -0.4017283285466308 -2.7204989156482178 0
      vertex -0.29947020855294293 -2.0280082825741257 0
      vertex -0.2142833496986896 -2.03876988550496 0
    endloop
  endfacet
  facet normal 0 0 -1
    outer loop
      vertex -0.28745327398604703 -2.7349352122627515 0
      vertex -0.2142833496986896 -2.03876988550496 0
      vertex -0.12872056503509322 -2.0459547932779567 0
    endloop
  endfacet
  facet normal 0 0 -1
    outer loop
      vertex -0.17267392870561285 -2.744573503177747 0
      vertex -0.12872056503509322 -2.0459547932779567 0
      vertex -0.042931960760881266 -2.049550401123433 0
    endloop
  endfacet
  facet normal -0.48175367410171405 -0.8763066800438643 0
    outer loop
      vertex -1.2740640965796195 -2.4370598428858403 0
      vertex -1.2740640965796195 -2.4370598428858403 28
      vertex -1.375 -2.381569860407206 0
    endloop
  endfacet
  facet normal -0.44463517918492707 -0.8957117602394131 0
    outer loop
      vertex -1.2740640965796195 -2.4370598428858403 0
      vertex -1.170893051803949 -2.4882743942815537 0
      vertex -1.170893051803949 -2.4882743942815537 28
    endloop
  endfacet
  facet normal -0.40673664307580104 -0.9135454576426004 0
    outer loop
      vertex -1.170893051803949 -2.4882743942815537 0
      vertex -1.0656678627432836 -2.535123666868376 0
      vertex -1.0656678627432836 -2.535123666868376 28
    endloop
  endfacet
  facet normal -0.32886664673858285 -0.9443763702374811 0
    outer loop
      vertex -0.958573130134992 -2.5775254711027014 0
      vertex -0.8497967345311054 -2.615405419811672 0
      vertex -0.8497967345311054 -2.615405419811672 28
    endloop
  endfacet
  facet normal -0.3681245526846778 -0.9297764858882515 0
    outer loop
      vertex -1.0656678627432836 -2.535123666868376 0
      vertex -0.958573130134992 -2.5775254711027014 0
      vertex -0.958573130134992 -2.5775254711027014 28
    endloop
  endfacet
  facet normal -0.2890317969444741 -0.9573194975320665 0
    outer loop
      vertex -0.8497967345311054 -2.615405419811672 0
      vertex -0.7395295066919804 -2.64869705869356 0
      vertex -0.7395295066919804 -2.64869705869356 28
    endloop
  endfacet
  facet normal -0.2486898871648539 -0.9685831611286313 0
    outer loop
      vertex -0.7395295066919804 -2.64869705869356 0
      vertex -0.6279648928043027 -2.677341982901191 0
      vertex -0.6279648928043027 -2.677341982901191 28
    endloop
  endfacet
  facet normal -0.20791169081776012 -0.9781476007338056 0
    outer loop
      vertex -0.6279648928043027 -2.677341982901191 0
      vertex -0.5152986151107433 -2.701289939503894 0
      vertex -0.5152986151107433 -2.701289939503894 28
    endloop
  endfacet
  facet normal -0.1667687467160992 -0.9859960370705054 0
    outer loop
      vertex -0.5152986151107433 -2.701289939503894 0
      vertex -0.4017283285466308 -2.7204989156482178 0
      vertex -0.4017283285466308 -2.7204989156482178 28
    endloop
  endfacet
  facet normal -0.1253332335643048 -0.9921147013144778 0
    outer loop
      vertex -0.4017283285466308 -2.7204989156482178 0
      vertex -0.28745327398604703 -2.7349352122627515 0
      vertex -0.28745327398604703 -2.7349352122627515 28
    endloop
  endfacet
  facet normal -0.08367784333231924 -0.9964928592495041 0
    outer loop
      vertex -0.28745327398604703 -2.7349352122627515 0
      vertex -0.17267392870561285 -2.744573503177747 0
      vertex -0.17267392870561285 -2.744573503177747 28
    endloop
  endfacet
  facet normal -0.04187565372919706 -0.9991228300988585 0
    outer loop
      vertex -0.17267392870561285 -2.744573503177747 0
      vertex -0.05759165467923109 -2.749396879555825 0
      vertex -0.05759165467923109 -2.749396879555825 28
    endloop
  endfacet
  facet normal -0.77051324277579 -0.6374239897486887 0
    outer loop
      vertex -2.08173640304233 -1.7969066609727904 0
      vertex -2.08173640304233 -1.7969066609727904 28
      vertex -2.1551570076460593 -1.7081563957653536 28
    endloop
  endfacet
  facet normal -0.8211492091337058 -0.5707135676844292 0
    outer loop
      vertex -2.2247967345311057 -1.616409443804301 0
      vertex -2.2247967345311057 -1.616409443804301 28
      vertex -2.2905334119527736 -1.521826760419196 28
    endloop
  endfacet
  facet normal -0.8660254037844396 -0.49999999999999833 0
    outer loop
      vertex -2.3522517154413936 -1.4245742757761073 0
      vertex -2.3522517154413936 -1.4245742757761073 28
      vertex -2.4098433701206243 -1.3248226037797173 28
    endloop
  endfacet
  facet normal -0.8443279255020151 -0.5358267949789964 0
    outer loop
      vertex -2.2905334119527736 -1.521826760419196 0
      vertex -2.2905334119527736 -1.521826760419196 28
      vertex -2.3522517154413936 -1.4245742757761073 28
    endloop
  endfacet
  facet normal -0.7965299180241951 -0.6045991148623765 0
    outer loop
      vertex -2.1551570076460593 -1.7081563957653536 0
      vertex -2.1551570076460593 -1.7081563957653536 28
      vertex -2.2247967345311057 -1.616409443804301 28
    endloop
  endfacet
  facet normal -0.6534206039901076 -0.7569950556517544 0
    outer loop
      vertex -1.8401091674868602 -2.043648270062834 0
      vertex -1.7529159718088965 -2.118911417633421 28
      vertex -1.8401091674868602 -2.043648270062834 28
    endloop
  endfacet
  facet normal -0.6211477802783083 -0.7836934573258414 0
    outer loop
      vertex -1.7529159718088965 -2.118911417633421 0
      vertex -1.6626475658715305 -2.19045727456654 28
      vertex -1.7529159718088965 -2.118911417633421 28
    endloop
  endfacet
  facet normal -0.5877852522924729 -0.8090169943749476 0
    outer loop
      vertex -1.6626475658715305 -2.19045727456654 0
      vertex -1.5694623111321875 -2.258160325117686 28
      vertex -1.6626475658715305 -2.19045727456654 28
    endloop
  endfacet
  facet normal -0.5533915492433431 -0.8329212407101001 0
    outer loop
      vertex -1.5694623111321875 -2.258160325117686 0
      vertex -1.4735236861922412 -2.321901795130541 28
      vertex -1.5694623111321875 -2.258160325117686 28
    endloop
  endfacet
  facet normal -0.5180270093731311 -0.855364260160506 0
    outer loop
      vertex -1.4735236861922412 -2.321901795130541 0
      vertex -1.375 -2.381569860407206 28
      vertex -1.4735236861922412 -2.321901795130541 28
    endloop
  endfacet
  facet normal -0.6845471059286877 -0.7289686274214124 0
    outer loop
      vertex -1.924074186411755 -1.9647998689902093 0
      vertex -1.8401091674868602 -2.043648270062834 28
      vertex -1.924074186411755 -1.9647998689902093 28
    endloop
  endfacet
  facet normal -0.7144726796328036 -0.6996633405133651 0
    outer loop
      vertex -1.924074186411755 -1.9647998689902093 0
      vertex -1.924074186411755 -1.9647998689902093 28
      vertex -2.004663725408882 -1.8825045413038934 28
    endloop
  endfacet
  facet normal -0.7431448254773938 -0.6691306063588588 0
    outer loop
      vertex -2.004663725408882 -1.8825045413038934 0
      vertex -2.004663725408882 -1.8825045413038934 28
      vertex -2.08173640304233 -1.7969066609727904 28
    endloop
  endfacet
  facet normal 0 0 1
    outer loop
      vertex -1.924074186411755 -1.9647998689902093 28
      vertex -1.9625049699407378 -0.5925151837361671 28
      vertex -2.004663725408882 -1.8825045413038934 28
    endloop
  endfacet
  facet normal 0 0 1
    outer loop
      vertex -1.924074186411755 -1.9647998689902093 28
      vertex -1.8401091674868602 -2.043648270062834 28
      vertex -1.8727681881673317 -0.8338101183053903 28
    endloop
  endfacet
  facet normal 0 0 1
    outer loop
      vertex -1.7529159718088965 -2.118911417633421 28
      vertex -1.79642869408992 -0.9875950319085165 28
      vertex -1.8401091674868602 -2.043648270062834 28
    endloop
  endfacet
  facet normal 0 0 1
    outer loop
      vertex -1.7529159718088965 -2.118911417633421 28
      vertex -1.7534967333290385 -1.0619553692149164 28
      vertex -1.79642869408992 -0.9875950319085165 28
    endloop
  endfacet
  facet normal 0 0 1
    outer loop
      vertex -1.7529159718088965 -2.118911417633421 28
      vertex -1.7074885434557039 -1.1344526759488551 28
      vertex -1.7534967333290385 -1.0619553692149164 28
    endloop
  endfacet
  facet normal 0 0 1
    outer loop
      vertex -1.5694623111321875 -2.258160325117686 28
      vertex -1.6065715875179714 -1.2733529495705362 28
      vertex -1.6626475658715305 -2.19045727456654 28
    endloop
  endfacet
  facet normal 0 0 1
    outer loop
      vertex -1.7529159718088965 -2.118911417633421 28
      vertex -1.6626475658715305 -2.19045727456654 28
      vertex -1.7074885434557039 -1.1344526759488551 28
    endloop
  endfacet
  facet normal 0 0 1
    outer loop
      vertex -1.5694623111321875 -2.258160325117686 28
      vertex -1.4735236861922412 -2.321901795130541 28
      vertex -1.4943856862138938 -1.4033215671538113 28
    endloop
  endfacet
  facet normal 0 0 1
    outer loop
      vertex -1.4735236861922412 -2.321901795130541 28
      vertex -1.375 -2.381569860407206 28
      vertex -1.434309848052399 -1.4646689932472468 28
    endloop
  endfacet
  facet normal 0 0 1
    outer loop
      vertex -1.4735236861922412 -2.321901795130541 28
      vertex -1.434309848052399 -1.4646689932472468 28
      vertex -1.4943856862138938 -1.4033215671538113 28
    endloop
  endfacet
  facet normal 0 0 1
    outer loop
      vertex -1.375 -2.381569860407206 28
      vertex -1.3717177430356593 -1.5234468922286581 28
      vertex -1.434309848052399 -1.4646689932472468 28
    endloop
  endfacet
  facet normal 0 0 1
    outer loop
      vertex -1.6626475658715305 -2.19045727456654 28
      vertex -1.6065715875179714 -1.2733529495705362 28
      vertex -1.6584848384686421 -1.2049597671995698 28
    endloop
  endfacet
  facet normal 0 0 1
    outer loop
      vertex -1.5694623111321875 -2.258160325117686 28
      vertex -1.5518398640861002 -1.3395122381797164 28
      vertex -1.6065715875179714 -1.2733529495705362 28
    endloop
  endfacet
  facet normal 0 0 1
    outer loop
      vertex -1.6626475658715305 -2.19045727456654 28
      vertex -1.6584848384686421 -1.2049597671995698 28
      vertex -1.7074885434557039 -1.1344526759488551 28
    endloop
  endfacet
  facet normal 0 0 1
    outer loop
      vertex -1.5694623111321875 -2.258160325117686 28
      vertex -1.4943856862138938 -1.4033215671538113 28
      vertex -1.5518398640861002 -1.3395122381797164 28
    endloop
  endfacet
  facet normal -0.8862035792312135 -0.463296035119864 0
    outer loop
      vertex -2.4098433701206243 -1.3248226037797173 0
      vertex -2.4098433701206243 -1.3248226037797173 28
      vertex -2.463207340658385 -1.2227467427585508 28
    endloop
  endfacet
  facet normal -0.9218631515885002 -0.3875155864521037 0
    outer loop
      vertex -2.512250008517152 -1.1185257684584506 0
      vertex -2.512250008517152 -1.1185257684584506 28
      vertex -2.5568853361926913 -1.0123425198828642 28
    endloop
  endfacet
  facet normal -0.9048270524660201 -0.42577929156507144 0
    outer loop
      vertex -2.463207340658385 -1.2227467427585508 0
      vertex -2.463207340658385 -1.2227467427585508 28
      vertex -2.512250008517152 -1.1185257684584506 28
    endloop
  endfacet
  facet normal -0.9510565162951533 -0.30901699437494784 0
    outer loop
      vertex -2.5970350181530732 -0.9043832785311035 0
      vertex -2.5970350181530732 -0.9043832785311035 28
      vertex -2.632628618213185 -0.7948374415972974 28
    endloop
  endfacet
  facet normal -0.9631625667976589 -0.26891982061526315 0
    outer loop
      vertex -2.632628618213185 -0.7948374415972974 0
      vertex -2.632628618213185 -0.7948374415972974 28
      vertex -2.6636036931037355 -0.6838971897033508 28
    endloop
  endfacet
  facet normal -0.9372819894918906 -0.34857204732181746 0
    outer loop
      vertex -2.5568853361926913 -1.0123425198828642 0
      vertex -2.5568853361926913 -1.0123425198828642 28
      vertex -2.5970350181530732 -0.9043832785311035 28
    endloop
  endfacet
  facet normal -0.97357890287316 -0.2283508701106577 0
    outer loop
      vertex -2.6636036931037355 -0.6838971897033508 0
      vertex -2.6636036931037355 -0.6838971897033508 28
      vertex -2.6899059020179656 -0.5717571497488382 28
    endloop
  endfacet
  facet normal -0.9822872507286886 -0.18738131458572427 0
    outer loop
      vertex -2.6899059020179656 -0.5717571497488382 0
      vertex -2.6899059020179656 -0.5717571497488382 28
      vertex -2.7114891019438887 -0.45861405346928097 28
    endloop
  endfacet
  facet normal -0.9892723329629883 -0.14608302856241084 0
    outer loop
      vertex -2.7114891019438887 -0.45861405346928097 0
      vertex -2.7114891019438887 -0.45861405346928097 28
      vertex -2.728315428614814 -0.34466639230183616 28
    endloop
  endfacet
  facet normal -0.994521895368273 -0.10452846326765626 0
    outer loop
      vertex -2.728315428614814 -0.34466639230183616 0
      vertex -2.728315428614814 -0.34466639230183616 28
      vertex -2.7403553629361372 -0.23011406916386815 28
    endloop
  endfacet
  facet normal -0.9980267284282718 -0.06279051952931038 0
    outer loop
      vertex -2.7403553629361372 -0.23011406916386815 0
      vertex -2.7403553629361372 -0.23011406916386815 28
      vertex -2.7475877827718604 -0.11515804775529925 28
    endloop
  endfacet
  facet normal -0.9997806834748454 -0.020942419883357082 0
    outer loop
      vertex -2.7475877827718604 -0.11515804775529925 0
      vertex -2.7475877827718604 -0.11515804775529925 28
      vertex -2.75 0 28
    endloop
  endfacet
  facet normal 0 0 1
    outer loop
      vertex -2.512250008517152 -1.1185257684584506 28
      vertex -2.5568853361926913 1.0123425198828642 28
      vertex -2.5568853361926913 -1.0123425198828642 28
    endloop
  endfacet
  facet normal 0 0 1
    outer loop
      vertex -2.463207340658385 -1.2227467427585508 28
      vertex -2.512250008517152 1.1185257684584506 28
      vertex -2.512250008517152 -1.1185257684584506 28
    endloop
  endfacet
  facet normal 0 0 1
    outer loop
      vertex -2.4098433701206243 -1.3248226037797173 28
      vertex -2.463207340658385 1.2227467427585508 28
      vertex -2.463207340658385 -1.2227467427585508 28
    endloop
  endfacet
  facet normal 0 0 1
    outer loop
      vertex -2.6899059020179656 -0.5717571497488382 28
      vertex -2.6636036931037355 -0.6838971897033508 28
      vertex -2.6899059020179656 0.5717571497488382 28
    endloop
  endfacet
  facet normal 0 0 1
    outer loop
      vertex -2.6899059020179656 -0.5717571497488382 28
      vertex -2.7114891019438887 0.45861405346928097 28
      vertex -2.7114891019438887 -0.45861405346928097 28
    endloop
  endfacet
  facet normal 0 0 1
    outer loop
      vertex -2.632628618213185 -0.7948374415972974 28
      vertex -2.6636036931037355 0.6838971897033508 28
      vertex -2.6636036931037355 -0.6838971897033508 28
    endloop
  endfacet
  facet normal 0 0 1
    outer loop
      vertex -2.5970350181530732 -0.9043832785311035 28
      vertex -2.632628618213185 0.7948374415972974 28
      vertex -2.632628618213185 -0.7948374415972974 28
    endloop
  endfacet
  facet normal 0 0 1
    outer loop
      vertex -2.5970350181530732 -0.9043832785311035 28
      vertex -2.5568853361926913 -1.0123425198828642 28
      vertex -2.5970350181530732 0.9043832785311035 28
    endloop
  endfacet
  facet normal 0 0 1
    outer loop
      vertex -2.7114891019438887 -0.45861405346928097 28
      vertex -2.728315428614814 0.34466639230183616 28
      vertex -2.728315428614814 -0.34466639230183616 28
    endloop
  endfacet
  facet normal 0 0 1
    outer loop
      vertex -2.728315428614814 -0.34466639230183616 28
      vertex -2.7403553629361372 0.23011406916386815 28
      vertex -2.7403553629361372 -0.23011406916386815 28
    endloop
  endfacet
  facet normal 0 0 1
    outer loop
      vertex -2.7403553629361372 -0.23011406916386815 28
      vertex -2.7475877827718604 0.11515804775529925 28
      vertex -2.7475877827718604 -0.11515804775529925 28
    endloop
  endfacet
  facet normal 0 0 1
    outer loop
      vertex -2.2905334119527736 -1.521826760419196 28
      vertex -2.2247967345311057 -1.616409443804301 28
      vertex -2.2905334119527736 1.521826760419196 28
    endloop
  endfacet
  facet normal 0 0 1
    outer loop
      vertex -2.3522517154413936 -1.4245742757761073 28
      vertex -2.4098433701206243 1.3248226037797173 28
      vertex -2.4098433701206243 -1.3248226037797173 28
    endloop
  endfacet
  facet normal 0 0 1
    outer loop
      vertex -2.3522517154413936 -1.4245742757761073 28
      vertex -2.2905334119527736 -1.521826760419196 28
      vertex -2.3522517154413936 1.4245742757761073 28
    endloop
  endfacet
  facet normal 0 0 1
    outer loop
      vertex -2.1551570076460593 -1.7081563957653536 28
      vertex -2.2247967345311057 1.616409443804301 28
      vertex -2.2247967345311057 -1.616409443804301 28
    endloop
  endfacet
  facet normal 0 0 1
    outer loop
      vertex -2.08173640304233 -1.7969066609727904 28
      vertex -2.1551570076460593 1.7081563957653536 28
      vertex -2.1551570076460593 -1.7081563957653536 28
    endloop
  endfacet
  facet normal 0 0 1
    outer loop
      vertex -2.08173640304233 -1.7969066609727904 28
      vertex -2.004663725408882 -1.8825045413038934 28
      vertex -2.0428103614614836 -0.17153957883124715 28
    endloop
  endfacet
  facet normal 0 0 1
    outer loop
      vertex -1.924074186411755 -1.9647998689902093 28
      vertex -1.8727681881673317 -0.8338101183053903 28
      vertex -1.9060417960709153 -0.7546553330035896 28
    endloop
  endfacet
  facet normal 0 0 1
    outer loop
      vertex -1.924074186411755 -1.9647998689902093 28
      vertex -1.9060417960709153 -0.7546553330035896 28
      vertex -1.935971558986836 -0.6741766258140952 28
    endloop
  endfacet
  facet normal 0 0 1
    outer loop
      vertex -1.924074186411755 -1.9647998689902093 28
      vertex -1.935971558986836 -0.6741766258140952 28
      vertex -1.9625049699407378 -0.5925151837361671 28
    endloop
  endfacet
  facet normal 0 0 1
    outer loop
      vertex -1.8401091674868602 -2.043648270062834 28
      vertex -1.79642869408992 -0.9875950319085165 28
      vertex -1.836209108490796 -0.9115021173291015 28
    endloop
  endfacet
  facet normal 0 0 1
    outer loop
      vertex -1.8401091674868602 -2.043648270062834 28
      vertex -1.836209108490796 -0.9115021173291015 28
      vertex -1.8727681881673317 -0.8338101183053903 28
    endloop
  endfacet
  facet normal 0 0 1
    outer loop
      vertex -2.004663725408882 -1.8825045413038934 28
      vertex -1.9625049699407378 -0.5925151837361671 28
      vertex -1.9855954803136935 -0.5098142686879524 28
    endloop
  endfacet
  facet normal 0 0 1
    outer loop
      vertex -2.004663725408882 -1.8825045413038934 28
      vertex -1.9855954803136935 -0.5098142686879524 28
      vertex -2.0052025815043013 -0.4262189661764066 28
    endloop
  endfacet
  facet normal 0 0 1
    outer loop
      vertex -2.004663725408882 -1.8825045413038934 28
      vertex -2.0052025815043013 -0.4262189661764066 28
      vertex -2.021291875994535 -0.34187593076800943 28
    endloop
  endfacet
  facet normal 0 0 1
    outer loop
      vertex -2.004663725408882 -1.8825045413038934 28
      vertex -2.021291875994535 -0.34187593076800943 28
      vertex -2.0338351376946795 -0.2569331288068233 28
    endloop
  endfacet
  facet normal 0 0 1
    outer loop
      vertex -2.004663725408882 -1.8825045413038934 28
      vertex -2.0338351376946795 -0.2569331288068233 28
      vertex -2.0428103614614836 -0.17153957883124715 28
    endloop
  endfacet
  facet normal 0 0 1
    outer loop
      vertex -2.08173640304233 -1.7969066609727904 28
      vertex -2.0428103614614836 -0.17153957883124715 28
      vertex -2.0482018017026595 -0.08584509014485943 28
    endloop
  endfacet
  facet normal 0 0 1
    outer loop
      vertex -2.08173640304233 -1.7969066609727904 28
      vertex -2.0482018017026595 -0.08584509014485943 28
      vertex -2.05 0 28
    endloop
  endfacet
  facet normal -0.44463517918492707 -0.8957117602394131 0
    outer loop
      vertex -1.2740640965796195 -2.4370598428858403 0
      vertex -1.170893051803949 -2.4882743942815537 28
      vertex -1.2740640965796195 -2.4370598428858403 28
    endloop
  endfacet
  facet normal -0.40673664307580104 -0.9135454576426004 0
    outer loop
      vertex -1.170893051803949 -2.4882743942815537 0
      vertex -1.0656678627432836 -2.535123666868376 28
      vertex -1.170893051803949 -2.4882743942815537 28
    endloop
  endfacet
  facet normal -0.48175367410171405 -0.8763066800438643 0
    outer loop
      vertex -1.375 -2.381569860407206 0
      vertex -1.2740640965796195 -2.4370598428858403 28
      vertex -1.375 -2.381569860407206 28
    endloop
  endfacet
  facet normal -0.32886664673858285 -0.9443763702374811 0
    outer loop
      vertex -0.958573130134992 -2.5775254711027014 0
      vertex -0.8497967345311054 -2.615405419811672 28
      vertex -0.958573130134992 -2.5775254711027014 28
    endloop
  endfacet
  facet normal -0.3681245526846778 -0.9297764858882515 0
    outer loop
      vertex -1.0656678627432836 -2.535123666868376 0
      vertex -0.958573130134992 -2.5775254711027014 28
      vertex -1.0656678627432836 -2.535123666868376 28
    endloop
  endfacet
  facet normal -0.2890317969444741 -0.9573194975320665 0
    outer loop
      vertex -0.8497967345311054 -2.615405419811672 0
      vertex -0.7395295066919804 -2.64869705869356 28
      vertex -0.8497967345311054 -2.615405419811672 28
    endloop
  endfacet
  facet normal -0.2486898871648539 -0.9685831611286313 0
    outer loop
      vertex -0.7395295066919804 -2.64869705869356 0
      vertex -0.6279648928043027 -2.677341982901191 28
      vertex -0.7395295066919804 -2.64869705869356 28
    endloop
  endfacet
  facet normal -0.20791169081776012 -0.9781476007338056 0
    outer loop
      vertex -0.6279648928043027 -2.677341982901191 0
      vertex -0.5152986151107433 -2.701289939503894 28
      vertex -0.6279648928043027 -2.677341982901191 28
    endloop
  endfacet
  facet normal -0.1667687467160992 -0.9859960370705054 0
    outer loop
      vertex -0.5152986151107433 -2.701289939503894 0
      vertex -0.4017283285466308 -2.7204989156482178 28
      vertex -0.5152986151107433 -2.701289939503894 28
    endloop
  endfacet
  facet normal -0.1253332335643048 -0.9921147013144778 0
    outer loop
      vertex -0.4017283285466308 -2.7204989156482178 0
      vertex -0.28745327398604703 -2.7349352122627515 28
      vertex -0.4017283285466308 -2.7204989156482178 28
    endloop
  endfacet
  facet normal -0.08367784333231924 -0.9964928592495041 0
    outer loop
      vertex -0.28745327398604703 -2.7349352122627515 0
      vertex -0.17267392870561285 -2.744573503177747 28
      vertex -0.28745327398604703 -2.7349352122627515 28
    endloop
  endfacet
  facet normal -0.04187565372919706 -0.9991228300988585 0
    outer loop
      vertex -0.17267392870561285 -2.744573503177747 0
      vertex -0.05759165467923109 -2.749396879555825 28
      vertex -0.17267392870561285 -2.744573503177747 28
    endloop
  endfacet
  facet normal 0 -1 0
    outer loop
      vertex -0.05759165467923109 -2.749396879555825 0
      vertex 0.05759165467923109 -2.749396879555825 28
      vertex -0.05759165467923109 -2.749396879555825 28
    endloop
  endfacet
  facet normal 0 0 1
    outer loop
      vertex -1.2740640965796195 -2.4370598428858403 28
      vertex -1.3067191789848136 -1.579552147690368 28
      vertex -1.375 -2.381569860407206 28
    endloop
  endfacet
  facet normal 0 0 1
    outer loop
      vertex -1.2740640965796195 -2.4370598428858403 28
      vertex -1.170893051803949 -2.4882743942815537 28
      vertex -1.2394281854678681 -1.6328863319496023 28
    endloop
  endfacet
  facet normal 0 0 1
    outer loop
      vertex -1.170893051803949 -2.4882743942815537 28
      vertex -1.0656678627432836 -2.535123666868376 28
      vertex -1.0984449297069432 -1.7308722472791305 28
    endloop
  endfacet
  facet normal 0 0 1
    outer loop
      vertex -0.7395295066919804 -2.64869705869356 28
      vertex -0.6279648928043027 -2.677341982901191 28
      vertex -0.7145726970097213 -1.9214280784583773 28
    endloop
  endfacet
  facet normal 0 0 1
    outer loop
      vertex -1.0656678627432836 -2.535123666868376 28
      vertex -0.958573130134992 -2.5775254711027014 28
      vertex -1.025 -1.775352077758099 28
    endloop
  endfacet
  facet normal 0 0 1
    outer loop
      vertex -0.958573130134992 -2.5775254711027014 28
      vertex -0.8497967345311054 -2.615405419811672 28
      vertex -0.8728475477083985 -1.85489545755534 28
    endloop
  endfacet
  facet normal 0 0 1
    outer loop
      vertex -0.958573130134992 -2.5775254711027014 28
      vertex -0.8728475477083985 -1.85489545755534 28
      vertex -0.9497568719957162 -1.81671733742399 28
    endloop
  endfacet
  facet normal 0 0 1
    outer loop
      vertex -0.8497967345311054 -2.615405419811672 28
      vertex -0.7395295066919804 -2.64869705869356 28
      vertex -0.7944069522268113 -1.8898194607564256 28
    endloop
  endfacet
  facet normal 0 0 1
    outer loop
      vertex -0.8497967345311054 -2.615405419811672 28
      vertex -0.7944069522268113 -1.8898194607564256 28
      vertex -0.8728475477083985 -1.85489545755534 28
    endloop
  endfacet
  facet normal 0 0 1
    outer loop
      vertex -0.7395295066919804 -2.64869705869356 28
      vertex -0.7145726970097213 -1.9214280784583773 28
      vertex -0.7944069522268113 -1.8898194607564256 28
    endloop
  endfacet
  facet normal 0 0 1
    outer loop
      vertex -1.375 -2.381569860407206 28
      vertex -1.3067191789848136 -1.579552147690368 28
      vertex -1.3717177430356593 -1.5234468922286581 28
    endloop
  endfacet
  facet normal 0 0 1
    outer loop
      vertex -1.2740640965796195 -2.4370598428858403 28
      vertex -1.2394281854678681 -1.6328863319496023 28
      vertex -1.3067191789848136 -1.579552147690368 28
    endloop
  endfacet
  facet normal 0 0 1
    outer loop
      vertex -1.170893051803949 -2.4882743942815537 28
      vertex -1.169962813753085 -1.683355878724093 28
      vertex -1.2394281854678681 -1.6328863319496023 28
    endloop
  endfacet
  facet normal 0 0 1
    outer loop
      vertex -1.170893051803949 -2.4882743942815537 28
      vertex -1.0984449297069432 -1.7308722472791305 28
      vertex -1.169962813753085 -1.683355878724093 28
    endloop
  endfacet
  facet normal 0 0 1
    outer loop
      vertex -1.0656678627432836 -2.535123666868376 28
      vertex -1.025 -1.775352077758099 28
      vertex -1.0984449297069432 -1.7308722472791305 28
    endloop
  endfacet
  facet normal 0 0 1
    outer loop
      vertex -0.958573130134992 -2.5775254711027014 28
      vertex -0.9497568719957162 -1.81671733742399 28
      vertex -1.025 -1.775352077758099 28
    endloop
  endfacet
  facet normal 0 0 1
    outer loop
      vertex -0.6279648928043027 -2.677341982901191 28
      vertex -0.5152986151107433 -2.701289939503894 28
      vertex -0.5512856322612945 -1.974483261935199 28
    endloop
  endfacet
  facet normal 0 0 1
    outer loop
      vertex -0.5152986151107433 -2.701289939503894 28
      vertex -0.4017283285466308 -2.7204989156482178 28
      vertex -0.4681192837268438 -1.9958367508899784 28
    endloop
  endfacet
  facet normal 0 0 1
    outer loop
      vertex -0.4017283285466308 -2.7204989156482178 28
      vertex -0.28745327398604703 -2.7349352122627515 28
      vertex -0.38413169490073584 -2.0136888639938113 28
    endloop
  endfacet
  facet normal 0 0 1
    outer loop
      vertex -0.6279648928043027 -2.677341982901191 28
      vertex -0.6334848384686421 -1.9496658584050646 28
      vertex -0.7145726970097213 -1.9214280784583773 28
    endloop
  endfacet
  facet normal 0 0 1
    outer loop
      vertex -0.6279648928043027 -2.677341982901191 28
      vertex -0.5512856322612945 -1.974483261935199 28
      vertex -0.6334848384686421 -1.9496658584050646 28
    endloop
  endfacet
  facet normal 0 0 1
    outer loop
      vertex -0.4017283285466308 -2.7204989156482178 28
      vertex -0.38413169490073584 -2.0136888639938113 28
      vertex -0.4681192837268438 -1.9958367508899784 28
    endloop
  endfacet
  facet normal 0 0 1
    outer loop
      vertex -0.5152986151107433 -2.701289939503894 28
      vertex -0.4681192837268438 -1.9958367508899784 28
      vertex -0.5512856322612945 -1.974483261935199 28
    endloop
  endfacet
  facet normal 0 0 1
    outer loop
      vertex -0.28745327398604703 -2.7349352122627515 28
      vertex -0.17267392870561285 -2.744573503177747 28
      vertex -0.2142833496986896 -2.03876988550496 28
    endloop
  endfacet
  facet normal 0 0 1
    outer loop
      vertex -0.17267392870561285 -2.744573503177747 28
      vertex -0.05759165467923109 -2.749396879555825 28
      vertex -0.12872056503509322 -2.0459547932779567 28
    endloop
  endfacet
  facet normal 0 0 1
    outer loop
      vertex -0.28745327398604703 -2.7349352122627515 28
      vertex -0.29947020855294293 -2.0280082825741257 28
      vertex -0.38413169490073584 -2.0136888639938113 28
    endloop
  endfacet
  facet normal 0 0 1
    outer loop
      vertex -0.28745327398604703 -2.7349352122627515 28
      vertex -0.2142833496986896 -2.03876988550496 28
      vertex -0.29947020855294293 -2.0280082825741257 28
    endloop
  endfacet
  facet normal 0 0 1
    outer loop
      vertex -0.17267392870561285 -2.744573503177747 28
      vertex -0.12872056503509322 -2.0459547932779567 28
      vertex -0.2142833496986896 -2.03876988550496 28
    endloop
  endfacet
  facet normal 0 0 1
    outer loop
      vertex -0.05759165467923109 -2.749396879555825 28
      vertex -0.042931960760881356 -2.049550401123433 28
      vertex -0.12872056503509322 -2.0459547932779567 28
    endloop
  endfacet
  facet normal 0 0 1
    outer loop
      vertex -0.05759165467923109 -2.749396879555825 28
      vertex 0.042931960760881266 -2.049550401123433 28
      vertex -0.042931960760881356 -2.049550401123433 28
    endloop
  endfacet
  facet normal 0 0 -1
    outer loop
      vertex -2.7475877827718604 -0.11515804775529925 0
      vertex -2.75 0 0
      vertex -2.7475877827718604 0.11515804775529925 0
    endloop
  endfacet
  facet normal 0 0 -1
    outer loop
      vertex -2.7475877827718604 -0.11515804775529925 0
      vertex -2.7475877827718604 0.11515804775529925 0
      vertex -2.7403553629361372 0.23011406916386815 0
    endloop
  endfacet
  facet normal 0 0 -1
    outer loop
      vertex -2.7403553629361372 -0.23011406916386815 0
      vertex -2.7403553629361372 0.23011406916386815 0
      vertex -2.728315428614814 0.34466639230183616 0
    endloop
  endfacet
  facet normal 0 0 -1
    outer loop
      vertex -2.728315428614814 -0.34466639230183616 0
      vertex -2.728315428614814 0.34466639230183616 0
      vertex -2.7114891019438887 0.45861405346928097 0
    endloop
  endfacet
  facet normal 0 0 -1
    outer loop
      vertex -2.7114891019438887 -0.45861405346928097 0
      vertex -2.7114891019438887 0.45861405346928097 0
      vertex -2.6899059020179656 0.5717571497488382 0
    endloop
  endfacet
  facet normal 0 0 -1
    outer loop
      vertex -2.6899059020179656 -0.5717571497488382 0
      vertex -2.6899059020179656 0.5717571497488382 0
      vertex -2.6636036931037355 0.6838971897033508 0
    endloop
  endfacet
  facet normal 0 0 -1
    outer loop
      vertex -2.6636036931037355 -0.6838971897033508 0
      vertex -2.6636036931037355 0.6838971897033508 0
      vertex -2.632628618213185 0.7948374415972974 0
    endloop
  endfacet
  facet normal 0 0 -1
    outer loop
      vertex -2.632628618213185 -0.7948374415972974 0
      vertex -2.632628618213185 0.7948374415972974 0
      vertex -2.5970350181530732 0.9043832785311035 0
    endloop
  endfacet
  facet normal 0 0 -1
    outer loop
      vertex -2.5970350181530732 -0.9043832785311035 0
      vertex -2.5970350181530732 0.9043832785311035 0
      vertex -2.5568853361926913 1.0123425198828642 0
    endloop
  endfacet
  facet normal 0 0 -1
    outer loop
      vertex -2.5568853361926913 -1.0123425198828642 0
      vertex -2.5568853361926913 1.0123425198828642 0
      vertex -2.512250008517152 1.1185257684584506 0
    endloop
  endfacet
  facet normal 0 0 -1
    outer loop
      vertex -2.512250008517152 -1.1185257684584506 0
      vertex -2.512250008517152 1.1185257684584506 0
      vertex -2.463207340658385 1.2227467427585508 0
    endloop
  endfacet
  facet normal 0 0 -1
    outer loop
      vertex -2.463207340658385 -1.2227467427585508 0
      vertex -2.463207340658385 1.2227467427585508 0
      vertex -2.4098433701206243 1.3248226037797173 0
    endloop
  endfacet
  facet normal 0 0 -1
    outer loop
      vertex -2.08173640304233 -1.7969066609727904 0
      vertex -2.08173640304233 1.7969066609727904 0
      vertex -2.05 0 0
    endloop
  endfacet
  facet normal 0 0 -1
    outer loop
      vertex -2.4098433701206243 -1.3248226037797173 0
      vertex -2.4098433701206243 1.3248226037797173 0
      vertex -2.3522517154413936 1.4245742757761073 0
    endloop
  endfacet
  facet normal 0 0 -1
    outer loop
      vertex -2.3522517154413936 -1.4245742757761073 0
      vertex -2.3522517154413936 1.4245742757761073 0
      vertex -2.2905334119527736 1.521826760419196 0
    endloop
  endfacet
  facet normal 0 0 -1
    outer loop
      vertex -2.2905334119527736 -1.521826760419196 0
      vertex -2.2905334119527736 1.521826760419196 0
      vertex -2.2247967345311057 1.616409443804301 0
    endloop
  endfacet
  facet normal 0 0 -1
    outer loop
      vertex -2.2247967345311057 -1.616409443804301 0
      vertex -2.2247967345311057 1.616409443804301 0
      vertex -2.1551570076460593 1.7081563957653536 0
    endloop
  endfacet
  facet normal 0 0 -1
    outer loop
      vertex -2.1551570076460593 -1.7081563957653536 0
      vertex -2.1551570076460593 1.7081563957653536 0
      vertex -2.08173640304233 1.7969066609727904 0
    endloop
  endfacet
  facet normal 0 0 -1
    outer loop
      vertex -2.08173640304233 1.7969066609727904 0
      vertex -2.0482018017026595 0.08584509014485943 0
      vertex -2.05 0 0
    endloop
  endfacet
  facet normal 0 0 -1
    outer loop
      vertex -2.08173640304233 1.7969066609727904 0
      vertex -2.0428103614614836 0.17153957883124715 0
      vertex -2.0482018017026595 0.08584509014485943 0
    endloop
  endfacet
  facet normal 0 0 -1
    outer loop
      vertex -2.004663725408882 1.8825045413038934 0
      vertex -2.0338351376946795 0.2569331288068233 0
      vertex -2.0428103614614836 0.17153957883124715 0
    endloop
  endfacet
  facet normal 0 0 -1
    outer loop
      vertex -2.004663725408882 1.8825045413038934 0
      vertex -2.021291875994535 0.34187593076800943 0
      vertex -2.0338351376946795 0.2569331288068233 0
    endloop
  endfacet
  facet normal 0 0 -1
    outer loop
      vertex -2.004663725408882 1.8825045413038934 0
      vertex -2.0052025815043013 0.4262189661764066 0
      vertex -2.021291875994535 0.34187593076800943 0
    endloop
  endfacet
  facet normal 0 0 -1
    outer loop
      vertex -2.004663725408882 1.8825045413038934 0
      vertex -1.9855954803136935 0.5098142686879524 0
      vertex -2.0052025815043013 0.4262189661764066 0
    endloop
  endfacet
  facet normal 0 0 -1
    outer loop
      vertex -2.004663725408882 1.8825045413038934 0
      vertex -1.9625049699407378 0.5925151837361671 0
      vertex -1.9855954803136935 0.5098142686879524 0
    endloop
  endfacet
  facet normal 0 0 -1
    outer loop
      vertex -1.924074186411755 1.9647998689902093 0
      vertex -1.935971558986836 0.6741766258140952 0
      vertex -1.9625049699407378 0.5925151837361671 0
    endloop
  endfacet
  facet normal 0 0 -1
    outer loop
      vertex -1.924074186411755 1.9647998689902093 0
      vertex -1.9060417960709153 0.7546553330035896 0
      vertex -1.935971558986836 0.6741766258140952 0
    endloop
  endfacet
  facet normal 0 0 -1
    outer loop
      vertex -1.924074186411755 1.9647998689902093 0
      vertex -1.8727681881673317 0.8338101183053903 0
      vertex -1.9060417960709153 0.7546553330035896 0
    endloop
  endfacet
  facet normal 0 0 -1
    outer loop
      vertex -2.08173640304233 1.7969066609727904 0
      vertex -2.004663725408882 1.8825045413038934 0
      vertex -2.0428103614614836 0.17153957883124715 0
    endloop
  endfacet
  facet normal 0 0 -1
    outer loop
      vertex -1.8401091674868602 2.043648270062834 0
      vertex -1.836209108490796 0.9115021173291015 0
      vertex -1.8727681881673317 0.8338101183053903 0
    endloop
  endfacet
  facet normal 0 0 -1
    outer loop
      vertex -1.8401091674868602 2.043648270062834 0
      vertex -1.79642869408992 0.9875950319085165 0
      vertex -1.836209108490796 0.9115021173291015 0
    endloop
  endfacet
  facet normal -0.9997806834748454 0.020942419883357082 0
    outer loop
      vertex -2.75 0 0
      vertex -2.7475877827718604 0.11515804775529925 28
      vertex -2.7475877827718604 0.11515804775529925 0
    endloop
  endfacet
  facet normal -0.9980267284282718 0.06279051952931038 0
    outer loop
      vertex -2.7475877827718604 0.11515804775529925 0
      vertex -2.7403553629361372 0.23011406916386815 28
      vertex -2.7403553629361372 0.23011406916386815 0
    endloop
  endfacet
  facet normal -0.994521895368273 0.10452846326765626 0
    outer loop
      vertex -2.7403553629361372 0.23011406916386815 0
      vertex -2.728315428614814 0.34466639230183616 28
      vertex -2.728315428614814 0.34466639230183616 0
    endloop
  endfacet
  facet normal -0.9892723329629883 0.14608302856241084 0
    outer loop
      vertex -2.728315428614814 0.34466639230183616 0
      vertex -2.7114891019438887 0.45861405346928097 28
      vertex -2.7114891019438887 0.45861405346928097 0
    endloop
  endfacet
  facet normal -0.9822872507286886 0.18738131458572427 0
    outer loop
      vertex -2.7114891019438887 0.45861405346928097 0
      vertex -2.6899059020179656 0.5717571497488382 28
      vertex -2.6899059020179656 0.5717571497488382 0
    endloop
  endfacet
  facet normal -0.97357890287316 0.2283508701106577 0
    outer loop
      vertex -2.6899059020179656 0.5717571497488382 0
      vertex -2.6636036931037355 0.6838971897033508 28
      vertex -2.6636036931037355 0.6838971897033508 0
    endloop
  endfacet
  facet normal -0.9631625667976589 0.26891982061526315 0
    outer loop
      vertex -2.6636036931037355 0.6838971897033508 0
      vertex -2.632628618213185 0.7948374415972974 28
      vertex -2.632628618213185 0.7948374415972974 0
    endloop
  endfacet
  facet normal -0.9510565162951533 0.30901699437494784 0
    outer loop
      vertex -2.632628618213185 0.7948374415972974 0
      vertex -2.5970350181530732 0.9043832785311035 28
      vertex -2.5970350181530732 0.9043832785311035 0
    endloop
  endfacet
  facet normal -0.9372819894918906 0.34857204732181746 0
    outer loop
      vertex -2.5970350181530732 0.9043832785311035 0
      vertex -2.5568853361926913 1.0123425198828642 28
      vertex -2.5568853361926913 1.0123425198828642 0
    endloop
  endfacet
  facet normal -0.9218631515885002 0.3875155864521037 0
    outer loop
      vertex -2.5568853361926913 1.0123425198828642 0
      vertex -2.512250008517152 1.1185257684584506 28
      vertex -2.512250008517152 1.1185257684584506 0
    endloop
  endfacet
  facet normal -0.9048270524660201 0.42577929156507144 0
    outer loop
      vertex -2.512250008517152 1.1185257684584506 0
      vertex -2.463207340658385 1.2227467427585508 28
      vertex -2.463207340658385 1.2227467427585508 0
    endloop
  endfacet
  facet normal -0.8862035792312135 0.463296035119864 0
    outer loop
      vertex -2.463207340658385 1.2227467427585508 0
      vertex -2.4098433701206243 1.3248226037797173 28
      vertex -2.4098433701206243 1.3248226037797173 0
    endloop
  endfacet
  facet normal 0 0 -1
    outer loop
      vertex -2.004663725408882 1.8825045413038934 0
      vertex -1.924074186411755 1.9647998689902093 0
      vertex -1.9625049699407378 0.5925151837361671 0
    endloop
  endfacet
  facet normal 0 0 -1
    outer loop
      vertex -1.7529159718088965 2.118911417633421 0
      vertex -1.7534967333290385 1.0619553692149164 0
      vertex -1.79642869408992 0.9875950319085165 0
    endloop
  endfacet
  facet normal 0 0 -1
    outer loop
      vertex -1.7529159718088965 2.118911417633421 0
      vertex -1.7074885434557039 1.1344526759488551 0
      vertex -1.7534967333290385 1.0619553692149164 0
    endloop
  endfacet
  facet normal 0 0 -1
    outer loop
      vertex -1.924074186411755 1.9647998689902093 0
      vertex -1.8401091674868602 2.043648270062834 0
      vertex -1.8727681881673317 0.8338101183053903 0
    endloop
  endfacet
  facet normal 0 0 -1
    outer loop
      vertex -1.8401091674868602 2.043648270062834 0
      vertex -1.7529159718088965 2.118911417633421 0
      vertex -1.79642869408992 0.9875950319085165 0
    endloop
  endfacet
  facet normal 0 0 -1
    outer loop
      vertex -1.6626475658715307 2.1904572745665396 0
      vertex -1.6584848384686421 1.2049597671995698 0
      vertex -1.7074885434557039 1.1344526759488551 0
    endloop
  endfacet
  facet normal 0 0 -1
    outer loop
      vertex -1.6626475658715307 2.1904572745665396 0
      vertex -1.6065715875179714 1.2733529495705362 0
      vertex -1.6584848384686421 1.2049597671995698 0
    endloop
  endfacet
  facet normal 0 0 -1
    outer loop
      vertex -1.5694623111321868 2.2581603251176863 0
      vertex -1.5518398640861002 1.3395122381797164 0
      vertex -1.6065715875179714 1.2733529495705362 0
    endloop
  endfacet
  facet normal 0 0 -1
    outer loop
      vertex -1.5694623111321868 2.2581603251176863 0
      vertex -1.4943856862138938 1.4033215671538113 0
      vertex -1.5518398640861002 1.3395122381797164 0
    endloop
  endfacet
  facet normal 0 0 -1
    outer loop
      vertex -1.7529159718088965 2.118911417633421 0
      vertex -1.6626475658715307 2.1904572745665396 0
      vertex -1.7074885434557039 1.1344526759488551 0
    endloop
  endfacet
  facet normal 0 0 -1
    outer loop
      vertex -1.6626475658715307 2.1904572745665396 0
      vertex -1.5694623111321868 2.2581603251176863 0
      vertex -1.6065715875179714 1.2733529495705362 0
    endloop
  endfacet
  facet normal 0 0 -1
    outer loop
      vertex -1.4735236861922412 2.321901795130541 0
      vertex -1.434309848052399 1.4646689932472468 0
      vertex -1.4943856862138938 1.4033215671538113 0
    endloop
  endfacet
  facet normal 0 0 -1
    outer loop
      vertex -1.375 2.381569860407206 0
      vertex -1.3717177430356593 1.5234468922286581 0
      vertex -1.434309848052399 1.4646689932472468 0
    endloop
  endfacet
  facet normal 0 0 -1
    outer loop
      vertex -1.5694623111321868 2.2581603251176863 0
      vertex -1.4735236861922412 2.321901795130541 0
      vertex -1.4943856862138938 1.4033215671538113 0
    endloop
  endfacet
  facet normal 0 0 -1
    outer loop
      vertex -1.4735236861922412 2.321901795130541 0
      vertex -1.375 2.381569860407206 0
      vertex -1.434309848052399 1.4646689932472468 0
    endloop
  endfacet
  facet normal -0.8660254037844396 0.49999999999999833 0
    outer loop
      vertex -2.4098433701206243 1.3248226037797173 0
      vertex -2.3522517154413936 1.4245742757761073 28
      vertex -2.3522517154413936 1.4245742757761073 0
    endloop
  endfacet
  facet normal -0.8443279255020151 0.5358267949789964 0
    outer loop
      vertex -2.3522517154413936 1.4245742757761073 0
      vertex -2.2905334119527736 1.521826760419196 28
      vertex -2.2905334119527736 1.521826760419196 0
    endloop
  endfacet
  facet normal -0.8211492091337058 0.5707135676844292 0
    outer loop
      vertex -2.2905334119527736 1.521826760419196 0
      vertex -2.2247967345311057 1.616409443804301 28
      vertex -2.2247967345311057 1.616409443804301 0
    endloop
  endfacet
  facet normal -0.7965299180241951 0.6045991148623765 0
    outer loop
      vertex -2.2247967345311057 1.616409443804301 0
      vertex -2.1551570076460593 1.7081563957653536 28
      vertex -2.1551570076460593 1.7081563957653536 0
    endloop
  endfacet
  facet normal -0.77051324277579 0.6374239897486887 0
    outer loop
      vertex -2.1551570076460593 1.7081563957653536 0
      vertex -2.08173640304233 1.7969066609727904 28
      vertex -2.08173640304233 1.7969066609727904 0
    endloop
  endfacet
  facet normal -0.7431448254773938 0.6691306063588588 0
    outer loop
      vertex -2.08173640304233 1.7969066609727904 0
      vertex -2.004663725408882 1.8825045413038934 28
      vertex -2.004663725408882 1.8825045413038934 0
    endloop
  endfacet
  facet normal -0.7144726796328036 0.6996633405133651 0
    outer loop
      vertex -2.004663725408882 1.8825045413038934 0
      vertex -1.924074186411755 1.9647998689902093 28
      vertex -1.924074186411755 1.9647998689902093 0
    endloop
  endfacet
  facet normal -0.6845471059286877 0.7289686274214124 0
    outer loop
      vertex -1.924074186411755 1.9647998689902093 0
      vertex -1.924074186411755 1.9647998689902093 28
      vertex -1.8401091674868602 2.043648270062834 0
    endloop
  endfacet
  facet normal -0.6534206039901076 0.7569950556517544 0
    outer loop
      vertex -1.8401091674868602 2.043648270062834 0
      vertex -1.8401091674868602 2.043648270062834 28
      vertex -1.7529159718088965 2.118911417633421 0
    endloop
  endfacet
  facet normal -0.6211477802783069 0.7836934573258425 0
    outer loop
      vertex -1.7529159718088965 2.118911417633421 0
      vertex -1.7529159718088965 2.118911417633421 28
      vertex -1.6626475658715307 2.1904572745665396 0
    endloop
  endfacet
  facet normal -0.5877852522924744 0.8090169943749466 0
    outer loop
      vertex -1.6626475658715307 2.1904572745665396 0
      vertex -1.6626475658715307 2.1904572745665396 28
      vertex -1.5694623111321868 2.2581603251176863 0
    endloop
  endfacet
  facet normal -0.5533915492433431 0.8329212407101 0
    outer loop
      vertex -1.5694623111321868 2.2581603251176863 0
      vertex -1.5694623111321868 2.2581603251176863 28
      vertex -1.4735236861922412 2.321901795130541 0
    endloop
  endfacet
  facet normal -0.5180270093731311 0.855364260160506 0
    outer loop
      vertex -1.4735236861922412 2.321901795130541 0
      vertex -1.4735236861922412 2.321901795130541 28
      vertex -1.375 2.381569860407206 0
    endloop
  endfacet
  facet normal 0 0 -1
    outer loop
      vertex -1.375 2.381569860407206 0
      vertex -1.3067191789848136 1.579552147690368 0
      vertex -1.3717177430356593 1.5234468922286581 0
    endloop
  endfacet
  facet normal 0 0 -1
    outer loop
      vertex -1.2740640965796195 2.4370598428858403 0
      vertex -1.2394281854678684 1.632886331949602 0
      vertex -1.3067191789848136 1.579552147690368 0
    endloop
  endfacet
  facet normal 0 0 -1
    outer loop
      vertex -1.17089305180395 2.4882743942815537 0
      vertex -1.1699628137530846 1.6833558787240932 0
      vertex -1.2394281854678684 1.632886331949602 0
    endloop
  endfacet
  facet normal 0 0 -1
    outer loop
      vertex -1.17089305180395 2.4882743942815537 0
      vertex -1.0984449297069432 1.7308722472791305 0
      vertex -1.1699628137530846 1.6833558787240932 0
    endloop
  endfacet
  facet normal 0 0 -1
    outer loop
      vertex -1.065667862743283 2.5351236668683765 0
      vertex -1.025 1.775352077758099 0
      vertex -1.0984449297069432 1.7308722472791305 0
    endloop
  endfacet
  facet normal 0 0 -1
    outer loop
      vertex -0.958573130134992 2.5775254711027014 0
      vertex -0.9497568719957162 1.81671733742399 0
      vertex -1.025 1.775352077758099 0
    endloop
  endfacet
  facet normal 0 0 -1
    outer loop
      vertex -1.375 2.381569860407206 0
      vertex -1.2740640965796195 2.4370598428858403 0
      vertex -1.3067191789848136 1.579552147690368 0
    endloop
  endfacet
  facet normal 0 0 -1
    outer loop
      vertex -1.2740640965796195 2.4370598428858403 0
      vertex -1.17089305180395 2.4882743942815537 0
      vertex -1.2394281854678684 1.632886331949602 0
    endloop
  endfacet
  facet normal 0 0 -1
    outer loop
      vertex -1.17089305180395 2.4882743942815537 0
      vertex -1.065667862743283 2.5351236668683765 0
      vertex -1.0984449297069432 1.7308722472791305 0
    endloop
  endfacet
  facet normal 0 0 -1
    outer loop
      vertex -0.958573130134992 2.5775254711027014 0
      vertex -0.872847547708399 1.8548954575553398 0
      vertex -0.9497568719957162 1.81671733742399 0
    endloop
  endfacet
  facet normal 0 0 -1
    outer loop
      vertex -1.065667862743283 2.5351236668683765 0
      vertex -0.958573130134992 2.5775254711027014 0
      vertex -1.025 1.775352077758099 0
    endloop
  endfacet
  facet normal 0 0 -1
    outer loop
      vertex -0.958573130134992 2.5775254711027014 0
      vertex -0.8497967345311054 2.615405419811672 0
      vertex -0.872847547708399 1.8548954575553398 0
    endloop
  endfacet
  facet normal 0 0 -1
    outer loop
      vertex -0.8497967345311054 2.615405419811672 0
      vertex -0.7944069522268109 1.8898194607564258 0
      vertex -0.872847547708399 1.8548954575553398 0
    endloop
  endfacet
  facet normal 0 0 -1
    outer loop
      vertex -0.7395295066919804 2.64869705869356 0
      vertex -0.7145726970097213 1.9214280784583773 0
      vertex -0.7944069522268109 1.8898194607564258 0
    endloop
  endfacet
  facet normal 0 0 -1
    outer loop
      vertex -0.8497967345311054 2.615405419811672 0
      vertex -0.7395295066919804 2.64869705869356 0
      vertex -0.7944069522268109 1.8898194607564258 0
    endloop
  endfacet
  facet normal 0 0 -1
    outer loop
      vertex -0.7395295066919804 2.64869705869356 0
      vertex -0.6279648928043033 2.677341982901191 0
      vertex -0.7145726970097213 1.9214280784583773 0
    endloop
  endfacet
  facet normal 0 0 -1
    outer loop
      vertex -0.6279648928043033 2.677341982901191 0
      vertex -0.6334848384686421 1.9496658584050646 0
      vertex -0.7145726970097213 1.9214280784583773 0
    endloop
  endfacet
  facet normal 0 0 -1
    outer loop
      vertex -0.6279648928043033 2.677341982901191 0
      vertex -0.5512856322612945 1.974483261935199 0
      vertex -0.6334848384686421 1.9496658584050646 0
    endloop
  endfacet
  facet normal 0 0 -1
    outer loop
      vertex -0.5152986151107426 2.701289939503894 0
      vertex -0.4681192837268443 1.9958367508899784 0
      vertex -0.5512856322612945 1.974483261935199 0
    endloop
  endfacet
  facet normal 0 0 -1
    outer loop
      vertex -0.4017283285466322 2.7204989156482178 0
      vertex -0.38413169490073534 2.0136888639938118 0
      vertex -0.4681192837268443 1.9958367508899784 0
    endloop
  endfacet
  facet normal 0 0 -1
    outer loop
      vertex -0.6279648928043033 2.677341982901191 0
      vertex -0.5152986151107426 2.701289939503894 0
      vertex -0.5512856322612945 1.974483261935199 0
    endloop
  endfacet
  facet normal 0 0 -1
    outer loop
      vertex -0.5152986151107426 2.701289939503894 0
      vertex -0.4017283285466322 2.7204989156482178 0
      vertex -0.4681192837268443 1.9958367508899784 0
    endloop
  endfacet
  facet normal 0 0 -1
    outer loop
      vertex -0.4017283285466322 2.7204989156482178 0
      vertex -0.28745327398604703 2.7349352122627515 0
      vertex -0.38413169490073534 2.0136888639938118 0
    endloop
  endfacet
  facet normal 0 0 -1
    outer loop
      vertex -0.28745327398604703 2.7349352122627515 0
      vertex -0.299470208552944 2.0280082825741257 0
      vertex -0.38413169490073534 2.0136888639938118 0
    endloop
  endfacet
  facet normal 0 0 -1
    outer loop
      vertex -0.28745327398604703 2.7349352122627515 0
      vertex -0.2142833496986896 2.03876988550496 0
      vertex -0.299470208552944 2.0280082825741257 0
    endloop
  endfacet
  facet normal 0 0 -1
    outer loop
      vertex -0.17267392870561152 2.744573503177747 0
      vertex -0.12872056503509222 2.0459547932779567 0
      vertex -0.2142833496986896 2.03876988550496 0
    endloop
  endfacet
  facet normal 0 0 -1
    outer loop
      vertex -0.057591654679231774 2.749396879555825 0
      vertex -0.04293196076088186 2.049550401123433 0
      vertex -0.12872056503509222 2.0459547932779567 0
    endloop
  endfacet
  facet normal 0 0 -1
    outer loop
      vertex -0.057591654679231774 2.749396879555825 0
      vertex 0.04293196076088186 2.049550401123433 0
      vertex -0.04293196076088186 2.049550401123433 0
    endloop
  endfacet
  facet normal 0 0 -1
    outer loop
      vertex -0.28745327398604703 2.7349352122627515 0
      vertex -0.17267392870561152 2.744573503177747 0
      vertex -0.2142833496986896 2.03876988550496 0
    endloop
  endfacet
  facet normal 0 0 -1
    outer loop
      vertex -0.17267392870561152 2.744573503177747 0
      vertex -0.057591654679231774 2.749396879555825 0
      vertex -0.12872056503509222 2.0459547932779567 0
    endloop
  endfacet
  facet normal -0.48175367410171405 0.8763066800438643 0
    outer loop
      vertex -1.375 2.381569860407206 0
      vertex -1.375 2.381569860407206 28
      vertex -1.2740640965796195 2.4370598428858403 0
    endloop
  endfacet
  facet normal -0.4446351791849301 0.8957117602394116 0
    outer loop
      vertex -1.2740640965796195 2.4370598428858403 0
      vertex -1.2740640965796195 2.4370598428858403 28
      vertex -1.17089305180395 2.4882743942815537 0
    endloop
  endfacet
  facet normal -0.40673664307579926 0.9135454576426013 0
    outer loop
      vertex -1.17089305180395 2.4882743942815537 0
      vertex -1.17089305180395 2.4882743942815537 28
      vertex -1.065667862743283 2.5351236668683765 0
    endloop
  endfacet
  facet normal -0.3681245526846765 0.929776485888252 0
    outer loop
      vertex -1.065667862743283 2.5351236668683765 0
      vertex -1.065667862743283 2.5351236668683765 28
      vertex -0.958573130134992 2.5775254711027014 0
    endloop
  endfacet
  facet normal -0.32886664673858285 0.9443763702374811 0
    outer loop
      vertex -0.958573130134992 2.5775254711027014 0
      vertex -0.958573130134992 2.5775254711027014 28
      vertex -0.8497967345311054 2.615405419811672 0
    endloop
  endfacet
  facet normal -0.2890317969444741 0.9573194975320665 0
    outer loop
      vertex -0.8497967345311054 2.615405419811672 0
      vertex -0.8497967345311054 2.615405419811672 28
      vertex -0.7395295066919804 2.64869705869356 0
    endloop
  endfacet
  facet normal -0.24868988716485532 0.968583161128631 0
    outer loop
      vertex -0.7395295066919804 2.64869705869356 0
      vertex -0.7395295066919804 2.64869705869356 28
      vertex -0.6279648928043033 2.677341982901191 0
    endloop
  endfacet
  facet normal -0.20791169081775773 0.9781476007338059 0
    outer loop
      vertex -0.6279648928043033 2.677341982901191 0
      vertex -0.6279648928043033 2.677341982901191 28
      vertex -0.5152986151107426 2.701289939503894 0
    endloop
  endfacet
  facet normal -0.16676874671610215 0.985996037070505 0
    outer loop
      vertex -0.5152986151107426 2.701289939503894 0
      vertex -0.5152986151107426 2.701289939503894 28
      vertex -0.4017283285466322 2.7204989156482178 0
    endloop
  endfacet
  facet normal -0.12533323356430331 0.9921147013144778 0
    outer loop
      vertex -0.4017283285466322 2.7204989156482178 0
      vertex -0.4017283285466322 2.7204989156482178 28
      vertex -0.28745327398604703 2.7349352122627515 0
    endloop
  endfacet
  facet normal -0.08367784333231827 0.9964928592495041 0
    outer loop
      vertex -0.28745327398604703 2.7349352122627515 0
      vertex -0.28745327398604703 2.7349352122627515 28
      vertex -0.17267392870561152 2.744573503177747 0
    endloop
  endfacet
  facet normal -0.0418756537291978 0.9991228300988585 0
    outer loop
      vertex -0.17267392870561152 2.744573503177747 0
      vertex -0.17267392870561152 2.744573503177747 28
      vertex -0.057591654679231774 2.749396879555825 0
    endloop
  endfacet
  facet normal 0 1 0
    outer loop
      vertex -0.057591654679231774 2.749396879555825 0
      vertex -0.057591654679231774 2.749396879555825 28
      vertex 0.057591654679231774 2.749396879555825 0
    endloop
  endfacet
  facet normal -0.9997806834748454 0.020942419883357082 0
    outer loop
      vertex -2.75 0 0
      vertex -2.75 0 28
      vertex -2.7475877827718604 0.11515804775529925 28
    endloop
  endfacet
  facet normal -0.9980267284282718 0.06279051952931038 0
    outer loop
      vertex -2.7475877827718604 0.11515804775529925 0
      vertex -2.7475877827718604 0.11515804775529925 28
      vertex -2.7403553629361372 0.23011406916386815 28
    endloop
  endfacet
  facet normal -0.994521895368273 0.10452846326765626 0
    outer loop
      vertex -2.7403553629361372 0.23011406916386815 0
      vertex -2.7403553629361372 0.23011406916386815 28
      vertex -2.728315428614814 0.34466639230183616 28
    endloop
  endfacet
  facet normal -0.9892723329629883 0.14608302856241084 0
    outer loop
      vertex -2.728315428614814 0.34466639230183616 0
      vertex -2.728315428614814 0.34466639230183616 28
      vertex -2.7114891019438887 0.45861405346928097 28
    endloop
  endfacet
  facet normal -0.9822872507286886 0.18738131458572427 0
    outer loop
      vertex -2.7114891019438887 0.45861405346928097 0
      vertex -2.7114891019438887 0.45861405346928097 28
      vertex -2.6899059020179656 0.5717571497488382 28
    endloop
  endfacet
  facet normal -0.97357890287316 0.2283508701106577 0
    outer loop
      vertex -2.6899059020179656 0.5717571497488382 0
      vertex -2.6899059020179656 0.5717571497488382 28
      vertex -2.6636036931037355 0.6838971897033508 28
    endloop
  endfacet
  facet normal -0.9631625667976589 0.26891982061526315 0
    outer loop
      vertex -2.6636036931037355 0.6838971897033508 0
      vertex -2.6636036931037355 0.6838971897033508 28
      vertex -2.632628618213185 0.7948374415972974 28
    endloop
  endfacet
  facet normal -0.9510565162951533 0.30901699437494784 0
    outer loop
      vertex -2.632628618213185 0.7948374415972974 0
      vertex -2.632628618213185 0.7948374415972974 28
      vertex -2.5970350181530732 0.9043832785311035 28
    endloop
  endfacet
  facet normal -0.9372819894918906 0.34857204732181746 0
    outer loop
      vertex -2.5970350181530732 0.9043832785311035 0
      vertex -2.5970350181530732 0.9043832785311035 28
      vertex -2.5568853361926913 1.0123425198828642 28
    endloop
  endfacet
  facet normal -0.9218631515885002 0.3875155864521037 0
    outer loop
      vertex -2.5568853361926913 1.0123425198828642 0
      vertex -2.5568853361926913 1.0123425198828642 28
      vertex -2.512250008517152 1.1185257684584506 28
    endloop
  endfacet
  facet normal -0.9048270524660201 0.42577929156507144 0
    outer loop
      vertex -2.512250008517152 1.1185257684584506 0
      vertex -2.512250008517152 1.1185257684584506 28
      vertex -2.463207340658385 1.2227467427585508 28
    endloop
  endfacet
  facet normal -0.8862035792312135 0.463296035119864 0
    outer loop
      vertex -2.463207340658385 1.2227467427585508 0
      vertex -2.463207340658385 1.2227467427585508 28
      vertex -2.4098433701206243 1.3248226037797173 28
    endloop
  endfacet
  facet normal -0.8660254037844396 0.49999999999999833 0
    outer loop
      vertex -2.4098433701206243 1.3248226037797173 0
      vertex -2.4098433701206243 1.3248226037797173 28
      vertex -2.3522517154413936 1.4245742757761073 28
    endloop
  endfacet
  facet normal 0 0 1
    outer loop
      vertex -2.7475877827718604 -0.11515804775529925 28
      vertex -2.7475877827718604 0.11515804775529925 28
      vertex -2.75 0 28
    endloop
  endfacet
  facet normal 0 0 1
    outer loop
      vertex -2.7403553629361372 -0.23011406916386815 28
      vertex -2.7403553629361372 0.23011406916386815 28
      vertex -2.7475877827718604 0.11515804775529925 28
    endloop
  endfacet
  facet normal 0 0 1
    outer loop
      vertex -2.728315428614814 -0.34466639230183616 28
      vertex -2.728315428614814 0.34466639230183616 28
      vertex -2.7403553629361372 0.23011406916386815 28
    endloop
  endfacet
  facet normal 0 0 1
    outer loop
      vertex -2.7114891019438887 -0.45861405346928097 28
      vertex -2.7114891019438887 0.45861405346928097 28
      vertex -2.728315428614814 0.34466639230183616 28
    endloop
  endfacet
  facet normal 0 0 1
    outer loop
      vertex -2.6899059020179656 -0.5717571497488382 28
      vertex -2.6899059020179656 0.5717571497488382 28
      vertex -2.7114891019438887 0.45861405346928097 28
    endloop
  endfacet
  facet normal 0 0 1
    outer loop
      vertex -2.6636036931037355 -0.6838971897033508 28
      vertex -2.6636036931037355 0.6838971897033508 28
      vertex -2.6899059020179656 0.5717571497488382 28
    endloop
  endfacet
  facet normal 0 0 1
    outer loop
      vertex -2.632628618213185 -0.7948374415972974 28
      vertex -2.632628618213185 0.7948374415972974 28
      vertex -2.6636036931037355 0.6838971897033508 28
    endloop
  endfacet
  facet normal 0 0 1
    outer loop
      vertex -2.5970350181530732 -0.9043832785311035 28
      vertex -2.5970350181530732 0.9043832785311035 28
      vertex -2.632628618213185 0.7948374415972974 28
    endloop
  endfacet
  facet normal 0 0 1
    outer loop
      vertex -2.5568853361926913 -1.0123425198828642 28
      vertex -2.5568853361926913 1.0123425198828642 28
      vertex -2.5970350181530732 0.9043832785311035 28
    endloop
  endfacet
  facet normal 0 0 1
    outer loop
      vertex -2.512250008517152 -1.1185257684584506 28
      vertex -2.512250008517152 1.1185257684584506 28
      vertex -2.5568853361926913 1.0123425198828642 28
    endloop
  endfacet
  facet normal 0 0 1
    outer loop
      vertex -2.463207340658385 -1.2227467427585508 28
      vertex -2.463207340658385 1.2227467427585508 28
      vertex -2.512250008517152 1.1185257684584506 28
    endloop
  endfacet
  facet normal 0 0 1
    outer loop
      vertex -2.4098433701206243 -1.3248226037797173 28
      vertex -2.4098433701206243 1.3248226037797173 28
      vertex -2.463207340658385 1.2227467427585508 28
    endloop
  endfacet
  facet normal 0 0 1
    outer loop
      vertex -2.08173640304233 -1.7969066609727904 28
      vertex -2.05 0 28
      vertex -2.08173640304233 1.7969066609727904 28
    endloop
  endfacet
  facet normal 0 0 1
    outer loop
      vertex -2.3522517154413936 -1.4245742757761073 28
      vertex -2.3522517154413936 1.4245742757761073 28
      vertex -2.4098433701206243 1.3248226037797173 28
    endloop
  endfacet
  facet normal 0 0 1
    outer loop
      vertex -2.2905334119527736 -1.521826760419196 28
      vertex -2.2905334119527736 1.521826760419196 28
      vertex -2.3522517154413936 1.4245742757761073 28
    endloop
  endfacet
  facet normal 0 0 1
    outer loop
      vertex -2.2247967345311057 -1.616409443804301 28
      vertex -2.2247967345311057 1.616409443804301 28
      vertex -2.2905334119527736 1.521826760419196 28
    endloop
  endfacet
  facet normal 0 0 1
    outer loop
      vertex -2.1551570076460593 -1.7081563957653536 28
      vertex -2.1551570076460593 1.7081563957653536 28
      vertex -2.2247967345311057 1.616409443804301 28
    endloop
  endfacet
  facet normal 0 0 1
    outer loop
      vertex -2.08173640304233 -1.7969066609727904 28
      vertex -2.08173640304233 1.7969066609727904 28
      vertex -2.1551570076460593 1.7081563957653536 28
    endloop
  endfacet
  facet normal 0 0 1
    outer loop
      vertex -2.08173640304233 1.7969066609727904 28
      vertex -2.05 0 28
      vertex -2.0482018017026595 0.08584509014485943 28
    endloop
  endfacet
  facet normal 0 0 1
    outer loop
      vertex -2.08173640304233 1.7969066609727904 28
      vertex -2.0482018017026595 0.08584509014485943 28
      vertex -2.0428103614614836 0.17153957883124715 28
    endloop
  endfacet
  facet normal 0 0 1
    outer loop
      vertex -2.08173640304233 1.7969066609727904 28
      vertex -2.0428103614614836 0.17153957883124715 28
      vertex -2.0338351376946795 0.2569331288068233 28
    endloop
  endfacet
  facet normal 0 0 1
    outer loop
      vertex -2.08173640304233 1.7969066609727904 28
      vertex -2.0338351376946795 0.2569331288068233 28
      vertex -2.021291875994535 0.34187593076800943 28
    endloop
  endfacet
  facet normal 0 0 1
    outer loop
      vertex -2.08173640304233 1.7969066609727904 28
      vertex -2.021291875994535 0.34187593076800943 28
      vertex -2.0052025815043013 0.4262189661764066 28
    endloop
  endfacet
  facet normal 0 0 1
    outer loop
      vertex -2.08173640304233 1.7969066609727904 28
      vertex -2.0052025815043013 0.4262189661764066 28
      vertex -1.9855954803136935 0.5098142686879524 28
    endloop
  endfacet
  facet normal 0 0 1
    outer loop
      vertex -2.004663725408882 1.8825045413038934 28
      vertex -1.9855954803136935 0.5098142686879524 28
      vertex -1.9625049699407378 0.5925151837361671 28
    endloop
  endfacet
  facet normal 0 0 1
    outer loop
      vertex -2.004663725408882 1.8825045413038934 28
      vertex -1.9625049699407378 0.5925151837361671 28
      vertex -1.935971558986836 0.6741766258140952 28
    endloop
  endfacet
  facet normal 0 0 1
    outer loop
      vertex -2.004663725408882 1.8825045413038934 28
      vertex -1.935971558986836 0.6741766258140952 28
      vertex -1.9060417960709153 0.7546553330035896 28
    endloop
  endfacet
  facet normal 0 0 1
    outer loop
      vertex -1.924074186411755 1.9647998689902093 28
      vertex -1.9060417960709153 0.7546553330035896 28
      vertex -1.8727681881673317 0.8338101183053903 28
    endloop
  endfacet
  facet normal 0 0 1
    outer loop
      vertex -1.924074186411755 1.9647998689902093 28
      vertex -1.8727681881673317 0.8338101183053903 28
      vertex -1.836209108490796 0.9115021173291015 28
    endloop
  endfacet
  facet normal 0 0 1
    outer loop
      vertex -1.8401091674868602 2.043648270062834 28
      vertex -1.836209108490796 0.9115021173291015 28
      vertex -1.79642869408992 0.9875950319085165 28
    endloop
  endfacet
  facet normal 0 0 1
    outer loop
      vertex -1.8401091674868602 2.043648270062834 28
      vertex -1.79642869408992 0.9875950319085165 28
      vertex -1.7534967333290385 1.0619553692149164 28
    endloop
  endfacet
  facet normal -0.8443279255020151 0.5358267949789964 0
    outer loop
      vertex -2.3522517154413936 1.4245742757761073 0
      vertex -2.3522517154413936 1.4245742757761073 28
      vertex -2.2905334119527736 1.521826760419196 28
    endloop
  endfacet
  facet normal -0.8211492091337058 0.5707135676844292 0
    outer loop
      vertex -2.2905334119527736 1.521826760419196 0
      vertex -2.2905334119527736 1.521826760419196 28
      vertex -2.2247967345311057 1.616409443804301 28
    endloop
  endfacet
  facet normal -0.7965299180241951 0.6045991148623765 0
    outer loop
      vertex -2.2247967345311057 1.616409443804301 0
      vertex -2.2247967345311057 1.616409443804301 28
      vertex -2.1551570076460593 1.7081563957653536 28
    endloop
  endfacet
  facet normal -0.77051324277579 0.6374239897486887 0
    outer loop
      vertex -2.1551570076460593 1.7081563957653536 0
      vertex -2.1551570076460593 1.7081563957653536 28
      vertex -2.08173640304233 1.7969066609727904 28
    endloop
  endfacet
  facet normal -0.7431448254773938 0.6691306063588588 0
    outer loop
      vertex -2.08173640304233 1.7969066609727904 0
      vertex -2.08173640304233 1.7969066609727904 28
      vertex -2.004663725408882 1.8825045413038934 28
    endloop
  endfacet
  facet normal -0.7144726796328036 0.6996633405133651 0
    outer loop
      vertex -2.004663725408882 1.8825045413038934 0
      vertex -2.004663725408882 1.8825045413038934 28
      vertex -1.924074186411755 1.9647998689902093 28
    endloop
  endfacet
  facet normal -0.6845471059286877 0.7289686274214124 0
    outer loop
      vertex -1.8401091674868602 2.043648270062834 0
      vertex -1.924074186411755 1.9647998689902093 28
      vertex -1.8401091674868602 2.043648270062834 28
    endloop
  endfacet
  facet normal -0.6534206039901076 0.7569950556517544 0
    outer loop
      vertex -1.7529159718088965 2.118911417633421 0
      vertex -1.8401091674868602 2.043648270062834 28
      vertex -1.7529159718088965 2.118911417633421 28
    endloop
  endfacet
  facet normal -0.6211477802783069 0.7836934573258425 0
    outer loop
      vertex -1.6626475658715307 2.1904572745665396 0
      vertex -1.7529159718088965 2.118911417633421 28
      vertex -1.6626475658715307 2.1904572745665396 28
    endloop
  endfacet
  facet normal -0.5877852522924744 0.8090169943749466 0
    outer loop
      vertex -1.5694623111321868 2.2581603251176863 0
      vertex -1.6626475658715307 2.1904572745665396 28
      vertex -1.5694623111321868 2.2581603251176863 28
    endloop
  endfacet
  facet normal -0.5533915492433431 0.8329212407101 0
    outer loop
      vertex -1.4735236861922412 2.321901795130541 0
      vertex -1.5694623111321868 2.2581603251176863 28
      vertex -1.4735236861922412 2.321901795130541 28
    endloop
  endfacet
  facet normal -0.5180270093731311 0.855364260160506 0
    outer loop
      vertex -1.375 2.381569860407206 0
      vertex -1.4735236861922412 2.321901795130541 28
      vertex -1.375 2.381569860407206 28
    endloop
  endfacet
  facet normal 0 0 1
    outer loop
      vertex -2.08173640304233 1.7969066609727904 28
      vertex -1.9855954803136935 0.5098142686879524 28
      vertex -2.004663725408882 1.8825045413038934 28
    endloop
  endfacet
  facet normal 0 0 1
    outer loop
      vertex -2.004663725408882 1.8825045413038934 28
      vertex -1.9060417960709153 0.7546553330035896 28
      vertex -1.924074186411755 1.9647998689902093 28
    endloop
  endfacet
  facet normal 0 0 1
    outer loop
      vertex -1.8401091674868602 2.043648270062834 28
      vertex -1.7534967333290385 1.0619553692149164 28
      vertex -1.7074885434557039 1.1344526759488551 28
    endloop
  endfacet
  facet normal 0 0 1
    outer loop
      vertex -1.924074186411755 1.9647998689902093 28
      vertex -1.836209108490796 0.9115021173291015 28
      vertex -1.8401091674868602 2.043648270062834 28
    endloop
  endfacet
  facet normal 0 0 1
    outer loop
      vertex -1.8401091674868602 2.043648270062834 28
      vertex -1.7074885434557039 1.1344526759488551 28
      vertex -1.7529159718088965 2.118911417633421 28
    endloop
  endfacet
  facet normal 0 0 1
    outer loop
      vertex -1.7529159718088965 2.118911417633421 28
      vertex -1.7074885434557039 1.1344526759488551 28
      vertex -1.6584848384686421 1.2049597671995698 28
    endloop
  endfacet
  facet normal 0 0 1
    outer loop
      vertex -1.6626475658715307 2.1904572745665396 28
      vertex -1.6584848384686421 1.2049597671995698 28
      vertex -1.6065715875179714 1.2733529495705362 28
    endloop
  endfacet
  facet normal 0 0 1
    outer loop
      vertex -1.6626475658715307 2.1904572745665396 28
      vertex -1.6065715875179714 1.2733529495705362 28
      vertex -1.5518398640861002 1.3395122381797164 28
    endloop
  endfacet
  facet normal 0 0 1
    outer loop
      vertex -1.5694623111321868 2.2581603251176863 28
      vertex -1.5518398640861002 1.3395122381797164 28
      vertex -1.4943856862138938 1.4033215671538113 28
    endloop
  endfacet
  facet normal 0 0 1
    outer loop
      vertex -1.5694623111321868 2.2581603251176863 28
      vertex -1.4943856862138938 1.4033215671538113 28
      vertex -1.434309848052399 1.4646689932472468 28
    endloop
  endfacet
  facet normal 0 0 1
    outer loop
      vertex -1.7529159718088965 2.118911417633421 28
      vertex -1.6584848384686421 1.2049597671995698 28
      vertex -1.6626475658715307 2.1904572745665396 28
    endloop
  endfacet
  facet normal 0 0 1
    outer loop
      vertex -1.6626475658715307 2.1904572745665396 28
      vertex -1.5518398640861002 1.3395122381797164 28
      vertex -1.5694623111321868 2.2581603251176863 28
    endloop
  endfacet
  facet normal 0 0 1
    outer loop
      vertex -1.4735236861922412 2.321901795130541 28
      vertex -1.434309848052399 1.4646689932472468 28
      vertex -1.3717177430356593 1.5234468922286581 28
    endloop
  endfacet
  facet normal 0 0 1
    outer loop
      vertex -1.5694623111321868 2.2581603251176863 28
      vertex -1.434309848052399 1.4646689932472468 28
      vertex -1.4735236861922412 2.321901795130541 28
    endloop
  endfacet
  facet normal 0 0 1
    outer loop
      vertex -1.4735236861922412 2.321901795130541 28
      vertex -1.3717177430356593 1.5234468922286581 28
      vertex -1.375 2.381569860407206 28
    endloop
  endfacet
  facet normal -0.48175367410171405 0.8763066800438643 0
    outer loop
      vertex -1.2740640965796195 2.4370598428858403 0
      vertex -1.375 2.381569860407206 28
      vertex -1.2740640965796195 2.4370598428858403 28
    endloop
  endfacet
  facet normal -0.4446351791849301 0.8957117602394116 0
    outer loop
      vertex -1.17089305180395 2.4882743942815537 0
      vertex -1.2740640965796195 2.4370598428858403 28
      vertex -1.17089305180395 2.4882743942815537 28
    endloop
  endfacet
  facet normal -0.40673664307579926 0.9135454576426013 0
    outer loop
      vertex -1.065667862743283 2.5351236668683765 0
      vertex -1.17089305180395 2.4882743942815537 28
      vertex -1.065667862743283 2.5351236668683765 28
    endloop
  endfacet
  facet normal -0.3681245526846765 0.929776485888252 0
    outer loop
      vertex -0.958573130134992 2.5775254711027014 0
      vertex -1.065667862743283 2.5351236668683765 28
      vertex -0.958573130134992 2.5775254711027014 28
    endloop
  endfacet
  facet normal -0.32886664673858285 0.9443763702374811 0
    outer loop
      vertex -0.8497967345311054 2.615405419811672 0
      vertex -0.958573130134992 2.5775254711027014 28
      vertex -0.8497967345311054 2.615405419811672 28
    endloop
  endfacet
  facet normal -0.2890317969444741 0.9573194975320665 0
    outer loop
      vertex -0.7395295066919804 2.64869705869356 0
      vertex -0.8497967345311054 2.615405419811672 28
      vertex -0.7395295066919804 2.64869705869356 28
    endloop
  endfacet
  facet normal -0.24868988716485532 0.968583161128631 0
    outer loop
      vertex -0.6279648928043033 2.677341982901191 0
      vertex -0.7395295066919804 2.64869705869356 28
      vertex -0.6279648928043033 2.677341982901191 28
    endloop
  endfacet
  facet normal -0.20791169081775773 0.9781476007338059 0
    outer loop
      vertex -0.5152986151107426 2.701289939503894 0
      vertex -0.6279648928043033 2.677341982901191 28
      vertex -0.5152986151107426 2.701289939503894 28
    endloop
  endfacet
  facet normal -0.16676874671610215 0.985996037070505 0
    outer loop
      vertex -0.4017283285466322 2.7204989156482178 0
      vertex -0.5152986151107426 2.701289939503894 28
      vertex -0.4017283285466322 2.7204989156482178 28
    endloop
  endfacet
  facet normal -0.12533323356430331 0.9921147013144778 0
    outer loop
      vertex -0.28745327398604703 2.7349352122627515 0
      vertex -0.4017283285466322 2.7204989156482178 28
      vertex -0.28745327398604703 2.7349352122627515 28
    endloop
  endfacet
  facet normal -0.08367784333231827 0.9964928592495041 0
    outer loop
      vertex -0.17267392870561152 2.744573503177747 0
      vertex -0.28745327398604703 2.7349352122627515 28
      vertex -0.17267392870561152 2.744573503177747 28
    endloop
  endfacet
  facet normal -0.0418756537291978 0.9991228300988585 0
    outer loop
      vertex -0.057591654679231774 2.749396879555825 0
      vertex -0.17267392870561152 2.744573503177747 28
      vertex -0.057591654679231774 2.749396879555825 28
    endloop
  endfacet
  facet normal 0 0 1
    outer loop
      vertex -1.375 2.381569860407206 28
      vertex -1.3717177430356593 1.5234468922286581 28
      vertex -1.3067191789848136 1.579552147690368 28
    endloop
  endfacet
  facet normal 0 0 1
    outer loop
      vertex -1.375 2.381569860407206 28
      vertex -1.3067191789848136 1.579552147690368 28
      vertex -1.2394281854678684 1.632886331949602 28
    endloop
  endfacet
  facet normal 0 0 1
    outer loop
      vertex -1.2740640965796195 2.4370598428858403 28
      vertex -1.2394281854678684 1.632886331949602 28
      vertex -1.1699628137530846 1.6833558787240932 28
    endloop
  endfacet
  facet normal 0 0 1
    outer loop
      vertex -1.17089305180395 2.4882743942815537 28
      vertex -1.1699628137530846 1.6833558787240932 28
      vertex -1.0984449297069432 1.7308722472791305 28
    endloop
  endfacet
  facet normal 0 0 1
    outer loop
      vertex -1.17089305180395 2.4882743942815537 28
      vertex -1.0984449297069432 1.7308722472791305 28
      vertex -1.025 1.775352077758099 28
    endloop
  endfacet
  facet normal 0 0 1
    outer loop
      vertex -1.065667862743283 2.5351236668683765 28
      vertex -1.025 1.775352077758099 28
      vertex -0.9497568719957162 1.81671733742399 28
    endloop
  endfacet
  facet normal 0 0 1
    outer loop
      vertex -1.375 2.381569860407206 28
      vertex -1.2394281854678684 1.632886331949602 28
      vertex -1.2740640965796195 2.4370598428858403 28
    endloop
  endfacet
  facet normal 0 0 1
    outer loop
      vertex -1.2740640965796195 2.4370598428858403 28
      vertex -1.1699628137530846 1.6833558787240932 28
      vertex -1.17089305180395 2.4882743942815537 28
    endloop
  endfacet
  facet normal 0 0 1
    outer loop
      vertex -1.17089305180395 2.4882743942815537 28
      vertex -1.025 1.775352077758099 28
      vertex -1.065667862743283 2.5351236668683765 28
    endloop
  endfacet
  facet normal 0 0 1
    outer loop
      vertex -0.958573130134992 2.5775254711027014 28
      vertex -0.9497568719957162 1.81671733742399 28
      vertex -0.872847547708399 1.8548954575553398 28
    endloop
  endfacet
  facet normal 0 0 1
    outer loop
      vertex -0.958573130134992 2.5775254711027014 28
      vertex -0.872847547708399 1.8548954575553398 28
      vertex -0.7944069522268109 1.8898194607564258 28
    endloop
  endfacet
  facet normal 0 0 1
    outer loop
      vertex -1.065667862743283 2.5351236668683765 28
      vertex -0.9497568719957162 1.81671733742399 28
      vertex -0.958573130134992 2.5775254711027014 28
    endloop
  endfacet
  facet normal 0 0 1
    outer loop
      vertex -0.958573130134992 2.5775254711027014 28
      vertex -0.7944069522268109 1.8898194607564258 28
      vertex -0.8497967345311054 2.615405419811672 28
    endloop
  endfacet
  facet normal 0 0 1
    outer loop
      vertex -0.8497967345311054 2.615405419811672 28
      vertex -0.7944069522268109 1.8898194607564258 28
      vertex -0.7145726970097213 1.9214280784583773 28
    endloop
  endfacet
  facet normal 0 0 1
    outer loop
      vertex -0.7395295066919804 2.64869705869356 28
      vertex -0.7145726970097213 1.9214280784583773 28
      vertex -0.6334848384686421 1.9496658584050646 28
    endloop
  endfacet
  facet normal 0 0 1
    outer loop
      vertex -0.8497967345311054 2.615405419811672 28
      vertex -0.7145726970097213 1.9214280784583773 28
      vertex -0.7395295066919804 2.64869705869356 28
    endloop
  endfacet
  facet normal 0 0 1
    outer loop
      vertex -0.7395295066919804 2.64869705869356 28
      vertex -0.6334848384686421 1.9496658584050646 28
      vertex -0.5512856322612945 1.974483261935199 28
    endloop
  endfacet
  facet normal 0 0 1
    outer loop
      vertex -0.6279648928043033 2.677341982901191 28
      vertex -0.5512856322612945 1.974483261935199 28
      vertex -0.4681192837268443 1.9958367508899784 28
    endloop
  endfacet
  facet normal 0 0 1
    outer loop
      vertex -0.5152986151107426 2.701289939503894 28
      vertex -0.4681192837268443 1.9958367508899784 28
      vertex -0.38413169490073534 2.0136888639938118 28
    endloop
  endfacet
  facet normal 0 0 1
    outer loop
      vertex -0.4017283285466322 2.7204989156482178 28
      vertex -0.38413169490073534 2.0136888639938118 28
      vertex -0.299470208552944 2.0280082825741257 28
    endloop
  endfacet
  facet normal 0 0 1
    outer loop
      vertex -0.7395295066919804 2.64869705869356 28
      vertex -0.5512856322612945 1.974483261935199 28
      vertex -0.6279648928043033 2.677341982901191 28
    endloop
  endfacet
  facet normal 0 0 1
    outer loop
      vertex -0.6279648928043033 2.677341982901191 28
      vertex -0.4681192837268443 1.9958367508899784 28
      vertex -0.5152986151107426 2.701289939503894 28
    endloop
  endfacet
  facet normal 0 0 1
    outer loop
      vertex -0.5152986151107426 2.701289939503894 28
      vertex -0.38413169490073534 2.0136888639938118 28
      vertex -0.4017283285466322 2.7204989156482178 28
    endloop
  endfacet
  facet normal 0 0 1
    outer loop
      vertex -0.4017283285466322 2.7204989156482178 28
      vertex -0.299470208552944 2.0280082825741257 28
      vertex -0.2142833496986896 2.03876988550496 28
    endloop
  endfacet
  facet normal 0 0 1
    outer loop
      vertex -0.28745327398604703 2.7349352122627515 28
      vertex -0.2142833496986896 2.03876988550496 28
      vertex -0.12872056503509222 2.0459547932779567 28
    endloop
  endfacet
  facet normal 0 0 1
    outer loop
      vertex -0.17267392870561152 2.744573503177747 28
      vertex -0.12872056503509222 2.0459547932779567 28
      vertex -0.04293196076088186 2.049550401123433 28
    endloop
  endfacet
  facet normal 0 0 1
    outer loop
      vertex -0.4017283285466322 2.7204989156482178 28
      vertex -0.2142833496986896 2.03876988550496 28
      vertex -0.28745327398604703 2.7349352122627515 28
    endloop
  endfacet
  facet normal 0 0 1
    outer loop
      vertex -0.28745327398604703 2.7349352122627515 28
      vertex -0.12872056503509222 2.0459547932779567 28
      vertex -0.17267392870561152 2.744573503177747 28
    endloop
  endfacet
  facet normal 0 0 1
    outer loop
      vertex -0.17267392870561152 2.744573503177747 28
      vertex -0.04293196076088186 2.049550401123433 28
      vertex -0.057591654679231774 2.749396879555825 28
    endloop
  endfacet
  facet normal 0 0 1
    outer loop
      vertex -0.057591654679231774 2.749396879555825 28
      vertex -0.04293196076088186 2.049550401123433 28
      vertex 0.057591654679231774 2.749396879555825 28
    endloop
  endfacet
  facet normal 0 0 -1
    outer loop
      vertex 0.05759165467923109 -2.749396879555825 0
      vertex 0.12872056503509322 -2.0459547932779567 0
      vertex 0.17267392870561285 -2.744573503177747 0
    endloop
  endfacet
  facet normal 0 0 -1
    outer loop
      vertex 0.17267392870561285 -2.744573503177747 0
      vertex 0.2142833496986896 -2.03876988550496 0
      vertex 0.28745327398604703 -2.7349352122627515 0
    endloop
  endfacet
  facet normal 0 0 -1
    outer loop
      vertex 0.05759165467923109 -2.749396879555825 0
      vertex -0.042931960760881266 -2.049550401123433 0
      vertex 0.042931960760881356 -2.049550401123433 0
    endloop
  endfacet
  facet normal 0 0 -1
    outer loop
      vertex 0.05759165467923109 -2.749396879555825 0
      vertex 0.042931960760881356 -2.049550401123433 0
      vertex 0.12872056503509322 -2.0459547932779567 0
    endloop
  endfacet
  facet normal 0 0 -1
    outer loop
      vertex 0.17267392870561285 -2.744573503177747 0
      vertex 0.12872056503509322 -2.0459547932779567 0
      vertex 0.2142833496986896 -2.03876988550496 0
    endloop
  endfacet
  facet normal 0 0 -1
    outer loop
      vertex 0.28745327398604703 -2.7349352122627515 0
      vertex 0.2142833496986896 -2.03876988550496 0
      vertex 0.29947020855294293 -2.0280082825741257 0
    endloop
  endfacet
  facet normal 0 0 -1
    outer loop
      vertex 0.28745327398604703 -2.7349352122627515 0
      vertex 0.29947020855294293 -2.0280082825741257 0
      vertex 0.38413169490073584 -2.0136888639938113 0
    endloop
  endfacet
  facet normal 0 0 -1
    outer loop
      vertex 0.28745327398604703 -2.7349352122627515 0
      vertex 0.38413169490073584 -2.0136888639938113 0
      vertex 0.4017283285466308 -2.7204989156482178 0
    endloop
  endfacet
  facet normal 0 0 -1
    outer loop
      vertex 0.4017283285466308 -2.7204989156482178 0
      vertex 0.4681192837268438 -1.9958367508899784 0
      vertex 0.5152986151107433 -2.701289939503894 0
    endloop
  endfacet
  facet normal 0 0 -1
    outer loop
      vertex 0.5152986151107433 -2.701289939503894 0
      vertex 0.5512856322612955 -1.9744832619351989 0
      vertex 0.6279648928043027 -2.677341982901191 0
    endloop
  endfacet
  facet normal 0 0 -1
    outer loop
      vertex 0.4017283285466308 -2.7204989156482178 0
      vertex 0.38413169490073584 -2.0136888639938113 0
      vertex 0.4681192837268438 -1.9958367508899784 0
    endloop
  endfacet
  facet normal 0 0 -1
    outer loop
      vertex 0.5152986151107433 -2.701289939503894 0
      vertex 0.4681192837268438 -1.9958367508899784 0
      vertex 0.5512856322612955 -1.9744832619351989 0
    endloop
  endfacet
  facet normal 0 0 -1
    outer loop
      vertex 0.6279648928043027 -2.677341982901191 0
      vertex 0.5512856322612955 -1.9744832619351989 0
      vertex 0.6334848384686421 -1.9496658584050646 0
    endloop
  endfacet
  facet normal 0 0 -1
    outer loop
      vertex 0.6279648928043027 -2.677341982901191 0
      vertex 0.6334848384686421 -1.9496658584050646 0
      vertex 0.7145726970097204 -1.9214280784583777 0
    endloop
  endfacet
  facet normal 0 0 -1
    outer loop
      vertex 0.6279648928043027 -2.677341982901191 0
      vertex 0.7145726970097204 -1.9214280784583777 0
      vertex 0.7395295066919818 -2.6486970586935596 0
    endloop
  endfacet
  facet normal 0 0 -1
    outer loop
      vertex 0.7395295066919818 -2.6486970586935596 0
      vertex 0.7944069522268113 -1.8898194607564256 0
      vertex 0.8497967345311054 -2.615405419811672 0
    endloop
  endfacet
  facet normal 0 0 -1
    outer loop
      vertex 0.7395295066919818 -2.6486970586935596 0
      vertex 0.7145726970097204 -1.9214280784583777 0
      vertex 0.7944069522268113 -1.8898194607564256 0
    endloop
  endfacet
  facet normal 0 0 -1
    outer loop
      vertex 0.8497967345311054 -2.615405419811672 0
      vertex 0.7944069522268113 -1.8898194607564256 0
      vertex 0.8728475477083985 -1.85489545755534 0
    endloop
  endfacet
  facet normal 0 0 -1
    outer loop
      vertex 0.8497967345311054 -2.615405419811672 0
      vertex 0.8728475477083985 -1.85489545755534 0
      vertex 0.9585731301349908 -2.5775254711027022 0
    endloop
  endfacet
  facet normal 0 0 -1
    outer loop
      vertex 0.9585731301349908 -2.5775254711027022 0
      vertex 1.025 -1.775352077758099 0
      vertex 1.0656678627432836 -2.535123666868376 0
    endloop
  endfacet
  facet normal 0 0 -1
    outer loop
      vertex 0.9585731301349908 -2.5775254711027022 0
      vertex 0.8728475477083985 -1.85489545755534 0
      vertex 0.9497568719957171 -1.8167173374239896 0
    endloop
  endfacet
  facet normal 0 0 -1
    outer loop
      vertex 1.0656678627432836 -2.535123666868376 0
      vertex 1.098444929706942 -1.7308722472791311 0
      vertex 1.170893051803949 -2.4882743942815537 0
    endloop
  endfacet
  facet normal 0 0 -1
    outer loop
      vertex 1.170893051803949 -2.4882743942815537 0
      vertex 1.2394281854678681 -1.6328863319496023 0
      vertex 1.2740640965796206 -2.43705984288584 0
    endloop
  endfacet
  facet normal 0 0 -1
    outer loop
      vertex 1.2740640965796206 -2.43705984288584 0
      vertex 1.3067191789848143 -1.5795521476903673 0
      vertex 1.375 -2.381569860407206 0
    endloop
  endfacet
  facet normal 0 0 -1
    outer loop
      vertex 0.9585731301349908 -2.5775254711027022 0
      vertex 0.9497568719957171 -1.8167173374239896 0
      vertex 1.025 -1.775352077758099 0
    endloop
  endfacet
  facet normal 0 0 -1
    outer loop
      vertex 1.0656678627432836 -2.535123666868376 0
      vertex 1.025 -1.775352077758099 0
      vertex 1.098444929706942 -1.7308722472791311 0
    endloop
  endfacet
  facet normal 0 0 -1
    outer loop
      vertex 1.170893051803949 -2.4882743942815537 0
      vertex 1.098444929706942 -1.7308722472791311 0
      vertex 1.169962813753085 -1.683355878724093 0
    endloop
  endfacet
  facet normal 0 0 -1
    outer loop
      vertex 1.170893051803949 -2.4882743942815537 0
      vertex 1.169962813753085 -1.683355878724093 0
      vertex 1.2394281854678681 -1.6328863319496023 0
    endloop
  endfacet
  facet normal 0 0 -1
    outer loop
      vertex 1.2740640965796206 -2.43705984288584 0
      vertex 1.2394281854678681 -1.6328863319496023 0
      vertex 1.3067191789848143 -1.5795521476903673 0
    endloop
  endfacet
  facet normal 0 0 -1
    outer loop
      vertex 1.375 -2.381569860407206 0
      vertex 1.3067191789848143 -1.5795521476903673 0
      vertex 1.3717177430356593 -1.5234468922286581 0
    endloop
  endfacet
  facet normal 0 -1 0
    outer loop
      vertex -0.05759165467923109 -2.749396879555825 0
      vertex 0.05759165467923109 -2.749396879555825 0
      vertex 0.05759165467923109 -2.749396879555825 28
    endloop
  endfacet
  facet normal 0.04187565372919706 -0.9991228300988585 0
    outer loop
      vertex 0.05759165467923109 -2.749396879555825 0
      vertex 0.17267392870561285 -2.744573503177747 0
      vertex 0.17267392870561285 -2.744573503177747 28
    endloop
  endfacet
  facet normal 0.08367784333231924 -0.9964928592495041 0
    outer loop
      vertex 0.17267392870561285 -2.744573503177747 0
      vertex 0.28745327398604703 -2.7349352122627515 0
      vertex 0.28745327398604703 -2.7349352122627515 28
    endloop
  endfacet
  facet normal 0.1253332335643048 -0.9921147013144778 0
    outer loop
      vertex 0.28745327398604703 -2.7349352122627515 0
      vertex 0.4017283285466308 -2.7204989156482178 0
      vertex 0.4017283285466308 -2.7204989156482178 28
    endloop
  endfacet
  facet normal 0.1667687467160992 -0.9859960370705054 0
    outer loop
      vertex 0.4017283285466308 -2.7204989156482178 0
      vertex 0.5152986151107433 -2.701289939503894 0
      vertex 0.5152986151107433 -2.701289939503894 28
    endloop
  endfacet
  facet normal 0.20791169081776012 -0.9781476007338056 0
    outer loop
      vertex 0.5152986151107433 -2.701289939503894 0
      vertex 0.6279648928043027 -2.677341982901191 0
      vertex 0.6279648928043027 -2.677341982901191 28
    endloop
  endfacet
  facet normal 0.24868988716485452 -0.9685831611286312 0
    outer loop
      vertex 0.6279648928043027 -2.677341982901191 0
      vertex 0.7395295066919818 -2.6486970586935596 0
      vertex 0.7395295066919818 -2.6486970586935596 28
    endloop
  endfacet
  facet normal 0.28903179694447406 -0.9573194975320665 0
    outer loop
      vertex 0.7395295066919818 -2.6486970586935596 0
      vertex 0.8497967345311054 -2.615405419811672 0
      vertex 0.8497967345311054 -2.615405419811672 28
    endloop
  endfacet
  facet normal 0.3288666467385793 -0.9443763702374824 0
    outer loop
      vertex 0.8497967345311054 -2.615405419811672 0
      vertex 0.9585731301349908 -2.5775254711027022 0
      vertex 0.9585731301349908 -2.5775254711027022 28
    endloop
  endfacet
  facet normal 0.36812455268468086 -0.9297764858882502 0
    outer loop
      vertex 0.9585731301349908 -2.5775254711027022 0
      vertex 1.0656678627432836 -2.535123666868376 0
      vertex 1.0656678627432836 -2.535123666868376 28
    endloop
  endfacet
  facet normal 0.40673664307580104 -0.9135454576426004 0
    outer loop
      vertex 1.0656678627432836 -2.535123666868376 0
      vertex 1.170893051803949 -2.4882743942815537 0
      vertex 1.170893051803949 -2.4882743942815537 28
    endloop
  endfacet
  facet normal 0.44463517918492634 -0.8957117602394135 0
    outer loop
      vertex 1.170893051803949 -2.4882743942815537 0
      vertex 1.2740640965796206 -2.43705984288584 0
      vertex 1.2740640965796206 -2.43705984288584 28
    endloop
  endfacet
  facet normal 0.48175367410171516 -0.8763066800438637 0
    outer loop
      vertex 1.2740640965796206 -2.43705984288584 0
      vertex 1.375 -2.381569860407206 0
      vertex 1.375 -2.381569860407206 28
    endloop
  endfacet
  facet normal 0 0 -1
    outer loop
      vertex 1.375 -2.381569860407206 0
      vertex 1.4343098480523984 -1.4646689932472472 0
      vertex 1.4735236861922396 -2.3219017951305423 0
    endloop
  endfacet
  facet normal 0 0 -1
    outer loop
      vertex 1.4735236861922396 -2.3219017951305423 0
      vertex 1.4943856862138938 -1.4033215671538113 0
      vertex 1.5694623111321875 -2.258160325117686 0
    endloop
  endfacet
  facet normal 0 0 -1
    outer loop
      vertex 1.375 -2.381569860407206 0
      vertex 1.3717177430356593 -1.5234468922286581 0
      vertex 1.4343098480523984 -1.4646689932472472 0
    endloop
  endfacet
  facet normal 0 0 -1
    outer loop
      vertex 1.4735236861922396 -2.3219017951305423 0
      vertex 1.4343098480523984 -1.4646689932472472 0
      vertex 1.4943856862138938 -1.4033215671538113 0
    endloop
  endfacet
  facet normal 0 0 -1
    outer loop
      vertex 1.5694623111321875 -2.258160325117686 0
      vertex 1.606571587517972 -1.2733529495705356 0
      vertex 1.6626475658715305 -2.19045727456654 0
    endloop
  endfacet
  facet normal 0 0 -1
    outer loop
      vertex 1.6626475658715305 -2.19045727456654 0
      vertex 1.7074885434557034 -1.1344526759488558 0
      vertex 1.7529159718088974 -2.11891141763342 0
    endloop
  endfacet
  facet normal 0 0 -1
    outer loop
      vertex 1.5694623111321875 -2.258160325117686 0
      vertex 1.4943856862138938 -1.4033215671538113 0
      vertex 1.5518398640861002 -1.3395122381797164 0
    endloop
  endfacet
  facet normal 0 0 -1
    outer loop
      vertex 1.5694623111321875 -2.258160325117686 0
      vertex 1.5518398640861002 -1.3395122381797164 0
      vertex 1.606571587517972 -1.2733529495705356 0
    endloop
  endfacet
  facet normal 0 0 -1
    outer loop
      vertex 1.6626475658715305 -2.19045727456654 0
      vertex 1.606571587517972 -1.2733529495705356 0
      vertex 1.6584848384686421 -1.2049597671995698 0
    endloop
  endfacet
  facet normal 0 0 -1
    outer loop
      vertex 1.6626475658715305 -2.19045727456654 0
      vertex 1.6584848384686421 -1.2049597671995698 0
      vertex 1.7074885434557034 -1.1344526759488558 0
    endloop
  endfacet
  facet normal 0 0 -1
    outer loop
      vertex 1.7529159718088974 -2.11891141763342 0
      vertex 1.79642869408992 -0.9875950319085165 0
      vertex 1.8401091674868602 -2.043648270062834 0
    endloop
  endfacet
  facet normal 0 0 -1
    outer loop
      vertex 1.8401091674868602 -2.043648270062834 0
      vertex 1.8727681881673317 -0.8338101183053903 0
      vertex 1.924074186411754 -1.9647998689902098 0
    endloop
  endfacet
  facet normal 0 0 -1
    outer loop
      vertex 1.7529159718088974 -2.11891141763342 0
      vertex 1.7074885434557034 -1.1344526759488558 0
      vertex 1.7534967333290385 -1.0619553692149164 0
    endloop
  endfacet
  facet normal 0 0 -1
    outer loop
      vertex 1.7529159718088974 -2.11891141763342 0
      vertex 1.7534967333290385 -1.0619553692149164 0
      vertex 1.79642869408992 -0.9875950319085165 0
    endloop
  endfacet
  facet normal 0 0 -1
    outer loop
      vertex 1.924074186411754 -1.9647998689902098 0
      vertex 1.9625049699407378 -0.5925151837361671 0
      vertex 2.004663725408882 -1.8825045413038934 0
    endloop
  endfacet
  facet normal 0.5180270093731286 -0.8553642601605075 0
    outer loop
      vertex 1.375 -2.381569860407206 0
      vertex 1.4735236861922396 -2.3219017951305423 0
      vertex 1.4735236861922396 -2.3219017951305423 28
    endloop
  endfacet
  facet normal 0.553391549243345 -0.8329212407100989 0
    outer loop
      vertex 1.4735236861922396 -2.3219017951305423 0
      vertex 1.5694623111321875 -2.258160325117686 0
      vertex 1.5694623111321875 -2.258160325117686 28
    endloop
  endfacet
  facet normal 0.5877852522924729 -0.8090169943749476 0
    outer loop
      vertex 1.5694623111321875 -2.258160325117686 0
      vertex 1.6626475658715305 -2.19045727456654 0
      vertex 1.6626475658715305 -2.19045727456654 28
    endloop
  endfacet
  facet normal 0.6211477802783093 -0.7836934573258407 0
    outer loop
      vertex 1.6626475658715305 -2.19045727456654 0
      vertex 1.7529159718088974 -2.11891141763342 0
      vertex 1.7529159718088974 -2.11891141763342 28
    endloop
  endfacet
  facet normal 0.653420603990107 -0.7569950556517551 0
    outer loop
      vertex 1.7529159718088974 -2.11891141763342 0
      vertex 1.8401091674868602 -2.043648270062834 0
      vertex 1.8401091674868602 -2.043648270062834 28
    endloop
  endfacet
  facet normal 0.6845471059286895 -0.7289686274214108 0
    outer loop
      vertex 1.8401091674868602 -2.043648270062834 0
      vertex 1.924074186411754 -1.9647998689902098 0
      vertex 1.924074186411754 -1.9647998689902098 28
    endloop
  endfacet
  facet normal 0.7144726796328017 -0.6996633405133671 0
    outer loop
      vertex 1.924074186411754 -1.9647998689902098 0
      vertex 2.004663725408882 -1.8825045413038934 0
      vertex 1.924074186411754 -1.9647998689902098 28
    endloop
  endfacet
  facet normal 0.7431448254773938 -0.6691306063588588 0
    outer loop
      vertex 2.004663725408882 -1.8825045413038934 0
      vertex 2.08173640304233 -1.7969066609727904 0
      vertex 2.004663725408882 -1.8825045413038934 28
    endloop
  endfacet
  facet normal 0.7705132427757894 -0.6374239897486895 0
    outer loop
      vertex 2.08173640304233 -1.7969066609727904 0
      vertex 2.15515700764606 -1.7081563957653527 0
      vertex 2.08173640304233 -1.7969066609727904 28
    endloop
  endfacet
  facet normal 0.796529918024196 -0.6045991148623753 0
    outer loop
      vertex 2.15515700764606 -1.7081563957653527 0
      vertex 2.2247967345311057 -1.616409443804301 0
      vertex 2.15515700764606 -1.7081563957653527 28
    endloop
  endfacet
  facet normal 0.8211492091337051 -0.5707135676844303 0
    outer loop
      vertex 2.2247967345311057 -1.616409443804301 0
      vertex 2.290533411952773 -1.5218267604191968 0
      vertex 2.2247967345311057 -1.616409443804301 28
    endloop
  endfacet
  facet normal 0.8443279255020156 -0.5358267949789957 0
    outer loop
      vertex 2.290533411952773 -1.5218267604191968 0
      vertex 2.3522517154413936 -1.4245742757761073 0
      vertex 2.290533411952773 -1.5218267604191968 28
    endloop
  endfacet
  facet normal 0.8660254037844396 -0.49999999999999833 0
    outer loop
      vertex 2.3522517154413936 -1.4245742757761073 0
      vertex 2.4098433701206243 -1.3248226037797173 0
      vertex 2.3522517154413936 -1.4245742757761073 28
    endloop
  endfacet
  facet normal 0 0 -1
    outer loop
      vertex 1.8401091674868602 -2.043648270062834 0
      vertex 1.79642869408992 -0.9875950319085165 0
      vertex 1.8362091084907965 -0.9115021173291005 0
    endloop
  endfacet
  facet normal 0 0 -1
    outer loop
      vertex 1.8401091674868602 -2.043648270062834 0
      vertex 1.8362091084907965 -0.9115021173291005 0
      vertex 1.8727681881673317 -0.8338101183053903 0
    endloop
  endfacet
  facet normal 0 0 -1
    outer loop
      vertex 2.004663725408882 -1.8825045413038934 0
      vertex 2.0428103614614836 -0.17153957883124715 0
      vertex 2.08173640304233 -1.7969066609727904 0
    endloop
  endfacet
  facet normal 0 0 -1
    outer loop
      vertex 1.924074186411754 -1.9647998689902098 0
      vertex 1.8727681881673317 -0.8338101183053903 0
      vertex 1.9060417960709148 -0.7546553330035906 0
    endloop
  endfacet
  facet normal 0 0 -1
    outer loop
      vertex 1.924074186411754 -1.9647998689902098 0
      vertex 1.9060417960709148 -0.7546553330035906 0
      vertex 1.935971558986836 -0.6741766258140952 0
    endloop
  endfacet
  facet normal 0 0 -1
    outer loop
      vertex 1.924074186411754 -1.9647998689902098 0
      vertex 1.935971558986836 -0.6741766258140952 0
      vertex 1.9625049699407378 -0.5925151837361671 0
    endloop
  endfacet
  facet normal 0 0 -1
    outer loop
      vertex 2.004663725408882 -1.8825045413038934 0
      vertex 1.9625049699407378 -0.5925151837361671 0
      vertex 1.9855954803136937 -0.5098142686879515 0
    endloop
  endfacet
  facet normal 0 0 -1
    outer loop
      vertex 2.004663725408882 -1.8825045413038934 0
      vertex 1.9855954803136937 -0.5098142686879515 0
      vertex 2.0052025815043013 -0.4262189661764066 0
    endloop
  endfacet
  facet normal 0 0 -1
    outer loop
      vertex 2.004663725408882 -1.8825045413038934 0
      vertex 2.0052025815043013 -0.4262189661764066 0
      vertex 2.021291875994535 -0.3418759307680104 0
    endloop
  endfacet
  facet normal 0 0 -1
    outer loop
      vertex 2.004663725408882 -1.8825045413038934 0
      vertex 2.021291875994535 -0.3418759307680104 0
      vertex 2.0338351376946795 -0.2569331288068233 0
    endloop
  endfacet
  facet normal 0 0 -1
    outer loop
      vertex 2.004663725408882 -1.8825045413038934 0
      vertex 2.0338351376946795 -0.2569331288068233 0
      vertex 2.0428103614614836 -0.17153957883124715 0
    endloop
  endfacet
  facet normal 0 0 -1
    outer loop
      vertex 2.08173640304233 -1.7969066609727904 0
      vertex 2.0428103614614836 -0.17153957883124715 0
      vertex 2.0482018017026595 -0.08584509014485842 0
    endloop
  endfacet
  facet normal 0 0 -1
    outer loop
      vertex 2.08173640304233 -1.7969066609727904 0
      vertex 2.0482018017026595 -0.08584509014485842 0
      vertex 2.05 0 0
    endloop
  endfacet
  facet normal 0 0 -1
    outer loop
      vertex 2.08173640304233 -1.7969066609727904 0
      vertex 2.1551570076460598 1.7081563957653534 0
      vertex 2.15515700764606 -1.7081563957653527 0
    endloop
  endfacet
  facet normal 0 0 -1
    outer loop
      vertex 2.15515700764606 -1.7081563957653527 0
      vertex 2.2247967345311057 1.616409443804301 0
      vertex 2.2247967345311057 -1.616409443804301 0
    endloop
  endfacet
  facet normal 0 0 -1
    outer loop
      vertex 2.2247967345311057 -1.616409443804301 0
      vertex 2.2905334119527736 1.5218267604191964 0
      vertex 2.290533411952773 -1.5218267604191968 0
    endloop
  endfacet
  facet normal 0 0 -1
    outer loop
      vertex 2.290533411952773 -1.5218267604191968 0
      vertex 2.352251715441393 1.424574275776108 0
      vertex 2.3522517154413936 -1.4245742757761073 0
    endloop
  endfacet
  facet normal 0 0 -1
    outer loop
      vertex 2.3522517154413936 -1.4245742757761073 0
      vertex 2.4098433701206248 1.324822603779717 0
      vertex 2.4098433701206243 -1.3248226037797173 0
    endloop
  endfacet
  facet normal 0 0 -1
    outer loop
      vertex 2.08173640304233 -1.7969066609727904 0
      vertex 2.05 0 0
      vertex 2.08173640304233 1.7969066609727897 0
    endloop
  endfacet
  facet normal 0 0 -1
    outer loop
      vertex 2.4098433701206243 -1.3248226037797173 0
      vertex 2.4632073406583856 1.2227467427585506 0
      vertex 2.4632073406583856 -1.2227467427585497 0
    endloop
  endfacet
  facet normal 0 0 -1
    outer loop
      vertex 2.4632073406583856 -1.2227467427585497 0
      vertex 2.512250008517152 1.1185257684584506 0
      vertex 2.512250008517152 -1.1185257684584506 0
    endloop
  endfacet
  facet normal 0 0 -1
    outer loop
      vertex 2.512250008517152 -1.1185257684584506 0
      vertex 2.5568853361926913 1.0123425198828644 0
      vertex 2.556885336192691 -1.0123425198828655 0
    endloop
  endfacet
  facet normal 0 0 -1
    outer loop
      vertex 2.556885336192691 -1.0123425198828655 0
      vertex 2.5970350181530732 0.9043832785311039 0
      vertex 2.5970350181530732 -0.9043832785311035 0
    endloop
  endfacet
  facet normal 0 0 -1
    outer loop
      vertex 2.5970350181530732 -0.9043832785311035 0
      vertex 2.632628618213185 0.794837441597297 0
      vertex 2.632628618213185 -0.7948374415972974 0
    endloop
  endfacet
  facet normal 0 0 -1
    outer loop
      vertex 2.632628618213185 -0.7948374415972974 0
      vertex 2.6636036931037355 0.6838971897033507 0
      vertex 2.663603693103736 -0.6838971897033497 0
    endloop
  endfacet
  facet normal 0 0 -1
    outer loop
      vertex 2.663603693103736 -0.6838971897033497 0
      vertex 2.6899059020179656 0.5717571497488382 0
      vertex 2.6899059020179656 -0.5717571497488382 0
    endloop
  endfacet
  facet normal 0 0 -1
    outer loop
      vertex 2.6899059020179656 -0.5717571497488382 0
      vertex 2.7114891019438887 0.4586140534692812 0
      vertex 2.7114891019438883 -0.45861405346928236 0
    endloop
  endfacet
  facet normal 0 0 -1
    outer loop
      vertex 2.7114891019438883 -0.45861405346928236 0
      vertex 2.728315428614814 0.3446663923018367 0
      vertex 2.728315428614814 -0.34466639230183616 0
    endloop
  endfacet
  facet normal 0 0 -1
    outer loop
      vertex 2.728315428614814 -0.34466639230183616 0
      vertex 2.7403553629361372 0.23011406916386756 0
      vertex 2.7403553629361372 -0.23011406916386815 0
    endloop
  endfacet
  facet normal 0 0 -1
    outer loop
      vertex 2.7403553629361372 -0.23011406916386815 0
      vertex 2.7475877827718604 0.11515804775529896 0
      vertex 2.7475877827718604 -0.11515804775529788 0
    endloop
  endfacet
  facet normal 0.8862035792312141 -0.46329603511986306 0
    outer loop
      vertex 2.4098433701206243 -1.3248226037797173 0
      vertex 2.4632073406583856 -1.2227467427585497 0
      vertex 2.4098433701206243 -1.3248226037797173 28
    endloop
  endfacet
  facet normal 0.9048270524660199 -0.42577929156507205 0
    outer loop
      vertex 2.4632073406583856 -1.2227467427585497 0
      vertex 2.512250008517152 -1.1185257684584506 0
      vertex 2.4632073406583856 -1.2227467427585497 28
    endloop
  endfacet
  facet normal 0.9218631515884999 -0.38751558645210465 0
    outer loop
      vertex 2.512250008517152 -1.1185257684584506 0
      vertex 2.556885336192691 -1.0123425198828655 0
      vertex 2.512250008517152 -1.1185257684584506 28
    endloop
  endfacet
  facet normal 0.9372819894918909 -0.3485720473218171 0
    outer loop
      vertex 2.556885336192691 -1.0123425198828655 0
      vertex 2.5970350181530732 -0.9043832785311035 0
      vertex 2.556885336192691 -1.0123425198828655 28
    endloop
  endfacet
  facet normal 0.9510565162951533 -0.30901699437494784 0
    outer loop
      vertex 2.5970350181530732 -0.9043832785311035 0
      vertex 2.632628618213185 -0.7948374415972974 0
      vertex 2.5970350181530732 -0.9043832785311035 28
    endloop
  endfacet
  facet normal 0.9631625667976585 -0.26891982061526426 0
    outer loop
      vertex 2.632628618213185 -0.7948374415972974 0
      vertex 2.663603693103736 -0.6838971897033497 0
      vertex 2.632628618213185 -0.7948374415972974 28
    endloop
  endfacet
  facet normal 0.9735789028731602 -0.22835087011065613 0
    outer loop
      vertex 2.663603693103736 -0.6838971897033497 0
      vertex 2.6899059020179656 -0.5717571497488382 0
      vertex 2.663603693103736 -0.6838971897033497 28
    endloop
  endfacet
  facet normal 0.9822872507286892 -0.1873813145857228 0
    outer loop
      vertex 2.6899059020179656 -0.5717571497488382 0
      vertex 2.7114891019438883 -0.45861405346928236 0
      vertex 2.6899059020179656 -0.5717571497488382 28
    endloop
  endfacet
  facet normal 0.9892723329629881 -0.14608302856241287 0
    outer loop
      vertex 2.7114891019438883 -0.45861405346928236 0
      vertex 2.728315428614814 -0.34466639230183616 0
      vertex 2.7114891019438883 -0.45861405346928236 28
    endloop
  endfacet
  facet normal 0.994521895368273 -0.10452846326765626 0
    outer loop
      vertex 2.728315428614814 -0.34466639230183616 0
      vertex 2.7403553629361372 -0.23011406916386815 0
      vertex 2.728315428614814 -0.34466639230183616 28
    endloop
  endfacet
  facet normal 0.9980267284282718 -0.06279051952930963 0
    outer loop
      vertex 2.7403553629361372 -0.23011406916386815 0
      vertex 2.7475877827718604 -0.11515804775529788 0
      vertex 2.7403553629361372 -0.23011406916386815 28
    endloop
  endfacet
  facet normal 0.9997806834748455 -0.020942419883357336 0
    outer loop
      vertex 2.7475877827718604 -0.11515804775529788 0
      vertex 2.75 0 0
      vertex 2.7475877827718604 -0.11515804775529788 28
    endloop
  endfacet
  facet normal 0.04187565372919706 -0.9991228300988585 0
    outer loop
      vertex 0.05759165467923109 -2.749396879555825 0
      vertex 0.17267392870561285 -2.744573503177747 28
      vertex 0.05759165467923109 -2.749396879555825 28
    endloop
  endfacet
  facet normal 0.08367784333231924 -0.9964928592495041 0
    outer loop
      vertex 0.17267392870561285 -2.744573503177747 0
      vertex 0.28745327398604703 -2.7349352122627515 28
      vertex 0.17267392870561285 -2.744573503177747 28
    endloop
  endfacet
  facet normal 0.1253332335643048 -0.9921147013144778 0
    outer loop
      vertex 0.28745327398604703 -2.7349352122627515 0
      vertex 0.4017283285466308 -2.7204989156482178 28
      vertex 0.28745327398604703 -2.7349352122627515 28
    endloop
  endfacet
  facet normal 0.1667687467160992 -0.9859960370705054 0
    outer loop
      vertex 0.4017283285466308 -2.7204989156482178 0
      vertex 0.5152986151107433 -2.701289939503894 28
      vertex 0.4017283285466308 -2.7204989156482178 28
    endloop
  endfacet
  facet normal 0.20791169081776012 -0.9781476007338056 0
    outer loop
      vertex 0.5152986151107433 -2.701289939503894 0
      vertex 0.6279648928043027 -2.677341982901191 28
      vertex 0.5152986151107433 -2.701289939503894 28
    endloop
  endfacet
  facet normal 0.24868988716485452 -0.9685831611286312 0
    outer loop
      vertex 0.6279648928043027 -2.677341982901191 0
      vertex 0.7395295066919818 -2.6486970586935596 28
      vertex 0.6279648928043027 -2.677341982901191 28
    endloop
  endfacet
  facet normal 0.28903179694447406 -0.9573194975320665 0
    outer loop
      vertex 0.7395295066919818 -2.6486970586935596 0
      vertex 0.8497967345311054 -2.615405419811672 28
      vertex 0.7395295066919818 -2.6486970586935596 28
    endloop
  endfacet
  facet normal 0.3288666467385793 -0.9443763702374824 0
    outer loop
      vertex 0.8497967345311054 -2.615405419811672 0
      vertex 0.9585731301349908 -2.5775254711027022 28
      vertex 0.8497967345311054 -2.615405419811672 28
    endloop
  endfacet
  facet normal 0.36812455268468086 -0.9297764858882502 0
    outer loop
      vertex 0.9585731301349908 -2.5775254711027022 0
      vertex 1.0656678627432836 -2.535123666868376 28
      vertex 0.9585731301349908 -2.5775254711027022 28
    endloop
  endfacet
  facet normal 0.40673664307580104 -0.9135454576426004 0
    outer loop
      vertex 1.0656678627432836 -2.535123666868376 0
      vertex 1.170893051803949 -2.4882743942815537 28
      vertex 1.0656678627432836 -2.535123666868376 28
    endloop
  endfacet
  facet normal 0.44463517918492634 -0.8957117602394135 0
    outer loop
      vertex 1.170893051803949 -2.4882743942815537 0
      vertex 1.2740640965796206 -2.43705984288584 28
      vertex 1.170893051803949 -2.4882743942815537 28
    endloop
  endfacet
  facet normal 0.48175367410171516 -0.8763066800438637 0
    outer loop
      vertex 1.2740640965796206 -2.43705984288584 0
      vertex 1.375 -2.381569860407206 28
      vertex 1.2740640965796206 -2.43705984288584 28
    endloop
  endfacet
  facet normal 0 0 1
    outer loop
      vertex -0.05759165467923109 -2.749396879555825 28
      vertex 0.05759165467923109 -2.749396879555825 28
      vertex 0.042931960760881266 -2.049550401123433 28
    endloop
  endfacet
  facet normal 0 0 1
    outer loop
      vertex 0.05759165467923109 -2.749396879555825 28
      vertex 0.17267392870561285 -2.744573503177747 28
      vertex 0.042931960760881266 -2.049550401123433 28
    endloop
  endfacet
  facet normal 0 0 1
    outer loop
      vertex 0.17267392870561285 -2.744573503177747 28
      vertex 0.28745327398604703 -2.7349352122627515 28
      vertex 0.12872056503509322 -2.0459547932779567 28
    endloop
  endfacet
  facet normal 0 0 1
    outer loop
      vertex 0.28745327398604703 -2.7349352122627515 28
      vertex 0.4017283285466308 -2.7204989156482178 28
      vertex 0.2142833496986896 -2.03876988550496 28
    endloop
  endfacet
  facet normal 0 0 1
    outer loop
      vertex 0.17267392870561285 -2.744573503177747 28
      vertex 0.12872056503509322 -2.0459547932779567 28
      vertex 0.042931960760881266 -2.049550401123433 28
    endloop
  endfacet
  facet normal 0 0 1
    outer loop
      vertex 0.28745327398604703 -2.7349352122627515 28
      vertex 0.2142833496986896 -2.03876988550496 28
      vertex 0.12872056503509322 -2.0459547932779567 28
    endloop
  endfacet
  facet normal 0 0 1
    outer loop
      vertex 0.4017283285466308 -2.7204989156482178 28
      vertex 0.29947020855294293 -2.0280082825741257 28
      vertex 0.2142833496986896 -2.03876988550496 28
    endloop
  endfacet
  facet normal 0 0 1
    outer loop
      vertex 0.4017283285466308 -2.7204989156482178 28
      vertex 0.5152986151107433 -2.701289939503894 28
      vertex 0.38413169490073584 -2.0136888639938113 28
    endloop
  endfacet
  facet normal 0 0 1
    outer loop
      vertex 0.5152986151107433 -2.701289939503894 28
      vertex 0.6279648928043027 -2.677341982901191 28
      vertex 0.4681192837268438 -1.9958367508899784 28
    endloop
  endfacet
  facet normal 0 0 1
    outer loop
      vertex 0.6279648928043027 -2.677341982901191 28
      vertex 0.7395295066919818 -2.6486970586935596 28
      vertex 0.5512856322612955 -1.9744832619351989 28
    endloop
  endfacet
  facet normal 0 0 1
    outer loop
      vertex 0.4017283285466308 -2.7204989156482178 28
      vertex 0.38413169490073584 -2.0136888639938113 28
      vertex 0.29947020855294293 -2.0280082825741257 28
    endloop
  endfacet
  facet normal 0 0 1
    outer loop
      vertex 0.5152986151107433 -2.701289939503894 28
      vertex 0.4681192837268438 -1.9958367508899784 28
      vertex 0.38413169490073584 -2.0136888639938113 28
    endloop
  endfacet
  facet normal 0 0 1
    outer loop
      vertex 0.6279648928043027 -2.677341982901191 28
      vertex 0.5512856322612955 -1.9744832619351989 28
      vertex 0.4681192837268438 -1.9958367508899784 28
    endloop
  endfacet
  facet normal 0 0 1
    outer loop
      vertex 0.7395295066919818 -2.6486970586935596 28
      vertex 0.6334848384686421 -1.9496658584050646 28
      vertex 0.5512856322612955 -1.9744832619351989 28
    endloop
  endfacet
  facet normal 0 0 1
    outer loop
      vertex 0.7395295066919818 -2.6486970586935596 28
      vertex 0.8497967345311054 -2.615405419811672 28
      vertex 0.7145726970097204 -1.9214280784583777 28
    endloop
  endfacet
  facet normal 0 0 1
    outer loop
      vertex 0.7395295066919818 -2.6486970586935596 28
      vertex 0.7145726970097204 -1.9214280784583777 28
      vertex 0.6334848384686421 -1.9496658584050646 28
    endloop
  endfacet
  facet normal 0 0 1
    outer loop
      vertex 0.8497967345311054 -2.615405419811672 28
      vertex 0.7944069522268113 -1.8898194607564256 28
      vertex 0.7145726970097204 -1.9214280784583777 28
    endloop
  endfacet
  facet normal 0 0 1
    outer loop
      vertex 0.8497967345311054 -2.615405419811672 28
      vertex 0.9585731301349908 -2.5775254711027022 28
      vertex 0.7944069522268113 -1.8898194607564256 28
    endloop
  endfacet
  facet normal 0 0 1
    outer loop
      vertex 0.9585731301349908 -2.5775254711027022 28
      vertex 1.0656678627432836 -2.535123666868376 28
      vertex 0.9497568719957171 -1.8167173374239896 28
    endloop
  endfacet
  facet normal 0 0 1
    outer loop
      vertex 0.9585731301349908 -2.5775254711027022 28
      vertex 0.8728475477083985 -1.85489545755534 28
      vertex 0.7944069522268113 -1.8898194607564256 28
    endloop
  endfacet
  facet normal 0 0 1
    outer loop
      vertex 0.9585731301349908 -2.5775254711027022 28
      vertex 0.9497568719957171 -1.8167173374239896 28
      vertex 0.8728475477083985 -1.85489545755534 28
    endloop
  endfacet
  facet normal 0 0 1
    outer loop
      vertex 1.0656678627432836 -2.535123666868376 28
      vertex 1.170893051803949 -2.4882743942815537 28
      vertex 1.025 -1.775352077758099 28
    endloop
  endfacet
  facet normal 0 0 1
    outer loop
      vertex 1.170893051803949 -2.4882743942815537 28
      vertex 1.2740640965796206 -2.43705984288584 28
      vertex 1.169962813753085 -1.683355878724093 28
    endloop
  endfacet
  facet normal 0 0 1
    outer loop
      vertex 1.2740640965796206 -2.43705984288584 28
      vertex 1.375 -2.381569860407206 28
      vertex 1.2394281854678681 -1.6328863319496023 28
    endloop
  endfacet
  facet normal 0 0 1
    outer loop
      vertex 1.0656678627432836 -2.535123666868376 28
      vertex 1.025 -1.775352077758099 28
      vertex 0.9497568719957171 -1.8167173374239896 28
    endloop
  endfacet
  facet normal 0 0 1
    outer loop
      vertex 1.170893051803949 -2.4882743942815537 28
      vertex 1.098444929706942 -1.7308722472791311 28
      vertex 1.025 -1.775352077758099 28
    endloop
  endfacet
  facet normal 0 0 1
    outer loop
      vertex 1.170893051803949 -2.4882743942815537 28
      vertex 1.169962813753085 -1.683355878724093 28
      vertex 1.098444929706942 -1.7308722472791311 28
    endloop
  endfacet
  facet normal 0 0 1
    outer loop
      vertex 1.2740640965796206 -2.43705984288584 28
      vertex 1.2394281854678681 -1.6328863319496023 28
      vertex 1.169962813753085 -1.683355878724093 28
    endloop
  endfacet
  facet normal 0 0 1
    outer loop
      vertex 1.375 -2.381569860407206 28
      vertex 1.3067191789848143 -1.5795521476903673 28
      vertex 1.2394281854678681 -1.6328863319496023 28
    endloop
  endfacet
  facet normal 0 0 1
    outer loop
      vertex 1.375 -2.381569860407206 28
      vertex 1.3717177430356593 -1.5234468922286581 28
      vertex 1.3067191789848143 -1.5795521476903673 28
    endloop
  endfacet
  facet normal 0.5180270093731286 -0.8553642601605075 0
    outer loop
      vertex 1.375 -2.381569860407206 0
      vertex 1.4735236861922396 -2.3219017951305423 28
      vertex 1.375 -2.381569860407206 28
    endloop
  endfacet
  facet normal 0.553391549243345 -0.8329212407100989 0
    outer loop
      vertex 1.4735236861922396 -2.3219017951305423 0
      vertex 1.5694623111321875 -2.258160325117686 28
      vertex 1.4735236861922396 -2.3219017951305423 28
    endloop
  endfacet
  facet normal 0.5877852522924729 -0.8090169943749476 0
    outer loop
      vertex 1.5694623111321875 -2.258160325117686 0
      vertex 1.6626475658715305 -2.19045727456654 28
      vertex 1.5694623111321875 -2.258160325117686 28
    endloop
  endfacet
  facet normal 0.6211477802783093 -0.7836934573258407 0
    outer loop
      vertex 1.6626475658715305 -2.19045727456654 0
      vertex 1.7529159718088974 -2.11891141763342 28
      vertex 1.6626475658715305 -2.19045727456654 28
    endloop
  endfacet
  facet normal 0.653420603990107 -0.7569950556517551 0
    outer loop
      vertex 1.7529159718088974 -2.11891141763342 0
      vertex 1.8401091674868602 -2.043648270062834 28
      vertex 1.7529159718088974 -2.11891141763342 28
    endloop
  endfacet
  facet normal 0.6845471059286895 -0.7289686274214108 0
    outer loop
      vertex 1.8401091674868602 -2.043648270062834 0
      vertex 1.924074186411754 -1.9647998689902098 28
      vertex 1.8401091674868602 -2.043648270062834 28
    endloop
  endfacet
  facet normal 0.7144726796328017 -0.6996633405133671 0
    outer loop
      vertex 2.004663725408882 -1.8825045413038934 0
      vertex 2.004663725408882 -1.8825045413038934 28
      vertex 1.924074186411754 -1.9647998689902098 28
    endloop
  endfacet
  facet normal 0.7431448254773938 -0.6691306063588588 0
    outer loop
      vertex 2.08173640304233 -1.7969066609727904 0
      vertex 2.08173640304233 -1.7969066609727904 28
      vertex 2.004663725408882 -1.8825045413038934 28
    endloop
  endfacet
  facet normal 0.7705132427757894 -0.6374239897486895 0
    outer loop
      vertex 2.15515700764606 -1.7081563957653527 0
      vertex 2.15515700764606 -1.7081563957653527 28
      vertex 2.08173640304233 -1.7969066609727904 28
    endloop
  endfacet
  facet normal 0.796529918024196 -0.6045991148623753 0
    outer loop
      vertex 2.2247967345311057 -1.616409443804301 0
      vertex 2.2247967345311057 -1.616409443804301 28
      vertex 2.15515700764606 -1.7081563957653527 28
    endloop
  endfacet
  facet normal 0.8211492091337051 -0.5707135676844303 0
    outer loop
      vertex 2.290533411952773 -1.5218267604191968 0
      vertex 2.290533411952773 -1.5218267604191968 28
      vertex 2.2247967345311057 -1.616409443804301 28
    endloop
  endfacet
  facet normal 0.8443279255020156 -0.5358267949789957 0
    outer loop
      vertex 2.3522517154413936 -1.4245742757761073 0
      vertex 2.3522517154413936 -1.4245742757761073 28
      vertex 2.290533411952773 -1.5218267604191968 28
    endloop
  endfacet
  facet normal 0 0 1
    outer loop
      vertex 1.375 -2.381569860407206 28
      vertex 1.4735236861922396 -2.3219017951305423 28
      vertex 1.3717177430356593 -1.5234468922286581 28
    endloop
  endfacet
  facet normal 0 0 1
    outer loop
      vertex 1.4735236861922396 -2.3219017951305423 28
      vertex 1.5694623111321875 -2.258160325117686 28
      vertex 1.4343098480523984 -1.4646689932472472 28
    endloop
  endfacet
  facet normal 0 0 1
    outer loop
      vertex 1.4735236861922396 -2.3219017951305423 28
      vertex 1.4343098480523984 -1.4646689932472472 28
      vertex 1.3717177430356593 -1.5234468922286581 28
    endloop
  endfacet
  facet normal 0 0 1
    outer loop
      vertex 1.5694623111321875 -2.258160325117686 28
      vertex 1.6626475658715305 -2.19045727456654 28
      vertex 1.5518398640861002 -1.3395122381797164 28
    endloop
  endfacet
  facet normal 0 0 1
    outer loop
      vertex 1.6626475658715305 -2.19045727456654 28
      vertex 1.7529159718088974 -2.11891141763342 28
      vertex 1.6584848384686421 -1.2049597671995698 28
    endloop
  endfacet
  facet normal 0 0 1
    outer loop
      vertex 1.5694623111321875 -2.258160325117686 28
      vertex 1.4943856862138938 -1.4033215671538113 28
      vertex 1.4343098480523984 -1.4646689932472472 28
    endloop
  endfacet
  facet normal 0 0 1
    outer loop
      vertex 1.5694623111321875 -2.258160325117686 28
      vertex 1.5518398640861002 -1.3395122381797164 28
      vertex 1.4943856862138938 -1.4033215671538113 28
    endloop
  endfacet
  facet normal 0 0 1
    outer loop
      vertex 1.6626475658715305 -2.19045727456654 28
      vertex 1.606571587517972 -1.2733529495705356 28
      vertex 1.5518398640861002 -1.3395122381797164 28
    endloop
  endfacet
  facet normal 0 0 1
    outer loop
      vertex 1.6626475658715305 -2.19045727456654 28
      vertex 1.6584848384686421 -1.2049597671995698 28
      vertex 1.606571587517972 -1.2733529495705356 28
    endloop
  endfacet
  facet normal 0 0 1
    outer loop
      vertex 1.7529159718088974 -2.11891141763342 28
      vertex 1.7074885434557034 -1.1344526759488558 28
      vertex 1.6584848384686421 -1.2049597671995698 28
    endloop
  endfacet
  facet normal 0 0 1
    outer loop
      vertex 1.7529159718088974 -2.11891141763342 28
      vertex 1.8401091674868602 -2.043648270062834 28
      vertex 1.7074885434557034 -1.1344526759488558 28
    endloop
  endfacet
  facet normal 0 0 1
    outer loop
      vertex 1.8401091674868602 -2.043648270062834 28
      vertex 1.924074186411754 -1.9647998689902098 28
      vertex 1.8362091084907965 -0.9115021173291005 28
    endloop
  endfacet
  facet normal 0 0 1
    outer loop
      vertex 1.8401091674868602 -2.043648270062834 28
      vertex 1.7534967333290385 -1.0619553692149164 28
      vertex 1.7074885434557034 -1.1344526759488558 28
    endloop
  endfacet
  facet normal 0 0 1
    outer loop
      vertex 1.924074186411754 -1.9647998689902098 28
      vertex 2.004663725408882 -1.8825045413038934 28
      vertex 1.9060417960709148 -0.7546553330035906 28
    endloop
  endfacet
  facet normal 0 0 1
    outer loop
      vertex 2.004663725408882 -1.8825045413038934 28
      vertex 2.08173640304233 -1.7969066609727904 28
      vertex 1.9855954803136937 -0.5098142686879515 28
    endloop
  endfacet
  facet normal 0.8660254037844396 -0.49999999999999833 0
    outer loop
      vertex 2.4098433701206243 -1.3248226037797173 0
      vertex 2.4098433701206243 -1.3248226037797173 28
      vertex 2.3522517154413936 -1.4245742757761073 28
    endloop
  endfacet
  facet normal 0.8862035792312141 -0.46329603511986306 0
    outer loop
      vertex 2.4632073406583856 -1.2227467427585497 0
      vertex 2.4632073406583856 -1.2227467427585497 28
      vertex 2.4098433701206243 -1.3248226037797173 28
    endloop
  endfacet
  facet normal 0.9048270524660199 -0.42577929156507205 0
    outer loop
      vertex 2.512250008517152 -1.1185257684584506 0
      vertex 2.512250008517152 -1.1185257684584506 28
      vertex 2.4632073406583856 -1.2227467427585497 28
    endloop
  endfacet
  facet normal 0.9218631515884999 -0.38751558645210465 0
    outer loop
      vertex 2.556885336192691 -1.0123425198828655 0
      vertex 2.556885336192691 -1.0123425198828655 28
      vertex 2.512250008517152 -1.1185257684584506 28
    endloop
  endfacet
  facet normal 0.9372819894918909 -0.3485720473218171 0
    outer loop
      vertex 2.5970350181530732 -0.9043832785311035 0
      vertex 2.5970350181530732 -0.9043832785311035 28
      vertex 2.556885336192691 -1.0123425198828655 28
    endloop
  endfacet
  facet normal 0.9510565162951533 -0.30901699437494784 0
    outer loop
      vertex 2.632628618213185 -0.7948374415972974 0
      vertex 2.632628618213185 -0.7948374415972974 28
      vertex 2.5970350181530732 -0.9043832785311035 28
    endloop
  endfacet
  facet normal 0.9631625667976585 -0.26891982061526426 0
    outer loop
      vertex 2.663603693103736 -0.6838971897033497 0
      vertex 2.663603693103736 -0.6838971897033497 28
      vertex 2.632628618213185 -0.7948374415972974 28
    endloop
  endfacet
  facet normal 0.9735789028731602 -0.22835087011065613 0
    outer loop
      vertex 2.6899059020179656 -0.5717571497488382 0
      vertex 2.6899059020179656 -0.5717571497488382 28
      vertex 2.663603693103736 -0.6838971897033497 28
    endloop
  endfacet
  facet normal 0.9822872507286892 -0.1873813145857228 0
    outer loop
      vertex 2.7114891019438883 -0.45861405346928236 0
      vertex 2.7114891019438883 -0.45861405346928236 28
      vertex 2.6899059020179656 -0.5717571497488382 28
    endloop
  endfacet
  facet normal 0.9892723329629881 -0.14608302856241287 0
    outer loop
      vertex 2.728315428614814 -0.34466639230183616 0
      vertex 2.728315428614814 -0.34466639230183616 28
      vertex 2.7114891019438883 -0.45861405346928236 28
    endloop
  endfacet
  facet normal 0.994521895368273 -0.10452846326765626 0
    outer loop
      vertex 2.7403553629361372 -0.23011406916386815 0
      vertex 2.7403553629361372 -0.23011406916386815 28
      vertex 2.728315428614814 -0.34466639230183616 28
    endloop
  endfacet
  facet normal 0.9980267284282718 -0.06279051952930963 0
    outer loop
      vertex 2.7475877827718604 -0.11515804775529788 0
      vertex 2.7475877827718604 -0.11515804775529788 28
      vertex 2.7403553629361372 -0.23011406916386815 28
    endloop
  endfacet
  facet normal 0.9997806834748455 -0.020942419883357336 0
    outer loop
      vertex 2.7475877827718604 -0.11515804775529788 28
      vertex 2.75 0 0
      vertex 2.75 0 28
    endloop
  endfacet
  facet normal 0 0 1
    outer loop
      vertex 1.8401091674868602 -2.043648270062834 28
      vertex 1.79642869408992 -0.9875950319085165 28
      vertex 1.7534967333290385 -1.0619553692149164 28
    endloop
  endfacet
  facet normal 0 0 1
    outer loop
      vertex 1.8401091674868602 -2.043648270062834 28
      vertex 1.8362091084907965 -0.9115021173291005 28
      vertex 1.79642869408992 -0.9875950319085165 28
    endloop
  endfacet
  facet normal 0 0 1
    outer loop
      vertex 1.924074186411754 -1.9647998689902098 28
      vertex 1.8727681881673317 -0.8338101183053903 28
      vertex 1.8362091084907965 -0.9115021173291005 28
    endloop
  endfacet
  facet normal 0 0 1
    outer loop
      vertex 1.924074186411754 -1.9647998689902098 28
      vertex 1.9060417960709148 -0.7546553330035906 28
      vertex 1.8727681881673317 -0.8338101183053903 28
    endloop
  endfacet
  facet normal 0 0 1
    outer loop
      vertex 2.004663725408882 -1.8825045413038934 28
      vertex 1.935971558986836 -0.6741766258140952 28
      vertex 1.9060417960709148 -0.7546553330035906 28
    endloop
  endfacet
  facet normal 0 0 1
    outer loop
      vertex 2.004663725408882 -1.8825045413038934 28
      vertex 1.9625049699407378 -0.5925151837361671 28
      vertex 1.935971558986836 -0.6741766258140952 28
    endloop
  endfacet
  facet normal 0 0 1
    outer loop
      vertex 2.004663725408882 -1.8825045413038934 28
      vertex 1.9855954803136937 -0.5098142686879515 28
      vertex 1.9625049699407378 -0.5925151837361671 28
    endloop
  endfacet
  facet normal 0 0 1
    outer loop
      vertex 2.08173640304233 -1.7969066609727904 28
      vertex 2.0052025815043013 -0.4262189661764066 28
      vertex 1.9855954803136937 -0.5098142686879515 28
    endloop
  endfacet
  facet normal 0 0 1
    outer loop
      vertex 2.08173640304233 -1.7969066609727904 28
      vertex 2.021291875994535 -0.3418759307680104 28
      vertex 2.0052025815043013 -0.4262189661764066 28
    endloop
  endfacet
  facet normal 0 0 1
    outer loop
      vertex 2.08173640304233 -1.7969066609727904 28
      vertex 2.0338351376946795 -0.2569331288068233 28
      vertex 2.021291875994535 -0.3418759307680104 28
    endloop
  endfacet
  facet normal 0 0 1
    outer loop
      vertex 2.08173640304233 -1.7969066609727904 28
      vertex 2.0428103614614836 -0.17153957883124715 28
      vertex 2.0338351376946795 -0.2569331288068233 28
    endloop
  endfacet
  facet normal 0 0 1
    outer loop
      vertex 2.08173640304233 -1.7969066609727904 28
      vertex 2.0482018017026595 -0.08584509014485842 28
      vertex 2.0428103614614836 -0.17153957883124715 28
    endloop
  endfacet
  facet normal 0 0 1
    outer loop
      vertex 2.08173640304233 -1.7969066609727904 28
      vertex 2.05 0 28
      vertex 2.0482018017026595 -0.08584509014485842 28
    endloop
  endfacet
  facet normal 0 0 1
    outer loop
      vertex 2.08173640304233 -1.7969066609727904 28
      vertex 2.15515700764606 -1.7081563957653527 28
      vertex 2.08173640304233 1.7969066609727897 28
    endloop
  endfacet
  facet normal 0 0 1
    outer loop
      vertex 2.15515700764606 -1.7081563957653527 28
      vertex 2.2247967345311057 -1.616409443804301 28
      vertex 2.1551570076460598 1.7081563957653534 28
    endloop
  endfacet
  facet normal 0 0 1
    outer loop
      vertex 2.2247967345311057 -1.616409443804301 28
      vertex 2.290533411952773 -1.5218267604191968 28
      vertex 2.2247967345311057 1.616409443804301 28
    endloop
  endfacet
  facet normal 0 0 1
    outer loop
      vertex 2.290533411952773 -1.5218267604191968 28
      vertex 2.3522517154413936 -1.4245742757761073 28
      vertex 2.2905334119527736 1.5218267604191964 28
    endloop
  endfacet
  facet normal 0 0 1
    outer loop
      vertex 2.3522517154413936 -1.4245742757761073 28
      vertex 2.4098433701206243 -1.3248226037797173 28
      vertex 2.352251715441393 1.424574275776108 28
    endloop
  endfacet
  facet normal 0 0 1
    outer loop
      vertex 2.08173640304233 -1.7969066609727904 28
      vertex 2.08173640304233 1.7969066609727897 28
      vertex 2.05 0 28
    endloop
  endfacet
  facet normal 0 0 1
    outer loop
      vertex 2.4098433701206243 -1.3248226037797173 28
      vertex 2.4632073406583856 -1.2227467427585497 28
      vertex 2.4098433701206248 1.324822603779717 28
    endloop
  endfacet
  facet normal 0 0 1
    outer loop
      vertex 2.4632073406583856 -1.2227467427585497 28
      vertex 2.512250008517152 -1.1185257684584506 28
      vertex 2.4632073406583856 1.2227467427585506 28
    endloop
  endfacet
  facet normal 0 0 1
    outer loop
      vertex 2.512250008517152 -1.1185257684584506 28
      vertex 2.556885336192691 -1.0123425198828655 28
      vertex 2.512250008517152 1.1185257684584506 28
    endloop
  endfacet
  facet normal 0 0 1
    outer loop
      vertex 2.556885336192691 -1.0123425198828655 28
      vertex 2.5970350181530732 -0.9043832785311035 28
      vertex 2.5568853361926913 1.0123425198828644 28
    endloop
  endfacet
  facet normal 0 0 1
    outer loop
      vertex 2.5970350181530732 -0.9043832785311035 28
      vertex 2.632628618213185 -0.7948374415972974 28
      vertex 2.5970350181530732 0.9043832785311039 28
    endloop
  endfacet
  facet normal 0 0 1
    outer loop
      vertex 2.632628618213185 -0.7948374415972974 28
      vertex 2.663603693103736 -0.6838971897033497 28
      vertex 2.632628618213185 0.794837441597297 28
    endloop
  endfacet
  facet normal 0 0 1
    outer loop
      vertex 2.663603693103736 -0.6838971897033497 28
      vertex 2.6899059020179656 -0.5717571497488382 28
      vertex 2.6636036931037355 0.6838971897033507 28
    endloop
  endfacet
  facet normal 0 0 1
    outer loop
      vertex 2.6899059020179656 -0.5717571497488382 28
      vertex 2.7114891019438883 -0.45861405346928236 28
      vertex 2.6899059020179656 0.5717571497488382 28
    endloop
  endfacet
  facet normal 0 0 1
    outer loop
      vertex 2.7114891019438883 -0.45861405346928236 28
      vertex 2.728315428614814 -0.34466639230183616 28
      vertex 2.7114891019438887 0.4586140534692812 28
    endloop
  endfacet
  facet normal 0 0 1
    outer loop
      vertex 2.728315428614814 -0.34466639230183616 28
      vertex 2.7403553629361372 -0.23011406916386815 28
      vertex 2.728315428614814 0.3446663923018367 28
    endloop
  endfacet
  facet normal 0 0 1
    outer loop
      vertex 2.7403553629361372 -0.23011406916386815 28
      vertex 2.7475877827718604 -0.11515804775529788 28
      vertex 2.7403553629361372 0.23011406916386756 28
    endloop
  endfacet
  facet normal 0 0 -1
    outer loop
      vertex 0.17267392870561152 2.744573503177747 0
      vertex 0.12872056503509222 2.0459547932779567 0
      vertex 0.04293196076088186 2.049550401123433 0
    endloop
  endfacet
  facet normal 0 0 -1
    outer loop
      vertex 0.28745327398604703 2.7349352122627515 0
      vertex 0.2142833496986896 2.03876988550496 0
      vertex 0.12872056503509222 2.0459547932779567 0
    endloop
  endfacet
  facet normal 0 0 -1
    outer loop
      vertex 0.4017283285466322 2.7204989156482178 0
      vertex 0.299470208552944 2.0280082825741257 0
      vertex 0.2142833496986896 2.03876988550496 0
    endloop
  endfacet
  facet normal 0 0 -1
    outer loop
      vertex -0.057591654679231774 2.749396879555825 0
      vertex 0.057591654679231774 2.749396879555825 0
      vertex 0.04293196076088186 2.049550401123433 0
    endloop
  endfacet
  facet normal 0 0 -1
    outer loop
      vertex 0.057591654679231774 2.749396879555825 0
      vertex 0.17267392870561152 2.744573503177747 0
      vertex 0.04293196076088186 2.049550401123433 0
    endloop
  endfacet
  facet normal 0 0 -1
    outer loop
      vertex 0.17267392870561152 2.744573503177747 0
      vertex 0.28745327398604703 2.7349352122627515 0
      vertex 0.12872056503509222 2.0459547932779567 0
    endloop
  endfacet
  facet normal 0 0 -1
    outer loop
      vertex 0.28745327398604703 2.7349352122627515 0
      vertex 0.4017283285466322 2.7204989156482178 0
      vertex 0.2142833496986896 2.03876988550496 0
    endloop
  endfacet
  facet normal 0 0 -1
    outer loop
      vertex 0.4017283285466322 2.7204989156482178 0
      vertex 0.38413169490073534 2.0136888639938118 0
      vertex 0.299470208552944 2.0280082825741257 0
    endloop
  endfacet
  facet normal 0 0 -1
    outer loop
      vertex 0.5152986151107426 2.701289939503894 0
      vertex 0.4681192837268443 1.9958367508899784 0
      vertex 0.38413169490073534 2.0136888639938118 0
    endloop
  endfacet
  facet normal 0 0 -1
    outer loop
      vertex 0.6279648928043033 2.677341982901191 0
      vertex 0.5512856322612945 1.974483261935199 0
      vertex 0.4681192837268443 1.9958367508899784 0
    endloop
  endfacet
  facet normal 0 0 -1
    outer loop
      vertex 0.7395295066919804 2.64869705869356 0
      vertex 0.6334848384686421 1.9496658584050646 0
      vertex 0.5512856322612945 1.974483261935199 0
    endloop
  endfacet
  facet normal 0 0 -1
    outer loop
      vertex 0.4017283285466322 2.7204989156482178 0
      vertex 0.5152986151107426 2.701289939503894 0
      vertex 0.38413169490073534 2.0136888639938118 0
    endloop
  endfacet
  facet normal 0 0 -1
    outer loop
      vertex 0.5152986151107426 2.701289939503894 0
      vertex 0.6279648928043033 2.677341982901191 0
      vertex 0.4681192837268443 1.9958367508899784 0
    endloop
  endfacet
  facet normal 0 0 -1
    outer loop
      vertex 0.6279648928043033 2.677341982901191 0
      vertex 0.7395295066919804 2.64869705869356 0
      vertex 0.5512856322612945 1.974483261935199 0
    endloop
  endfacet
  facet normal 0 0 -1
    outer loop
      vertex 1.065667862743283 2.5351236668683765 0
      vertex 1.025 1.775352077758099 0
      vertex 0.9497568719957165 1.81671733742399 0
    endloop
  endfacet
  facet normal 0 0 -1
    outer loop
      vertex 1.17089305180395 2.4882743942815537 0
      vertex 1.098444929706943 1.7308722472791307 0
      vertex 1.025 1.775352077758099 0
    endloop
  endfacet
  facet normal 0 0 -1
    outer loop
      vertex 1.17089305180395 2.4882743942815537 0
      vertex 1.1699628137530846 1.6833558787240932 0
      vertex 1.098444929706943 1.7308722472791307 0
    endloop
  endfacet
  facet normal 0 0 -1
    outer loop
      vertex 1.375 2.381569860407206 0
      vertex 1.3067191789848138 1.5795521476903676 0
      vertex 1.2394281854678684 1.632886331949602 0
    endloop
  endfacet
  facet normal 0 0 -1
    outer loop
      vertex 1.375 2.381569860407206 0
      vertex 1.3717177430356593 1.5234468922286581 0
      vertex 1.3067191789848138 1.5795521476903676 0
    endloop
  endfacet
  facet normal 0 0 -1
    outer loop
      vertex 1.2740640965796197 2.4370598428858403 0
      vertex 1.2394281854678684 1.632886331949602 0
      vertex 1.1699628137530846 1.6833558787240932 0
    endloop
  endfacet
  facet normal 0 0 -1
    outer loop
      vertex 0.7395295066919804 2.64869705869356 0
      vertex 0.7145726970097213 1.9214280784583773 0
      vertex 0.6334848384686421 1.9496658584050646 0
    endloop
  endfacet
  facet normal 0 0 -1
    outer loop
      vertex 0.8497967345311054 2.615405419811672 0
      vertex 0.7944069522268109 1.8898194607564258 0
      vertex 0.7145726970097213 1.9214280784583773 0
    endloop
  endfacet
  facet normal 0 0 -1
    outer loop
      vertex 0.7395295066919804 2.64869705869356 0
      vertex 0.8497967345311054 2.615405419811672 0
      vertex 0.7145726970097213 1.9214280784583773 0
    endloop
  endfacet
  facet normal 0 0 -1
    outer loop
      vertex 0.958573130134992 2.5775254711027014 0
      vertex 0.872847547708399 1.8548954575553398 0
      vertex 0.7944069522268109 1.8898194607564258 0
    endloop
  endfacet
  facet normal 0 0 -1
    outer loop
      vertex 0.958573130134992 2.5775254711027014 0
      vertex 0.9497568719957165 1.81671733742399 0
      vertex 0.872847547708399 1.8548954575553398 0
    endloop
  endfacet
  facet normal 0 0 -1
    outer loop
      vertex 0.8497967345311054 2.615405419811672 0
      vertex 0.958573130134992 2.5775254711027014 0
      vertex 0.7944069522268109 1.8898194607564258 0
    endloop
  endfacet
  facet normal 0 0 -1
    outer loop
      vertex 0.958573130134992 2.5775254711027014 0
      vertex 1.065667862743283 2.5351236668683765 0
      vertex 0.9497568719957165 1.81671733742399 0
    endloop
  endfacet
  facet normal 0 0 -1
    outer loop
      vertex 1.065667862743283 2.5351236668683765 0
      vertex 1.17089305180395 2.4882743942815537 0
      vertex 1.025 1.775352077758099 0
    endloop
  endfacet
  facet normal 0 0 -1
    outer loop
      vertex 1.17089305180395 2.4882743942815537 0
      vertex 1.2740640965796197 2.4370598428858403 0
      vertex 1.1699628137530846 1.6833558787240932 0
    endloop
  endfacet
  facet normal 0 0 -1
    outer loop
      vertex 1.2740640965796197 2.4370598428858403 0
      vertex 1.375 2.381569860407206 0
      vertex 1.2394281854678684 1.632886331949602 0
    endloop
  endfacet
  facet normal 0.0418756537291978 0.9991228300988585 0
    outer loop
      vertex 0.057591654679231774 2.749396879555825 0
      vertex 0.057591654679231774 2.749396879555825 28
      vertex 0.17267392870561152 2.744573503177747 0
    endloop
  endfacet
  facet normal 0.08367784333231827 0.9964928592495041 0
    outer loop
      vertex 0.17267392870561152 2.744573503177747 0
      vertex 0.17267392870561152 2.744573503177747 28
      vertex 0.28745327398604703 2.7349352122627515 0
    endloop
  endfacet
  facet normal 0.12533323356430331 0.9921147013144778 0
    outer loop
      vertex 0.28745327398604703 2.7349352122627515 0
      vertex 0.28745327398604703 2.7349352122627515 28
      vertex 0.4017283285466322 2.7204989156482178 0
    endloop
  endfacet
  facet normal 0.16676874671610215 0.985996037070505 0
    outer loop
      vertex 0.4017283285466322 2.7204989156482178 0
      vertex 0.4017283285466322 2.7204989156482178 28
      vertex 0.5152986151107426 2.701289939503894 0
    endloop
  endfacet
  facet normal 0.20791169081775773 0.9781476007338059 0
    outer loop
      vertex 0.5152986151107426 2.701289939503894 0
      vertex 0.5152986151107426 2.701289939503894 28
      vertex 0.6279648928043033 2.677341982901191 0
    endloop
  endfacet
  facet normal 0.24868988716485532 0.968583161128631 0
    outer loop
      vertex 0.6279648928043033 2.677341982901191 0
      vertex 0.6279648928043033 2.677341982901191 28
      vertex 0.7395295066919804 2.64869705869356 0
    endloop
  endfacet
  facet normal 0.2890317969444741 0.9573194975320665 0
    outer loop
      vertex 0.7395295066919804 2.64869705869356 0
      vertex 0.7395295066919804 2.64869705869356 28
      vertex 0.8497967345311054 2.615405419811672 0
    endloop
  endfacet
  facet normal 0.3681245526846765 0.929776485888252 0
    outer loop
      vertex 0.958573130134992 2.5775254711027014 0
      vertex 0.958573130134992 2.5775254711027014 28
      vertex 1.065667862743283 2.5351236668683765 0
    endloop
  endfacet
  facet normal 0.32886664673858285 0.9443763702374811 0
    outer loop
      vertex 0.8497967345311054 2.615405419811672 0
      vertex 0.8497967345311054 2.615405419811672 28
      vertex 0.958573130134992 2.5775254711027014 0
    endloop
  endfacet
  facet normal 0.40673664307579926 0.9135454576426013 0
    outer loop
      vertex 1.065667862743283 2.5351236668683765 0
      vertex 1.065667862743283 2.5351236668683765 28
      vertex 1.17089305180395 2.4882743942815537 0
    endloop
  endfacet
  facet normal 0.4446351791849294 0.895711760239412 0
    outer loop
      vertex 1.17089305180395 2.4882743942815537 0
      vertex 1.17089305180395 2.4882743942815537 28
      vertex 1.2740640965796197 2.4370598428858403 0
    endloop
  endfacet
  facet normal 0.4817536741017148 0.8763066800438638 0
    outer loop
      vertex 1.2740640965796197 2.4370598428858403 0
      vertex 1.2740640965796197 2.4370598428858403 28
      vertex 1.375 2.381569860407206 0
    endloop
  endfacet
  facet normal 0 0 -1
    outer loop
      vertex 2.08173640304233 1.7969066609727897 0
      vertex 2.05 0 0
      vertex 2.0482018017026595 0.08584509014485922 0
    endloop
  endfacet
  facet normal 0 0 -1
    outer loop
      vertex 2.08173640304233 1.7969066609727897 0
      vertex 2.0482018017026595 0.08584509014485922 0
      vertex 2.0428103614614836 0.17153957883124674 0
    endloop
  endfacet
  facet normal 0 0 -1
    outer loop
      vertex 2.08173640304233 1.7969066609727897 0
      vertex 2.0428103614614836 0.17153957883124674 0
      vertex 2.0338351376946795 0.25693312880682373 0
    endloop
  endfacet
  facet normal 0 0 -1
    outer loop
      vertex 2.08173640304233 1.7969066609727897 0
      vertex 2.0338351376946795 0.25693312880682373 0
      vertex 2.021291875994535 0.3418759307680096 0
    endloop
  endfacet
  facet normal 0 0 -1
    outer loop
      vertex 2.08173640304233 1.7969066609727897 0
      vertex 2.021291875994535 0.3418759307680096 0
      vertex 2.0052025815043013 0.4262189661764066 0
    endloop
  endfacet
  facet normal 0 0 -1
    outer loop
      vertex 2.08173640304233 1.7969066609727897 0
      vertex 2.0052025815043013 0.4262189661764066 0
      vertex 1.9855954803136935 0.5098142686879523 0
    endloop
  endfacet
  facet normal 0 0 -1
    outer loop
      vertex 2.0046637254088817 1.882504541303894 0
      vertex 1.9855954803136935 0.5098142686879523 0
      vertex 1.9625049699407378 0.5925151837361667 0
    endloop
  endfacet
  facet normal 0 0 -1
    outer loop
      vertex 1.8401091674868602 2.043648270062834 0
      vertex 1.7964286940899201 0.9875950319085163 0
      vertex 1.7534967333290383 1.0619553692149168 0
    endloop
  endfacet
  facet normal 0 0 -1
    outer loop
      vertex 1.924074186411755 1.9647998689902093 0
      vertex 1.8727681881673317 0.8338101183053903 0
      vertex 1.8362091084907963 0.9115021173291012 0
    endloop
  endfacet
  facet normal 0 0 -1
    outer loop
      vertex 1.8401091674868602 2.043648270062834 0
      vertex 1.8362091084907963 0.9115021173291012 0
      vertex 1.7964286940899201 0.9875950319085163 0
    endloop
  endfacet
  facet normal 0 0 -1
    outer loop
      vertex 2.0046637254088817 1.882504541303894 0
      vertex 1.9625049699407378 0.5925151837361667 0
      vertex 1.935971558986836 0.6741766258140955 0
    endloop
  endfacet
  facet normal 0 0 -1
    outer loop
      vertex 2.0046637254088817 1.882504541303894 0
      vertex 1.935971558986836 0.6741766258140955 0
      vertex 1.906041796070915 0.7546553330035898 0
    endloop
  endfacet
  facet normal 0 0 -1
    outer loop
      vertex 1.924074186411755 1.9647998689902093 0
      vertex 1.906041796070915 0.7546553330035898 0
      vertex 1.8727681881673317 0.8338101183053903 0
    endloop
  endfacet
  facet normal 0 0 -1
    outer loop
      vertex 2.08173640304233 -1.7969066609727904 0
      vertex 2.08173640304233 1.7969066609727897 0
      vertex 2.1551570076460598 1.7081563957653534 0
    endloop
  endfacet
  facet normal 0 0 -1
    outer loop
      vertex 2.15515700764606 -1.7081563957653527 0
      vertex 2.1551570076460598 1.7081563957653534 0
      vertex 2.2247967345311057 1.616409443804301 0
    endloop
  endfacet
  facet normal 0 0 -1
    outer loop
      vertex 2.2247967345311057 -1.616409443804301 0
      vertex 2.2247967345311057 1.616409443804301 0
      vertex 2.2905334119527736 1.5218267604191964 0
    endloop
  endfacet
  facet normal 0 0 -1
    outer loop
      vertex 2.290533411952773 -1.5218267604191968 0
      vertex 2.2905334119527736 1.5218267604191964 0
      vertex 2.352251715441393 1.424574275776108 0
    endloop
  endfacet
  facet normal 0 0 -1
    outer loop
      vertex 2.3522517154413936 -1.4245742757761073 0
      vertex 2.352251715441393 1.424574275776108 0
      vertex 2.4098433701206248 1.324822603779717 0
    endloop
  endfacet
  facet normal 0 0 -1
    outer loop
      vertex 2.512250008517152 -1.1185257684584506 0
      vertex 2.512250008517152 1.1185257684584506 0
      vertex 2.5568853361926913 1.0123425198828644 0
    endloop
  endfacet
  facet normal 0 0 -1
    outer loop
      vertex 2.556885336192691 -1.0123425198828655 0
      vertex 2.5568853361926913 1.0123425198828644 0
      vertex 2.5970350181530732 0.9043832785311039 0
    endloop
  endfacet
  facet normal 0 0 -1
    outer loop
      vertex 2.7475877827718604 -0.11515804775529788 0
      vertex 2.7475877827718604 0.11515804775529896 0
      vertex 2.75 0 0
    endloop
  endfacet
  facet normal 0 0 -1
    outer loop
      vertex 2.7403553629361372 -0.23011406916386815 0
      vertex 2.7403553629361372 0.23011406916386756 0
      vertex 2.7475877827718604 0.11515804775529896 0
    endloop
  endfacet
  facet normal 0 0 -1
    outer loop
      vertex 2.728315428614814 -0.34466639230183616 0
      vertex 2.728315428614814 0.3446663923018367 0
      vertex 2.7403553629361372 0.23011406916386756 0
    endloop
  endfacet
  facet normal 0 0 -1
    outer loop
      vertex 2.6899059020179656 -0.5717571497488382 0
      vertex 2.6899059020179656 0.5717571497488382 0
      vertex 2.7114891019438887 0.4586140534692812 0
    endloop
  endfacet
  facet normal 0 0 -1
    outer loop
      vertex 2.7114891019438883 -0.45861405346928236 0
      vertex 2.7114891019438887 0.4586140534692812 0
      vertex 2.728315428614814 0.3446663923018367 0
    endloop
  endfacet
  facet normal 0 0 -1
    outer loop
      vertex 2.632628618213185 -0.7948374415972974 0
      vertex 2.632628618213185 0.794837441597297 0
      vertex 2.6636036931037355 0.6838971897033507 0
    endloop
  endfacet
  facet normal 0 0 -1
    outer loop
      vertex 2.5970350181530732 -0.9043832785311035 0
      vertex 2.5970350181530732 0.9043832785311039 0
      vertex 2.632628618213185 0.794837441597297 0
    endloop
  endfacet
  facet normal 0 0 -1
    outer loop
      vertex 2.663603693103736 -0.6838971897033497 0
      vertex 2.6636036931037355 0.6838971897033507 0
      vertex 2.6899059020179656 0.5717571497488382 0
    endloop
  endfacet
  facet normal 0 0 -1
    outer loop
      vertex 2.4098433701206243 -1.3248226037797173 0
      vertex 2.4098433701206248 1.324822603779717 0
      vertex 2.4632073406583856 1.2227467427585506 0
    endloop
  endfacet
  facet normal 0 0 -1
    outer loop
      vertex 2.4632073406583856 -1.2227467427585497 0
      vertex 2.4632073406583856 1.2227467427585506 0
      vertex 2.512250008517152 1.1185257684584506 0
    endloop
  endfacet
  facet normal 0.9997806834748454 0.020942419883357134 0
    outer loop
      vertex 2.75 0 0
      vertex 2.7475877827718604 0.11515804775529896 0
      vertex 2.75 0 28
    endloop
  endfacet
  facet normal 0.9980267284282718 0.06279051952931054 0
    outer loop
      vertex 2.7475877827718604 0.11515804775529896 0
      vertex 2.7403553629361372 0.23011406916386756 0
      vertex 2.7475877827718604 0.11515804775529896 28
    endloop
  endfacet
  facet normal 0.9945218953682732 0.10452846326765525 0
    outer loop
      vertex 2.7403553629361372 0.23011406916386756 0
      vertex 2.728315428614814 0.3446663923018367 0
      vertex 2.7403553629361372 0.23011406916386756 28
    endloop
  endfacet
  facet normal 0.9892723329629883 0.14608302856241126 0
    outer loop
      vertex 2.728315428614814 0.3446663923018367 0
      vertex 2.7114891019438887 0.4586140534692812 0
      vertex 2.728315428614814 0.3446663923018367 28
    endloop
  endfacet
  facet normal 0.9822872507286887 0.18738131458572466 0
    outer loop
      vertex 2.7114891019438887 0.4586140534692812 0
      vertex 2.6899059020179656 0.5717571497488382 0
      vertex 2.7114891019438887 0.4586140534692812 28
    endloop
  endfacet
  facet normal 0.9735789028731598 0.22835087011065788 0
    outer loop
      vertex 2.6636036931037355 0.6838971897033507 0
      vertex 2.6899059020179656 0.5717571497488382 28
      vertex 2.6899059020179656 0.5717571497488382 0
    endloop
  endfacet
  facet normal 0.8660254037844382 0.5000000000000008 0
    outer loop
      vertex 2.4098433701206248 1.324822603779717 0
      vertex 2.352251715441393 1.424574275776108 0
      vertex 2.4098433701206248 1.324822603779717 28
    endloop
  endfacet
  facet normal 0.9631625667976588 0.2689198206152639 0
    outer loop
      vertex 2.6636036931037355 0.6838971897033507 0
      vertex 2.632628618213185 0.794837441597297 0
      vertex 2.6636036931037355 0.6838971897033507 28
    endloop
  endfacet
  facet normal 0.9510565162951541 0.3090169943749456 0
    outer loop
      vertex 2.632628618213185 0.794837441597297 0
      vertex 2.5970350181530732 0.9043832785311039 0
      vertex 2.632628618213185 0.794837441597297 28
    endloop
  endfacet
  facet normal 0.9372819894918905 0.3485720473218181 0
    outer loop
      vertex 2.5568853361926913 1.0123425198828644 0
      vertex 2.5970350181530732 0.9043832785311039 28
      vertex 2.5970350181530732 0.9043832785311039 0
    endloop
  endfacet
  facet normal 0.9218631515884999 0.38751558645210443 0
    outer loop
      vertex 2.5568853361926913 1.0123425198828644 0
      vertex 2.512250008517152 1.1185257684584506 0
      vertex 2.5568853361926913 1.0123425198828644 28
    endloop
  endfacet
  facet normal 0.9048270524660212 0.42577929156506905 0
    outer loop
      vertex 2.512250008517152 1.1185257684584506 0
      vertex 2.4632073406583856 1.2227467427585506 0
      vertex 2.512250008517152 1.1185257684584506 28
    endloop
  endfacet
  facet normal 0.8862035792312135 0.463296035119864 0
    outer loop
      vertex 2.4632073406583856 1.2227467427585506 0
      vertex 2.4098433701206248 1.324822603779717 0
      vertex 2.4632073406583856 1.2227467427585506 28
    endloop
  endfacet
  facet normal 0 0 -1
    outer loop
      vertex 1.5694623111321868 2.2581603251176863 0
      vertex 1.4943856862138936 1.4033215671538117 0
      vertex 1.434309848052399 1.4646689932472468 0
    endloop
  endfacet
  facet normal 0 0 -1
    outer loop
      vertex 1.5694623111321868 2.2581603251176863 0
      vertex 1.5518398640861004 1.339512238179716 0
      vertex 1.4943856862138936 1.4033215671538117 0
    endloop
  endfacet
  facet normal 0 0 -1
    outer loop
      vertex 1.7529159718088967 2.11891141763342 0
      vertex 1.7074885434557037 1.1344526759488553 0
      vertex 1.6584848384686421 1.2049597671995698 0
    endloop
  endfacet
  facet normal 0 0 -1
    outer loop
      vertex 1.6626475658715307 2.1904572745665396 0
      vertex 1.6065715875179716 1.273352949570536 0
      vertex 1.5518398640861004 1.339512238179716 0
    endloop
  endfacet
  facet normal 0 0 -1
    outer loop
      vertex 1.6626475658715307 2.1904572745665396 0
      vertex 1.6584848384686421 1.2049597671995698 0
      vertex 1.6065715875179716 1.273352949570536 0
    endloop
  endfacet
  facet normal 0 0 -1
    outer loop
      vertex 1.4735236861922407 2.3219017951305414 0
      vertex 1.434309848052399 1.4646689932472468 0
      vertex 1.3717177430356593 1.5234468922286581 0
    endloop
  endfacet
  facet normal 0 0 -1
    outer loop
      vertex 1.4735236861922407 2.3219017951305414 0
      vertex 1.5694623111321868 2.2581603251176863 0
      vertex 1.434309848052399 1.4646689932472468 0
    endloop
  endfacet
  facet normal 0 0 -1
    outer loop
      vertex 1.6626475658715307 2.1904572745665396 0
      vertex 1.7529159718088967 2.11891141763342 0
      vertex 1.6584848384686421 1.2049597671995698 0
    endloop
  endfacet
  facet normal 0 0 -1
    outer loop
      vertex 1.6626475658715307 2.1904572745665396 0
      vertex 1.5518398640861004 1.339512238179716 0
      vertex 1.5694623111321868 2.2581603251176863 0
    endloop
  endfacet
  facet normal 0 0 -1
    outer loop
      vertex 1.8401091674868602 2.043648270062834 0
      vertex 1.7534967333290383 1.0619553692149168 0
      vertex 1.7074885434557037 1.1344526759488553 0
    endloop
  endfacet
  facet normal 0 0 -1
    outer loop
      vertex 1.8401091674868602 2.043648270062834 0
      vertex 1.924074186411755 1.9647998689902093 0
      vertex 1.8362091084907963 0.9115021173291012 0
    endloop
  endfacet
  facet normal 0 0 -1
    outer loop
      vertex 2.0046637254088817 1.882504541303894 0
      vertex 1.906041796070915 0.7546553330035898 0
      vertex 1.924074186411755 1.9647998689902093 0
    endloop
  endfacet
  facet normal 0 0 -1
    outer loop
      vertex 2.0046637254088817 1.882504541303894 0
      vertex 2.08173640304233 1.7969066609727897 0
      vertex 1.9855954803136935 0.5098142686879523 0
    endloop
  endfacet
  facet normal 0 0 -1
    outer loop
      vertex 1.8401091674868602 2.043648270062834 0
      vertex 1.7074885434557037 1.1344526759488553 0
      vertex 1.7529159718088967 2.11891141763342 0
    endloop
  endfacet
  facet normal 0 0 -1
    outer loop
      vertex 1.375 2.381569860407206 0
      vertex 1.4735236861922407 2.3219017951305414 0
      vertex 1.3717177430356593 1.5234468922286581 0
    endloop
  endfacet
  facet normal 0.6845471059286877 0.7289686274214124 0
    outer loop
      vertex 1.8401091674868602 2.043648270062834 0
      vertex 1.8401091674868602 2.043648270062834 28
      vertex 1.924074186411755 1.9647998689902093 0
    endloop
  endfacet
  facet normal 0.7431448254773969 0.6691306063588551 0
    outer loop
      vertex 2.0046637254088817 1.882504541303894 0
      vertex 2.08173640304233 1.7969066609727897 28
      vertex 2.08173640304233 1.7969066609727897 0
    endloop
  endfacet
  facet normal 0.7144726796328028 0.6996633405133661 0
    outer loop
      vertex 2.0046637254088817 1.882504541303894 0
      vertex 1.924074186411755 1.9647998689902093 0
      vertex 2.0046637254088817 1.882504541303894 28
    endloop
  endfacet
  facet normal 0.5180270093731301 0.8553642601605068 0
    outer loop
      vertex 1.375 2.381569860407206 0
      vertex 1.375 2.381569860407206 28
      vertex 1.4735236861922407 2.3219017951305414 0
    endloop
  endfacet
  facet normal 0.5533915492433441 0.8329212407100995 0
    outer loop
      vertex 1.4735236861922407 2.3219017951305414 0
      vertex 1.4735236861922407 2.3219017951305414 28
      vertex 1.5694623111321868 2.2581603251176863 0
    endloop
  endfacet
  facet normal 0.6211477802783107 0.7836934573258396 0
    outer loop
      vertex 1.6626475658715307 2.1904572745665396 0
      vertex 1.6626475658715307 2.1904572745665396 28
      vertex 1.7529159718088967 2.11891141763342 0
    endloop
  endfacet
  facet normal 0.5877852522924744 0.8090169943749466 0
    outer loop
      vertex 1.6626475658715307 2.1904572745665396 0
      vertex 1.5694623111321868 2.2581603251176863 0
      vertex 1.5694623111321868 2.2581603251176863 28
    endloop
  endfacet
  facet normal 0.653420603990104 0.7569950556517574 0
    outer loop
      vertex 1.8401091674868602 2.043648270062834 0
      vertex 1.7529159718088967 2.11891141763342 0
      vertex 1.7529159718088967 2.11891141763342 28
    endloop
  endfacet
  facet normal 0.7965299180241964 0.6045991148623749 0
    outer loop
      vertex 2.2247967345311057 1.616409443804301 0
      vertex 2.1551570076460598 1.7081563957653534 0
      vertex 2.2247967345311057 1.616409443804301 28
    endloop
  endfacet
  facet normal 0.8443279255020164 0.5358267949789947 0
    outer loop
      vertex 2.2905334119527736 1.5218267604191964 0
      vertex 2.352251715441393 1.424574275776108 28
      vertex 2.352251715441393 1.424574275776108 0
    endloop
  endfacet
  facet normal 0.8211492091337045 0.5707135676844309 0
    outer loop
      vertex 2.2247967345311057 1.616409443804301 0
      vertex 2.2905334119527736 1.5218267604191964 28
      vertex 2.2905334119527736 1.5218267604191964 0
    endloop
  endfacet
  facet normal 0.7705132427757866 0.637423989748693 0
    outer loop
      vertex 2.1551570076460598 1.7081563957653534 0
      vertex 2.08173640304233 1.7969066609727897 0
      vertex 2.1551570076460598 1.7081563957653534 28
    endloop
  endfacet
  facet normal 0 1 0
    outer loop
      vertex -0.057591654679231774 2.749396879555825 28
      vertex 0.057591654679231774 2.749396879555825 28
      vertex 0.057591654679231774 2.749396879555825 0
    endloop
  endfacet
  facet normal 0.0418756537291978 0.9991228300988585 0
    outer loop
      vertex 0.17267392870561152 2.744573503177747 0
      vertex 0.057591654679231774 2.749396879555825 28
      vertex 0.17267392870561152 2.744573503177747 28
    endloop
  endfacet
  facet normal 0.08367784333231827 0.9964928592495041 0
    outer loop
      vertex 0.28745327398604703 2.7349352122627515 0
      vertex 0.17267392870561152 2.744573503177747 28
      vertex 0.28745327398604703 2.7349352122627515 28
    endloop
  endfacet
  facet normal 0.12533323356430331 0.9921147013144778 0
    outer loop
      vertex 0.4017283285466322 2.7204989156482178 0
      vertex 0.28745327398604703 2.7349352122627515 28
      vertex 0.4017283285466322 2.7204989156482178 28
    endloop
  endfacet
  facet normal 0.16676874671610215 0.985996037070505 0
    outer loop
      vertex 0.5152986151107426 2.701289939503894 0
      vertex 0.4017283285466322 2.7204989156482178 28
      vertex 0.5152986151107426 2.701289939503894 28
    endloop
  endfacet
  facet normal 0.20791169081775773 0.9781476007338059 0
    outer loop
      vertex 0.6279648928043033 2.677341982901191 0
      vertex 0.5152986151107426 2.701289939503894 28
      vertex 0.6279648928043033 2.677341982901191 28
    endloop
  endfacet
  facet normal 0.24868988716485532 0.968583161128631 0
    outer loop
      vertex 0.7395295066919804 2.64869705869356 0
      vertex 0.6279648928043033 2.677341982901191 28
      vertex 0.7395295066919804 2.64869705869356 28
    endloop
  endfacet
  facet normal 0.2890317969444741 0.9573194975320665 0
    outer loop
      vertex 0.8497967345311054 2.615405419811672 0
      vertex 0.7395295066919804 2.64869705869356 28
      vertex 0.8497967345311054 2.615405419811672 28
    endloop
  endfacet
  facet normal 0.3681245526846765 0.929776485888252 0
    outer loop
      vertex 1.065667862743283 2.5351236668683765 0
      vertex 0.958573130134992 2.5775254711027014 28
      vertex 1.065667862743283 2.5351236668683765 28
    endloop
  endfacet
  facet normal 0.32886664673858285 0.9443763702374811 0
    outer loop
      vertex 0.958573130134992 2.5775254711027014 0
      vertex 0.8497967345311054 2.615405419811672 28
      vertex 0.958573130134992 2.5775254711027014 28
    endloop
  endfacet
  facet normal 0.4817536741017148 0.8763066800438638 0
    outer loop
      vertex 1.375 2.381569860407206 0
      vertex 1.2740640965796197 2.4370598428858403 28
      vertex 1.375 2.381569860407206 28
    endloop
  endfacet
  facet normal 0.40673664307579926 0.9135454576426013 0
    outer loop
      vertex 1.17089305180395 2.4882743942815537 0
      vertex 1.065667862743283 2.5351236668683765 28
      vertex 1.17089305180395 2.4882743942815537 28
    endloop
  endfacet
  facet normal 0.4446351791849294 0.895711760239412 0
    outer loop
      vertex 1.2740640965796197 2.4370598428858403 0
      vertex 1.17089305180395 2.4882743942815537 28
      vertex 1.2740640965796197 2.4370598428858403 28
    endloop
  endfacet
  facet normal 0 0 1
    outer loop
      vertex 0.057591654679231774 2.749396879555825 28
      vertex -0.04293196076088186 2.049550401123433 28
      vertex 0.04293196076088186 2.049550401123433 28
    endloop
  endfacet
  facet normal 0 0 1
    outer loop
      vertex 0.057591654679231774 2.749396879555825 28
      vertex 0.04293196076088186 2.049550401123433 28
      vertex 0.12872056503509222 2.0459547932779567 28
    endloop
  endfacet
  facet normal 0 0 1
    outer loop
      vertex 0.17267392870561152 2.744573503177747 28
      vertex 0.12872056503509222 2.0459547932779567 28
      vertex 0.2142833496986896 2.03876988550496 28
    endloop
  endfacet
  facet normal 0 0 1
    outer loop
      vertex 0.28745327398604703 2.7349352122627515 28
      vertex 0.2142833496986896 2.03876988550496 28
      vertex 0.299470208552944 2.0280082825741257 28
    endloop
  endfacet
  facet normal 0 0 1
    outer loop
      vertex 0.28745327398604703 2.7349352122627515 28
      vertex 0.299470208552944 2.0280082825741257 28
      vertex 0.38413169490073534 2.0136888639938118 28
    endloop
  endfacet
  facet normal 0 0 1
    outer loop
      vertex 0.057591654679231774 2.749396879555825 28
      vertex 0.12872056503509222 2.0459547932779567 28
      vertex 0.17267392870561152 2.744573503177747 28
    endloop
  endfacet
  facet normal 0 0 1
    outer loop
      vertex 0.17267392870561152 2.744573503177747 28
      vertex 0.2142833496986896 2.03876988550496 28
      vertex 0.28745327398604703 2.7349352122627515 28
    endloop
  endfacet
  facet normal 0 0 1
    outer loop
      vertex 0.5152986151107426 2.701289939503894 28
      vertex 0.4681192837268443 1.9958367508899784 28
      vertex 0.5512856322612945 1.974483261935199 28
    endloop
  endfacet
  facet normal 0 0 1
    outer loop
      vertex 0.4017283285466322 2.7204989156482178 28
      vertex 0.38413169490073534 2.0136888639938118 28
      vertex 0.4681192837268443 1.9958367508899784 28
    endloop
  endfacet
  facet normal 0 0 1
    outer loop
      vertex 0.6279648928043033 2.677341982901191 28
      vertex 0.5512856322612945 1.974483261935199 28
      vertex 0.6334848384686421 1.9496658584050646 28
    endloop
  endfacet
  facet normal 0 0 1
    outer loop
      vertex 0.6279648928043033 2.677341982901191 28
      vertex 0.6334848384686421 1.9496658584050646 28
      vertex 0.7145726970097213 1.9214280784583773 28
    endloop
  endfacet
  facet normal 0 0 1
    outer loop
      vertex 0.28745327398604703 2.7349352122627515 28
      vertex 0.38413169490073534 2.0136888639938118 28
      vertex 0.4017283285466322 2.7204989156482178 28
    endloop
  endfacet
  facet normal 0 0 1
    outer loop
      vertex 0.4017283285466322 2.7204989156482178 28
      vertex 0.4681192837268443 1.9958367508899784 28
      vertex 0.5152986151107426 2.701289939503894 28
    endloop
  endfacet
  facet normal 0 0 1
    outer loop
      vertex 0.5152986151107426 2.701289939503894 28
      vertex 0.5512856322612945 1.974483261935199 28
      vertex 0.6279648928043033 2.677341982901191 28
    endloop
  endfacet
  facet normal 0 0 1
    outer loop
      vertex 0.958573130134992 2.5775254711027014 28
      vertex 0.9497568719957165 1.81671733742399 28
      vertex 1.025 1.775352077758099 28
    endloop
  endfacet
  facet normal 0 0 1
    outer loop
      vertex 1.065667862743283 2.5351236668683765 28
      vertex 1.025 1.775352077758099 28
      vertex 1.098444929706943 1.7308722472791307 28
    endloop
  endfacet
  facet normal 0 0 1
    outer loop
      vertex 1.17089305180395 2.4882743942815537 28
      vertex 1.098444929706943 1.7308722472791307 28
      vertex 1.1699628137530846 1.6833558787240932 28
    endloop
  endfacet
  facet normal 0 0 1
    outer loop
      vertex 1.17089305180395 2.4882743942815537 28
      vertex 1.1699628137530846 1.6833558787240932 28
      vertex 1.2394281854678684 1.632886331949602 28
    endloop
  endfacet
  facet normal 0 0 1
    outer loop
      vertex 1.2740640965796197 2.4370598428858403 28
      vertex 1.2394281854678684 1.632886331949602 28
      vertex 1.3067191789848138 1.5795521476903676 28
    endloop
  endfacet
  facet normal 0 0 1
    outer loop
      vertex 1.375 2.381569860407206 28
      vertex 1.3067191789848138 1.5795521476903676 28
      vertex 1.3717177430356593 1.5234468922286581 28
    endloop
  endfacet
  facet normal 0 0 1
    outer loop
      vertex 0.7395295066919804 2.64869705869356 28
      vertex 0.7145726970097213 1.9214280784583773 28
      vertex 0.7944069522268109 1.8898194607564258 28
    endloop
  endfacet
  facet normal 0 0 1
    outer loop
      vertex 0.8497967345311054 2.615405419811672 28
      vertex 0.7944069522268109 1.8898194607564258 28
      vertex 0.872847547708399 1.8548954575553398 28
    endloop
  endfacet
  facet normal 0 0 1
    outer loop
      vertex 0.7395295066919804 2.64869705869356 28
      vertex 0.7944069522268109 1.8898194607564258 28
      vertex 0.8497967345311054 2.615405419811672 28
    endloop
  endfacet
  facet normal 0 0 1
    outer loop
      vertex 0.958573130134992 2.5775254711027014 28
      vertex 0.872847547708399 1.8548954575553398 28
      vertex 0.9497568719957165 1.81671733742399 28
    endloop
  endfacet
  facet normal 0 0 1
    outer loop
      vertex 0.8497967345311054 2.615405419811672 28
      vertex 0.872847547708399 1.8548954575553398 28
      vertex 0.958573130134992 2.5775254711027014 28
    endloop
  endfacet
  facet normal 0 0 1
    outer loop
      vertex 0.958573130134992 2.5775254711027014 28
      vertex 1.025 1.775352077758099 28
      vertex 1.065667862743283 2.5351236668683765 28
    endloop
  endfacet
  facet normal 0 0 1
    outer loop
      vertex 0.6279648928043033 2.677341982901191 28
      vertex 0.7145726970097213 1.9214280784583773 28
      vertex 0.7395295066919804 2.64869705869356 28
    endloop
  endfacet
  facet normal 0 0 1
    outer loop
      vertex 1.065667862743283 2.5351236668683765 28
      vertex 1.098444929706943 1.7308722472791307 28
      vertex 1.17089305180395 2.4882743942815537 28
    endloop
  endfacet
  facet normal 0 0 1
    outer loop
      vertex 1.17089305180395 2.4882743942815537 28
      vertex 1.2394281854678684 1.632886331949602 28
      vertex 1.2740640965796197 2.4370598428858403 28
    endloop
  endfacet
  facet normal 0 0 1
    outer loop
      vertex 1.2740640965796197 2.4370598428858403 28
      vertex 1.3067191789848138 1.5795521476903676 28
      vertex 1.375 2.381569860407206 28
    endloop
  endfacet
  facet normal 0.9997806834748454 0.020942419883357134 0
    outer loop
      vertex 2.7475877827718604 0.11515804775529896 0
      vertex 2.7475877827718604 0.11515804775529896 28
      vertex 2.75 0 28
    endloop
  endfacet
  facet normal 0.9980267284282718 0.06279051952931054 0
    outer loop
      vertex 2.7403553629361372 0.23011406916386756 0
      vertex 2.7403553629361372 0.23011406916386756 28
      vertex 2.7475877827718604 0.11515804775529896 28
    endloop
  endfacet
  facet normal 0.9945218953682732 0.10452846326765525 0
    outer loop
      vertex 2.728315428614814 0.3446663923018367 0
      vertex 2.728315428614814 0.3446663923018367 28
      vertex 2.7403553629361372 0.23011406916386756 28
    endloop
  endfacet
  facet normal 0.9892723329629883 0.14608302856241126 0
    outer loop
      vertex 2.7114891019438887 0.4586140534692812 0
      vertex 2.7114891019438887 0.4586140534692812 28
      vertex 2.728315428614814 0.3446663923018367 28
    endloop
  endfacet
  facet normal 0.9822872507286887 0.18738131458572466 0
    outer loop
      vertex 2.6899059020179656 0.5717571497488382 0
      vertex 2.6899059020179656 0.5717571497488382 28
      vertex 2.7114891019438887 0.4586140534692812 28
    endloop
  endfacet
  facet normal 0.9735789028731598 0.22835087011065788 0
    outer loop
      vertex 2.6636036931037355 0.6838971897033507 0
      vertex 2.6636036931037355 0.6838971897033507 28
      vertex 2.6899059020179656 0.5717571497488382 28
    endloop
  endfacet
  facet normal 0.9372819894918905 0.3485720473218181 0
    outer loop
      vertex 2.5568853361926913 1.0123425198828644 0
      vertex 2.5568853361926913 1.0123425198828644 28
      vertex 2.5970350181530732 0.9043832785311039 28
    endloop
  endfacet
  facet normal 0.9631625667976588 0.2689198206152639 0
    outer loop
      vertex 2.632628618213185 0.794837441597297 0
      vertex 2.632628618213185 0.794837441597297 28
      vertex 2.6636036931037355 0.6838971897033507 28
    endloop
  endfacet
  facet normal 0.9510565162951541 0.3090169943749456 0
    outer loop
      vertex 2.5970350181530732 0.9043832785311039 0
      vertex 2.5970350181530732 0.9043832785311039 28
      vertex 2.632628618213185 0.794837441597297 28
    endloop
  endfacet
  facet normal 0.9048270524660212 0.42577929156506905 0
    outer loop
      vertex 2.4632073406583856 1.2227467427585506 0
      vertex 2.4632073406583856 1.2227467427585506 28
      vertex 2.512250008517152 1.1185257684584506 28
    endloop
  endfacet
  facet normal 0.9218631515884999 0.38751558645210443 0
    outer loop
      vertex 2.512250008517152 1.1185257684584506 0
      vertex 2.512250008517152 1.1185257684584506 28
      vertex 2.5568853361926913 1.0123425198828644 28
    endloop
  endfacet
  facet normal 0.8862035792312135 0.463296035119864 0
    outer loop
      vertex 2.4098433701206248 1.324822603779717 0
      vertex 2.4098433701206248 1.324822603779717 28
      vertex 2.4632073406583856 1.2227467427585506 28
    endloop
  endfacet
  facet normal 0 0 1
    outer loop
      vertex 2.08173640304233 1.7969066609727897 28
      vertex 2.0482018017026595 0.08584509014485922 28
      vertex 2.05 0 28
    endloop
  endfacet
  facet normal 0 0 1
    outer loop
      vertex 2.08173640304233 1.7969066609727897 28
      vertex 2.0428103614614836 0.17153957883124674 28
      vertex 2.0482018017026595 0.08584509014485922 28
    endloop
  endfacet
  facet normal 0 0 1
    outer loop
      vertex 2.0046637254088817 1.882504541303894 28
      vertex 2.0338351376946795 0.25693312880682373 28
      vertex 2.0428103614614836 0.17153957883124674 28
    endloop
  endfacet
  facet normal 0 0 1
    outer loop
      vertex 2.0046637254088817 1.882504541303894 28
      vertex 2.021291875994535 0.3418759307680096 28
      vertex 2.0338351376946795 0.25693312880682373 28
    endloop
  endfacet
  facet normal 0 0 1
    outer loop
      vertex 2.0046637254088817 1.882504541303894 28
      vertex 2.0052025815043013 0.4262189661764066 28
      vertex 2.021291875994535 0.3418759307680096 28
    endloop
  endfacet
  facet normal 0 0 1
    outer loop
      vertex 2.0046637254088817 1.882504541303894 28
      vertex 1.9855954803136935 0.5098142686879523 28
      vertex 2.0052025815043013 0.4262189661764066 28
    endloop
  endfacet
  facet normal 0 0 1
    outer loop
      vertex 2.0046637254088817 1.882504541303894 28
      vertex 1.9625049699407378 0.5925151837361667 28
      vertex 1.9855954803136935 0.5098142686879523 28
    endloop
  endfacet
  facet normal 0 0 1
    outer loop
      vertex 1.8401091674868602 2.043648270062834 28
      vertex 1.8362091084907963 0.9115021173291012 28
      vertex 1.8727681881673317 0.8338101183053903 28
    endloop
  endfacet
  facet normal 0 0 1
    outer loop
      vertex 1.8401091674868602 2.043648270062834 28
      vertex 1.7964286940899201 0.9875950319085163 28
      vertex 1.8362091084907963 0.9115021173291012 28
    endloop
  endfacet
  facet normal 0 0 1
    outer loop
      vertex 1.924074186411755 1.9647998689902093 28
      vertex 1.935971558986836 0.6741766258140955 28
      vertex 1.9625049699407378 0.5925151837361667 28
    endloop
  endfacet
  facet normal 0 0 1
    outer loop
      vertex 1.924074186411755 1.9647998689902093 28
      vertex 1.906041796070915 0.7546553330035898 28
      vertex 1.935971558986836 0.6741766258140955 28
    endloop
  endfacet
  facet normal 0 0 1
    outer loop
      vertex 1.924074186411755 1.9647998689902093 28
      vertex 1.8727681881673317 0.8338101183053903 28
      vertex 1.906041796070915 0.7546553330035898 28
    endloop
  endfacet
  facet normal 0 0 1
    outer loop
      vertex 2.0046637254088817 1.882504541303894 28
      vertex 2.0428103614614836 0.17153957883124674 28
      vertex 2.08173640304233 1.7969066609727897 28
    endloop
  endfacet
  facet normal 0 0 1
    outer loop
      vertex 2.15515700764606 -1.7081563957653527 28
      vertex 2.1551570076460598 1.7081563957653534 28
      vertex 2.08173640304233 1.7969066609727897 28
    endloop
  endfacet
  facet normal 0 0 1
    outer loop
      vertex 2.2247967345311057 -1.616409443804301 28
      vertex 2.2247967345311057 1.616409443804301 28
      vertex 2.1551570076460598 1.7081563957653534 28
    endloop
  endfacet
  facet normal 0 0 1
    outer loop
      vertex 2.3522517154413936 -1.4245742757761073 28
      vertex 2.352251715441393 1.424574275776108 28
      vertex 2.2905334119527736 1.5218267604191964 28
    endloop
  endfacet
  facet normal 0 0 1
    outer loop
      vertex 2.4098433701206243 -1.3248226037797173 28
      vertex 2.4098433701206248 1.324822603779717 28
      vertex 2.352251715441393 1.424574275776108 28
    endloop
  endfacet
  facet normal 0 0 1
    outer loop
      vertex 2.290533411952773 -1.5218267604191968 28
      vertex 2.2905334119527736 1.5218267604191964 28
      vertex 2.2247967345311057 1.616409443804301 28
    endloop
  endfacet
  facet normal 0 0 1
    outer loop
      vertex 2.7475877827718604 -0.11515804775529788 28
      vertex 2.75 0 28
      vertex 2.7475877827718604 0.11515804775529896 28
    endloop
  endfacet
  facet normal 0 0 1
    outer loop
      vertex 2.7475877827718604 -0.11515804775529788 28
      vertex 2.7475877827718604 0.11515804775529896 28
      vertex 2.7403553629361372 0.23011406916386756 28
    endloop
  endfacet
  facet normal 0 0 1
    outer loop
      vertex 2.7403553629361372 -0.23011406916386815 28
      vertex 2.7403553629361372 0.23011406916386756 28
      vertex 2.728315428614814 0.3446663923018367 28
    endloop
  endfacet
  facet normal 0 0 1
    outer loop
      vertex 2.728315428614814 -0.34466639230183616 28
      vertex 2.728315428614814 0.3446663923018367 28
      vertex 2.7114891019438887 0.4586140534692812 28
    endloop
  endfacet
  facet normal 0 0 1
    outer loop
      vertex 2.5970350181530732 -0.9043832785311035 28
      vertex 2.5970350181530732 0.9043832785311039 28
      vertex 2.5568853361926913 1.0123425198828644 28
    endloop
  endfacet
  facet normal 0 0 1
    outer loop
      vertex 2.632628618213185 -0.7948374415972974 28
      vertex 2.632628618213185 0.794837441597297 28
      vertex 2.5970350181530732 0.9043832785311039 28
    endloop
  endfacet
  facet normal 0 0 1
    outer loop
      vertex 2.663603693103736 -0.6838971897033497 28
      vertex 2.6636036931037355 0.6838971897033507 28
      vertex 2.632628618213185 0.794837441597297 28
    endloop
  endfacet
  facet normal 0 0 1
    outer loop
      vertex 2.7114891019438883 -0.45861405346928236 28
      vertex 2.7114891019438887 0.4586140534692812 28
      vertex 2.6899059020179656 0.5717571497488382 28
    endloop
  endfacet
  facet normal 0 0 1
    outer loop
      vertex 2.6899059020179656 -0.5717571497488382 28
      vertex 2.6899059020179656 0.5717571497488382 28
      vertex 2.6636036931037355 0.6838971897033507 28
    endloop
  endfacet
  facet normal 0 0 1
    outer loop
      vertex 2.4632073406583856 -1.2227467427585497 28
      vertex 2.4632073406583856 1.2227467427585506 28
      vertex 2.4098433701206248 1.324822603779717 28
    endloop
  endfacet
  facet normal 0 0 1
    outer loop
      vertex 2.512250008517152 -1.1185257684584506 28
      vertex 2.512250008517152 1.1185257684584506 28
      vertex 2.4632073406583856 1.2227467427585506 28
    endloop
  endfacet
  facet normal 0 0 1
    outer loop
      vertex 2.556885336192691 -1.0123425198828655 28
      vertex 2.5568853361926913 1.0123425198828644 28
      vertex 2.512250008517152 1.1185257684584506 28
    endloop
  endfacet
  facet normal 0.7431448254773969 0.6691306063588551 0
    outer loop
      vertex 2.0046637254088817 1.882504541303894 0
      vertex 2.0046637254088817 1.882504541303894 28
      vertex 2.08173640304233 1.7969066609727897 28
    endloop
  endfacet
  facet normal 0.7144726796328028 0.6996633405133661 0
    outer loop
      vertex 1.924074186411755 1.9647998689902093 0
      vertex 1.924074186411755 1.9647998689902093 28
      vertex 2.0046637254088817 1.882504541303894 28
    endloop
  endfacet
  facet normal 0.6845471059286877 0.7289686274214124 0
    outer loop
      vertex 1.924074186411755 1.9647998689902093 0
      vertex 1.8401091674868602 2.043648270062834 28
      vertex 1.924074186411755 1.9647998689902093 28
    endloop
  endfacet
  facet normal 0.5180270093731301 0.8553642601605068 0
    outer loop
      vertex 1.4735236861922407 2.3219017951305414 0
      vertex 1.375 2.381569860407206 28
      vertex 1.4735236861922407 2.3219017951305414 28
    endloop
  endfacet
  facet normal 0.5533915492433441 0.8329212407100995 0
    outer loop
      vertex 1.5694623111321868 2.2581603251176863 0
      vertex 1.4735236861922407 2.3219017951305414 28
      vertex 1.5694623111321868 2.2581603251176863 28
    endloop
  endfacet
  facet normal 0.5877852522924744 0.8090169943749466 0
    outer loop
      vertex 1.6626475658715307 2.1904572745665396 0
      vertex 1.5694623111321868 2.2581603251176863 28
      vertex 1.6626475658715307 2.1904572745665396 28
    endloop
  endfacet
  facet normal 0.6211477802783107 0.7836934573258396 0
    outer loop
      vertex 1.7529159718088967 2.11891141763342 0
      vertex 1.6626475658715307 2.1904572745665396 28
      vertex 1.7529159718088967 2.11891141763342 28
    endloop
  endfacet
  facet normal 0.653420603990104 0.7569950556517574 0
    outer loop
      vertex 1.8401091674868602 2.043648270062834 0
      vertex 1.7529159718088967 2.11891141763342 28
      vertex 1.8401091674868602 2.043648270062834 28
    endloop
  endfacet
  facet normal 0.7965299180241964 0.6045991148623749 0
    outer loop
      vertex 2.1551570076460598 1.7081563957653534 0
      vertex 2.1551570076460598 1.7081563957653534 28
      vertex 2.2247967345311057 1.616409443804301 28
    endloop
  endfacet
  facet normal 0.8443279255020164 0.5358267949789947 0
    outer loop
      vertex 2.2905334119527736 1.5218267604191964 0
      vertex 2.2905334119527736 1.5218267604191964 28
      vertex 2.352251715441393 1.424574275776108 28
    endloop
  endfacet
  facet normal 0.8660254037844382 0.5000000000000008 0
    outer loop
      vertex 2.352251715441393 1.424574275776108 0
      vertex 2.352251715441393 1.424574275776108 28
      vertex 2.4098433701206248 1.324822603779717 28
    endloop
  endfacet
  facet normal 0.8211492091337045 0.5707135676844309 0
    outer loop
      vertex 2.2247967345311057 1.616409443804301 0
      vertex 2.2247967345311057 1.616409443804301 28
      vertex 2.2905334119527736 1.5218267604191964 28
    endloop
  endfacet
  facet normal 0.7705132427757866 0.637423989748693 0
    outer loop
      vertex 2.08173640304233 1.7969066609727897 0
      vertex 2.08173640304233 1.7969066609727897 28
      vertex 2.1551570076460598 1.7081563957653534 28
    endloop
  endfacet
  facet normal 0 0 1
    outer loop
      vertex 1.5694623111321868 2.2581603251176863 28
      vertex 1.4943856862138936 1.4033215671538117 28
      vertex 1.5518398640861004 1.339512238179716 28
    endloop
  endfacet
  facet normal 0 0 1
    outer loop
      vertex 1.6626475658715307 2.1904572745665396 28
      vertex 1.6584848384686421 1.2049597671995698 28
      vertex 1.7074885434557037 1.1344526759488553 28
    endloop
  endfacet
  facet normal 0 0 1
    outer loop
      vertex 1.5694623111321868 2.2581603251176863 28
      vertex 1.5518398640861004 1.339512238179716 28
      vertex 1.6065715875179716 1.273352949570536 28
    endloop
  endfacet
  facet normal 0 0 1
    outer loop
      vertex 1.6626475658715307 2.1904572745665396 28
      vertex 1.6065715875179716 1.273352949570536 28
      vertex 1.6584848384686421 1.2049597671995698 28
    endloop
  endfacet
  facet normal 0 0 1
    outer loop
      vertex 1.375 2.381569860407206 28
      vertex 1.3717177430356593 1.5234468922286581 28
      vertex 1.434309848052399 1.4646689932472468 28
    endloop
  endfacet
  facet normal 0 0 1
    outer loop
      vertex 1.4735236861922407 2.3219017951305414 28
      vertex 1.434309848052399 1.4646689932472468 28
      vertex 1.4943856862138936 1.4033215671538117 28
    endloop
  endfacet
  facet normal 0 0 1
    outer loop
      vertex 1.375 2.381569860407206 28
      vertex 1.434309848052399 1.4646689932472468 28
      vertex 1.4735236861922407 2.3219017951305414 28
    endloop
  endfacet
  facet normal 0 0 1
    outer loop
      vertex 1.4735236861922407 2.3219017951305414 28
      vertex 1.4943856862138936 1.4033215671538117 28
      vertex 1.5694623111321868 2.2581603251176863 28
    endloop
  endfacet
  facet normal 0 0 1
    outer loop
      vertex 1.6626475658715307 2.1904572745665396 28
      vertex 1.7074885434557037 1.1344526759488553 28
      vertex 1.7529159718088967 2.11891141763342 28
    endloop
  endfacet
  facet normal 0 0 1
    outer loop
      vertex 1.6626475658715307 2.1904572745665396 28
      vertex 1.5694623111321868 2.2581603251176863 28
      vertex 1.6065715875179716 1.273352949570536 28
    endloop
  endfacet
  facet normal 0 0 1
    outer loop
      vertex 1.7529159718088967 2.11891141763342 28
      vertex 1.7074885434557037 1.1344526759488553 28
      vertex 1.7534967333290383 1.0619553692149168 28
    endloop
  endfacet
  facet normal 0 0 1
    outer loop
      vertex 1.7529159718088967 2.11891141763342 28
      vertex 1.7534967333290383 1.0619553692149168 28
      vertex 1.7964286940899201 0.9875950319085163 28
    endloop
  endfacet
  facet normal 0 0 1
    outer loop
      vertex 1.8401091674868602 2.043648270062834 28
      vertex 1.7529159718088967 2.11891141763342 28
      vertex 1.7964286940899201 0.9875950319085163 28
    endloop
  endfacet
  facet normal 0 0 1
    outer loop
      vertex 1.8401091674868602 2.043648270062834 28
      vertex 1.8727681881673317 0.8338101183053903 28
      vertex 1.924074186411755 1.9647998689902093 28
    endloop
  endfacet
  facet normal 0 0 1
    outer loop
      vertex 2.0046637254088817 1.882504541303894 28
      vertex 1.924074186411755 1.9647998689902093 28
      vertex 1.9625049699407378 0.5925151837361667 28
    endloop
  endfacet
  facet normal 0.7144726796328039 0.6996633405133649 0
    outer loop
      vertex -1.434309848052399 -1.4646689932472468 0
      vertex -1.4943856862138938 -1.4033215671538113 0
      vertex -1.4943856862138938 -1.4033215671538113 28
    endloop
  endfacet
  facet normal 0.6845471059286896 0.7289686274214108 0
    outer loop
      vertex -1.3717177430356593 -1.5234468922286581 0
      vertex -1.434309848052399 -1.4646689932472468 0
      vertex -1.3717177430356593 -1.5234468922286581 28
    endloop
  endfacet
  facet normal 0.844327925502016 0.5358267949789952 0
    outer loop
      vertex -1.7074885434557039 -1.1344526759488551 0
      vertex -1.7534967333290385 -1.0619553692149164 0
      vertex -1.7534967333290385 -1.0619553692149164 28
    endloop
  endfacet
  facet normal 0.9218631515885006 0.38751558645210277 0
    outer loop
      vertex -1.8727681881673317 -0.8338101183053903 0
      vertex -1.9060417960709153 -0.7546553330035896 0
      vertex -1.9060417960709153 -0.7546553330035896 28
    endloop
  endfacet
  facet normal 0.9372819894918918 0.3485720473218142 0
    outer loop
      vertex -1.9060417960709153 -0.7546553330035896 0
      vertex -1.935971558986836 -0.6741766258140952 0
      vertex -1.935971558986836 -0.6741766258140952 28
    endloop
  endfacet
  facet normal 0.9048270524660195 0.42577929156507277 0
    outer loop
      vertex -1.836209108490796 -0.9115021173291015 0
      vertex -1.8727681881673317 -0.8338101183053903 0
      vertex -1.8727681881673317 -0.8338101183053903 28
    endloop
  endfacet
  facet normal 0.886203579231214 0.46329603511986334 0
    outer loop
      vertex -1.79642869408992 -0.9875950319085165 0
      vertex -1.836209108490796 -0.9115021173291015 0
      vertex -1.836209108490796 -0.9115021173291015 28
    endloop
  endfacet
  facet normal 0.8660254037844386 0.4999999999999999 0
    outer loop
      vertex -1.7534967333290385 -1.0619553692149164 0
      vertex -1.79642869408992 -0.9875950319085165 0
      vertex -1.79642869408992 -0.9875950319085165 28
    endloop
  endfacet
  facet normal 0.7965299180241961 0.604599114862375 0
    outer loop
      vertex -1.6065715875179714 -1.2733529495705362 0
      vertex -1.6584848384686421 -1.2049597671995698 0
      vertex -1.6584848384686421 -1.2049597671995698 28
    endloop
  endfacet
  facet normal 0.7705132427757891 0.63742398974869 0
    outer loop
      vertex -1.5518398640861002 -1.3395122381797164 0
      vertex -1.6065715875179714 -1.2733529495705362 0
      vertex -1.6065715875179714 -1.2733529495705362 28
    endloop
  endfacet
  facet normal 0.8211492091337041 0.5707135676844314 0
    outer loop
      vertex -1.6584848384686421 -1.2049597671995698 0
      vertex -1.7074885434557039 -1.1344526759488551 0
      vertex -1.7074885434557039 -1.1344526759488551 28
    endloop
  endfacet
  facet normal 0.7431448254773939 0.6691306063588587 0
    outer loop
      vertex -1.4943856862138938 -1.4033215671538113 0
      vertex -1.5518398640861002 -1.3395122381797164 0
      vertex -1.5518398640861002 -1.3395122381797164 28
    endloop
  endfacet
  facet normal 0.9631625667976589 0.2689198206152633 0
    outer loop
      vertex -1.9625049699407378 -0.5925151837361671 0
      vertex -1.9855954803136935 -0.5098142686879524 0
      vertex -1.9855954803136935 -0.5098142686879524 28
    endloop
  endfacet
  facet normal 0.9510565162951529 0.3090169943749499 0
    outer loop
      vertex -1.935971558986836 -0.6741766258140952 0
      vertex -1.9625049699407378 -0.5925151837361671 0
      vertex -1.9625049699407378 -0.5925151837361671 28
    endloop
  endfacet
  facet normal 0.9735789028731601 0.22835087011065597 0
    outer loop
      vertex -1.9855954803136935 -0.5098142686879524 0
      vertex -2.0052025815043013 -0.4262189661764066 0
      vertex -2.0052025815043013 -0.4262189661764066 28
    endloop
  endfacet
  facet normal 0.9822872507286887 0.18738131458572432 0
    outer loop
      vertex -2.0052025815043013 -0.4262189661764066 0
      vertex -2.021291875994535 -0.34187593076800943 0
      vertex -2.021291875994535 -0.34187593076800943 28
    endloop
  endfacet
  facet normal 0.989272332962988 0.1460830285624134 0
    outer loop
      vertex -2.021291875994535 -0.34187593076800943 0
      vertex -2.0338351376946795 -0.2569331288068233 0
      vertex -2.0338351376946795 -0.2569331288068233 28
    endloop
  endfacet
  facet normal 0.9945218953682735 0.1045284632676523 0
    outer loop
      vertex -2.0338351376946795 -0.2569331288068233 0
      vertex -2.0428103614614836 -0.17153957883124715 0
      vertex -2.0428103614614836 -0.17153957883124715 28
    endloop
  endfacet
  facet normal 0.9980267284282714 0.06279051952931507 0
    outer loop
      vertex -2.0428103614614836 -0.17153957883124715 0
      vertex -2.0482018017026595 -0.08584509014485943 0
      vertex -2.0482018017026595 -0.08584509014485943 28
    endloop
  endfacet
  facet normal 0.9997806834748456 0.020942419883355868 0
    outer loop
      vertex -2.05 0 28
      vertex -2.0482018017026595 -0.08584509014485943 0
      vertex -2.05 0 0
    endloop
  endfacet
  facet normal 0.5180270093731301 0.8553642601605068 0
    outer loop
      vertex -1.025 -1.775352077758099 0
      vertex -1.0984449297069432 -1.7308722472791305 0
      vertex -1.025 -1.775352077758099 28
    endloop
  endfacet
  facet normal 0.6534206039901047 0.7569950556517571 0
    outer loop
      vertex -1.3067191789848136 -1.579552147690368 0
      vertex -1.3717177430356593 -1.5234468922286581 0
      vertex -1.3067191789848136 -1.579552147690368 28
    endloop
  endfacet
  facet normal 0.6211477802783092 0.7836934573258407 0
    outer loop
      vertex -1.2394281854678681 -1.6328863319496023 0
      vertex -1.3067191789848136 -1.579552147690368 0
      vertex -1.2394281854678681 -1.6328863319496023 28
    endloop
  endfacet
  facet normal 0.5877852522924739 0.809016994374947 0
    outer loop
      vertex -1.169962813753085 -1.683355878724093 0
      vertex -1.2394281854678681 -1.6328863319496023 0
      vertex -1.169962813753085 -1.683355878724093 28
    endloop
  endfacet
  facet normal 0.5533915492433429 0.8329212407101002 0
    outer loop
      vertex -1.0984449297069432 -1.7308722472791305 0
      vertex -1.169962813753085 -1.683355878724093 0
      vertex -1.0984449297069432 -1.7308722472791305 28
    endloop
  endfacet
  facet normal 0.48175367410171577 0.8763066800438633 0
    outer loop
      vertex -0.9497568719957162 -1.81671733742399 0
      vertex -1.025 -1.775352077758099 0
      vertex -0.9497568719957162 -1.81671733742399 28
    endloop
  endfacet
  facet normal 0.44463517918492806 0.8957117602394126 0
    outer loop
      vertex -0.8728475477083985 -1.85489545755534 0
      vertex -0.9497568719957162 -1.81671733742399 0
      vertex -0.8728475477083985 -1.85489545755534 28
    endloop
  endfacet
  facet normal 0.368124552684679 0.929776485888251 0
    outer loop
      vertex -0.7145726970097213 -1.9214280784583773 0
      vertex -0.7944069522268113 -1.8898194607564256 0
      vertex -0.7145726970097213 -1.9214280784583773 28
    endloop
  endfacet
  facet normal 0.40673664307579865 0.9135454576426014 0
    outer loop
      vertex -0.7944069522268113 -1.8898194607564256 0
      vertex -0.8728475477083985 -1.85489545755534 0
      vertex -0.7944069522268113 -1.8898194607564256 28
    endloop
  endfacet
  facet normal 0.32886664673858323 0.944376370237481 0
    outer loop
      vertex -0.6334848384686421 -1.9496658584050646 0
      vertex -0.7145726970097213 -1.9214280784583773 0
      vertex -0.6334848384686421 -1.9496658584050646 28
    endloop
  endfacet
  facet normal 0.2890317969444723 0.9573194975320671 0
    outer loop
      vertex -0.5512856322612945 -1.974483261935199 0
      vertex -0.6334848384686421 -1.9496658584050646 0
      vertex -0.5512856322612945 -1.974483261935199 28
    endloop
  endfacet
  facet normal 0.2486898871648538 0.9685831611286313 0
    outer loop
      vertex -0.4681192837268438 -1.9958367508899784 0
      vertex -0.5512856322612945 -1.974483261935199 0
      vertex -0.4681192837268438 -1.9958367508899784 28
    endloop
  endfacet
  facet normal 0.20791169081775782 0.9781476007338059 0
    outer loop
      vertex -0.38413169490073584 -2.0136888639938113 0
      vertex -0.4681192837268438 -1.9958367508899784 0
      vertex -0.38413169490073584 -2.0136888639938113 28
    endloop
  endfacet
  facet normal 0.16676874671610123 0.9859960370705052 0
    outer loop
      vertex -0.29947020855294293 -2.0280082825741257 0
      vertex -0.38413169490073584 -2.0136888639938113 0
      vertex -0.29947020855294293 -2.0280082825741257 28
    endloop
  endfacet
  facet normal 0.12533323356430423 0.9921147013144779 0
    outer loop
      vertex -0.2142833496986896 -2.03876988550496 0
      vertex -0.29947020855294293 -2.0280082825741257 0
      vertex -0.2142833496986896 -2.03876988550496 28
    endloop
  endfacet
  facet normal 0.08367784333232195 0.9964928592495038 0
    outer loop
      vertex -0.12872056503509322 -2.0459547932779567 0
      vertex -0.2142833496986896 -2.03876988550496 0
      vertex -0.12872056503509322 -2.0459547932779567 28
    endloop
  endfacet
  facet normal 0.0418756537291975 0.9991228300988586 1.3490783353527002e-19
    outer loop
      vertex -0.042931960760881266 -2.049550401123433 0
      vertex -0.12872056503509322 -2.0459547932779567 0
      vertex -0.042931960760881356 -2.049550401123433 28
    endloop
  endfacet
  facet normal 0.7431448254773939 0.6691306063588587 0
    outer loop
      vertex -1.4943856862138938 -1.4033215671538113 0
      vertex -1.5518398640861002 -1.3395122381797164 28
      vertex -1.4943856862138938 -1.4033215671538113 28
    endloop
  endfacet
  facet normal 0.6845471059286896 0.7289686274214108 0
    outer loop
      vertex -1.434309848052399 -1.4646689932472468 28
      vertex -1.3717177430356593 -1.5234468922286581 28
      vertex -1.434309848052399 -1.4646689932472468 0
    endloop
  endfacet
  facet normal 0.7144726796328039 0.6996633405133649 0
    outer loop
      vertex -1.4943856862138938 -1.4033215671538113 28
      vertex -1.434309848052399 -1.4646689932472468 28
      vertex -1.434309848052399 -1.4646689932472468 0
    endloop
  endfacet
  facet normal 0.8660254037844386 0.4999999999999999 0
    outer loop
      vertex -1.79642869408992 -0.9875950319085165 28
      vertex -1.7534967333290385 -1.0619553692149164 28
      vertex -1.7534967333290385 -1.0619553692149164 0
    endloop
  endfacet
  facet normal 0.844327925502016 0.5358267949789952 0
    outer loop
      vertex -1.7534967333290385 -1.0619553692149164 28
      vertex -1.7074885434557039 -1.1344526759488551 28
      vertex -1.7074885434557039 -1.1344526759488551 0
    endloop
  endfacet
  facet normal 0.9372819894918918 0.3485720473218142 0
    outer loop
      vertex -1.935971558986836 -0.6741766258140952 28
      vertex -1.9060417960709153 -0.7546553330035896 28
      vertex -1.9060417960709153 -0.7546553330035896 0
    endloop
  endfacet
  facet normal 0.886203579231214 0.46329603511986334 0
    outer loop
      vertex -1.79642869408992 -0.9875950319085165 0
      vertex -1.836209108490796 -0.9115021173291015 28
      vertex -1.79642869408992 -0.9875950319085165 28
    endloop
  endfacet
  facet normal 0.9048270524660195 0.42577929156507277 0
    outer loop
      vertex -1.8727681881673317 -0.8338101183053903 28
      vertex -1.836209108490796 -0.9115021173291015 28
      vertex -1.836209108490796 -0.9115021173291015 0
    endloop
  endfacet
  facet normal 0.9218631515885006 0.38751558645210277 0
    outer loop
      vertex -1.8727681881673317 -0.8338101183053903 0
      vertex -1.9060417960709153 -0.7546553330035896 28
      vertex -1.8727681881673317 -0.8338101183053903 28
    endloop
  endfacet
  facet normal 0.7705132427757891 0.63742398974869 0
    outer loop
      vertex -1.6065715875179714 -1.2733529495705362 28
      vertex -1.5518398640861002 -1.3395122381797164 28
      vertex -1.5518398640861002 -1.3395122381797164 0
    endloop
  endfacet
  facet normal 0.7965299180241961 0.604599114862375 0
    outer loop
      vertex -1.6065715875179714 -1.2733529495705362 0
      vertex -1.6584848384686421 -1.2049597671995698 28
      vertex -1.6065715875179714 -1.2733529495705362 28
    endloop
  endfacet
  facet normal 0.8211492091337041 0.5707135676844314 0
    outer loop
      vertex -1.7074885434557039 -1.1344526759488551 28
      vertex -1.6584848384686421 -1.2049597671995698 28
      vertex -1.6584848384686421 -1.2049597671995698 0
    endloop
  endfacet
  facet normal 0.9510565162951529 0.3090169943749499 0
    outer loop
      vertex -1.9625049699407378 -0.5925151837361671 28
      vertex -1.935971558986836 -0.6741766258140952 28
      vertex -1.935971558986836 -0.6741766258140952 0
    endloop
  endfacet
  facet normal 0.9631625667976589 0.2689198206152633 0
    outer loop
      vertex -1.9625049699407378 -0.5925151837361671 0
      vertex -1.9855954803136935 -0.5098142686879524 28
      vertex -1.9625049699407378 -0.5925151837361671 28
    endloop
  endfacet
  facet normal 0.9735789028731601 0.22835087011065597 0
    outer loop
      vertex -2.0052025815043013 -0.4262189661764066 28
      vertex -1.9855954803136935 -0.5098142686879524 28
      vertex -1.9855954803136935 -0.5098142686879524 0
    endloop
  endfacet
  facet normal 0.9822872507286887 0.18738131458572432 0
    outer loop
      vertex -2.0052025815043013 -0.4262189661764066 0
      vertex -2.021291875994535 -0.34187593076800943 28
      vertex -2.0052025815043013 -0.4262189661764066 28
    endloop
  endfacet
  facet normal 0.989272332962988 0.1460830285624134 0
    outer loop
      vertex -2.021291875994535 -0.34187593076800943 0
      vertex -2.0338351376946795 -0.2569331288068233 28
      vertex -2.021291875994535 -0.34187593076800943 28
    endloop
  endfacet
  facet normal 0.9945218953682735 0.1045284632676523 0
    outer loop
      vertex -2.0428103614614836 -0.17153957883124715 28
      vertex -2.0338351376946795 -0.2569331288068233 28
      vertex -2.0338351376946795 -0.2569331288068233 0
    endloop
  endfacet
  facet normal 0.9980267284282714 0.06279051952931507 0
    outer loop
      vertex -2.0428103614614836 -0.17153957883124715 0
      vertex -2.0482018017026595 -0.08584509014485943 28
      vertex -2.0428103614614836 -0.17153957883124715 28
    endloop
  endfacet
  facet normal 0.9997806834748456 0.020942419883355868 0
    outer loop
      vertex -2.05 0 28
      vertex -2.0482018017026595 -0.08584509014485943 28
      vertex -2.0482018017026595 -0.08584509014485943 0
    endloop
  endfacet
  facet normal 0.5180270093731301 0.8553642601605068 0
    outer loop
      vertex -1.0984449297069432 -1.7308722472791305 28
      vertex -1.025 -1.775352077758099 28
      vertex -1.0984449297069432 -1.7308722472791305 0
    endloop
  endfacet
  facet normal 0.5877852522924739 0.809016994374947 0
    outer loop
      vertex -1.2394281854678681 -1.6328863319496023 28
      vertex -1.169962813753085 -1.683355878724093 28
      vertex -1.2394281854678681 -1.6328863319496023 0
    endloop
  endfacet
  facet normal 0.6211477802783092 0.7836934573258407 0
    outer loop
      vertex -1.3067191789848136 -1.579552147690368 28
      vertex -1.2394281854678681 -1.6328863319496023 28
      vertex -1.3067191789848136 -1.579552147690368 0
    endloop
  endfacet
  facet normal 0.6534206039901047 0.7569950556517571 0
    outer loop
      vertex -1.3717177430356593 -1.5234468922286581 28
      vertex -1.3067191789848136 -1.579552147690368 28
      vertex -1.3717177430356593 -1.5234468922286581 0
    endloop
  endfacet
  facet normal 0.5533915492433429 0.8329212407101002 0
    outer loop
      vertex -1.169962813753085 -1.683355878724093 28
      vertex -1.0984449297069432 -1.7308722472791305 28
      vertex -1.169962813753085 -1.683355878724093 0
    endloop
  endfacet
  facet normal 0.48175367410171577 0.8763066800438633 0
    outer loop
      vertex -1.025 -1.775352077758099 28
      vertex -0.9497568719957162 -1.81671733742399 28
      vertex -1.025 -1.775352077758099 0
    endloop
  endfacet
  facet normal 0.44463517918492806 0.8957117602394126 0
    outer loop
      vertex -0.9497568719957162 -1.81671733742399 28
      vertex -0.8728475477083985 -1.85489545755534 28
      vertex -0.9497568719957162 -1.81671733742399 0
    endloop
  endfacet
  facet normal 0.368124552684679 0.929776485888251 0
    outer loop
      vertex -0.7944069522268113 -1.8898194607564256 28
      vertex -0.7145726970097213 -1.9214280784583773 28
      vertex -0.7944069522268113 -1.8898194607564256 0
    endloop
  endfacet
  facet normal 0.32886664673858323 0.944376370237481 0
    outer loop
      vertex -0.7145726970097213 -1.9214280784583773 28
      vertex -0.6334848384686421 -1.9496658584050646 28
      vertex -0.7145726970097213 -1.9214280784583773 0
    endloop
  endfacet
  facet normal 0.40673664307579865 0.9135454576426014 0
    outer loop
      vertex -0.8728475477083985 -1.85489545755534 28
      vertex -0.7944069522268113 -1.8898194607564256 28
      vertex -0.8728475477083985 -1.85489545755534 0
    endloop
  endfacet
  facet normal 0.2890317969444723 0.9573194975320671 0
    outer loop
      vertex -0.6334848384686421 -1.9496658584050646 28
      vertex -0.5512856322612945 -1.974483261935199 28
      vertex -0.6334848384686421 -1.9496658584050646 0
    endloop
  endfacet
  facet normal 0.2486898871648538 0.9685831611286313 0
    outer loop
      vertex -0.5512856322612945 -1.974483261935199 28
      vertex -0.4681192837268438 -1.9958367508899784 28
      vertex -0.5512856322612945 -1.974483261935199 0
    endloop
  endfacet
  facet normal 0.20791169081775782 0.9781476007338059 0
    outer loop
      vertex -0.4681192837268438 -1.9958367508899784 28
      vertex -0.38413169490073584 -2.0136888639938113 28
      vertex -0.4681192837268438 -1.9958367508899784 0
    endloop
  endfacet
  facet normal 0.16676874671610123 0.9859960370705052 0
    outer loop
      vertex -0.38413169490073584 -2.0136888639938113 28
      vertex -0.29947020855294293 -2.0280082825741257 28
      vertex -0.38413169490073584 -2.0136888639938113 0
    endloop
  endfacet
  facet normal 0.12533323356430423 0.9921147013144779 0
    outer loop
      vertex -0.29947020855294293 -2.0280082825741257 28
      vertex -0.2142833496986896 -2.03876988550496 28
      vertex -0.29947020855294293 -2.0280082825741257 0
    endloop
  endfacet
  facet normal 0.08367784333232195 0.9964928592495038 0
    outer loop
      vertex -0.2142833496986896 -2.03876988550496 28
      vertex -0.12872056503509322 -2.0459547932779567 28
      vertex -0.2142833496986896 -2.03876988550496 0
    endloop
  endfacet
  facet normal 0.041875653729197534 0.9991228300988586 0
    outer loop
      vertex -0.12872056503509322 -2.0459547932779567 28
      vertex -0.042931960760881356 -2.049550401123433 28
      vertex -0.12872056503509322 -2.0459547932779567 0
    endloop
  endfacet
  facet normal 0 1 0
    outer loop
      vertex -0.042931960760881356 -2.049550401123433 28
      vertex 0.042931960760881266 -2.049550401123433 28
      vertex -0.042931960760881266 -2.049550401123433 0
    endloop
  endfacet
  facet normal 0.9997806834748456 -0.020942419883355868 0
    outer loop
      vertex -2.0482018017026595 0.08584509014485943 28
      vertex -2.05 0 0
      vertex -2.0482018017026595 0.08584509014485943 0
    endloop
  endfacet
  facet normal 0.9980267284282714 -0.06279051952931507 0
    outer loop
      vertex -2.0482018017026595 0.08584509014485943 0
      vertex -2.0428103614614836 0.17153957883124715 0
      vertex -2.0428103614614836 0.17153957883124715 28
    endloop
  endfacet
  facet normal 0.9945218953682735 -0.1045284632676523 0
    outer loop
      vertex -2.0428103614614836 0.17153957883124715 0
      vertex -2.0338351376946795 0.2569331288068233 0
      vertex -2.0338351376946795 0.2569331288068233 28
    endloop
  endfacet
  facet normal 0.989272332962988 -0.1460830285624134 0
    outer loop
      vertex -2.0338351376946795 0.2569331288068233 0
      vertex -2.021291875994535 0.34187593076800943 0
      vertex -2.021291875994535 0.34187593076800943 28
    endloop
  endfacet
  facet normal 0.9822872507286887 -0.18738131458572432 0
    outer loop
      vertex -2.021291875994535 0.34187593076800943 0
      vertex -2.0052025815043013 0.4262189661764066 0
      vertex -2.0052025815043013 0.4262189661764066 28
    endloop
  endfacet
  facet normal 0.9735789028731601 -0.22835087011065597 0
    outer loop
      vertex -2.0052025815043013 0.4262189661764066 0
      vertex -1.9855954803136935 0.5098142686879524 0
      vertex -1.9855954803136935 0.5098142686879524 28
    endloop
  endfacet
  facet normal 0.9631625667976589 -0.2689198206152633 0
    outer loop
      vertex -1.9855954803136935 0.5098142686879524 0
      vertex -1.9625049699407378 0.5925151837361671 0
      vertex -1.9625049699407378 0.5925151837361671 28
    endloop
  endfacet
  facet normal 0.9510565162951529 -0.3090169943749499 0
    outer loop
      vertex -1.9625049699407378 0.5925151837361671 0
      vertex -1.935971558986836 0.6741766258140952 0
      vertex -1.935971558986836 0.6741766258140952 28
    endloop
  endfacet
  facet normal 0.9372819894918918 -0.3485720473218142 0
    outer loop
      vertex -1.935971558986836 0.6741766258140952 0
      vertex -1.9060417960709153 0.7546553330035896 0
      vertex -1.9060417960709153 0.7546553330035896 28
    endloop
  endfacet
  facet normal 0.9218631515885006 -0.38751558645210277 0
    outer loop
      vertex -1.9060417960709153 0.7546553330035896 0
      vertex -1.8727681881673317 0.8338101183053903 0
      vertex -1.8727681881673317 0.8338101183053903 28
    endloop
  endfacet
  facet normal 0.9048270524660195 -0.42577929156507277 0
    outer loop
      vertex -1.8727681881673317 0.8338101183053903 0
      vertex -1.836209108490796 0.9115021173291015 0
      vertex -1.836209108490796 0.9115021173291015 28
    endloop
  endfacet
  facet normal 0.886203579231214 -0.46329603511986334 0
    outer loop
      vertex -1.836209108490796 0.9115021173291015 0
      vertex -1.79642869408992 0.9875950319085165 0
      vertex -1.79642869408992 0.9875950319085165 28
    endloop
  endfacet
  facet normal 0.8660254037844386 -0.4999999999999999 0
    outer loop
      vertex -1.79642869408992 0.9875950319085165 0
      vertex -1.7534967333290385 1.0619553692149164 0
      vertex -1.7534967333290385 1.0619553692149164 28
    endloop
  endfacet
  facet normal 0.844327925502016 -0.5358267949789952 0
    outer loop
      vertex -1.7534967333290385 1.0619553692149164 0
      vertex -1.7074885434557039 1.1344526759488551 0
      vertex -1.7074885434557039 1.1344526759488551 28
    endloop
  endfacet
  facet normal 0.8211492091337041 -0.5707135676844314 0
    outer loop
      vertex -1.7074885434557039 1.1344526759488551 0
      vertex -1.6584848384686421 1.2049597671995698 0
      vertex -1.6584848384686421 1.2049597671995698 28
    endloop
  endfacet
  facet normal 0.7965299180241961 -0.604599114862375 0
    outer loop
      vertex -1.6584848384686421 1.2049597671995698 0
      vertex -1.6065715875179714 1.2733529495705362 0
      vertex -1.6065715875179714 1.2733529495705362 28
    endloop
  endfacet
  facet normal 0.7705132427757891 -0.63742398974869 0
    outer loop
      vertex -1.6065715875179714 1.2733529495705362 0
      vertex -1.5518398640861002 1.3395122381797164 0
      vertex -1.5518398640861002 1.3395122381797164 28
    endloop
  endfacet
  facet normal 0.7431448254773939 -0.6691306063588587 0
    outer loop
      vertex -1.5518398640861002 1.3395122381797164 0
      vertex -1.4943856862138938 1.4033215671538113 0
      vertex -1.4943856862138938 1.4033215671538113 28
    endloop
  endfacet
  facet normal 0.7144726796328039 -0.6996633405133649 0
    outer loop
      vertex -1.4943856862138938 1.4033215671538113 0
      vertex -1.434309848052399 1.4646689932472468 0
      vertex -1.434309848052399 1.4646689932472468 28
    endloop
  endfacet
  facet normal 0.6845471059286896 -0.7289686274214108 0
    outer loop
      vertex -1.434309848052399 1.4646689932472468 0
      vertex -1.3717177430356593 1.5234468922286581 0
      vertex -1.434309848052399 1.4646689932472468 28
    endloop
  endfacet
  facet normal 0.6534206039901047 -0.7569950556517571 0
    outer loop
      vertex -1.3717177430356593 1.5234468922286581 0
      vertex -1.3067191789848136 1.579552147690368 0
      vertex -1.3717177430356593 1.5234468922286581 28
    endloop
  endfacet
  facet normal 0.621147780278309 -0.783693457325841 0
    outer loop
      vertex -1.3067191789848136 1.579552147690368 0
      vertex -1.2394281854678684 1.632886331949602 0
      vertex -1.3067191789848136 1.579552147690368 28
    endloop
  endfacet
  facet normal 0.5877852522924735 -0.8090169943749471 0
    outer loop
      vertex -1.2394281854678684 1.632886331949602 0
      vertex -1.1699628137530846 1.6833558787240932 0
      vertex -1.2394281854678684 1.632886331949602 28
    endloop
  endfacet
  facet normal 0.5533915492433434 -0.8329212407100999 0
    outer loop
      vertex -1.1699628137530846 1.6833558787240932 0
      vertex -1.0984449297069432 1.7308722472791305 0
      vertex -1.1699628137530846 1.6833558787240932 28
    endloop
  endfacet
  facet normal 0.5180270093731301 -0.8553642601605068 0
    outer loop
      vertex -1.0984449297069432 1.7308722472791305 0
      vertex -1.025 1.775352077758099 0
      vertex -1.0984449297069432 1.7308722472791305 28
    endloop
  endfacet
  facet normal 0.48175367410171577 -0.8763066800438633 0
    outer loop
      vertex -1.025 1.775352077758099 0
      vertex -0.9497568719957162 1.81671733742399 0
      vertex -1.025 1.775352077758099 28
    endloop
  endfacet
  facet normal 0.4446351791849285 -0.8957117602394122 0
    outer loop
      vertex -0.9497568719957162 1.81671733742399 0
      vertex -0.872847547708399 1.8548954575553398 0
      vertex -0.9497568719957162 1.81671733742399 28
    endloop
  endfacet
  facet normal 0.4067366430757987 -0.9135454576426016 0
    outer loop
      vertex -0.872847547708399 1.8548954575553398 0
      vertex -0.7944069522268109 1.8898194607564258 0
      vertex -0.872847547708399 1.8548954575553398 28
    endloop
  endfacet
  facet normal 0.3681245526846785 -0.9297764858882511 0
    outer loop
      vertex -0.7944069522268109 1.8898194607564258 0
      vertex -0.7145726970097213 1.9214280784583773 0
      vertex -0.7944069522268109 1.8898194607564258 28
    endloop
  endfacet
  facet normal 0.32886664673858323 -0.944376370237481 0
    outer loop
      vertex -0.7145726970097213 1.9214280784583773 0
      vertex -0.6334848384686421 1.9496658584050646 0
      vertex -0.7145726970097213 1.9214280784583773 28
    endloop
  endfacet
  facet normal 0.2890317969444723 -0.9573194975320671 0
    outer loop
      vertex -0.6334848384686421 1.9496658584050646 0
      vertex -0.5512856322612945 1.974483261935199 0
      vertex -0.6334848384686421 1.9496658584050646 28
    endloop
  endfacet
  facet normal 0.2486898871648552 -0.9685831611286311 0
    outer loop
      vertex -0.5512856322612945 1.974483261935199 0
      vertex -0.4681192837268443 1.9958367508899784 0
      vertex -0.5512856322612945 1.974483261935199 28
    endloop
  endfacet
  facet normal 0.20791169081776045 -0.9781476007338055 0
    outer loop
      vertex -0.4681192837268443 1.9958367508899784 0
      vertex -0.38413169490073534 2.0136888639938118 0
      vertex -0.4681192837268443 1.9958367508899784 28
    endloop
  endfacet
  facet normal 0.16676874671609918 -0.9859960370705054 0
    outer loop
      vertex -0.38413169490073534 2.0136888639938118 0
      vertex -0.299470208552944 2.0280082825741257 0
      vertex -0.38413169490073534 2.0136888639938118 28
    endloop
  endfacet
  facet normal 0.1253332335643027 -0.9921147013144781 0
    outer loop
      vertex -0.299470208552944 2.0280082825741257 0
      vertex -0.2142833496986896 2.03876988550496 0
      vertex -0.299470208552944 2.0280082825741257 28
    endloop
  endfacet
  facet normal 0.08367784333232098 -0.9964928592495038 0
    outer loop
      vertex -0.2142833496986896 2.03876988550496 0
      vertex -0.12872056503509222 2.0459547932779567 0
      vertex -0.2142833496986896 2.03876988550496 28
    endloop
  endfacet
  facet normal 0.04187565372919826 -0.9991228300988584 0
    outer loop
      vertex -0.12872056503509222 2.0459547932779567 0
      vertex -0.04293196076088186 2.049550401123433 0
      vertex -0.12872056503509222 2.0459547932779567 28
    endloop
  endfacet
  facet normal 0 -1 0
    outer loop
      vertex 0.04293196076088186 2.049550401123433 0
      vertex -0.04293196076088186 2.049550401123433 28
      vertex -0.04293196076088186 2.049550401123433 0
    endloop
  endfacet
  facet normal 0.9997806834748456 -0.020942419883355868 0
    outer loop
      vertex -2.0482018017026595 0.08584509014485943 28
      vertex -2.05 0 28
      vertex -2.05 0 0
    endloop
  endfacet
  facet normal 0.9980267284282714 -0.06279051952931507 0
    outer loop
      vertex -2.0428103614614836 0.17153957883124715 28
      vertex -2.0482018017026595 0.08584509014485943 28
      vertex -2.0482018017026595 0.08584509014485943 0
    endloop
  endfacet
  facet normal 0.9945218953682735 -0.1045284632676523 0
    outer loop
      vertex -2.0428103614614836 0.17153957883124715 0
      vertex -2.0338351376946795 0.2569331288068233 28
      vertex -2.0428103614614836 0.17153957883124715 28
    endloop
  endfacet
  facet normal 0.989272332962988 -0.1460830285624134 0
    outer loop
      vertex -2.0338351376946795 0.2569331288068233 0
      vertex -2.021291875994535 0.34187593076800943 28
      vertex -2.0338351376946795 0.2569331288068233 28
    endloop
  endfacet
  facet normal 0.9822872507286887 -0.18738131458572432 0
    outer loop
      vertex -2.021291875994535 0.34187593076800943 0
      vertex -2.0052025815043013 0.4262189661764066 28
      vertex -2.021291875994535 0.34187593076800943 28
    endloop
  endfacet
  facet normal 0.9735789028731601 -0.22835087011065597 0
    outer loop
      vertex -1.9855954803136935 0.5098142686879524 28
      vertex -2.0052025815043013 0.4262189661764066 28
      vertex -2.0052025815043013 0.4262189661764066 0
    endloop
  endfacet
  facet normal 0.9631625667976589 -0.2689198206152633 0
    outer loop
      vertex -1.9625049699407378 0.5925151837361671 28
      vertex -1.9855954803136935 0.5098142686879524 28
      vertex -1.9855954803136935 0.5098142686879524 0
    endloop
  endfacet
  facet normal 0.9510565162951529 -0.3090169943749499 0
    outer loop
      vertex -1.9625049699407378 0.5925151837361671 0
      vertex -1.935971558986836 0.6741766258140952 28
      vertex -1.9625049699407378 0.5925151837361671 28
    endloop
  endfacet
  facet normal 0.9372819894918918 -0.3485720473218142 0
    outer loop
      vertex -1.9060417960709153 0.7546553330035896 28
      vertex -1.935971558986836 0.6741766258140952 28
      vertex -1.935971558986836 0.6741766258140952 0
    endloop
  endfacet
  facet normal 0.9218631515885006 -0.38751558645210277 0
    outer loop
      vertex -1.8727681881673317 0.8338101183053903 28
      vertex -1.9060417960709153 0.7546553330035896 28
      vertex -1.9060417960709153 0.7546553330035896 0
    endloop
  endfacet
  facet normal 0.9048270524660195 -0.42577929156507277 0
    outer loop
      vertex -1.836209108490796 0.9115021173291015 28
      vertex -1.8727681881673317 0.8338101183053903 28
      vertex -1.8727681881673317 0.8338101183053903 0
    endloop
  endfacet
  facet normal 0.886203579231214 -0.46329603511986334 0
    outer loop
      vertex -1.79642869408992 0.9875950319085165 28
      vertex -1.836209108490796 0.9115021173291015 28
      vertex -1.836209108490796 0.9115021173291015 0
    endloop
  endfacet
  facet normal 0.8660254037844386 -0.4999999999999999 0
    outer loop
      vertex -1.79642869408992 0.9875950319085165 0
      vertex -1.7534967333290385 1.0619553692149164 28
      vertex -1.79642869408992 0.9875950319085165 28
    endloop
  endfacet
  facet normal 0.844327925502016 -0.5358267949789952 0
    outer loop
      vertex -1.7074885434557039 1.1344526759488551 28
      vertex -1.7534967333290385 1.0619553692149164 28
      vertex -1.7534967333290385 1.0619553692149164 0
    endloop
  endfacet
  facet normal 0.8211492091337041 -0.5707135676844314 0
    outer loop
      vertex -1.6584848384686421 1.2049597671995698 28
      vertex -1.7074885434557039 1.1344526759488551 28
      vertex -1.7074885434557039 1.1344526759488551 0
    endloop
  endfacet
  facet normal 0.7965299180241961 -0.604599114862375 0
    outer loop
      vertex -1.6065715875179714 1.2733529495705362 28
      vertex -1.6584848384686421 1.2049597671995698 28
      vertex -1.6584848384686421 1.2049597671995698 0
    endloop
  endfacet
  facet normal 0.7705132427757891 -0.63742398974869 0
    outer loop
      vertex -1.5518398640861002 1.3395122381797164 28
      vertex -1.6065715875179714 1.2733529495705362 28
      vertex -1.6065715875179714 1.2733529495705362 0
    endloop
  endfacet
  facet normal 0.7431448254773939 -0.6691306063588587 0
    outer loop
      vertex -1.4943856862138938 1.4033215671538113 28
      vertex -1.5518398640861002 1.3395122381797164 28
      vertex -1.5518398640861002 1.3395122381797164 0
    endloop
  endfacet
  facet normal 0.7144726796328039 -0.6996633405133649 0
    outer loop
      vertex -1.434309848052399 1.4646689932472468 28
      vertex -1.4943856862138938 1.4033215671538113 28
      vertex -1.4943856862138938 1.4033215671538113 0
    endloop
  endfacet
  facet normal 0.6845471059286896 -0.7289686274214108 0
    outer loop
      vertex -1.3717177430356593 1.5234468922286581 28
      vertex -1.434309848052399 1.4646689932472468 28
      vertex -1.3717177430356593 1.5234468922286581 0
    endloop
  endfacet
  facet normal 0.6534206039901047 -0.7569950556517571 0
    outer loop
      vertex -1.3067191789848136 1.579552147690368 28
      vertex -1.3717177430356593 1.5234468922286581 28
      vertex -1.3067191789848136 1.579552147690368 0
    endloop
  endfacet
  facet normal 0.621147780278309 -0.783693457325841 0
    outer loop
      vertex -1.2394281854678684 1.632886331949602 28
      vertex -1.3067191789848136 1.579552147690368 28
      vertex -1.2394281854678684 1.632886331949602 0
    endloop
  endfacet
  facet normal 0.5877852522924735 -0.8090169943749471 0
    outer loop
      vertex -1.1699628137530846 1.6833558787240932 28
      vertex -1.2394281854678684 1.632886331949602 28
      vertex -1.1699628137530846 1.6833558787240932 0
    endloop
  endfacet
  facet normal 0.5533915492433434 -0.8329212407100999 0
    outer loop
      vertex -1.0984449297069432 1.7308722472791305 28
      vertex -1.1699628137530846 1.6833558787240932 28
      vertex -1.0984449297069432 1.7308722472791305 0
    endloop
  endfacet
  facet normal 0.5180270093731301 -0.8553642601605068 0
    outer loop
      vertex -1.025 1.775352077758099 28
      vertex -1.0984449297069432 1.7308722472791305 28
      vertex -1.025 1.775352077758099 0
    endloop
  endfacet
  facet normal 0.48175367410171577 -0.8763066800438633 0
    outer loop
      vertex -0.9497568719957162 1.81671733742399 28
      vertex -1.025 1.775352077758099 28
      vertex -0.9497568719957162 1.81671733742399 0
    endloop
  endfacet
  facet normal 0.4446351791849285 -0.8957117602394122 0
    outer loop
      vertex -0.872847547708399 1.8548954575553398 28
      vertex -0.9497568719957162 1.81671733742399 28
      vertex -0.872847547708399 1.8548954575553398 0
    endloop
  endfacet
  facet normal 0.4067366430757987 -0.9135454576426016 0
    outer loop
      vertex -0.7944069522268109 1.8898194607564258 28
      vertex -0.872847547708399 1.8548954575553398 28
      vertex -0.7944069522268109 1.8898194607564258 0
    endloop
  endfacet
  facet normal 0.3681245526846785 -0.9297764858882511 0
    outer loop
      vertex -0.7145726970097213 1.9214280784583773 28
      vertex -0.7944069522268109 1.8898194607564258 28
      vertex -0.7145726970097213 1.9214280784583773 0
    endloop
  endfacet
  facet normal 0.32886664673858323 -0.944376370237481 0
    outer loop
      vertex -0.6334848384686421 1.9496658584050646 28
      vertex -0.7145726970097213 1.9214280784583773 28
      vertex -0.6334848384686421 1.9496658584050646 0
    endloop
  endfacet
  facet normal 0.2890317969444723 -0.9573194975320671 0
    outer loop
      vertex -0.5512856322612945 1.974483261935199 28
      vertex -0.6334848384686421 1.9496658584050646 28
      vertex -0.5512856322612945 1.974483261935199 0
    endloop
  endfacet
  facet normal 0.2486898871648552 -0.9685831611286311 0
    outer loop
      vertex -0.4681192837268443 1.9958367508899784 28
      vertex -0.5512856322612945 1.974483261935199 28
      vertex -0.4681192837268443 1.9958367508899784 0
    endloop
  endfacet
  facet normal 0.20791169081776045 -0.9781476007338055 0
    outer loop
      vertex -0.38413169490073534 2.0136888639938118 28
      vertex -0.4681192837268443 1.9958367508899784 28
      vertex -0.38413169490073534 2.0136888639938118 0
    endloop
  endfacet
  facet normal 0.16676874671609918 -0.9859960370705054 0
    outer loop
      vertex -0.299470208552944 2.0280082825741257 28
      vertex -0.38413169490073534 2.0136888639938118 28
      vertex -0.299470208552944 2.0280082825741257 0
    endloop
  endfacet
  facet normal 0.1253332335643027 -0.9921147013144781 0
    outer loop
      vertex -0.2142833496986896 2.03876988550496 28
      vertex -0.299470208552944 2.0280082825741257 28
      vertex -0.2142833496986896 2.03876988550496 0
    endloop
  endfacet
  facet normal 0.08367784333232098 -0.9964928592495038 0
    outer loop
      vertex -0.12872056503509222 2.0459547932779567 28
      vertex -0.2142833496986896 2.03876988550496 28
      vertex -0.12872056503509222 2.0459547932779567 0
    endloop
  endfacet
  facet normal 0.04187565372919826 -0.9991228300988584 0
    outer loop
      vertex -0.04293196076088186 2.049550401123433 28
      vertex -0.12872056503509222 2.0459547932779567 28
      vertex -0.04293196076088186 2.049550401123433 0
    endloop
  endfacet
  facet normal 0 1 0
    outer loop
      vertex -0.042931960760881266 -2.049550401123433 0
      vertex 0.042931960760881266 -2.049550401123433 28
      vertex 0.042931960760881356 -2.049550401123433 0
    endloop
  endfacet
  facet normal -0.041875653729197534 0.9991228300988586 0
    outer loop
      vertex 0.12872056503509322 -2.0459547932779567 0
      vertex 0.042931960760881356 -2.049550401123433 0
      vertex 0.12872056503509322 -2.0459547932779567 28
    endloop
  endfacet
  facet normal -0.08367784333232195 0.9964928592495038 0
    outer loop
      vertex 0.2142833496986896 -2.03876988550496 0
      vertex 0.12872056503509322 -2.0459547932779567 0
      vertex 0.2142833496986896 -2.03876988550496 28
    endloop
  endfacet
  facet normal -0.12533323356430423 0.9921147013144779 0
    outer loop
      vertex 0.29947020855294293 -2.0280082825741257 0
      vertex 0.2142833496986896 -2.03876988550496 0
      vertex 0.29947020855294293 -2.0280082825741257 28
    endloop
  endfacet
  facet normal -0.16676874671610123 0.9859960370705052 0
    outer loop
      vertex 0.38413169490073584 -2.0136888639938113 0
      vertex 0.29947020855294293 -2.0280082825741257 0
      vertex 0.38413169490073584 -2.0136888639938113 28
    endloop
  endfacet
  facet normal -0.20791169081775782 0.9781476007338059 0
    outer loop
      vertex 0.4681192837268438 -1.9958367508899784 0
      vertex 0.38413169490073584 -2.0136888639938113 0
      vertex 0.4681192837268438 -1.9958367508899784 28
    endloop
  endfacet
  facet normal -0.2486898871648534 0.9685831611286314 0
    outer loop
      vertex 0.5512856322612955 -1.9744832619351989 0
      vertex 0.4681192837268438 -1.9958367508899784 0
      vertex 0.5512856322612955 -1.9744832619351989 28
    endloop
  endfacet
  facet normal -0.2890317969444731 0.9573194975320668 0
    outer loop
      vertex 0.6334848384686421 -1.9496658584050646 0
      vertex 0.5512856322612955 -1.9744832619351989 0
      vertex 0.6334848384686421 -1.9496658584050646 28
    endloop
  endfacet
  facet normal -0.32886664673858185 0.9443763702374814 0
    outer loop
      vertex 0.7145726970097204 -1.9214280784583777 0
      vertex 0.6334848384686421 -1.9496658584050646 0
      vertex 0.7145726970097204 -1.9214280784583777 28
    endloop
  endfacet
  facet normal -0.3681245526846799 0.9297764858882507 0
    outer loop
      vertex 0.7944069522268113 -1.8898194607564256 0
      vertex 0.7145726970097204 -1.9214280784583777 0
      vertex 0.7944069522268113 -1.8898194607564256 28
    endloop
  endfacet
  facet normal -0.40673664307579865 0.9135454576426014 0
    outer loop
      vertex 0.8728475477083985 -1.85489545755534 0
      vertex 0.7944069522268113 -1.8898194607564256 0
      vertex 0.8728475477083985 -1.85489545755534 28
    endloop
  endfacet
  facet normal -0.4446351791849281 0.8957117602394126 0
    outer loop
      vertex 0.9497568719957171 -1.8167173374239896 0
      vertex 0.8728475477083985 -1.85489545755534 0
      vertex 0.9497568719957171 -1.8167173374239896 28
    endloop
  endfacet
  facet normal -0.4817536741017162 0.8763066800438631 0
    outer loop
      vertex 1.025 -1.775352077758099 0
      vertex 0.9497568719957171 -1.8167173374239896 0
      vertex 1.025 -1.775352077758099 28
    endloop
  endfacet
  facet normal -0.5180270093731301 0.8553642601605066 0
    outer loop
      vertex 1.098444929706942 -1.7308722472791311 0
      vertex 1.025 -1.775352077758099 0
      vertex 1.098444929706942 -1.7308722472791311 28
    endloop
  endfacet
  facet normal -0.5533915492433422 0.8329212407101005 0
    outer loop
      vertex 1.169962813753085 -1.683355878724093 0
      vertex 1.098444929706942 -1.7308722472791311 0
      vertex 1.169962813753085 -1.683355878724093 28
    endloop
  endfacet
  facet normal -0.5877852522924739 0.809016994374947 0
    outer loop
      vertex 1.2394281854678681 -1.6328863319496023 0
      vertex 1.169962813753085 -1.683355878724093 0
      vertex 1.2394281854678681 -1.6328863319496023 28
    endloop
  endfacet
  facet normal -0.6211477802783102 0.7836934573258398 0
    outer loop
      vertex 1.3067191789848143 -1.5795521476903673 0
      vertex 1.2394281854678681 -1.6328863319496023 0
      vertex 1.3067191789848143 -1.5795521476903673 28
    endloop
  endfacet
  facet normal -0.653420603990104 0.7569950556517576 0
    outer loop
      vertex 1.3717177430356593 -1.5234468922286581 0
      vertex 1.3067191789848143 -1.5795521476903673 0
      vertex 1.3717177430356593 -1.5234468922286581 28
    endloop
  endfacet
  facet normal -0.6845471059286906 0.7289686274214096 0
    outer loop
      vertex 1.4343098480523984 -1.4646689932472472 0
      vertex 1.3717177430356593 -1.5234468922286581 0
      vertex 1.4343098480523984 -1.4646689932472472 28
    endloop
  endfacet
  facet normal -0.7144726796328025 0.6996633405133661 0
    outer loop
      vertex 1.4943856862138938 -1.4033215671538113 0
      vertex 1.4343098480523984 -1.4646689932472472 0
      vertex 1.4343098480523984 -1.4646689932472472 28
    endloop
  endfacet
  facet normal -0.7431448254773939 0.6691306063588587 0
    outer loop
      vertex 1.5518398640861002 -1.3395122381797164 0
      vertex 1.4943856862138938 -1.4033215671538113 0
      vertex 1.4943856862138938 -1.4033215671538113 28
    endloop
  endfacet
  facet normal -0.7705132427757884 0.6374239897486906 0
    outer loop
      vertex 1.606571587517972 -1.2733529495705356 0
      vertex 1.5518398640861002 -1.3395122381797164 0
      vertex 1.5518398640861002 -1.3395122381797164 28
    endloop
  endfacet
  facet normal -0.7965299180241971 0.6045991148623738 0
    outer loop
      vertex 1.6584848384686421 -1.2049597671995698 0
      vertex 1.606571587517972 -1.2733529495705356 0
      vertex 1.606571587517972 -1.2733529495705356 28
    endloop
  endfacet
  facet normal -0.8211492091337041 0.5707135676844316 0
    outer loop
      vertex 1.7074885434557034 -1.1344526759488558 0
      vertex 1.6584848384686421 -1.2049597671995698 0
      vertex 1.6584848384686421 -1.2049597671995698 28
    endloop
  endfacet
  facet normal -0.844327925502016 0.5358267949789954 0
    outer loop
      vertex 1.7534967333290385 -1.0619553692149164 0
      vertex 1.7074885434557034 -1.1344526759488558 0
      vertex 1.7074885434557034 -1.1344526759488558 28
    endloop
  endfacet
  facet normal -0.8660254037844386 0.4999999999999999 0
    outer loop
      vertex 1.79642869408992 -0.9875950319085165 0
      vertex 1.7534967333290385 -1.0619553692149164 0
      vertex 1.7534967333290385 -1.0619553692149164 28
    endloop
  endfacet
  facet normal -0.8862035792312143 0.4632960351198626 0
    outer loop
      vertex 1.8362091084907965 -0.9115021173291005 0
      vertex 1.79642869408992 -0.9875950319085165 0
      vertex 1.79642869408992 -0.9875950319085165 28
    endloop
  endfacet
  facet normal -0.9048270524660194 0.42577929156507305 0
    outer loop
      vertex 1.8727681881673317 -0.8338101183053903 0
      vertex 1.8362091084907965 -0.9115021173291005 0
      vertex 1.8362091084907965 -0.9115021173291005 28
    endloop
  endfacet
  facet normal -0.9218631515885007 0.3875155864521025 0
    outer loop
      vertex 1.9060417960709148 -0.7546553330035906 0
      vertex 1.8727681881673317 -0.8338101183053903 0
      vertex 1.8727681881673317 -0.8338101183053903 28
    endloop
  endfacet
  facet normal -0.9372819894918916 0.3485720473218149 0
    outer loop
      vertex 1.935971558986836 -0.6741766258140952 0
      vertex 1.9060417960709148 -0.7546553330035906 0
      vertex 1.9060417960709148 -0.7546553330035906 28
    endloop
  endfacet
  facet normal -0.9510565162951529 0.3090169943749499 0
    outer loop
      vertex 1.9625049699407378 -0.5925151837361671 0
      vertex 1.935971558986836 -0.6741766258140952 0
      vertex 1.935971558986836 -0.6741766258140952 28
    endloop
  endfacet
  facet normal -0.963162566797659 0.268919820615263 0
    outer loop
      vertex 1.9855954803136937 -0.5098142686879515 0
      vertex 1.9625049699407378 -0.5925151837361671 0
      vertex 1.9625049699407378 -0.5925151837361671 28
    endloop
  endfacet
  facet normal -0.9735789028731602 0.22835087011065583 0
    outer loop
      vertex 2.0052025815043013 -0.4262189661764066 0
      vertex 1.9855954803136937 -0.5098142686879515 0
      vertex 1.9855954803136937 -0.5098142686879515 28
    endloop
  endfacet
  facet normal -0.9822872507286883 0.1873813145857265 0
    outer loop
      vertex 2.0052025815043013 -0.4262189661764066 28
      vertex 2.021291875994535 -0.3418759307680104 0
      vertex 2.0052025815043013 -0.4262189661764066 0
    endloop
  endfacet
  facet normal -0.9892723329629883 0.1460830285624117 0
    outer loop
      vertex 2.021291875994535 -0.3418759307680104 28
      vertex 2.0338351376946795 -0.2569331288068233 0
      vertex 2.021291875994535 -0.3418759307680104 0
    endloop
  endfacet
  facet normal -0.9945218953682735 0.1045284632676523 0
    outer loop
      vertex 2.0428103614614836 -0.17153957883124715 0
      vertex 2.0338351376946795 -0.2569331288068233 0
      vertex 2.0338351376946795 -0.2569331288068233 28
    endloop
  endfacet
  facet normal -0.9980267284282716 0.06279051952931432 0
    outer loop
      vertex 2.0482018017026595 -0.08584509014485842 0
      vertex 2.0428103614614836 -0.17153957883124715 0
      vertex 2.0428103614614836 -0.17153957883124715 28
    endloop
  endfacet
  facet normal -0.9997806834748454 0.02094241988335611 0
    outer loop
      vertex 2.0482018017026595 -0.08584509014485842 0
      vertex 2.0482018017026595 -0.08584509014485842 28
      vertex 2.05 0 0
    endloop
  endfacet
  facet normal -0.0418756537291975 0.9991228300988586 -1.3490783353527002e-19
    outer loop
      vertex 0.042931960760881266 -2.049550401123433 28
      vertex 0.12872056503509322 -2.0459547932779567 28
      vertex 0.042931960760881356 -2.049550401123433 0
    endloop
  endfacet
  facet normal -0.08367784333232195 0.9964928592495038 0
    outer loop
      vertex 0.12872056503509322 -2.0459547932779567 28
      vertex 0.2142833496986896 -2.03876988550496 28
      vertex 0.12872056503509322 -2.0459547932779567 0
    endloop
  endfacet
  facet normal -0.12533323356430423 0.9921147013144779 0
    outer loop
      vertex 0.2142833496986896 -2.03876988550496 28
      vertex 0.29947020855294293 -2.0280082825741257 28
      vertex 0.2142833496986896 -2.03876988550496 0
    endloop
  endfacet
  facet normal -0.16676874671610123 0.9859960370705052 0
    outer loop
      vertex 0.29947020855294293 -2.0280082825741257 28
      vertex 0.38413169490073584 -2.0136888639938113 28
      vertex 0.29947020855294293 -2.0280082825741257 0
    endloop
  endfacet
  facet normal -0.20791169081775782 0.9781476007338059 0
    outer loop
      vertex 0.38413169490073584 -2.0136888639938113 28
      vertex 0.4681192837268438 -1.9958367508899784 28
      vertex 0.38413169490073584 -2.0136888639938113 0
    endloop
  endfacet
  facet normal -0.2486898871648534 0.9685831611286314 0
    outer loop
      vertex 0.4681192837268438 -1.9958367508899784 28
      vertex 0.5512856322612955 -1.9744832619351989 28
      vertex 0.4681192837268438 -1.9958367508899784 0
    endloop
  endfacet
  facet normal -0.2890317969444731 0.9573194975320668 0
    outer loop
      vertex 0.5512856322612955 -1.9744832619351989 28
      vertex 0.6334848384686421 -1.9496658584050646 28
      vertex 0.5512856322612955 -1.9744832619351989 0
    endloop
  endfacet
  facet normal -0.32886664673858185 0.9443763702374814 0
    outer loop
      vertex 0.6334848384686421 -1.9496658584050646 28
      vertex 0.7145726970097204 -1.9214280784583777 28
      vertex 0.6334848384686421 -1.9496658584050646 0
    endloop
  endfacet
  facet normal -0.3681245526846799 0.9297764858882507 0
    outer loop
      vertex 0.7145726970097204 -1.9214280784583777 28
      vertex 0.7944069522268113 -1.8898194607564256 28
      vertex 0.7145726970097204 -1.9214280784583777 0
    endloop
  endfacet
  facet normal -0.40673664307579865 0.9135454576426014 0
    outer loop
      vertex 0.7944069522268113 -1.8898194607564256 28
      vertex 0.8728475477083985 -1.85489545755534 28
      vertex 0.7944069522268113 -1.8898194607564256 0
    endloop
  endfacet
  facet normal -0.4446351791849281 0.8957117602394126 0
    outer loop
      vertex 0.8728475477083985 -1.85489545755534 28
      vertex 0.9497568719957171 -1.8167173374239896 28
      vertex 0.8728475477083985 -1.85489545755534 0
    endloop
  endfacet
  facet normal -0.4817536741017162 0.8763066800438631 0
    outer loop
      vertex 0.9497568719957171 -1.8167173374239896 28
      vertex 1.025 -1.775352077758099 28
      vertex 0.9497568719957171 -1.8167173374239896 0
    endloop
  endfacet
  facet normal -0.5180270093731301 0.8553642601605066 0
    outer loop
      vertex 1.025 -1.775352077758099 28
      vertex 1.098444929706942 -1.7308722472791311 28
      vertex 1.025 -1.775352077758099 0
    endloop
  endfacet
  facet normal -0.5533915492433422 0.8329212407101005 0
    outer loop
      vertex 1.098444929706942 -1.7308722472791311 28
      vertex 1.169962813753085 -1.683355878724093 28
      vertex 1.098444929706942 -1.7308722472791311 0
    endloop
  endfacet
  facet normal -0.5877852522924739 0.809016994374947 0
    outer loop
      vertex 1.169962813753085 -1.683355878724093 28
      vertex 1.2394281854678681 -1.6328863319496023 28
      vertex 1.169962813753085 -1.683355878724093 0
    endloop
  endfacet
  facet normal -0.6211477802783102 0.7836934573258398 0
    outer loop
      vertex 1.2394281854678681 -1.6328863319496023 28
      vertex 1.3067191789848143 -1.5795521476903673 28
      vertex 1.2394281854678681 -1.6328863319496023 0
    endloop
  endfacet
  facet normal -0.653420603990104 0.7569950556517576 0
    outer loop
      vertex 1.3067191789848143 -1.5795521476903673 28
      vertex 1.3717177430356593 -1.5234468922286581 28
      vertex 1.3067191789848143 -1.5795521476903673 0
    endloop
  endfacet
  facet normal -0.6845471059286906 0.7289686274214096 0
    outer loop
      vertex 1.3717177430356593 -1.5234468922286581 28
      vertex 1.4343098480523984 -1.4646689932472472 28
      vertex 1.3717177430356593 -1.5234468922286581 0
    endloop
  endfacet
  facet normal -0.7144726796328025 0.6996633405133661 0
    outer loop
      vertex 1.4343098480523984 -1.4646689932472472 28
      vertex 1.4943856862138938 -1.4033215671538113 28
      vertex 1.4943856862138938 -1.4033215671538113 0
    endloop
  endfacet
  facet normal -0.7431448254773939 0.6691306063588587 0
    outer loop
      vertex 1.4943856862138938 -1.4033215671538113 28
      vertex 1.5518398640861002 -1.3395122381797164 28
      vertex 1.5518398640861002 -1.3395122381797164 0
    endloop
  endfacet
  facet normal -0.7705132427757884 0.6374239897486906 0
    outer loop
      vertex 1.5518398640861002 -1.3395122381797164 28
      vertex 1.606571587517972 -1.2733529495705356 28
      vertex 1.606571587517972 -1.2733529495705356 0
    endloop
  endfacet
  facet normal -0.7965299180241971 0.6045991148623738 0
    outer loop
      vertex 1.606571587517972 -1.2733529495705356 28
      vertex 1.6584848384686421 -1.2049597671995698 28
      vertex 1.6584848384686421 -1.2049597671995698 0
    endloop
  endfacet
  facet normal -0.8211492091337041 0.5707135676844316 0
    outer loop
      vertex 1.6584848384686421 -1.2049597671995698 28
      vertex 1.7074885434557034 -1.1344526759488558 28
      vertex 1.7074885434557034 -1.1344526759488558 0
    endloop
  endfacet
  facet normal -0.844327925502016 0.5358267949789954 0
    outer loop
      vertex 1.7074885434557034 -1.1344526759488558 28
      vertex 1.7534967333290385 -1.0619553692149164 28
      vertex 1.7534967333290385 -1.0619553692149164 0
    endloop
  endfacet
  facet normal -0.8660254037844386 0.4999999999999999 0
    outer loop
      vertex 1.79642869408992 -0.9875950319085165 0
      vertex 1.7534967333290385 -1.0619553692149164 28
      vertex 1.79642869408992 -0.9875950319085165 28
    endloop
  endfacet
  facet normal -0.8862035792312143 0.4632960351198626 0
    outer loop
      vertex 1.79642869408992 -0.9875950319085165 28
      vertex 1.8362091084907965 -0.9115021173291005 28
      vertex 1.8362091084907965 -0.9115021173291005 0
    endloop
  endfacet
  facet normal -0.9048270524660194 0.42577929156507305 0
    outer loop
      vertex 1.8362091084907965 -0.9115021173291005 28
      vertex 1.8727681881673317 -0.8338101183053903 28
      vertex 1.8727681881673317 -0.8338101183053903 0
    endloop
  endfacet
  facet normal -0.9218631515885007 0.3875155864521025 0
    outer loop
      vertex 1.8727681881673317 -0.8338101183053903 28
      vertex 1.9060417960709148 -0.7546553330035906 28
      vertex 1.9060417960709148 -0.7546553330035906 0
    endloop
  endfacet
  facet normal -0.9372819894918916 0.3485720473218149 0
    outer loop
      vertex 1.9060417960709148 -0.7546553330035906 28
      vertex 1.935971558986836 -0.6741766258140952 28
      vertex 1.935971558986836 -0.6741766258140952 0
    endloop
  endfacet
  facet normal -0.9510565162951529 0.3090169943749499 0
    outer loop
      vertex 1.9625049699407378 -0.5925151837361671 0
      vertex 1.935971558986836 -0.6741766258140952 28
      vertex 1.9625049699407378 -0.5925151837361671 28
    endloop
  endfacet
  facet normal -0.963162566797659 0.268919820615263 0
    outer loop
      vertex 1.9625049699407378 -0.5925151837361671 28
      vertex 1.9855954803136937 -0.5098142686879515 28
      vertex 1.9855954803136937 -0.5098142686879515 0
    endloop
  endfacet
  facet normal -0.9735789028731602 0.22835087011065583 0
    outer loop
      vertex 1.9855954803136937 -0.5098142686879515 28
      vertex 2.0052025815043013 -0.4262189661764066 28
      vertex 2.0052025815043013 -0.4262189661764066 0
    endloop
  endfacet
  facet normal -0.9822872507286883 0.1873813145857265 0
    outer loop
      vertex 2.0052025815043013 -0.4262189661764066 28
      vertex 2.021291875994535 -0.3418759307680104 28
      vertex 2.021291875994535 -0.3418759307680104 0
    endloop
  endfacet
  facet normal -0.9892723329629883 0.1460830285624117 0
    outer loop
      vertex 2.021291875994535 -0.3418759307680104 28
      vertex 2.0338351376946795 -0.2569331288068233 28
      vertex 2.0338351376946795 -0.2569331288068233 0
    endloop
  endfacet
  facet normal -0.9945218953682735 0.1045284632676523 0
    outer loop
      vertex 2.0428103614614836 -0.17153957883124715 0
      vertex 2.0338351376946795 -0.2569331288068233 28
      vertex 2.0428103614614836 -0.17153957883124715 28
    endloop
  endfacet
  facet normal -0.9980267284282716 0.06279051952931432 0
    outer loop
      vertex 2.0428103614614836 -0.17153957883124715 28
      vertex 2.0482018017026595 -0.08584509014485842 28
      vertex 2.0482018017026595 -0.08584509014485842 0
    endloop
  endfacet
  facet normal -0.9997806834748454 0.02094241988335611 0
    outer loop
      vertex 2.05 0 0
      vertex 2.0482018017026595 -0.08584509014485842 28
      vertex 2.05 0 28
    endloop
  endfacet
  facet normal -0.04187565372919826 -0.9991228300988584 0
    outer loop
      vertex 0.04293196076088186 2.049550401123433 0
      vertex 0.12872056503509222 2.0459547932779567 0
      vertex 0.04293196076088186 2.049550401123433 28
    endloop
  endfacet
  facet normal -0.08367784333232098 -0.9964928592495038 0
    outer loop
      vertex 0.12872056503509222 2.0459547932779567 0
      vertex 0.2142833496986896 2.03876988550496 0
      vertex 0.12872056503509222 2.0459547932779567 28
    endloop
  endfacet
  facet normal -0.1253332335643027 -0.9921147013144781 0
    outer loop
      vertex 0.2142833496986896 2.03876988550496 0
      vertex 0.299470208552944 2.0280082825741257 0
      vertex 0.2142833496986896 2.03876988550496 28
    endloop
  endfacet
  facet normal -0.16676874671609918 -0.9859960370705054 0
    outer loop
      vertex 0.299470208552944 2.0280082825741257 0
      vertex 0.38413169490073534 2.0136888639938118 0
      vertex 0.299470208552944 2.0280082825741257 28
    endloop
  endfacet
  facet normal -0.20791169081776045 -0.9781476007338055 0
    outer loop
      vertex 0.38413169490073534 2.0136888639938118 0
      vertex 0.4681192837268443 1.9958367508899784 0
      vertex 0.38413169490073534 2.0136888639938118 28
    endloop
  endfacet
  facet normal -0.2486898871648552 -0.9685831611286311 0
    outer loop
      vertex 0.4681192837268443 1.9958367508899784 0
      vertex 0.5512856322612945 1.974483261935199 0
      vertex 0.4681192837268443 1.9958367508899784 28
    endloop
  endfacet
  facet normal -0.2890317969444723 -0.9573194975320671 0
    outer loop
      vertex 0.5512856322612945 1.974483261935199 0
      vertex 0.6334848384686421 1.9496658584050646 0
      vertex 0.5512856322612945 1.974483261935199 28
    endloop
  endfacet
  facet normal -0.32886664673858323 -0.944376370237481 0
    outer loop
      vertex 0.6334848384686421 1.9496658584050646 0
      vertex 0.7145726970097213 1.9214280784583773 0
      vertex 0.6334848384686421 1.9496658584050646 28
    endloop
  endfacet
  facet normal -0.4067366430757987 -0.9135454576426016 0
    outer loop
      vertex 0.7944069522268109 1.8898194607564258 0
      vertex 0.872847547708399 1.8548954575553398 0
      vertex 0.7944069522268109 1.8898194607564258 28
    endloop
  endfacet
  facet normal -0.3681245526846785 -0.9297764858882511 0
    outer loop
      vertex 0.7145726970097213 1.9214280784583773 0
      vertex 0.7944069522268109 1.8898194607564258 0
      vertex 0.7145726970097213 1.9214280784583773 28
    endloop
  endfacet
  facet normal -0.4446351791849275 -0.8957117602394128 0
    outer loop
      vertex 0.872847547708399 1.8548954575553398 0
      vertex 0.9497568719957165 1.81671733742399 0
      vertex 0.872847547708399 1.8548954575553398 28
    endloop
  endfacet
  facet normal -0.4817536741017168 -0.8763066800438626 0
    outer loop
      vertex 0.9497568719957165 1.81671733742399 0
      vertex 1.025 1.775352077758099 0
      vertex 0.9497568719957165 1.81671733742399 28
    endloop
  endfacet
  facet normal -0.5533915492433441 -0.8329212407100995 0
    outer loop
      vertex 1.098444929706943 1.7308722472791307 0
      vertex 1.1699628137530846 1.6833558787240932 0
      vertex 1.098444929706943 1.7308722472791307 28
    endloop
  endfacet
  facet normal -0.5877852522924735 -0.8090169943749471 0
    outer loop
      vertex 1.1699628137530846 1.6833558787240932 0
      vertex 1.2394281854678684 1.632886331949602 0
      vertex 1.1699628137530846 1.6833558787240932 28
    endloop
  endfacet
  facet normal -0.6211477802783107 -0.7836934573258394 0
    outer loop
      vertex 1.2394281854678684 1.632886331949602 0
      vertex 1.3067191789848138 1.5795521476903676 0
      vertex 1.2394281854678684 1.632886331949602 28
    endloop
  endfacet
  facet normal -0.653420603990103 -0.7569950556517585 0
    outer loop
      vertex 1.3067191789848138 1.5795521476903676 0
      vertex 1.3717177430356593 1.5234468922286581 0
      vertex 1.3067191789848138 1.5795521476903676 28
    endloop
  endfacet
  facet normal -0.5180270093731293 -0.8553642601605072 0
    outer loop
      vertex 1.025 1.775352077758099 0
      vertex 1.098444929706943 1.7308722472791307 0
      vertex 1.025 1.775352077758099 28
    endloop
  endfacet
  facet normal -0.9997806834748456 -0.020942419883355917 0
    outer loop
      vertex 2.05 0 0
      vertex 2.05 0 28
      vertex 2.0482018017026595 0.08584509014485922 0
    endloop
  endfacet
  facet normal -0.9980267284282714 -0.0627905195293152 0
    outer loop
      vertex 2.0428103614614836 0.17153957883124674 0
      vertex 2.0482018017026595 0.08584509014485922 0
      vertex 2.0482018017026595 0.08584509014485922 28
    endloop
  endfacet
  facet normal -0.9945218953682736 -0.10452846326765126 0
    outer loop
      vertex 2.0338351376946795 0.25693312880682373 0
      vertex 2.0428103614614836 0.17153957883124674 0
      vertex 2.0428103614614836 0.17153957883124674 28
    endloop
  endfacet
  facet normal -0.989272332962988 -0.14608302856241387 0
    outer loop
      vertex 2.0338351376946795 0.25693312880682373 28
      vertex 2.021291875994535 0.3418759307680096 0
      vertex 2.0338351376946795 0.25693312880682373 0
    endloop
  endfacet
  facet normal -0.9822872507286886 -0.18738131458572468 0
    outer loop
      vertex 2.021291875994535 0.3418759307680096 28
      vertex 2.0052025815043013 0.4262189661764066 0
      vertex 2.021291875994535 0.3418759307680096 0
    endloop
  endfacet
  facet normal -0.9735789028731601 -0.22835087011065622 0
    outer loop
      vertex 1.9855954803136935 0.5098142686879523 0
      vertex 2.0052025815043013 0.4262189661764066 0
      vertex 2.0052025815043013 0.4262189661764066 28
    endloop
  endfacet
  facet normal -0.9510565162951535 -0.30901699437494756 0
    outer loop
      vertex 1.935971558986836 0.6741766258140955 0
      vertex 1.9625049699407378 0.5925151837361667 0
      vertex 1.9625049699407378 0.5925151837361667 28
    endloop
  endfacet
  facet normal -0.9631625667976587 -0.2689198206152639 0
    outer loop
      vertex 1.9625049699407378 0.5925151837361667 0
      vertex 1.9855954803136935 0.5098142686879523 0
      vertex 1.9855954803136935 0.5098142686879523 28
    endloop
  endfacet
  facet normal -0.7431448254773959 -0.6691306063588564 0
    outer loop
      vertex 1.4943856862138936 1.4033215671538117 0
      vertex 1.5518398640861004 1.339512238179716 0
      vertex 1.5518398640861004 1.339512238179716 28
    endloop
  endfacet
  facet normal -0.8211492091337045 -0.5707135676844308 0
    outer loop
      vertex 1.6584848384686421 1.2049597671995698 0
      vertex 1.7074885434557037 1.1344526759488553 0
      vertex 1.7074885434557037 1.1344526759488553 28
    endloop
  endfacet
  facet normal -0.7705132427757881 -0.6374239897486912 0
    outer loop
      vertex 1.5518398640861004 1.339512238179716 0
      vertex 1.6065715875179716 1.273352949570536 0
      vertex 1.6065715875179716 1.273352949570536 28
    endloop
  endfacet
  facet normal -0.7965299180241964 -0.6045991148623746 0
    outer loop
      vertex 1.6065715875179716 1.273352949570536 0
      vertex 1.6584848384686421 1.2049597671995698 0
      vertex 1.6584848384686421 1.2049597671995698 28
    endloop
  endfacet
  facet normal -0.8660254037844384 -0.5000000000000004 0
    outer loop
      vertex 1.7534967333290383 1.0619553692149168 0
      vertex 1.7964286940899201 0.9875950319085163 0
      vertex 1.7964286940899201 0.9875950319085163 28
    endloop
  endfacet
  facet normal -0.886203579231214 -0.46329603511986334 0
    outer loop
      vertex 1.7964286940899201 0.9875950319085163 0
      vertex 1.8362091084907963 0.9115021173291012 0
      vertex 1.8362091084907963 0.9115021173291012 28
    endloop
  endfacet
  facet normal -0.90482705246602 -0.42577929156507166 0
    outer loop
      vertex 1.8362091084907963 0.9115021173291012 0
      vertex 1.8727681881673317 0.8338101183053903 0
      vertex 1.8727681881673317 0.8338101183053903 28
    endloop
  endfacet
  facet normal -0.9372819894918909 -0.3485720473218169 0
    outer loop
      vertex 1.906041796070915 0.7546553330035898 0
      vertex 1.935971558986836 0.6741766258140955 0
      vertex 1.935971558986836 0.6741766258140955 28
    endloop
  endfacet
  facet normal -0.9218631515885012 -0.38751558645210143 0
    outer loop
      vertex 1.8727681881673317 0.8338101183053903 0
      vertex 1.906041796070915 0.7546553330035898 0
      vertex 1.906041796070915 0.7546553330035898 28
    endloop
  endfacet
  facet normal -0.8443279255020153 -0.5358267949789963 0
    outer loop
      vertex 1.7074885434557037 1.1344526759488553 0
      vertex 1.7534967333290383 1.0619553692149168 0
      vertex 1.7534967333290383 1.0619553692149168 28
    endloop
  endfacet
  facet normal -0.6845471059286896 -0.7289686274214108 0
    outer loop
      vertex 1.3717177430356593 1.5234468922286581 0
      vertex 1.434309848052399 1.4646689932472468 0
      vertex 1.3717177430356593 1.5234468922286581 28
    endloop
  endfacet
  facet normal -0.7144726796328027 -0.6996633405133661 0
    outer loop
      vertex 1.434309848052399 1.4646689932472468 0
      vertex 1.4943856862138936 1.4033215671538117 0
      vertex 1.4943856862138936 1.4033215671538117 28
    endloop
  endfacet
  facet normal 0 -1 0
    outer loop
      vertex 0.04293196076088186 2.049550401123433 0
      vertex 0.04293196076088186 2.049550401123433 28
      vertex -0.04293196076088186 2.049550401123433 28
    endloop
  endfacet
  facet normal -0.04187565372919826 -0.9991228300988584 0
    outer loop
      vertex 0.12872056503509222 2.0459547932779567 28
      vertex 0.04293196076088186 2.049550401123433 28
      vertex 0.12872056503509222 2.0459547932779567 0
    endloop
  endfacet
  facet normal -0.08367784333232098 -0.9964928592495038 0
    outer loop
      vertex 0.2142833496986896 2.03876988550496 28
      vertex 0.12872056503509222 2.0459547932779567 28
      vertex 0.2142833496986896 2.03876988550496 0
    endloop
  endfacet
  facet normal -0.1253332335643027 -0.9921147013144781 0
    outer loop
      vertex 0.299470208552944 2.0280082825741257 28
      vertex 0.2142833496986896 2.03876988550496 28
      vertex 0.299470208552944 2.0280082825741257 0
    endloop
  endfacet
  facet normal -0.16676874671609918 -0.9859960370705054 0
    outer loop
      vertex 0.38413169490073534 2.0136888639938118 28
      vertex 0.299470208552944 2.0280082825741257 28
      vertex 0.38413169490073534 2.0136888639938118 0
    endloop
  endfacet
  facet normal -0.20791169081776045 -0.9781476007338055 0
    outer loop
      vertex 0.4681192837268443 1.9958367508899784 28
      vertex 0.38413169490073534 2.0136888639938118 28
      vertex 0.4681192837268443 1.9958367508899784 0
    endloop
  endfacet
  facet normal -0.2486898871648552 -0.9685831611286311 0
    outer loop
      vertex 0.5512856322612945 1.974483261935199 28
      vertex 0.4681192837268443 1.9958367508899784 28
      vertex 0.5512856322612945 1.974483261935199 0
    endloop
  endfacet
  facet normal -0.2890317969444723 -0.9573194975320671 0
    outer loop
      vertex 0.6334848384686421 1.9496658584050646 28
      vertex 0.5512856322612945 1.974483261935199 28
      vertex 0.6334848384686421 1.9496658584050646 0
    endloop
  endfacet
  facet normal -0.4067366430757987 -0.9135454576426016 0
    outer loop
      vertex 0.872847547708399 1.8548954575553398 28
      vertex 0.7944069522268109 1.8898194607564258 28
      vertex 0.872847547708399 1.8548954575553398 0
    endloop
  endfacet
  facet normal -0.32886664673858323 -0.944376370237481 0
    outer loop
      vertex 0.7145726970097213 1.9214280784583773 28
      vertex 0.6334848384686421 1.9496658584050646 28
      vertex 0.7145726970097213 1.9214280784583773 0
    endloop
  endfacet
  facet normal -0.3681245526846785 -0.9297764858882511 0
    outer loop
      vertex 0.7944069522268109 1.8898194607564258 28
      vertex 0.7145726970097213 1.9214280784583773 28
      vertex 0.7944069522268109 1.8898194607564258 0
    endloop
  endfacet
  facet normal -0.4446351791849275 -0.8957117602394128 0
    outer loop
      vertex 0.9497568719957165 1.81671733742399 28
      vertex 0.872847547708399 1.8548954575553398 28
      vertex 0.9497568719957165 1.81671733742399 0
    endloop
  endfacet
  facet normal -0.4817536741017168 -0.8763066800438626 0
    outer loop
      vertex 1.025 1.775352077758099 28
      vertex 0.9497568719957165 1.81671733742399 28
      vertex 1.025 1.775352077758099 0
    endloop
  endfacet
  facet normal -0.5533915492433441 -0.8329212407100995 0
    outer loop
      vertex 1.1699628137530846 1.6833558787240932 28
      vertex 1.098444929706943 1.7308722472791307 28
      vertex 1.1699628137530846 1.6833558787240932 0
    endloop
  endfacet
  facet normal -0.653420603990103 -0.7569950556517585 0
    outer loop
      vertex 1.3717177430356593 1.5234468922286581 28
      vertex 1.3067191789848138 1.5795521476903676 28
      vertex 1.3717177430356593 1.5234468922286581 0
    endloop
  endfacet
  facet normal -0.6211477802783107 -0.7836934573258394 0
    outer loop
      vertex 1.3067191789848138 1.5795521476903676 28
      vertex 1.2394281854678684 1.632886331949602 28
      vertex 1.3067191789848138 1.5795521476903676 0
    endloop
  endfacet
  facet normal -0.5877852522924735 -0.8090169943749471 0
    outer loop
      vertex 1.2394281854678684 1.632886331949602 28
      vertex 1.1699628137530846 1.6833558787240932 28
      vertex 1.2394281854678684 1.632886331949602 0
    endloop
  endfacet
  facet normal -0.5180270093731293 -0.8553642601605072 0
    outer loop
      vertex 1.098444929706943 1.7308722472791307 28
      vertex 1.025 1.775352077758099 28
      vertex 1.098444929706943 1.7308722472791307 0
    endloop
  endfacet
  facet normal -0.9997806834748456 -0.020942419883355917 0
    outer loop
      vertex 2.0482018017026595 0.08584509014485922 0
      vertex 2.05 0 28
      vertex 2.0482018017026595 0.08584509014485922 28
    endloop
  endfacet
  facet normal -0.9980267284282714 -0.0627905195293152 0
    outer loop
      vertex 2.0428103614614836 0.17153957883124674 0
      vertex 2.0482018017026595 0.08584509014485922 28
      vertex 2.0428103614614836 0.17153957883124674 28
    endloop
  endfacet
  facet normal -0.9945218953682736 -0.10452846326765126 0
    outer loop
      vertex 2.0428103614614836 0.17153957883124674 28
      vertex 2.0338351376946795 0.25693312880682373 28
      vertex 2.0338351376946795 0.25693312880682373 0
    endloop
  endfacet
  facet normal -0.989272332962988 -0.14608302856241387 0
    outer loop
      vertex 2.0338351376946795 0.25693312880682373 28
      vertex 2.021291875994535 0.3418759307680096 28
      vertex 2.021291875994535 0.3418759307680096 0
    endloop
  endfacet
  facet normal -0.9822872507286886 -0.18738131458572468 0
    outer loop
      vertex 2.021291875994535 0.3418759307680096 28
      vertex 2.0052025815043013 0.4262189661764066 28
      vertex 2.0052025815043013 0.4262189661764066 0
    endloop
  endfacet
  facet normal -0.9735789028731601 -0.22835087011065622 0
    outer loop
      vertex 2.0052025815043013 0.4262189661764066 28
      vertex 1.9855954803136935 0.5098142686879523 28
      vertex 1.9855954803136935 0.5098142686879523 0
    endloop
  endfacet
  facet normal -0.9631625667976587 -0.2689198206152639 0
    outer loop
      vertex 1.9625049699407378 0.5925151837361667 0
      vertex 1.9855954803136935 0.5098142686879523 28
      vertex 1.9625049699407378 0.5925151837361667 28
    endloop
  endfacet
  facet normal -0.9510565162951535 -0.30901699437494756 0
    outer loop
      vertex 1.9625049699407378 0.5925151837361667 28
      vertex 1.935971558986836 0.6741766258140955 28
      vertex 1.935971558986836 0.6741766258140955 0
    endloop
  endfacet
  facet normal -0.8211492091337045 -0.5707135676844308 0
    outer loop
      vertex 1.7074885434557037 1.1344526759488553 28
      vertex 1.6584848384686421 1.2049597671995698 28
      vertex 1.6584848384686421 1.2049597671995698 0
    endloop
  endfacet
  facet normal -0.7965299180241964 -0.6045991148623746 0
    outer loop
      vertex 1.6065715875179716 1.273352949570536 0
      vertex 1.6584848384686421 1.2049597671995698 28
      vertex 1.6065715875179716 1.273352949570536 28
    endloop
  endfacet
  facet normal -0.7705132427757881 -0.6374239897486912 0
    outer loop
      vertex 1.6065715875179716 1.273352949570536 28
      vertex 1.5518398640861004 1.339512238179716 28
      vertex 1.5518398640861004 1.339512238179716 0
    endloop
  endfacet
  facet normal -0.9218631515885012 -0.38751558645210143 0
    outer loop
      vertex 1.8727681881673317 0.8338101183053903 0
      vertex 1.906041796070915 0.7546553330035898 28
      vertex 1.8727681881673317 0.8338101183053903 28
    endloop
  endfacet
  facet normal -0.90482705246602 -0.42577929156507166 0
    outer loop
      vertex 1.8727681881673317 0.8338101183053903 28
      vertex 1.8362091084907963 0.9115021173291012 28
      vertex 1.8362091084907963 0.9115021173291012 0
    endloop
  endfacet
  facet normal -0.886203579231214 -0.46329603511986334 0
    outer loop
      vertex 1.7964286940899201 0.9875950319085163 0
      vertex 1.8362091084907963 0.9115021173291012 28
      vertex 1.7964286940899201 0.9875950319085163 28
    endloop
  endfacet
  facet normal -0.9372819894918909 -0.3485720473218169 0
    outer loop
      vertex 1.935971558986836 0.6741766258140955 28
      vertex 1.906041796070915 0.7546553330035898 28
      vertex 1.906041796070915 0.7546553330035898 0
    endloop
  endfacet
  facet normal -0.8443279255020153 -0.5358267949789963 0
    outer loop
      vertex 1.7534967333290383 1.0619553692149168 28
      vertex 1.7074885434557037 1.1344526759488553 28
      vertex 1.7074885434557037 1.1344526759488553 0
    endloop
  endfacet
  facet normal -0.8660254037844384 -0.5000000000000004 0
    outer loop
      vertex 1.7964286940899201 0.9875950319085163 28
      vertex 1.7534967333290383 1.0619553692149168 28
      vertex 1.7534967333290383 1.0619553692149168 0
    endloop
  endfacet
  facet normal -0.7144726796328027 -0.6996633405133661 0
    outer loop
      vertex 1.4943856862138936 1.4033215671538117 28
      vertex 1.434309848052399 1.4646689932472468 28
      vertex 1.434309848052399 1.4646689932472468 0
    endloop
  endfacet
  facet normal -0.6845471059286896 -0.7289686274214108 0
    outer loop
      vertex 1.434309848052399 1.4646689932472468 28
      vertex 1.3717177430356593 1.5234468922286581 28
      vertex 1.434309848052399 1.4646689932472468 0
    endloop
  endfacet
  facet normal -0.7431448254773959 -0.6691306063588564 0
    outer loop
      vertex 1.4943856862138936 1.4033215671538117 0
      vertex 1.5518398640861004 1.339512238179716 28
      vertex 1.4943856862138936 1.4033215671538117 28
    endloop
  endfacet
endsolid OpenSCAD_Model
