solid OpenSCAD_Model
  facet normal -0.8439499131636122 -0.5355869010543344 -0.02992015190713522
    outer loop
      vertex -1.0827976129231294 -0.7194090140163473 0
      vertex -1.2074864214126653 -0.802252060310261 5
      vertex -1.2400220801488544 -0.7509840656840404 5
    endloop
  endfacet
  facet normal -0.8207815740912655 -0.5704580546737142 -0.029920151907135182
    outer loop
      vertex -1.0517220926874318 -0.7641208279802151 0
      vertex -1.1728324211866752 -0.8521126322156152 5
      vertex -1.2074864214126653 -0.802252060310261 5
    endloop
  endfacet
  facet normal -0.5875220961525569 -0.8086547910217065 -0.029920151907135168
    outer loop
      vertex -0.7419276379897614 -1.0674939718738152 0
      vertex -0.8273638008167721 -1.1904205001872437 5
      vertex -0.8764876988513828 -1.1547298991237 5
    endloop
  endfacet
  facet normal -0.5531437914382772 -0.8325483352353434 -0.029920151907135244
    outer loop
      vertex -0.6965748334726958 -1.0976263031526194 0
      vertex -0.7767884255354198 -1.2240226991858554 5
      vertex -0.8273638008167721 -1.1904205001872437 5
    endloop
  endfacet
  facet normal -0.742812113618925 -0.6688310312559065 -0.02992015190713521
    outer loop
      vertex -0.9476592156478352 -0.8899112377072951 0
      vertex -1.0567862556809806 -0.9923883493732664 5
      vertex -1.0974161854688036 -0.9472642408742787 5
    endloop
  endfacet
  facet normal -0.7141528045224399 -0.6993500956620994 -0.02992015190713521
    outer loop
      vertex -0.9095623426673751 -0.9288144835226444 0
      vertex -1.01430236370231 -1.0357714714916268 5
      vertex -1.0567862556809806 -0.9923883493732664 5
    endloop
  endfacet
  facet normal -0.6842406287360668 -0.7286422623597439 -0.029920151907135213
    outer loop
      vertex -0.8698697882665157 -0.9660882731206125 0
      vertex -0.9700390407154466 -1.0773374984914799 5
      vertex -1.01430236370231 -1.0357714714916268 5
    endloop
  endfacet
  facet normal -0.7701682778588712 -0.6371386099505778 -0.029920151907135217
    outer loop
      vertex -1.0188014945235917 -0.8074921143618036 0
      vertex -0.9840935723472832 -0.8494467851871373 0
      vertex -1.1361208743627893 -0.9004783090142452 5
    endloop
  endfacet
  facet normal -0.7961733052345144 -0.6043284310222405 -0.029920151907135217
    outer loop
      vertex -1.0188014945235917 -0.8074921143618036 0
      vertex -1.1361208743627893 -0.9004783090142452 5
      vertex -1.1728324211866752 -0.8521126322156152 5
    endloop
  endfacet
  facet normal -0.7701682778588699 -0.6371386099505794 -0.029920151907135192
    outer loop
      vertex -0.9840935723472832 -0.8494467851871373 0
      vertex -1.0974161854688036 -0.9472642408742787 5
      vertex -1.1361208743627893 -0.9004783090142452 5
    endloop
  endfacet
  facet normal -0.796173305234512 -0.6043284310222433 -0.02992015190713518
    outer loop
      vertex -1.0517220926874318 -0.7641208279802151 0
      vertex -1.0188014945235917 -0.8074921143618036 0
      vertex -1.1728324211866752 -0.8521126322156152 5
    endloop
  endfacet
  facet normal -0.8207815740912676 -0.5704580546737114 -0.02992015190713522
    outer loop
      vertex -1.0517220926874318 -0.7641208279802151 0
      vertex -1.2074864214126653 -0.802252060310261 5
      vertex -1.0827976129231294 -0.7194090140163473 0
    endloop
  endfacet
  facet normal -0.7428121136189237 -0.6688310312559076 -0.029920151907135185
    outer loop
      vertex -0.9840935723472832 -0.8494467851871373 0
      vertex -0.9476592156478352 -0.8899112377072951 0
      vertex -1.0974161854688036 -0.9472642408742787 5
    endloop
  endfacet
  facet normal -0.71415280452244 -0.6993500956620994 -0.029920151907135213
    outer loop
      vertex -0.9095623426673751 -0.9288144835226444 0
      vertex -1.0567862556809806 -0.9923883493732664 5
      vertex -0.9476592156478352 -0.8899112377072951 0
    endloop
  endfacet
  facet normal -0.6208696874688377 -0.7833425915218717 -0.02992015190713521
    outer loop
      vertex -0.8286511866732965 -1.0016672156085262 0
      vertex -0.7859788493210872 -1.0354888934314552 0
      vertex -0.9240739396296872 -1.117013509437237 5
    endloop
  endfacet
  facet normal -0.6531280623803655 -0.7566561429349025 -0.02992015190713521
    outer loop
      vertex -0.8286511866732965 -1.0016672156085262 0
      vertex -0.9240739396296872 -1.117013509437237 5
      vertex -0.9700390407154466 -1.0773374984914799 5
    endloop
  endfacet
  facet normal -0.6208696874688372 -0.783342591521872 -0.0299201519071352
    outer loop
      vertex -0.7859788493210872 -1.0354888934314552 0
      vertex -0.8764876988513828 -1.1547298991237 5
      vertex -0.9240739396296872 -1.117013509437237 5
    endloop
  endfacet
  facet normal -0.6842406287360671 -0.7286422623597437 -0.029920151907135213
    outer loop
      vertex -0.9095623426673751 -0.9288144835226444 0
      vertex -0.8698697882665157 -0.9660882731206125 0
      vertex -1.01430236370231 -1.0357714714916268 5
    endloop
  endfacet
  facet normal -0.6531280623803655 -0.7566561429349025 -0.029920151907135206
    outer loop
      vertex -0.8286511866732965 -1.0016672156085262 0
      vertex -0.9700390407154466 -1.0773374984914799 5
      vertex -0.8698697882665157 -0.9660882731206125 0
    endloop
  endfacet
  facet normal -0.5875220961525587 -0.8086547910217049 -0.029920151907135192
    outer loop
      vertex -0.7859788493210872 -1.0354888934314552 0
      vertex -0.7419276379897614 -1.0674939718738152 0
      vertex -0.8764876988513828 -1.1547298991237 5
    endloop
  endfacet
  facet normal -0.5531437914382716 -0.8325483352353471 -0.02992015190713517
    outer loop
      vertex -0.7419276379897614 -1.0674939718738152 0
      vertex -0.6965748334726958 -1.0976263031526194 0
      vertex -0.8273638008167721 -1.1904205001872437 5
    endloop
  endfacet
  facet normal -0.9506307207164206 -0.3088786450048504 -0.0299201519071352
    outer loop
      vertex -1.2276892813087255 -0.427526640760158 0
      vertex -1.3690629894281088 -0.47675817470305965 5
      vertex -1.387826648817446 -0.41900956910333303 5
    endloop
  endfacet
  facet normal -0.9627313512436756 -0.2687994230692848 -0.02992015190713522
    outer loop
      vertex -1.2445153467916874 -0.37574133602781334 0
      vertex -1.387826648817446 -0.41900956910333303 5
      vertex -1.4041555886780934 -0.3605258783389902 5
    endloop
  endfacet
  facet normal -0.885806818829043 -0.4630886137941905 -0.029920151907135237
    outer loop
      vertex -1.1391986840570225 -0.62627977633223 0
      vertex -1.2703823187941279 -0.6983985898205107 5
      vertex -1.2985138751734242 -0.6445878855129997 5
    endloop
  endfacet
  facet normal -0.9044219541865203 -0.4255886667843611 -0.029920151907135182
    outer loop
      vertex -1.1644252883112367 -0.5780257329404058 0
      vertex -1.3243673969776866 -0.5896463550218637 5
      vertex -1.1876090949353812 -0.5287576359985403 0
    endloop
  endfacet
  facet normal -0.904421954186521 -0.42558866678435914 -0.029920151907135206
    outer loop
      vertex -1.1644252883112367 -0.5780257329404058 0
      vertex -1.2985138751734242 -0.6445878855129997 5
      vertex -1.3243673969776866 -0.5896463550218637 5
    endloop
  endfacet
  facet normal -0.8656376773121609 -0.4997761460168554 -0.029920151907135234
    outer loop
      vertex -1.1119735382086589 -0.673435112185069 0
      vertex -1.2703823187941279 -0.6983985898205107 5
      vertex -1.1391986840570225 -0.62627977633223 0
    endloop
  endfacet
  facet normal -0.8439499131636108 -0.5355869010543365 -0.02992015190713519
    outer loop
      vertex -1.1119735382086589 -0.673435112185069 0
      vertex -1.0827976129231294 -0.7194090140163473 0
      vertex -1.2400220801488544 -0.7509840656840404 5
    endloop
  endfacet
  facet normal -0.8656376773121592 -0.4997761460168584 -0.029920151907135192
    outer loop
      vertex -1.1119735382086589 -0.673435112185069 0
      vertex -1.2400220801488544 -0.7509840656840404 5
      vertex -1.2703823187941279 -0.6983985898205107 5
    endloop
  endfacet
  facet normal -0.8858068188290421 -0.4630886137941923 -0.029920151907135203
    outer loop
      vertex -1.1391986840570225 -0.62627977633223 0
      vertex -1.2985138751734242 -0.6445878855129997 5
      vertex -1.1644252883112367 -0.5780257329404058 0
    endloop
  endfacet
  facet normal -0.9214504261117107 -0.3873420926369875 -0.029920151907135224
    outer loop
      vertex -1.1876090949353812 -0.5287576359985403 0
      vertex -1.3478975283445849 -0.5336703844608415 5
      vertex -1.2087094316547269 -0.47856191849008123 0
    endloop
  endfacet
  facet normal -0.9214504261117094 -0.38734209263699076 -0.029920151907135182
    outer loop
      vertex -1.1876090949353812 -0.5287576359985403 0
      vertex -1.3243673969776866 -0.5896463550218637 5
      vertex -1.3478975283445849 -0.5336703844608415 5
    endloop
  endfacet
  facet normal -0.9368623608785415 -0.34841598883940345 -0.02992015190713522
    outer loop
      vertex -1.2087094316547269 -0.47856191849008123 0
      vertex -1.3478975283445849 -0.5336703844608415 5
      vertex -1.3690629894281088 -0.47675817470305965 5
    endloop
  endfacet
  facet normal -0.936862360878541 -0.34841598883940494 -0.029920151907135203
    outer loop
      vertex -1.2087094316547269 -0.47856191849008123 0
      vertex -1.3690629894281088 -0.47675817470305965 5
      vertex -1.2276892813087255 -0.427526640760158 0
    endloop
  endfacet
  facet normal -0.9506307207164212 -0.3088786450048491 -0.02992015190713522
    outer loop
      vertex -1.2276892813087255 -0.427526640760158 0
      vertex -1.387826648817446 -0.41900956910333303 5
      vertex -1.2445153467916874 -0.37574133602781334 0
    endloop
  endfacet
  facet normal -0.9731430238425365 -0.22824863560700262 -0.02992015190713519
    outer loop
      vertex -1.2715918809539475 -0.27028519806308715 0
      vertex -1.2591581094672204 -0.3232968533143113 0
      vertex -1.4180211625009242 -0.30140970267652417 5
    endloop
  endfacet
  facet normal -0.9731430238425376 -0.2282486356069985 -0.029920151907135248
    outer loop
      vertex -1.2591581094672204 -0.3232968533143113 0
      vertex -1.4041555886780934 -0.3605258783389902 5
      vertex -1.4180211625009242 -0.30140970267652417 5
    endloop
  endfacet
  facet normal -0.9818474729013577 -0.18729742247845133 -0.029920151907135196
    outer loop
      vertex -1.2715918809539475 -0.27028519806308715 0
      vertex -1.4293990453578997 -0.24176475197585828 5
      vertex -1.2817948481916566 -0.21679937073093283 0
    endloop
  endfacet
  facet normal -0.9818474729013575 -0.18729742247845216 -0.029920151907135192
    outer loop
      vertex -1.2715918809539475 -0.27028519806308715 0
      vertex -1.4180211625009242 -0.30140970267652417 5
      vertex -1.4293990453578997 -0.24176475197585828 5
    endloop
  endfacet
  facet normal -0.9888294278586963 -0.14601762602678262 -0.029920151907135206
    outer loop
      vertex -1.2817948481916566 -0.21679937073093283 0
      vertex -1.4293990453578997 -0.24176475197585828 5
      vertex -1.438269276576258 -0.18169566374801208 5
    endloop
  endfacet
  facet normal -0.9888294278586958 -0.1460176260267849 -0.02992015190713517
    outer loop
      vertex -1.2817948481916566 -0.21679937073093283 0
      vertex -1.438269276576258 -0.18169566374801208 5
      vertex -1.2897491117088213 -0.16293320363359529 0
    endloop
  endfacet
  facet normal -0.9940766399930724 -0.10448166504194631 -0.029920151907135158
    outer loop
      vertex -1.2897491117088213 -0.16293320363359529 0
      vertex -1.4446162947563173 -0.12130781958535106 5
      vertex -1.2954407170243558 -0.1087811963320104 0
    endloop
  endfacet
  facet normal -0.9940766399930725 -0.10448166504194518 -0.02992015190713517
    outer loop
      vertex -1.2897491117088213 -0.16293320363359529 0
      vertex -1.438269276576258 -0.18169566374801208 5
      vertex -1.4446162947563173 -0.12130781958535106 5
    endloop
  endfacet
  facet normal -0.9975799039113892 -0.06276240771351589 -0.029920151907135165
    outer loop
      vertex -1.2954407170243558 -0.1087811963320104 0
      vertex -1.4446162947563173 -0.12130781958535106 5
      vertex -1.4484289650714588 -0.0607071602864626 5
    endloop
  endfacet
  facet normal -0.9975799039113894 -0.06276240771350958 -0.029920151907135234
    outer loop
      vertex -1.2954407170243558 -0.1087811963320104 0
      vertex -1.4484289650714588 -0.0607071602864626 5
      vertex -1.2988596791285159 -0.054438349847959644 0
    endloop
  endfacet
  facet normal -0.9993330736983163 -0.020933043795142693 -0.02992015190713521
    outer loop
      vertex -1.2988596791285159 -0.054438349847959644 0
      vertex -1.4497005988023952 0 5
      vertex -1.3 0 0
    endloop
  endfacet
  facet normal -0.9993330736983164 -0.020933043795140688 -0.02992015190713523
    outer loop
      vertex -1.2988596791285159 -0.054438349847959644 0
      vertex -1.4484289650714588 -0.0607071602864626 5
      vertex -1.4497005988023952 0 5
    endloop
  endfacet
  facet normal -0.962731351243676 -0.26879942306928317 -0.029920151907135237
    outer loop
      vertex -1.2445153467916874 -0.37574133602781334 0
      vertex -1.4041555886780934 -0.3605258783389902 5
      vertex -1.2591581094672204 -0.3232968533143113 0
    endloop
  endfacet
  facet normal 0 0 -1
    outer loop
      vertex -1.1391986840570225 -0.62627977633223 0
      vertex -1.1644252883112367 -0.5780257329404058 0
      vertex -1.1391986840570225 0.62627977633223 0
    endloop
  endfacet
  facet normal 0 0 -1
    outer loop
      vertex -1.2445153467916874 -0.37574133602781334 0
      vertex -1.2591581094672204 -0.3232968533143113 0
      vertex -1.2445153467916874 0.37574133602781334 0
    endloop
  endfacet
  facet normal 0 0 -1
    outer loop
      vertex -1.2276892813087255 -0.427526640760158 0
      vertex -1.2445153467916874 -0.37574133602781334 0
      vertex -1.2276892813087255 0.427526640760158 0
    endloop
  endfacet
  facet normal 0 0 -1
    outer loop
      vertex -1.2715918809539475 -0.27028519806308715 0
      vertex -1.2817948481916566 -0.21679937073093283 0
      vertex -1.2715918809539475 0.27028519806308715 0
    endloop
  endfacet
  facet normal 0 0 -1
    outer loop
      vertex -1.2817948481916566 -0.21679937073093283 0
      vertex -1.2897491117088213 -0.16293320363359529 0
      vertex -1.2817948481916566 0.21679937073093283 0
    endloop
  endfacet
  facet normal 0 0 -1
    outer loop
      vertex -1.2897491117088213 -0.16293320363359529 0
      vertex -1.2954407170243558 -0.1087811963320104 0
      vertex -1.2897491117088213 0.16293320363359529 0
    endloop
  endfacet
  facet normal 0 0 -1
    outer loop
      vertex -1.2954407170243558 -0.1087811963320104 0
      vertex -1.2988596791285159 -0.054438349847959644 0
      vertex -1.2954407170243558 0.1087811963320104 0
    endloop
  endfacet
  facet normal 0 0 -1
    outer loop
      vertex -1.2715918809539475 -0.27028519806308715 0
      vertex -1.2591581094672204 0.3232968533143113 0
      vertex -1.2591581094672204 -0.3232968533143113 0
    endloop
  endfacet
  facet normal 0 0 -1
    outer loop
      vertex -1.2087094316547269 -0.47856191849008123 0
      vertex -1.2276892813087255 -0.427526640760158 0
      vertex -1.2087094316547269 0.47856191849008123 0
    endloop
  endfacet
  facet normal 0 0 -1
    outer loop
      vertex -1.1644252883112367 -0.5780257329404058 0
      vertex -1.1876090949353812 -0.5287576359985403 0
      vertex -1.1644252883112367 0.5780257329404058 0
    endloop
  endfacet
  facet normal 0 0 -1
    outer loop
      vertex -1.1876090949353812 -0.5287576359985403 0
      vertex -1.2087094316547269 -0.47856191849008123 0
      vertex -1.1876090949353812 0.5287576359985403 0
    endloop
  endfacet
  facet normal 0 0 -1
    outer loop
      vertex -1.1119735382086589 -0.673435112185069 0
      vertex -1.1391986840570225 -0.62627977633223 0
      vertex -1.1119735382086589 0.673435112185069 0
    endloop
  endfacet
  facet normal 0 0 -1
    outer loop
      vertex -1.1119735382086589 -0.673435112185069 0
      vertex -1.0827976129231294 0.7194090140163473 0
      vertex -1.0827976129231294 -0.7194090140163473 0
    endloop
  endfacet
  facet normal 0 0 -1
    outer loop
      vertex -1.0517220926874318 -0.7641208279802151 0
      vertex -1.0827976129231294 -0.7194090140163473 0
      vertex -1.0517220926874318 0.7641208279802151 0
    endloop
  endfacet
  facet normal 0 0 -1
    outer loop
      vertex -0.9840935723472832 -0.8494467851871373 0
      vertex -0.9476592156478352 0.8899112377072951 0
      vertex -0.9476592156478352 -0.8899112377072951 0
    endloop
  endfacet
  facet normal 0 0 -1
    outer loop
      vertex -1.0517220926874318 -0.7641208279802151 0
      vertex -1.0188014945235917 0.8074921143618036 0
      vertex -1.0188014945235917 -0.8074921143618036 0
    endloop
  endfacet
  facet normal 0 0 -1
    outer loop
      vertex -1.0188014945235917 -0.8074921143618036 0
      vertex -0.9840935723472832 0.8494467851871373 0
      vertex -0.9840935723472832 -0.8494467851871373 0
    endloop
  endfacet
  facet normal 0 0 -1
    outer loop
      vertex -0.9095623426673751 -0.9288144835226444 0
      vertex -0.9476592156478352 -0.8899112377072951 0
      vertex -0.9095623426673751 0.9288144835226444 0
    endloop
  endfacet
  facet normal 0 0 -1
    outer loop
      vertex -0.9095623426673751 -0.9288144835226444 0
      vertex -0.8698697882665157 0.9660882731206125 0
      vertex -0.8698697882665157 -0.9660882731206125 0
    endloop
  endfacet
  facet normal 0 0 -1
    outer loop
      vertex -0.8286511866732965 -1.0016672156085262 0
      vertex -0.7859788493210873 1.0354888934314552 0
      vertex -0.7859788493210872 -1.0354888934314552 0
    endloop
  endfacet
  facet normal 0 0 -1
    outer loop
      vertex -0.8286511866732965 -1.0016672156085262 0
      vertex -0.8698697882665157 -0.9660882731206125 0
      vertex -0.8286511866732965 1.0016672156085262 0
    endloop
  endfacet
  facet normal 0 0 -1
    outer loop
      vertex -0.7859788493210872 -1.0354888934314552 0
      vertex -0.7419276379897611 1.0674939718738152 0
      vertex -0.7419276379897614 -1.0674939718738152 0
    endloop
  endfacet
  facet normal -0.48153798914403617 -0.8759143505622978 -0.029920151907135237
    outer loop
      vertex -0.6022848456558201 -1.1520646530005791 0
      vertex -0.6716405395360389 -1.284729859472318 5
      vertex -0.7248502994011976 -1.2554775464443866 5
    endloop
  endfacet
  facet normal -0.5177950845542825 -0.8549813067671582 -0.029920151907135248
    outer loop
      vertex -0.6965748334726958 -1.0976263031526194 0
      vertex -0.65 -1.12583302491977 0
      vertex -0.7767884255354198 -1.2240226991858554 5
    endloop
  endfacet
  facet normal -0.4815379891440337 -0.8759143505622992 -0.0299201519071352
    outer loop
      vertex -0.65 -1.12583302491977 0
      vertex -0.6022848456558201 -1.1520646530005791 0
      vertex -0.7248502994011976 -1.2554775464443866 5
    endloop
  endfacet
  facet normal -0.5177950845542795 -0.8549813067671599 -0.0299201519071352
    outer loop
      vertex -0.65 -1.12583302491977 0
      vertex -0.7248502994011976 -1.2554775464443866 5
      vertex -0.7767884255354198 -1.2240226991858554 5
    endloop
  endfacet
  facet normal -0.44443611247311415 -0.8953107429488599 -0.02992015190713521
    outer loop
      vertex -0.5535130790345942 -1.1762751682058254 0
      vertex -0.6172524939395451 -1.3117283197725949 5
      vertex -0.6716405395360389 -1.284729859472318 5
    endloop
  endfacet
  facet normal -0.4444361124731164 -0.8953107429488587 -0.02992015190713524
    outer loop
      vertex -0.6022848456558201 -1.1520646530005791 0
      vertex -0.5535130790345942 -1.1762751682058254 0
      vertex -0.6716405395360389 -1.284729859472318 5
    endloop
  endfacet
  facet normal -0.328719410520994 -0.9439535654133545 -0.029920151907135213
    outer loop
      vertex -0.40172209268743164 -1.2363734711836996 0
      vertex -0.44798212178547764 -1.378747201168004 5
      vertex -0.5053251057282124 -1.3587782614130952 5
    endloop
  endfacet
  facet normal -0.2889023951064713 -0.9568908979667422 -0.02992015190713522
    outer loop
      vertex -0.3495957667998453 -1.2521113368369556 0
      vertex -0.38985322497578323 -1.396297349830617 5
      vertex -0.44798212178547764 -1.378747201168004 5
    endloop
  endfacet
  facet normal -0.4065545438405154 -0.9131364560636512 -0.029920151907135213
    outer loop
      vertex -0.5535130790345942 -1.1762751682058254 0
      vertex -0.5037702623877341 -1.1984220970650505 0
      vertex -0.6172524939395451 -1.3117283197725949 5
    endloop
  endfacet
  facet normal -0.3679597403898586 -0.9293602175486542 -0.02992015190713523
    outer loop
      vertex -0.5037702623877341 -1.1984220970650505 0
      vertex -0.4531436615183599 -1.218466586339459 0
      vertex -0.5617815777248754 -1.3364255628717123 5
    endloop
  endfacet
  facet normal -0.4065545438405169 -0.9131364560636506 -0.029920151907135224
    outer loop
      vertex -0.5037702623877341 -1.1984220970650505 0
      vertex -0.5617815777248754 -1.3364255628717123 5
      vertex -0.6172524939395451 -1.3117283197725949 5
    endloop
  endfacet
  facet normal -0.3679597403898537 -0.9293602175486562 -0.029920151907135175
    outer loop
      vertex -0.4531436615183599 -1.218466586339459 0
      vertex -0.5053251057282124 -1.3587782614130952 5
      vertex -0.5617815777248754 -1.3364255628717123 5
    endloop
  endfacet
  facet normal -0.3287194105209897 -0.943953565413356 -0.029920151907135165
    outer loop
      vertex -0.4531436615183599 -1.218466586339459 0
      vertex -0.40172209268743164 -1.2363734711836996 0
      vertex -0.5053251057282124 -1.3587782614130952 5
    endloop
  endfacet
  facet normal -0.28890239510647125 -0.9568908979667422 -0.029920151907135217
    outer loop
      vertex -0.40172209268743164 -1.2363734711836996 0
      vertex -0.3495957667998453 -1.2521113368369556 0
      vertex -0.44798212178547764 -1.378747201168004 5
    endloop
  endfacet
  facet normal -0.2078186070974964 -0.9777096762607549 -0.02992015190713523
    outer loop
      vertex -0.24359570896144228 -1.2769734259472951 0
      vertex -0.33104039313646527 -1.4113979184765995 5
      vertex -0.2968561311438522 -1.2656525737351083 0
    endloop
  endfacet
  facet normal -0.2485785467212363 -0.9681495187313848 -0.02992015190713523
    outer loop
      vertex -0.2968561311438522 -1.2656525737351083 0
      vertex -0.33104039313646527 -1.4113979184765995 5
      vertex -0.38985322497578323 -1.396297349830617 5
    endloop
  endfacet
  facet normal -0.20781860709749664 -0.9777096762607548 -0.029920151907135234
    outer loop
      vertex -0.24359570896144228 -1.2769734259472951 0
      vertex -0.27164680395930524 -1.4240224155773384 5
      vertex -0.33104039313646527 -1.4113979184765995 5
    endloop
  endfacet
  facet normal -0.16669408301967029 -0.9855545987899834 -0.029920151907135244
    outer loop
      vertex -0.24359570896144228 -1.2769734259472951 0
      vertex -0.18990793713113457 -1.2860540328518848 0
      vertex -0.27164680395930524 -1.4240224155773384 5
    endloop
  endfacet
  facet normal -0.16669408301966893 -0.9855545987899836 -0.02992015190713523
    outer loop
      vertex -0.18990793713113457 -1.2860540328518848 0
      vertex -0.21177665398179493 -1.4341486934750867 5
      vertex -0.27164680395930524 -1.4240224155773384 5
    endloop
  endfacet
  facet normal -0.24857854672123492 -0.9681495187313851 -0.029920151907135217
    outer loop
      vertex -0.3495957667998453 -1.2521113368369556 0
      vertex -0.2968561311438522 -1.2656525737351083 0
      vertex -0.38985322497578323 -1.396297349830617 5
    endloop
  endfacet
  facet normal -0.1252771208771998 -0.9916705236592309 -0.02992015190713522
    outer loop
      vertex -0.18990793713113457 -1.2860540328518848 0
      vertex -0.13588700224794953 -1.2928784639787554 0
      vertex -0.21177665398179493 -1.4341486934750867 5
    endloop
  endfacet
  facet normal -0.08364038009525508 -0.9960467214580725 -0.029920151907135227
    outer loop
      vertex -0.13588700224794953 -1.2928784639787554 0
      vertex -0.08162767538810789 -1.297434746956753 0
      vertex -0.1515349757910114 -1.441758987237479 5
    endloop
  endfacet
  facet normal -0.12527712087719978 -0.9916705236592309 -0.02992015190713522
    outer loop
      vertex -0.13588700224794953 -1.2928784639787554 0
      vertex -0.1515349757910114 -1.441758987237479 5
      vertex -0.21177665398179493 -1.4341486934750867 5
    endloop
  endfacet
  facet normal -0.08364038009525089 -0.9960467214580729 -0.029920151907135182
    outer loop
      vertex -0.08162767538810789 -1.297434746956753 0
      vertex -0.09102745376075964 -1.4468399458232606 5
      vertex -0.1515349757910114 -1.441758987237479 5
    endloop
  endfacet
  facet normal -0.041856905665429496 -0.9986755148485263 -0.029920151907135175
    outer loop
      vertex -0.08162767538810789 -1.297434746956753 0
      vertex -0.027225145848363788 -1.299714888517299 0
      vertex -0.09102745376075964 -1.4468399458232606 5
    endloop
  endfacet
  facet normal 0 -0.9995522920337154 -0.02992015190713523
    outer loop
      vertex -0.027225145848363788 -1.299714888517299 0
      vertex 0.027225145848363788 -1.299714888517299 0
      vertex -0.030360238645273478 -1.4493826555045515 5
    endloop
  endfacet
  facet normal -0.041856905665434235 -0.9986755148485261 -0.02992015190713523
    outer loop
      vertex -0.027225145848363788 -1.299714888517299 0
      vertex -0.030360238645273478 -1.4493826555045515 5
      vertex -0.09102745376075964 -1.4468399458232606 5
    endloop
  endfacet
  facet normal 0 0 -1
    outer loop
      vertex -0.65 -1.12583302491977 0
      vertex -0.6022848456558201 1.1520646530005791 0
      vertex -0.6022848456558201 -1.1520646530005791 0
    endloop
  endfacet
  facet normal 0 0 -1
    outer loop
      vertex -0.6022848456558201 -1.1520646530005791 0
      vertex -0.5535130790345946 1.1762751682058254 0
      vertex -0.5535130790345942 -1.1762751682058254 0
    endloop
  endfacet
  facet normal 0 0 -1
    outer loop
      vertex -0.5535130790345942 -1.1762751682058254 0
      vertex -0.5037702623877338 1.1984220970650508 0
      vertex -0.5037702623877341 -1.1984220970650505 0
    endloop
  endfacet
  facet normal 0 0 -1
    outer loop
      vertex -0.5037702623877341 -1.1984220970650505 0
      vertex -0.4531436615183599 1.218466586339459 0
      vertex -0.4531436615183599 -1.218466586339459 0
    endloop
  endfacet
  facet normal 0 0 -1
    outer loop
      vertex -0.4531436615183599 -1.218466586339459 0
      vertex -0.40172209268743164 1.2363734711836996 0
      vertex -0.40172209268743164 -1.2363734711836996 0
    endloop
  endfacet
  facet normal 0 0 -1
    outer loop
      vertex -0.7419276379897614 -1.0674939718738152 0
      vertex -0.6965748334726958 1.0976263031526194 0
      vertex -0.6965748334726958 -1.0976263031526194 0
    endloop
  endfacet
  facet normal 0 0 -1
    outer loop
      vertex -0.6965748334726958 -1.0976263031526194 0
      vertex -0.65 1.12583302491977 0
      vertex -0.65 -1.12583302491977 0
    endloop
  endfacet
  facet normal 0 0 -1
    outer loop
      vertex -0.40172209268743164 -1.2363734711836996 0
      vertex -0.3495957667998453 1.2521113368369556 0
      vertex -0.3495957667998453 -1.2521113368369556 0
    endloop
  endfacet
  facet normal 0 0 -1
    outer loop
      vertex -0.3495957667998453 -1.2521113368369556 0
      vertex -0.2968561311438525 1.2656525737351083 0
      vertex -0.2968561311438522 -1.2656525737351083 0
    endloop
  endfacet
  facet normal 0 0 -1
    outer loop
      vertex -0.24359570896144228 -1.2769734259472951 0
      vertex -0.2968561311438522 -1.2656525737351083 0
      vertex -0.24359570896144195 1.2769734259472953 0
    endloop
  endfacet
  facet normal 0 0 -1
    outer loop
      vertex -0.24359570896144228 -1.2769734259472951 0
      vertex -0.1899079371311352 1.2860540328518848 0
      vertex -0.18990793713113457 -1.2860540328518848 0
    endloop
  endfacet
  facet normal 0 0 -1
    outer loop
      vertex -0.18990793713113457 -1.2860540328518848 0
      vertex -0.13588700224794953 1.2928784639787554 0
      vertex -0.13588700224794953 -1.2928784639787554 0
    endloop
  endfacet
  facet normal 0 0 -1
    outer loop
      vertex -0.13588700224794953 -1.2928784639787554 0
      vertex -0.08162767538810727 1.297434746956753 0
      vertex -0.08162767538810789 -1.297434746956753 0
    endloop
  endfacet
  facet normal 0 0 -1
    outer loop
      vertex -0.08162767538810789 -1.297434746956753 0
      vertex -0.027225145848364114 1.299714888517299 0
      vertex -0.027225145848363788 -1.299714888517299 0
    endloop
  endfacet
  facet normal -0.9993330736983163 0.020933043795142693 -0.029920151907135234
    outer loop
      vertex -1.3 0 0
      vertex -1.4484289650714588 0.0607071602864626 5
      vertex -1.2988596791285159 0.054438349847959644 0
    endloop
  endfacet
  facet normal -0.9993330736983164 0.020933043795140688 -0.029920151907135213
    outer loop
      vertex -1.3 0 0
      vertex -1.4497005988023952 0 5
      vertex -1.4484289650714588 0.0607071602864626 5
    endloop
  endfacet
  facet normal -0.997579903911389 0.06276240771351589 -0.029920151907135237
    outer loop
      vertex -1.2988596791285159 0.054438349847959644 0
      vertex -1.4484289650714588 0.0607071602864626 5
      vertex -1.4446162947563173 0.12130781958535106 5
    endloop
  endfacet
  facet normal -0.9975799039113894 0.06276240771350958 -0.029920151907135158
    outer loop
      vertex -1.2988596791285159 0.054438349847959644 0
      vertex -1.4446162947563173 0.12130781958535106 5
      vertex -1.2954407170243558 0.1087811963320104 0
    endloop
  endfacet
  facet normal -0.9940766399930724 0.10448166504194631 -0.029920151907135175
    outer loop
      vertex -1.2954407170243558 0.1087811963320104 0
      vertex -1.438269276576258 0.18169566374801208 5
      vertex -1.2897491117088213 0.16293320363359529 0
    endloop
  endfacet
  facet normal -0.9940766399930725 0.10448166504194518 -0.02992015190713516
    outer loop
      vertex -1.2954407170243558 0.1087811963320104 0
      vertex -1.4446162947563173 0.12130781958535106 5
      vertex -1.438269276576258 0.18169566374801208 5
    endloop
  endfacet
  facet normal -0.9888294278586958 0.1460176260267849 -0.029920151907135203
    outer loop
      vertex -1.2897491117088213 0.16293320363359529 0
      vertex -1.4293990453578997 0.24176475197585828 5
      vertex -1.2817948481916566 0.21679937073093283 0
    endloop
  endfacet
  facet normal -0.9818474729013577 0.18729742247845133 -0.029920151907135192
    outer loop
      vertex -1.2817948481916566 0.21679937073093283 0
      vertex -1.4180211625009242 0.30140970267652417 5
      vertex -1.2715918809539475 0.27028519806308715 0
    endloop
  endfacet
  facet normal -0.9888294278586963 0.1460176260267826 -0.02992015190713518
    outer loop
      vertex -1.2897491117088213 0.16293320363359529 0
      vertex -1.438269276576258 0.18169566374801208 5
      vertex -1.4293990453578997 0.24176475197585828 5
    endloop
  endfacet
  facet normal -0.9818474729013575 0.18729742247845216 -0.029920151907135203
    outer loop
      vertex -1.2817948481916566 0.21679937073093283 0
      vertex -1.4293990453578997 0.24176475197585828 5
      vertex -1.4180211625009242 0.30140970267652417 5
    endloop
  endfacet
  facet normal -0.9731430238425376 0.2282486356069985 -0.029920151907135203
    outer loop
      vertex -1.2715918809539475 0.27028519806308715 0
      vertex -1.4180211625009242 0.30140970267652417 5
      vertex -1.4041555886780934 0.3605258783389902 5
    endloop
  endfacet
  facet normal -0.9627313512436756 0.2687994230692848 -0.029920151907135244
    outer loop
      vertex -1.2591581094672204 0.3232968533143113 0
      vertex -1.4041555886780934 0.3605258783389902 5
      vertex -1.387826648817446 0.41900956910333303 5
    endloop
  endfacet
  facet normal 0 0 -1
    outer loop
      vertex -1.2988596791285159 -0.054438349847959644 0
      vertex -1.3 0 0
      vertex -1.2988596791285159 0.054438349847959644 0
    endloop
  endfacet
  facet normal 0 0 -1
    outer loop
      vertex -1.2988596791285159 -0.054438349847959644 0
      vertex -1.2988596791285159 0.054438349847959644 0
      vertex -1.2954407170243558 0.1087811963320104 0
    endloop
  endfacet
  facet normal 0 0 -1
    outer loop
      vertex -1.2954407170243558 -0.1087811963320104 0
      vertex -1.2954407170243558 0.1087811963320104 0
      vertex -1.2897491117088213 0.16293320363359529 0
    endloop
  endfacet
  facet normal 0 0 -1
    outer loop
      vertex -1.2897491117088213 -0.16293320363359529 0
      vertex -1.2897491117088213 0.16293320363359529 0
      vertex -1.2817948481916566 0.21679937073093283 0
    endloop
  endfacet
  facet normal 0 0 -1
    outer loop
      vertex -1.2817948481916566 -0.21679937073093283 0
      vertex -1.2817948481916566 0.21679937073093283 0
      vertex -1.2715918809539475 0.27028519806308715 0
    endloop
  endfacet
  facet normal 0 0 -1
    outer loop
      vertex -1.2715918809539475 -0.27028519806308715 0
      vertex -1.2715918809539475 0.27028519806308715 0
      vertex -1.2591581094672204 0.3232968533143113 0
    endloop
  endfacet
  facet normal 0 0 -1
    outer loop
      vertex -1.2591581094672204 -0.3232968533143113 0
      vertex -1.2591581094672204 0.3232968533143113 0
      vertex -1.2445153467916874 0.37574133602781334 0
    endloop
  endfacet
  facet normal 0 0 -1
    outer loop
      vertex -1.2445153467916874 -0.37574133602781334 0
      vertex -1.2445153467916874 0.37574133602781334 0
      vertex -1.2276892813087255 0.427526640760158 0
    endloop
  endfacet
  facet normal 0 0 -1
    outer loop
      vertex -1.2276892813087255 -0.427526640760158 0
      vertex -1.2276892813087255 0.427526640760158 0
      vertex -1.2087094316547269 0.47856191849008123 0
    endloop
  endfacet
  facet normal 0 0 -1
    outer loop
      vertex -1.2087094316547269 -0.47856191849008123 0
      vertex -1.2087094316547269 0.47856191849008123 0
      vertex -1.1876090949353812 0.5287576359985403 0
    endloop
  endfacet
  facet normal -0.9731430238425365 0.22824863560700262 -0.02992015190713524
    outer loop
      vertex -1.2715918809539475 0.27028519806308715 0
      vertex -1.4041555886780934 0.3605258783389902 5
      vertex -1.2591581094672204 0.3232968533143113 0
    endloop
  endfacet
  facet normal -0.962731351243676 0.26879942306928317 -0.029920151907135217
    outer loop
      vertex -1.2591581094672204 0.3232968533143113 0
      vertex -1.387826648817446 0.41900956910333303 5
      vertex -1.2445153467916874 0.37574133602781334 0
    endloop
  endfacet
  facet normal 0 0 -1
    outer loop
      vertex -1.1876090949353812 -0.5287576359985403 0
      vertex -1.1876090949353812 0.5287576359985403 0
      vertex -1.1644252883112367 0.5780257329404058 0
    endloop
  endfacet
  facet normal 0 0 -1
    outer loop
      vertex -1.1644252883112367 -0.5780257329404058 0
      vertex -1.1644252883112367 0.5780257329404058 0
      vertex -1.1391986840570225 0.62627977633223 0
    endloop
  endfacet
  facet normal 0 0 -1
    outer loop
      vertex -1.1391986840570225 -0.62627977633223 0
      vertex -1.1391986840570225 0.62627977633223 0
      vertex -1.1119735382086589 0.673435112185069 0
    endloop
  endfacet
  facet normal -0.9506307207164209 0.3088786450048504 -0.029920151907135217
    outer loop
      vertex -1.2445153467916874 0.37574133602781334 0
      vertex -1.387826648817446 0.41900956910333303 5
      vertex -1.3690629894281088 0.47675817470305965 5
    endloop
  endfacet
  facet normal -0.9368623608785415 0.34841598883940345 -0.02992015190713521
    outer loop
      vertex -1.2276892813087255 0.427526640760158 0
      vertex -1.3690629894281088 0.47675817470305965 5
      vertex -1.3478975283445849 0.5336703844608415 5
    endloop
  endfacet
  facet normal -0.9506307207164212 0.3088786450048491 -0.029920151907135206
    outer loop
      vertex -1.2445153467916874 0.37574133602781334 0
      vertex -1.3690629894281088 0.47675817470305965 5
      vertex -1.2276892813087255 0.427526640760158 0
    endloop
  endfacet
  facet normal -0.936862360878541 0.34841598883940494 -0.029920151907135224
    outer loop
      vertex -1.2276892813087255 0.427526640760158 0
      vertex -1.3478975283445849 0.5336703844608415 5
      vertex -1.2087094316547269 0.47856191849008123 0
    endloop
  endfacet
  facet normal -0.9214504261117107 0.3873420926369875 -0.02992015190713518
    outer loop
      vertex -1.2087094316547269 0.47856191849008123 0
      vertex -1.3243673969776866 0.5896463550218637 5
      vertex -1.1876090949353812 0.5287576359985403 0
    endloop
  endfacet
  facet normal -0.9214504261117094 0.38734209263699076 -0.02992015190713522
    outer loop
      vertex -1.2087094316547269 0.47856191849008123 0
      vertex -1.3478975283445849 0.5336703844608415 5
      vertex -1.3243673969776866 0.5896463550218637 5
    endloop
  endfacet
  facet normal -0.904421954186521 0.42558866678435914 -0.029920151907135182
    outer loop
      vertex -1.1876090949353812 0.5287576359985403 0
      vertex -1.3243673969776866 0.5896463550218637 5
      vertex -1.2985138751734242 0.6445878855129997 5
    endloop
  endfacet
  facet normal -0.885806818829043 0.4630886137941905 -0.029920151907135206
    outer loop
      vertex -1.1644252883112367 0.5780257329404058 0
      vertex -1.2985138751734242 0.6445878855129997 5
      vertex -1.2703823187941279 0.6983985898205107 5
    endloop
  endfacet
  facet normal -0.9044219541865203 0.4255886667843611 -0.02992015190713521
    outer loop
      vertex -1.1876090949353812 0.5287576359985403 0
      vertex -1.2985138751734242 0.6445878855129997 5
      vertex -1.1644252883112367 0.5780257329404058 0
    endloop
  endfacet
  facet normal -0.8858068188290421 0.4630886137941923 -0.029920151907135227
    outer loop
      vertex -1.1644252883112367 0.5780257329404058 0
      vertex -1.2703823187941279 0.6983985898205107 5
      vertex -1.1391986840570225 0.62627977633223 0
    endloop
  endfacet
  facet normal -0.8656376773121609 0.4997761460168554 -0.02992015190713519
    outer loop
      vertex -1.1391986840570225 0.62627977633223 0
      vertex -1.2400220801488544 0.7509840656840404 5
      vertex -1.1119735382086589 0.673435112185069 0
    endloop
  endfacet
  facet normal -0.8439499131636108 0.5355869010543365 -0.02992015190713522
    outer loop
      vertex -1.1119735382086589 0.673435112185069 0
      vertex -1.2074864214126653 0.802252060310261 5
      vertex -1.0827976129231294 0.7194090140163473 0
    endloop
  endfacet
  facet normal -0.8656376773121592 0.4997761460168584 -0.029920151907135227
    outer loop
      vertex -1.1391986840570225 0.62627977633223 0
      vertex -1.2703823187941279 0.6983985898205107 5
      vertex -1.2400220801488544 0.7509840656840404 5
    endloop
  endfacet
  facet normal -0.8439499131636122 0.5355869010543344 -0.029920151907135196
    outer loop
      vertex -1.1119735382086589 0.673435112185069 0
      vertex -1.2400220801488544 0.7509840656840404 5
      vertex -1.2074864214126653 0.802252060310261 5
    endloop
  endfacet
  facet normal 0 0 -1
    outer loop
      vertex -1.1119735382086589 -0.673435112185069 0
      vertex -1.1119735382086589 0.673435112185069 0
      vertex -1.0827976129231294 0.7194090140163473 0
    endloop
  endfacet
  facet normal 0 0 -1
    outer loop
      vertex -1.0827976129231294 -0.7194090140163473 0
      vertex -1.0827976129231294 0.7194090140163473 0
      vertex -1.0517220926874318 0.7641208279802151 0
    endloop
  endfacet
  facet normal 0 0 -1
    outer loop
      vertex -1.0517220926874318 -0.7641208279802151 0
      vertex -1.0517220926874318 0.7641208279802151 0
      vertex -1.0188014945235917 0.8074921143618036 0
    endloop
  endfacet
  facet normal 0 0 -1
    outer loop
      vertex -1.0188014945235917 -0.8074921143618036 0
      vertex -1.0188014945235917 0.8074921143618036 0
      vertex -0.9840935723472832 0.8494467851871373 0
    endloop
  endfacet
  facet normal 0 0 -1
    outer loop
      vertex -0.9840935723472832 -0.8494467851871373 0
      vertex -0.9840935723472832 0.8494467851871373 0
      vertex -0.9476592156478352 0.8899112377072951 0
    endloop
  endfacet
  facet normal 0 0 -1
    outer loop
      vertex -0.9476592156478352 -0.8899112377072951 0
      vertex -0.9476592156478352 0.8899112377072951 0
      vertex -0.9095623426673751 0.9288144835226444 0
    endloop
  endfacet
  facet normal 0 0 -1
    outer loop
      vertex -0.9095623426673751 -0.9288144835226444 0
      vertex -0.9095623426673751 0.9288144835226444 0
      vertex -0.8698697882665157 0.9660882731206125 0
    endloop
  endfacet
  facet normal 0 0 -1
    outer loop
      vertex -0.8698697882665157 -0.9660882731206125 0
      vertex -0.8698697882665157 0.9660882731206125 0
      vertex -0.8286511866732965 1.0016672156085262 0
    endloop
  endfacet
  facet normal 0 0 -1
    outer loop
      vertex -0.8286511866732965 -1.0016672156085262 0
      vertex -0.8286511866732965 1.0016672156085262 0
      vertex -0.7859788493210873 1.0354888934314552 0
    endloop
  endfacet
  facet normal 0 0 -1
    outer loop
      vertex -0.7859788493210872 -1.0354888934314552 0
      vertex -0.7859788493210873 1.0354888934314552 0
      vertex -0.7419276379897611 1.0674939718738152 0
    endloop
  endfacet
  facet normal -0.8207815740912655 0.5704580546737142 -0.02992015190713522
    outer loop
      vertex -1.0827976129231294 0.7194090140163473 0
      vertex -1.2074864214126653 0.802252060310261 5
      vertex -1.1728324211866752 0.8521126322156152 5
    endloop
  endfacet
  facet normal -0.8207815740912676 0.5704580546737114 -0.029920151907135182
    outer loop
      vertex -1.0827976129231294 0.7194090140163473 0
      vertex -1.1728324211866752 0.8521126322156152 5
      vertex -1.0517220926874318 0.7641208279802151 0
    endloop
  endfacet
  facet normal -0.796173305234512 0.6043284310222433 -0.029920151907135217
    outer loop
      vertex -1.0517220926874318 0.7641208279802151 0
      vertex -1.1361208743627893 0.9004783090142452 5
      vertex -1.0188014945235917 0.8074921143618036 0
    endloop
  endfacet
  facet normal -0.7961733052345144 0.6043284310222405 -0.02992015190713518
    outer loop
      vertex -1.0517220926874318 0.7641208279802151 0
      vertex -1.1728324211866752 0.8521126322156152 5
      vertex -1.1361208743627893 0.9004783090142452 5
    endloop
  endfacet
  facet normal -0.7701682778588712 0.6371386099505778 -0.029920151907135192
    outer loop
      vertex -1.0188014945235917 0.8074921143618036 0
      vertex -1.0974161854688036 0.9472642408742787 5
      vertex -0.9840935723472832 0.8494467851871373 0
    endloop
  endfacet
  facet normal -0.7701682778588699 0.6371386099505794 -0.02992015190713521
    outer loop
      vertex -1.0188014945235917 0.8074921143618036 0
      vertex -1.1361208743627893 0.9004783090142452 5
      vertex -1.0974161854688036 0.9472642408742787 5
    endloop
  endfacet
  facet normal -0.742812113618925 0.6688310312559065 -0.0299201519071352
    outer loop
      vertex -0.9840935723472832 0.8494467851871373 0
      vertex -1.0974161854688036 0.9472642408742787 5
      vertex -1.0567862556809806 0.9923883493732664 5
    endloop
  endfacet
  facet normal -0.7428121136189237 0.6688310312559076 -0.029920151907135213
    outer loop
      vertex -0.9840935723472832 0.8494467851871373 0
      vertex -1.0567862556809806 0.9923883493732664 5
      vertex -0.9476592156478352 0.8899112377072951 0
    endloop
  endfacet
  facet normal -0.71415280452244 0.6993500956620994 -0.029920151907135213
    outer loop
      vertex -0.9476592156478352 0.8899112377072951 0
      vertex -1.01430236370231 1.0357714714916268 5
      vertex -0.9095623426673751 0.9288144835226444 0
    endloop
  endfacet
  facet normal -0.7141528045224399 0.6993500956620994 -0.02992015190713521
    outer loop
      vertex -0.9476592156478352 0.8899112377072951 0
      vertex -1.0567862556809806 0.9923883493732664 5
      vertex -1.01430236370231 1.0357714714916268 5
    endloop
  endfacet
  facet normal -0.6842406287360668 0.7286422623597439 -0.029920151907135213
    outer loop
      vertex -0.9095623426673751 0.9288144835226444 0
      vertex -1.01430236370231 1.0357714714916268 5
      vertex -0.9700390407154466 1.0773374984914799 5
    endloop
  endfacet
  facet normal -0.6842406287360671 0.7286422623597437 -0.029920151907135206
    outer loop
      vertex -0.9095623426673751 0.9288144835226444 0
      vertex -0.9700390407154466 1.0773374984914799 5
      vertex -0.8698697882665157 0.9660882731206125 0
    endloop
  endfacet
  facet normal -0.6531280623803655 0.7566561429349025 -0.029920151907135206
    outer loop
      vertex -0.8698697882665157 0.9660882731206125 0
      vertex -0.9240739396296872 1.117013509437237 5
      vertex -0.8286511866732965 1.0016672156085262 0
    endloop
  endfacet
  facet normal -0.6531280623803655 0.7566561429349025 -0.02992015190713521
    outer loop
      vertex -0.8698697882665157 0.9660882731206125 0
      vertex -0.9700390407154466 1.0773374984914799 5
      vertex -0.9240739396296872 1.117013509437237 5
    endloop
  endfacet
  facet normal -0.620869687468838 0.7833425915218712 -0.029920151907135203
    outer loop
      vertex -0.8286511866732965 1.0016672156085262 0
      vertex -0.9240739396296872 1.117013509437237 5
      vertex -0.8764876988513829 1.1547298991237 5
    endloop
  endfacet
  facet normal -0.6208696874688386 0.7833425915218707 -0.029920151907135196
    outer loop
      vertex -0.8286511866732965 1.0016672156085262 0
      vertex -0.8764876988513829 1.1547298991237 5
      vertex -0.7859788493210873 1.0354888934314552 0
    endloop
  endfacet
  facet normal -0.5875220961525558 0.8086547910217071 -0.02992015190713519
    outer loop
      vertex -0.7859788493210873 1.0354888934314552 0
      vertex -0.8273638008167717 1.1904205001872439 5
      vertex -0.7419276379897611 1.0674939718738152 0
    endloop
  endfacet
  facet normal -0.5875220961525558 0.8086547910217073 -0.029920151907135196
    outer loop
      vertex -0.7859788493210873 1.0354888934314552 0
      vertex -0.8764876988513829 1.1547298991237 5
      vertex -0.8273638008167717 1.1904205001872439 5
    endloop
  endfacet
  facet normal -0.5531437914382772 0.8325483352353434 -0.029920151907135196
    outer loop
      vertex -0.7419276379897611 1.0674939718738152 0
      vertex -0.8273638008167717 1.1904205001872439 5
      vertex -0.7767884255354198 1.2240226991858554 5
    endloop
  endfacet
  facet normal 0 0 -1
    outer loop
      vertex -0.7419276379897614 -1.0674939718738152 0
      vertex -0.7419276379897611 1.0674939718738152 0
      vertex -0.6965748334726958 1.0976263031526194 0
    endloop
  endfacet
  facet normal 0 0 -1
    outer loop
      vertex -0.6965748334726958 -1.0976263031526194 0
      vertex -0.6965748334726958 1.0976263031526194 0
      vertex -0.65 1.12583302491977 0
    endloop
  endfacet
  facet normal 0 0 -1
    outer loop
      vertex -0.65 -1.12583302491977 0
      vertex -0.65 1.12583302491977 0
      vertex -0.6022848456558201 1.1520646530005791 0
    endloop
  endfacet
  facet normal 0 0 -1
    outer loop
      vertex -0.6022848456558201 -1.1520646530005791 0
      vertex -0.6022848456558201 1.1520646530005791 0
      vertex -0.5535130790345946 1.1762751682058254 0
    endloop
  endfacet
  facet normal 0 0 -1
    outer loop
      vertex -0.5535130790345942 -1.1762751682058254 0
      vertex -0.5535130790345946 1.1762751682058254 0
      vertex -0.5037702623877338 1.1984220970650508 0
    endloop
  endfacet
  facet normal 0 0 -1
    outer loop
      vertex -0.5037702623877341 -1.1984220970650505 0
      vertex -0.5037702623877338 1.1984220970650508 0
      vertex -0.4531436615183599 1.218466586339459 0
    endloop
  endfacet
  facet normal 0 0 -1
    outer loop
      vertex -0.4531436615183599 -1.218466586339459 0
      vertex -0.4531436615183599 1.218466586339459 0
      vertex -0.40172209268743164 1.2363734711836996 0
    endloop
  endfacet
  facet normal 0 0 -1
    outer loop
      vertex -0.40172209268743164 -1.2363734711836996 0
      vertex -0.40172209268743164 1.2363734711836996 0
      vertex -0.3495957667998453 1.2521113368369556 0
    endloop
  endfacet
  facet normal 0 0 -1
    outer loop
      vertex -0.3495957667998453 -1.2521113368369556 0
      vertex -0.3495957667998453 1.2521113368369556 0
      vertex -0.2968561311438525 1.2656525737351083 0
    endloop
  endfacet
  facet normal 0 0 -1
    outer loop
      vertex -0.2968561311438522 -1.2656525737351083 0
      vertex -0.2968561311438525 1.2656525737351083 0
      vertex -0.24359570896144195 1.2769734259472953 0
    endloop
  endfacet
  facet normal 0 0 -1
    outer loop
      vertex -0.24359570896144228 -1.2769734259472951 0
      vertex -0.24359570896144195 1.2769734259472953 0
      vertex -0.1899079371311352 1.2860540328518848 0
    endloop
  endfacet
  facet normal 0 0 -1
    outer loop
      vertex -0.18990793713113457 -1.2860540328518848 0
      vertex -0.1899079371311352 1.2860540328518848 0
      vertex -0.13588700224794953 1.2928784639787554 0
    endloop
  endfacet
  facet normal 0 0 -1
    outer loop
      vertex -0.13588700224794953 -1.2928784639787554 0
      vertex -0.13588700224794953 1.2928784639787554 0
      vertex -0.08162767538810727 1.297434746956753 0
    endloop
  endfacet
  facet normal 0 0 -1
    outer loop
      vertex -0.08162767538810789 -1.297434746956753 0
      vertex -0.08162767538810727 1.297434746956753 0
      vertex -0.027225145848364114 1.299714888517299 0
    endloop
  endfacet
  facet normal 0 0 -1
    outer loop
      vertex -0.027225145848363788 -1.299714888517299 0
      vertex -0.027225145848364114 1.299714888517299 0
      vertex 0.027225145848364114 1.299714888517299 0
    endloop
  endfacet
  facet normal -0.5531437914382734 0.8325483352353458 -0.029920151907135244
    outer loop
      vertex -0.7419276379897611 1.0674939718738152 0
      vertex -0.7767884255354198 1.2240226991858554 5
      vertex -0.6965748334726958 1.0976263031526194 0
    endloop
  endfacet
  facet normal -0.5177950845542825 0.8549813067671582 -0.029920151907135203
    outer loop
      vertex -0.6965748334726958 1.0976263031526194 0
      vertex -0.7248502994011976 1.2554775464443866 5
      vertex -0.65 1.12583302491977 0
    endloop
  endfacet
  facet normal -0.5177950845542795 0.8549813067671599 -0.02992015190713524
    outer loop
      vertex -0.6965748334726958 1.0976263031526194 0
      vertex -0.7767884255354198 1.2240226991858554 5
      vertex -0.7248502994011976 1.2554775464443866 5
    endloop
  endfacet
  facet normal -0.48153798914403617 0.8759143505622978 -0.02992015190713521
    outer loop
      vertex -0.65 1.12583302491977 0
      vertex -0.7248502994011976 1.2554775464443866 5
      vertex -0.6716405395360389 1.284729859472318 5
    endloop
  endfacet
  facet normal -0.4815379891440337 0.8759143505622992 -0.02992015190713523
    outer loop
      vertex -0.65 1.12583302491977 0
      vertex -0.6716405395360389 1.284729859472318 5
      vertex -0.6022848456558201 1.1520646530005791 0
    endloop
  endfacet
  facet normal -0.4444361124731188 0.8953107429488575 -0.029920151907135213
    outer loop
      vertex -0.6022848456558201 1.1520646530005791 0
      vertex -0.6172524939395455 1.3117283197725949 5
      vertex -0.5535130790345946 1.1762751682058254 0
    endloop
  endfacet
  facet normal -0.44443611247311704 0.8953107429488585 -0.02992015190713524
    outer loop
      vertex -0.6022848456558201 1.1520646530005791 0
      vertex -0.6716405395360389 1.284729859472318 5
      vertex -0.6172524939395455 1.3117283197725949 5
    endloop
  endfacet
  facet normal -0.40655454384051526 0.9131364560636513 -0.02992015190713522
    outer loop
      vertex -0.5535130790345946 1.1762751682058254 0
      vertex -0.6172524939395455 1.3117283197725949 5
      vertex -0.561781577724875 1.3364255628717125 5
    endloop
  endfacet
  facet normal -0.40655454384051426 0.9131364560636517 -0.02992015190713523
    outer loop
      vertex -0.5535130790345946 1.1762751682058254 0
      vertex -0.561781577724875 1.3364255628717125 5
      vertex -0.5037702623877338 1.1984220970650508 0
    endloop
  endfacet
  facet normal -0.3679597403898572 0.9293602175486546 -0.029920151907135165
    outer loop
      vertex -0.5037702623877338 1.1984220970650508 0
      vertex -0.5053251057282124 1.3587782614130952 5
      vertex -0.4531436615183599 1.218466586339459 0
    endloop
  endfacet
  facet normal -0.3679597403898523 0.9293602175486567 -0.029920151907135224
    outer loop
      vertex -0.5037702623877338 1.1984220970650508 0
      vertex -0.561781577724875 1.3364255628717125 5
      vertex -0.5053251057282124 1.3587782614130952 5
    endloop
  endfacet
  facet normal -0.3287194105209897 0.943953565413356 -0.02992015190713522
    outer loop
      vertex -0.4531436615183599 1.218466586339459 0
      vertex -0.44798212178547764 1.378747201168004 5
      vertex -0.40172209268743164 1.2363734711836996 0
    endloop
  endfacet
  facet normal -0.28890239510647125 0.9568908979667422 -0.029920151907135224
    outer loop
      vertex -0.40172209268743164 1.2363734711836996 0
      vertex -0.38985322497578323 1.396297349830617 5
      vertex -0.3495957667998453 1.2521113368369556 0
    endloop
  endfacet
  facet normal -0.328719410520994 0.9439535654133545 -0.029920151907135165
    outer loop
      vertex -0.4531436615183599 1.218466586339459 0
      vertex -0.5053251057282124 1.3587782614130952 5
      vertex -0.44798212178547764 1.378747201168004 5
    endloop
  endfacet
  facet normal -0.2889023951064713 0.9568908979667422 -0.02992015190713522
    outer loop
      vertex -0.40172209268743164 1.2363734711836996 0
      vertex -0.44798212178547764 1.378747201168004 5
      vertex -0.38985322497578323 1.396297349830617 5
    endloop
  endfacet
  facet normal -0.2485785467212364 0.9681495187313848 -0.029920151907135234
    outer loop
      vertex -0.3495957667998453 1.2521113368369556 0
      vertex -0.3310403931364656 1.4113979184765995 5
      vertex -0.2968561311438525 1.2656525737351083 0
    endloop
  endfacet
  facet normal -0.24857854672123766 0.9681495187313846 -0.029920151907135224
    outer loop
      vertex -0.3495957667998453 1.2521113368369556 0
      vertex -0.38985322497578323 1.396297349830617 5
      vertex -0.3310403931364656 1.4113979184765995 5
    endloop
  endfacet
  facet normal -0.20781860709749445 0.9777096762607553 -0.029920151907135234
    outer loop
      vertex -0.2968561311438525 1.2656525737351083 0
      vertex -0.3310403931364656 1.4113979184765995 5
      vertex -0.2716468039593049 1.4240224155773384 5
    endloop
  endfacet
  facet normal -0.20781860709749783 0.9777096762607548 -0.029920151907135196
    outer loop
      vertex -0.2968561311438525 1.2656525737351083 0
      vertex -0.2716468039593049 1.4240224155773384 5
      vertex -0.24359570896144195 1.2769734259472953 0
    endloop
  endfacet
  facet normal -0.16669408301966926 0.9855545987899836 -0.029920151907135234
    outer loop
      vertex -0.24359570896144195 1.2769734259472953 0
      vertex -0.21177665398179565 1.4341486934750867 5
      vertex -0.1899079371311352 1.2860540328518848 0
    endloop
  endfacet
  facet normal -0.16669408301967173 0.9855545987899831 -0.02992015190713519
    outer loop
      vertex -0.24359570896144195 1.2769734259472953 0
      vertex -0.2716468039593049 1.4240224155773384 5
      vertex -0.21177665398179565 1.4341486934750867 5
    endloop
  endfacet
  facet normal -0.12527712087719836 0.9916705236592313 -0.029920151907135227
    outer loop
      vertex -0.1899079371311352 1.2860540328518848 0
      vertex -0.1515349757910114 1.441758987237479 5
      vertex -0.13588700224794953 1.2928784639787554 0
    endloop
  endfacet
  facet normal -0.08364038009525412 0.9960467214580726 -0.02992015190713517
    outer loop
      vertex -0.13588700224794953 1.2928784639787554 0
      vertex -0.09102745376075895 1.4468399458232606 5
      vertex -0.08162767538810727 1.297434746956753 0
    endloop
  endfacet
  facet normal -0.1252771208771983 0.9916705236592311 -0.029920151907135227
    outer loop
      vertex -0.1899079371311352 1.2860540328518848 0
      vertex -0.21177665398179565 1.4341486934750867 5
      vertex -0.1515349757910114 1.441758987237479 5
    endloop
  endfacet
  facet normal -0.0836403800952499 0.9960467214580729 -0.02992015190713522
    outer loop
      vertex -0.13588700224794953 1.2928784639787554 0
      vertex -0.1515349757910114 1.441758987237479 5
      vertex -0.09102745376075895 1.4468399458232606 5
    endloop
  endfacet
  facet normal -0.04185690566543023 0.9986755148485263 -0.029920151907135234
    outer loop
      vertex -0.08162767538810727 1.297434746956753 0
      vertex -0.030360238645273843 1.4493826555045515 5
      vertex -0.027225145848364114 1.299714888517299 0
    endloop
  endfacet
  facet normal -0.04185690566543497 0.9986755148485261 -0.02992015190713518
    outer loop
      vertex -0.08162767538810727 1.297434746956753 0
      vertex -0.09102745376075895 1.4468399458232606 5
      vertex -0.030360238645273843 1.4493826555045515 5
    endloop
  endfacet
  facet normal 0 0.9995522920337153 -0.02992015190713523
    outer loop
      vertex -0.027225145848364114 1.299714888517299 0
      vertex -0.030360238645273843 1.4493826555045515 5
      vertex 0.030360238645273843 1.4493826555045515 5
    endloop
  endfacet
  facet normal 0.041856905665429496 -0.9986755148485263 -0.029920151907135227
    outer loop
      vertex 0.027225145848363788 -1.299714888517299 0
      vertex 0.08162767538810789 -1.297434746956753 0
      vertex 0.030360238645273478 -1.4493826555045515 5
    endloop
  endfacet
  facet normal 0 -0.9995522920337153 -0.029920151907135227
    outer loop
      vertex 0.027225145848363788 -1.299714888517299 0
      vertex 0.030360238645273478 -1.4493826555045515 5
      vertex -0.030360238645273478 -1.4493826555045515 5
    endloop
  endfacet
  facet normal 0.04185690566543423 -0.9986755148485261 -0.02992015190713517
    outer loop
      vertex 0.08162767538810789 -1.297434746956753 0
      vertex 0.09102745376075964 -1.4468399458232606 5
      vertex 0.030360238645273478 -1.4493826555045515 5
    endloop
  endfacet
  facet normal 0.08364038009525508 -0.9960467214580725 -0.029920151907135175
    outer loop
      vertex 0.08162767538810789 -1.297434746956753 0
      vertex 0.13588700224794953 -1.2928784639787554 0
      vertex 0.09102745376075964 -1.4468399458232606 5
    endloop
  endfacet
  facet normal 0.1252771208771998 -0.9916705236592309 -0.029920151907135227
    outer loop
      vertex 0.13588700224794953 -1.2928784639787554 0
      vertex 0.18990793713113457 -1.2860540328518848 0
      vertex 0.1515349757910114 -1.441758987237479 5
    endloop
  endfacet
  facet normal 0.08364038009525089 -0.9960467214580729 -0.029920151907135234
    outer loop
      vertex 0.13588700224794953 -1.2928784639787554 0
      vertex 0.1515349757910114 -1.441758987237479 5
      vertex 0.09102745376075964 -1.4468399458232606 5
    endloop
  endfacet
  facet normal 0.12527712087719978 -0.9916705236592309 -0.02992015190713522
    outer loop
      vertex 0.18990793713113457 -1.2860540328518848 0
      vertex 0.21177665398179493 -1.4341486934750867 5
      vertex 0.1515349757910114 -1.441758987237479 5
    endloop
  endfacet
  facet normal 0.16669408301967029 -0.9855545987899834 -0.029920151907135227
    outer loop
      vertex 0.18990793713113457 -1.2860540328518848 0
      vertex 0.24359570896144228 -1.2769734259472951 0
      vertex 0.21177665398179493 -1.4341486934750867 5
    endloop
  endfacet
  facet normal 0.2078186070974964 -0.9777096762607549 -0.029920151907135237
    outer loop
      vertex 0.24359570896144228 -1.2769734259472951 0
      vertex 0.2968561311438522 -1.2656525737351083 0
      vertex 0.27164680395930524 -1.4240224155773384 5
    endloop
  endfacet
  facet normal 0.16669408301966893 -0.9855545987899836 -0.029920151907135248
    outer loop
      vertex 0.24359570896144228 -1.2769734259472951 0
      vertex 0.27164680395930524 -1.4240224155773384 5
      vertex 0.21177665398179493 -1.4341486934750867 5
    endloop
  endfacet
  facet normal 0.20781860709749664 -0.9777096762607548 -0.029920151907135234
    outer loop
      vertex 0.2968561311438522 -1.2656525737351083 0
      vertex 0.33104039313646527 -1.4113979184765995 5
      vertex 0.27164680395930524 -1.4240224155773384 5
    endloop
  endfacet
  facet normal 0.2485785467212369 -0.9681495187313846 -0.029920151907135175
    outer loop
      vertex 0.34959576679984594 -1.2521113368369556 0
      vertex 0.38985322497578395 -1.3962973498306168 5
      vertex 0.33104039313646527 -1.4113979184765995 5
    endloop
  endfacet
  facet normal 0.24857854672123197 -0.9681495187313859 -0.029920151907135237
    outer loop
      vertex 0.2968561311438522 -1.2656525737351083 0
      vertex 0.34959576679984594 -1.2521113368369556 0
      vertex 0.33104039313646527 -1.4113979184765995 5
    endloop
  endfacet
  facet normal 0.28890239510647125 -0.9568908979667422 -0.029920151907135217
    outer loop
      vertex 0.40172209268743164 -1.2363734711836996 0
      vertex 0.44798212178547764 -1.378747201168004 5
      vertex 0.38985322497578395 -1.3962973498306168 5
    endloop
  endfacet
  facet normal 0.3287194105209909 -0.9439535654133556 -0.029920151907135203
    outer loop
      vertex 0.45314366151835933 -1.2184665863394593 0
      vertex 0.5053251057282118 -1.3587782614130957 5
      vertex 0.44798212178547764 -1.378747201168004 5
    endloop
  endfacet
  facet normal 0.2889023951064747 -0.9568908979667413 -0.029920151907135175
    outer loop
      vertex 0.34959576679984594 -1.2521113368369556 0
      vertex 0.40172209268743164 -1.2363734711836996 0
      vertex 0.38985322497578395 -1.3962973498306168 5
    endloop
  endfacet
  facet normal 0.32871941052098924 -0.9439535654133562 -0.02992015190713522
    outer loop
      vertex 0.40172209268743164 -1.2363734711836996 0
      vertex 0.45314366151835933 -1.2184665863394593 0
      vertex 0.44798212178547764 -1.378747201168004 5
    endloop
  endfacet
  facet normal 0.3679597403898586 -0.9293602175486542 -0.029920151907135196
    outer loop
      vertex 0.45314366151835933 -1.2184665863394593 0
      vertex 0.5037702623877341 -1.1984220970650505 0
      vertex 0.5053251057282118 -1.3587782614130957 5
    endloop
  endfacet
  facet normal 0.4065545438405154 -0.9131364560636512 -0.02992015190713523
    outer loop
      vertex 0.5037702623877341 -1.1984220970650505 0
      vertex 0.5535130790345942 -1.1762751682058254 0
      vertex 0.5617815777248754 -1.3364255628717123 5
    endloop
  endfacet
  facet normal 0.3679597403898561 -0.9293602175486552 -0.029920151907135234
    outer loop
      vertex 0.5037702623877341 -1.1984220970650505 0
      vertex 0.5617815777248754 -1.3364255628717123 5
      vertex 0.5053251057282118 -1.3587782614130957 5
    endloop
  endfacet
  facet normal 0.4065545438405169 -0.9131364560636506 -0.029920151907135213
    outer loop
      vertex 0.5535130790345942 -1.1762751682058254 0
      vertex 0.6172524939395451 -1.3117283197725949 5
      vertex 0.5617815777248754 -1.3364255628717123 5
    endloop
  endfacet
  facet normal 0.4444361124731156 -0.8953107429488592 -0.029920151907135196
    outer loop
      vertex 0.6022848456558207 -1.152064653000579 0
      vertex 0.6716405395360395 -1.2847298594723175 5
      vertex 0.6172524939395451 -1.3117283197725949 5
    endloop
  endfacet
  facet normal 0.44443611247311476 -0.8953107429488594 -0.029920151907135206
    outer loop
      vertex 0.5535130790345942 -1.1762751682058254 0
      vertex 0.6022848456558207 -1.152064653000579 0
      vertex 0.6172524939395451 -1.3117283197725949 5
    endloop
  endfacet
  facet normal 0.4815379891440358 -0.8759143505622982 -0.029920151907135203
    outer loop
      vertex 0.6022848456558207 -1.152064653000579 0
      vertex 0.65 -1.12583302491977 0
      vertex 0.6716405395360395 -1.2847298594723175 5
    endloop
  endfacet
  facet normal 0.48153798914403523 -0.8759143505622984 -0.029920151907135206
    outer loop
      vertex 0.65 -1.12583302491977 0
      vertex 0.7248502994011976 -1.2554775464443866 5
      vertex 0.6716405395360395 -1.2847298594723175 5
    endloop
  endfacet
  facet normal 0.5177950845542819 -0.8549813067671586 -0.029920151907135203
    outer loop
      vertex 0.65 -1.12583302491977 0
      vertex 0.6965748334726951 -1.0976263031526199 0
      vertex 0.7248502994011976 -1.2554775464443866 5
    endloop
  endfacet
  facet normal 0.5531437914382715 -0.832548335235347 -0.02992015190713523
    outer loop
      vertex 0.6965748334726951 -1.0976263031526199 0
      vertex 0.7419276379897614 -1.0674939718738152 0
      vertex 0.776788425535419 -1.2240226991858558 5
    endloop
  endfacet
  facet normal 0.5177950845542798 -0.8549813067671598 -0.029920151907135234
    outer loop
      vertex 0.6965748334726951 -1.0976263031526199 0
      vertex 0.776788425535419 -1.2240226991858558 5
      vertex 0.7248502994011976 -1.2554775464443866 5
    endloop
  endfacet
  facet normal 0 0 -1
    outer loop
      vertex -0.027225145848363788 -1.299714888517299 0
      vertex 0.027225145848364114 1.299714888517299 0
      vertex 0.027225145848363788 -1.299714888517299 0
    endloop
  endfacet
  facet normal 0 0 -1
    outer loop
      vertex 0.027225145848363788 -1.299714888517299 0
      vertex 0.08162767538810727 1.297434746956753 0
      vertex 0.08162767538810789 -1.297434746956753 0
    endloop
  endfacet
  facet normal 0 0 -1
    outer loop
      vertex 0.08162767538810789 -1.297434746956753 0
      vertex 0.13588700224794953 1.2928784639787554 0
      vertex 0.13588700224794953 -1.2928784639787554 0
    endloop
  endfacet
  facet normal 0 0 -1
    outer loop
      vertex 0.13588700224794953 -1.2928784639787554 0
      vertex 0.1899079371311352 1.2860540328518848 0
      vertex 0.18990793713113457 -1.2860540328518848 0
    endloop
  endfacet
  facet normal 0 0 -1
    outer loop
      vertex 0.18990793713113457 -1.2860540328518848 0
      vertex 0.24359570896144195 1.2769734259472953 0
      vertex 0.24359570896144228 -1.2769734259472951 0
    endloop
  endfacet
  facet normal 0 0 -1
    outer loop
      vertex 0.24359570896144228 -1.2769734259472951 0
      vertex 0.2968561311438525 1.2656525737351083 0
      vertex 0.2968561311438522 -1.2656525737351083 0
    endloop
  endfacet
  facet normal 0 0 -1
    outer loop
      vertex 0.2968561311438522 -1.2656525737351083 0
      vertex 0.3495957667998453 1.2521113368369556 0
      vertex 0.34959576679984594 -1.2521113368369556 0
    endloop
  endfacet
  facet normal 0 0 -1
    outer loop
      vertex 0.34959576679984594 -1.2521113368369556 0
      vertex 0.40172209268743164 1.2363734711836996 0
      vertex 0.40172209268743164 -1.2363734711836996 0
    endloop
  endfacet
  facet normal 0 0 -1
    outer loop
      vertex 0.40172209268743164 -1.2363734711836996 0
      vertex 0.4531436615183599 1.218466586339459 0
      vertex 0.45314366151835933 -1.2184665863394593 0
    endloop
  endfacet
  facet normal 0 0 -1
    outer loop
      vertex 0.45314366151835933 -1.2184665863394593 0
      vertex 0.5037702623877338 1.1984220970650508 0
      vertex 0.5037702623877341 -1.1984220970650505 0
    endloop
  endfacet
  facet normal 0 0 -1
    outer loop
      vertex 0.5037702623877341 -1.1984220970650505 0
      vertex 0.5535130790345946 1.1762751682058254 0
      vertex 0.5535130790345942 -1.1762751682058254 0
    endloop
  endfacet
  facet normal 0 0 -1
    outer loop
      vertex 0.5535130790345942 -1.1762751682058254 0
      vertex 0.6022848456558203 1.1520646530005791 0
      vertex 0.6022848456558207 -1.152064653000579 0
    endloop
  endfacet
  facet normal 0 0 -1
    outer loop
      vertex 0.6022848456558207 -1.152064653000579 0
      vertex 0.65 1.12583302491977 0
      vertex 0.65 -1.12583302491977 0
    endloop
  endfacet
  facet normal 0 0 -1
    outer loop
      vertex 0.65 -1.12583302491977 0
      vertex 0.6965748334726957 1.0976263031526197 0
      vertex 0.6965748334726951 -1.0976263031526199 0
    endloop
  endfacet
  facet normal 0 0 -1
    outer loop
      vertex 0.6965748334726951 -1.0976263031526199 0
      vertex 0.7419276379897611 1.0674939718738152 0
      vertex 0.7419276379897614 -1.0674939718738152 0
    endloop
  endfacet
  facet normal 0.5531437914382763 -0.8325483352353439 -0.02992015190713517
    outer loop
      vertex 0.7419276379897614 -1.0674939718738152 0
      vertex 0.8273638008167721 -1.1904205001872437 5
      vertex 0.776788425535419 -1.2240226991858558 5
    endloop
  endfacet
  facet normal 0.5875220961525569 -0.8086547910217065 -0.029920151907135192
    outer loop
      vertex 0.7859788493210872 -1.0354888934314552 0
      vertex 0.8764876988513828 -1.1547298991237 5
      vertex 0.8273638008167721 -1.1904205001872437 5
    endloop
  endfacet
  facet normal 0.5875220961525587 -0.8086547910217049 -0.02992015190713516
    outer loop
      vertex 0.7419276379897614 -1.0674939718738152 0
      vertex 0.7859788493210872 -1.0354888934314552 0
      vertex 0.8273638008167721 -1.1904205001872437 5
    endloop
  endfacet
  facet normal 0.6208696874688387 -0.7833425915218707 -0.029920151907135196
    outer loop
      vertex 0.7859788493210872 -1.0354888934314552 0
      vertex 0.828651186673297 -1.0016672156085258 0
      vertex 0.8764876988513828 -1.1547298991237 5
    endloop
  endfacet
  facet normal 0.620869687468838 -0.7833425915218712 -0.0299201519071352
    outer loop
      vertex 0.828651186673297 -1.0016672156085258 0
      vertex 0.9240739396296876 -1.1170135094372367 5
      vertex 0.8764876988513828 -1.1547298991237 5
    endloop
  endfacet
  facet normal 0.6531280623803649 -0.7566561429349029 -0.029920151907135206
    outer loop
      vertex 0.8698697882665157 -0.9660882731206125 0
      vertex 0.9700390407154466 -1.0773374984914799 5
      vertex 0.9240739396296876 -1.1170135094372367 5
    endloop
  endfacet
  facet normal 0.6531280623803647 -0.7566561429349029 -0.029920151907135203
    outer loop
      vertex 0.828651186673297 -1.0016672156085258 0
      vertex 0.8698697882665157 -0.9660882731206125 0
      vertex 0.9240739396296876 -1.1170135094372367 5
    endloop
  endfacet
  facet normal 0.6842406287360677 -0.7286422623597429 -0.029920151907135206
    outer loop
      vertex 0.8698697882665157 -0.9660882731206125 0
      vertex 0.9095623426673747 -0.9288144835226447 0
      vertex 0.9700390407154466 -1.0773374984914799 5
    endloop
  endfacet
  facet normal 0.714152804522439 -0.6993500956621005 -0.029920151907135192
    outer loop
      vertex 0.9095623426673747 -0.9288144835226447 0
      vertex 0.9476592156478352 -0.8899112377072951 0
      vertex 1.0143023637023096 -1.035771471491627 5
    endloop
  endfacet
  facet normal 0.6842406287360685 -0.7286422623597424 -0.029920151907135196
    outer loop
      vertex 0.9095623426673747 -0.9288144835226447 0
      vertex 1.0143023637023096 -1.035771471491627 5
      vertex 0.9700390407154466 -1.0773374984914799 5
    endloop
  endfacet
  facet normal 0.714152804522438 -0.6993500956621014 -0.02992015190713521
    outer loop
      vertex 0.9476592156478352 -0.8899112377072951 0
      vertex 1.0567862556809806 -0.9923883493732664 5
      vertex 1.0143023637023096 -1.035771471491627 5
    endloop
  endfacet
  facet normal 0.7428121136189237 -0.6688310312559076 -0.029920151907135213
    outer loop
      vertex 0.9476592156478352 -0.8899112377072951 0
      vertex 0.9840935723472832 -0.8494467851871373 0
      vertex 1.0567862556809806 -0.9923883493732664 5
    endloop
  endfacet
  facet normal 0.7701682778588707 -0.6371386099505787 -0.029920151907135203
    outer loop
      vertex 0.9840935723472832 -0.8494467851871373 0
      vertex 1.0188014945235921 -0.8074921143618031 0
      vertex 1.0974161854688036 -0.9472642408742787 5
    endloop
  endfacet
  facet normal 0.742812113618925 -0.6688310312559065 -0.0299201519071352
    outer loop
      vertex 0.9840935723472832 -0.8494467851871373 0
      vertex 1.0974161854688036 -0.9472642408742787 5
      vertex 1.0567862556809806 -0.9923883493732664 5
    endloop
  endfacet
  facet normal 0.7701682778588693 -0.6371386099505801 -0.029920151907135213
    outer loop
      vertex 1.0188014945235921 -0.8074921143618031 0
      vertex 1.1361208743627897 -0.9004783090142447 5
      vertex 1.0974161854688036 -0.9472642408742787 5
    endloop
  endfacet
  facet normal 0.796173305234513 -0.6043284310222421 -0.02992015190713522
    outer loop
      vertex 1.0188014945235921 -0.8074921143618031 0
      vertex 1.0517220926874318 -0.7641208279802151 0
      vertex 1.1361208743627897 -0.9004783090142447 5
    endloop
  endfacet
  facet normal 0.8207815740912675 -0.5704580546737115 -0.02992015190713518
    outer loop
      vertex 1.0517220926874318 -0.7641208279802151 0
      vertex 1.0827976129231291 -0.7194090140163476 0
      vertex 1.1728324211866752 -0.8521126322156152 5
    endloop
  endfacet
  facet normal 0.7961733052345151 -0.6043284310222394 -0.029920151907135182
    outer loop
      vertex 1.0517220926874318 -0.7641208279802151 0
      vertex 1.1728324211866752 -0.8521126322156152 5
      vertex 1.1361208743627897 -0.9004783090142447 5
    endloop
  endfacet
  facet normal 0.8207815740912647 -0.5704580546737151 -0.029920151907135227
    outer loop
      vertex 1.0827976129231291 -0.7194090140163476 0
      vertex 1.207486421412665 -0.8022520603102614 5
      vertex 1.1728324211866752 -0.8521126322156152 5
    endloop
  endfacet
  facet normal 0 0 -1
    outer loop
      vertex 0.7419276379897614 -1.0674939718738152 0
      vertex 0.7859788493210873 1.0354888934314552 0
      vertex 0.7859788493210872 -1.0354888934314552 0
    endloop
  endfacet
  facet normal 0 0 -1
    outer loop
      vertex 0.7859788493210872 -1.0354888934314552 0
      vertex 0.8286511866732967 1.001667215608526 0
      vertex 0.828651186673297 -1.0016672156085258 0
    endloop
  endfacet
  facet normal 0 0 -1
    outer loop
      vertex 0.828651186673297 -1.0016672156085258 0
      vertex 0.8698697882665157 0.9660882731206125 0
      vertex 0.8698697882665157 -0.9660882731206125 0
    endloop
  endfacet
  facet normal 0 0 -1
    outer loop
      vertex 0.8698697882665157 -0.9660882731206125 0
      vertex 0.9095623426673751 0.9288144835226444 0
      vertex 0.9095623426673747 -0.9288144835226447 0
    endloop
  endfacet
  facet normal 0 0 -1
    outer loop
      vertex 0.9095623426673747 -0.9288144835226447 0
      vertex 0.9476592156478351 0.8899112377072954 0
      vertex 0.9476592156478352 -0.8899112377072951 0
    endloop
  endfacet
  facet normal 0 0 -1
    outer loop
      vertex 0.9476592156478352 -0.8899112377072951 0
      vertex 0.9840935723472833 0.849446785187137 0
      vertex 0.9840935723472832 -0.8494467851871373 0
    endloop
  endfacet
  facet normal 0 0 -1
    outer loop
      vertex 0.9840935723472832 -0.8494467851871373 0
      vertex 1.018801494523592 0.8074921143618035 0
      vertex 1.0188014945235921 -0.8074921143618031 0
    endloop
  endfacet
  facet normal 0 0 -1
    outer loop
      vertex 1.0188014945235921 -0.8074921143618031 0
      vertex 1.0517220926874318 0.7641208279802151 0
      vertex 1.0517220926874318 -0.7641208279802151 0
    endloop
  endfacet
  facet normal 0 0 -1
    outer loop
      vertex 1.0517220926874318 -0.7641208279802151 0
      vertex 1.0827976129231294 0.7194090140163474 0
      vertex 1.0827976129231291 -0.7194090140163476 0
    endloop
  endfacet
  facet normal 0 0 -1
    outer loop
      vertex 1.0827976129231291 -0.7194090140163476 0
      vertex 1.1119735382086586 0.6734351121850692 0
      vertex 1.1119735382086589 -0.673435112185069 0
    endloop
  endfacet
  facet normal 0.8439499131636107 -0.5355869010543366 -0.02992015190713523
    outer loop
      vertex 1.0827976129231291 -0.7194090140163476 0
      vertex 1.1119735382086589 -0.673435112185069 0
      vertex 1.207486421412665 -0.8022520603102614 5
    endloop
  endfacet
  facet normal 0.8656376773121609 -0.4997761460168554 -0.02992015190713519
    outer loop
      vertex 1.1119735382086589 -0.673435112185069 0
      vertex 1.1391986840570225 -0.62627977633223 0
      vertex 1.2400220801488544 -0.7509840656840404 5
    endloop
  endfacet
  facet normal 0.8439499131636127 -0.5355869010543337 -0.029920151907135196
    outer loop
      vertex 1.1119735382086589 -0.673435112185069 0
      vertex 1.2400220801488544 -0.7509840656840404 5
      vertex 1.207486421412665 -0.8022520603102614 5
    endloop
  endfacet
  facet normal 0.8656376773121592 -0.4997761460168584 -0.029920151907135227
    outer loop
      vertex 1.1391986840570225 -0.62627977633223 0
      vertex 1.2703823187941279 -0.6983985898205107 5
      vertex 1.2400220801488544 -0.7509840656840404 5
    endloop
  endfacet
  facet normal 0.8858068188290426 -0.46308861379419125 -0.02992015190713523
    outer loop
      vertex 1.1391986840570225 -0.62627977633223 0
      vertex 1.164425288311237 -0.5780257329404053 0
      vertex 1.2703823187941279 -0.6983985898205107 5
    endloop
  endfacet
  facet normal 0.9044219541865198 -0.4255886667843616 -0.029920151907135196
    outer loop
      vertex 1.164425288311237 -0.5780257329404053 0
      vertex 1.1876090949353812 -0.5287576359985403 0
      vertex 1.2985138751734244 -0.6445878855129991 5
    endloop
  endfacet
  facet normal 0.8858068188290438 -0.4630886137941888 -0.0299201519071352
    outer loop
      vertex 1.164425288311237 -0.5780257329404053 0
      vertex 1.2985138751734244 -0.6445878855129991 5
      vertex 1.2703823187941279 -0.6983985898205107 5
    endloop
  endfacet
  facet normal 0.9044219541865205 -0.4255886667843604 -0.02992015190713518
    outer loop
      vertex 1.1876090949353812 -0.5287576359985403 0
      vertex 1.3243673969776866 -0.5896463550218637 5
      vertex 1.2985138751734244 -0.6445878855129991 5
    endloop
  endfacet
  facet normal 0.9214504261117102 -0.3873420926369884 -0.029920151907135182
    outer loop
      vertex 1.1876090949353812 -0.5287576359985403 0
      vertex 1.2087094316547267 -0.4785619184900819 0
      vertex 1.3243673969776866 -0.5896463550218637 5
    endloop
  endfacet
  facet normal 0.9368623608785412 -0.3484159888394045 -0.029920151907135175
    outer loop
      vertex 1.2087094316547267 -0.4785619184900819 0
      vertex 1.2276892813087255 -0.427526640760158 0
      vertex 1.3478975283445844 -0.533670384460842 5
    endloop
  endfacet
  facet normal 0.9214504261117106 -0.3873420926369879 -0.02992015190713517
    outer loop
      vertex 1.2087094316547267 -0.4785619184900819 0
      vertex 1.3478975283445844 -0.533670384460842 5
      vertex 1.3243673969776866 -0.5896463550218637 5
    endloop
  endfacet
  facet normal 0.9506307207164212 -0.3088786450048491 -0.029920151907135206
    outer loop
      vertex 1.2276892813087255 -0.427526640760158 0
      vertex 1.2445153467916874 -0.37574133602781334 0
      vertex 1.3690629894281088 -0.47675817470305965 5
    endloop
  endfacet
  facet normal 0.9368623608785401 -0.34841598883940683 -0.029920151907135203
    outer loop
      vertex 1.2276892813087255 -0.427526640760158 0
      vertex 1.3690629894281088 -0.47675817470305965 5
      vertex 1.3478975283445844 -0.533670384460842 5
    endloop
  endfacet
  facet normal 0.9506307207164209 -0.3088786450048504 -0.029920151907135217
    outer loop
      vertex 1.2445153467916874 -0.37574133602781334 0
      vertex 1.387826648817446 -0.41900956910333303 5
      vertex 1.3690629894281088 -0.47675817470305965 5
    endloop
  endfacet
  facet normal 0 0 -1
    outer loop
      vertex 1.1119735382086589 -0.673435112185069 0
      vertex 1.1391986840570227 0.62627977633223 0
      vertex 1.1391986840570225 -0.62627977633223 0
    endloop
  endfacet
  facet normal 0 0 -1
    outer loop
      vertex 1.1391986840570225 -0.62627977633223 0
      vertex 1.1644252883112367 0.5780257329404057 0
      vertex 1.164425288311237 -0.5780257329404053 0
    endloop
  endfacet
  facet normal 0 0 -1
    outer loop
      vertex 1.164425288311237 -0.5780257329404053 0
      vertex 1.1876090949353812 0.5287576359985403 0
      vertex 1.1876090949353812 -0.5287576359985403 0
    endloop
  endfacet
  facet normal 0.9627313512436758 -0.2687994230692846 -0.029920151907135224
    outer loop
      vertex 1.2445153467916874 -0.37574133602781334 0
      vertex 1.2591581094672206 -0.3232968533143108 0
      vertex 1.387826648817446 -0.41900956910333303 5
    endloop
  endfacet
  facet normal 0.9731430238425368 -0.2282486356070008 -0.029920151907135234
    outer loop
      vertex 1.2591581094672206 -0.3232968533143108 0
      vertex 1.2715918809539475 -0.27028519806308715 0
      vertex 1.4041555886780936 -0.3605258783389896 5
    endloop
  endfacet
  facet normal 0 0 -1
    outer loop
      vertex 1.1876090949353812 -0.5287576359985403 0
      vertex 1.2087094316547269 0.4785619184900814 0
      vertex 1.2087094316547267 -0.4785619184900819 0
    endloop
  endfacet
  facet normal 0 0 -1
    outer loop
      vertex 1.2087094316547267 -0.4785619184900819 0
      vertex 1.2276892813087255 0.4275266407601582 0
      vertex 1.2276892813087255 -0.427526640760158 0
    endloop
  endfacet
  facet normal 0 0 -1
    outer loop
      vertex 1.2276892813087255 -0.427526640760158 0
      vertex 1.2445153467916874 0.3757413360278131 0
      vertex 1.2445153467916874 -0.37574133602781334 0
    endloop
  endfacet
  facet normal 0 0 -1
    outer loop
      vertex 1.2445153467916874 -0.37574133602781334 0
      vertex 1.2591581094672204 0.32329685331431124 0
      vertex 1.2591581094672206 -0.3232968533143108 0
    endloop
  endfacet
  facet normal 0 0 -1
    outer loop
      vertex 1.2591581094672206 -0.3232968533143108 0
      vertex 1.2715918809539475 0.27028519806308715 0
      vertex 1.2715918809539475 -0.27028519806308715 0
    endloop
  endfacet
  facet normal 0 0 -1
    outer loop
      vertex 1.2715918809539475 -0.27028519806308715 0
      vertex 1.2817948481916566 0.21679937073093294 0
      vertex 1.2817948481916563 -0.21679937073093347 0
    endloop
  endfacet
  facet normal 0 0 -1
    outer loop
      vertex 1.2817948481916563 -0.21679937073093347 0
      vertex 1.2897491117088213 0.16293320363359554 0
      vertex 1.2897491117088213 -0.16293320363359529 0
    endloop
  endfacet
  facet normal 0 0 -1
    outer loop
      vertex 1.2897491117088213 -0.16293320363359529 0
      vertex 1.2954407170243558 0.10878119633201012 0
      vertex 1.2954407170243558 -0.1087811963320104 0
    endloop
  endfacet
  facet normal 0 0 -1
    outer loop
      vertex 1.2954407170243558 -0.1087811963320104 0
      vertex 1.2988596791285159 0.05443834984795951 0
      vertex 1.2988596791285159 -0.054438349847959 0
    endloop
  endfacet
  facet normal 0.9627313512436755 -0.2687994230692856 -0.029920151907135234
    outer loop
      vertex 1.2591581094672206 -0.3232968533143108 0
      vertex 1.4041555886780936 -0.3605258783389896 5
      vertex 1.387826648817446 -0.41900956910333303 5
    endloop
  endfacet
  facet normal 0.9731430238425378 -0.2282486356069973 -0.0299201519071352
    outer loop
      vertex 1.2715918809539475 -0.27028519806308715 0
      vertex 1.4180211625009242 -0.30140970267652417 5
      vertex 1.4041555886780936 -0.3605258783389896 5
    endloop
  endfacet
  facet normal 0.9818474729013581 -0.18729742247844958 -0.029920151907135192
    outer loop
      vertex 1.2715918809539475 -0.27028519806308715 0
      vertex 1.2817948481916563 -0.21679937073093347 0
      vertex 1.4180211625009242 -0.30140970267652417 5
    endloop
  endfacet
  facet normal 0.9888294278586955 -0.14601762602678722 -0.029920151907135213
    outer loop
      vertex 1.2817948481916563 -0.21679937073093347 0
      vertex 1.2897491117088213 -0.16293320363359529 0
      vertex 1.4293990453578995 -0.241764751975859 5
    endloop
  endfacet
  facet normal 0.9818474729013579 -0.18729742247845083 -0.02992015190713521
    outer loop
      vertex 1.2817948481916563 -0.21679937073093347 0
      vertex 1.4293990453578995 -0.241764751975859 5
      vertex 1.4180211625009242 -0.30140970267652417 5
    endloop
  endfacet
  facet normal 0.9888294278586959 -0.14601762602678448 -0.02992015190713518
    outer loop
      vertex 1.2897491117088213 -0.16293320363359529 0
      vertex 1.438269276576258 -0.18169566374801208 5
      vertex 1.4293990453578995 -0.241764751975859 5
    endloop
  endfacet
  facet normal 0.9940766399930724 -0.10448166504194631 -0.029920151907135175
    outer loop
      vertex 1.2897491117088213 -0.16293320363359529 0
      vertex 1.2954407170243558 -0.1087811963320104 0
      vertex 1.438269276576258 -0.18169566374801208 5
    endloop
  endfacet
  facet normal 0.9975799039113896 -0.06276240771350884 -0.029920151907135168
    outer loop
      vertex 1.2954407170243558 -0.1087811963320104 0
      vertex 1.2988596791285159 -0.054438349847959 0
      vertex 1.4446162947563173 -0.12130781958535106 5
    endloop
  endfacet
  facet normal 0.9940766399930725 -0.10448166504194518 -0.02992015190713516
    outer loop
      vertex 1.2954407170243558 -0.1087811963320104 0
      vertex 1.4446162947563173 -0.12130781958535106 5
      vertex 1.438269276576258 -0.18169566374801208 5
    endloop
  endfacet
  facet normal 0.9993330736983163 -0.020933043795142943 -0.029920151907135234
    outer loop
      vertex 1.2988596791285159 -0.054438349847959 0
      vertex 1.3 0 0
      vertex 1.4484289650714588 -0.06070716028646188 5
    endloop
  endfacet
  facet normal 0.9975799039113892 -0.06276240771351516 -0.029920151907135237
    outer loop
      vertex 1.2988596791285159 -0.054438349847959 0
      vertex 1.4484289650714588 -0.06070716028646188 5
      vertex 1.4446162947563173 -0.12130781958535106 5
    endloop
  endfacet
  facet normal 0.9993330736983164 -0.020933043795140938 -0.02992015190713521
    outer loop
      vertex 1.3 0 0
      vertex 1.4497005988023952 0 5
      vertex 1.4484289650714588 -0.06070716028646188 5
    endloop
  endfacet
  facet normal 0 0 -1
    outer loop
      vertex 0.027225145848363788 -1.299714888517299 0
      vertex 0.027225145848364114 1.299714888517299 0
      vertex 0.08162767538810727 1.297434746956753 0
    endloop
  endfacet
  facet normal 0 0 -1
    outer loop
      vertex 0.08162767538810789 -1.297434746956753 0
      vertex 0.08162767538810727 1.297434746956753 0
      vertex 0.13588700224794953 1.2928784639787554 0
    endloop
  endfacet
  facet normal 0 0 -1
    outer loop
      vertex 0.13588700224794953 -1.2928784639787554 0
      vertex 0.13588700224794953 1.2928784639787554 0
      vertex 0.1899079371311352 1.2860540328518848 0
    endloop
  endfacet
  facet normal 0 0 -1
    outer loop
      vertex 0.18990793713113457 -1.2860540328518848 0
      vertex 0.1899079371311352 1.2860540328518848 0
      vertex 0.24359570896144195 1.2769734259472953 0
    endloop
  endfacet
  facet normal 0 0 -1
    outer loop
      vertex 0.24359570896144228 -1.2769734259472951 0
      vertex 0.24359570896144195 1.2769734259472953 0
      vertex 0.2968561311438525 1.2656525737351083 0
    endloop
  endfacet
  facet normal 0 0 -1
    outer loop
      vertex 0.2968561311438522 -1.2656525737351083 0
      vertex 0.2968561311438525 1.2656525737351083 0
      vertex 0.3495957667998453 1.2521113368369556 0
    endloop
  endfacet
  facet normal 0 0 -1
    outer loop
      vertex 0.34959576679984594 -1.2521113368369556 0
      vertex 0.3495957667998453 1.2521113368369556 0
      vertex 0.40172209268743164 1.2363734711836996 0
    endloop
  endfacet
  facet normal 0 0 -1
    outer loop
      vertex 0.65 -1.12583302491977 0
      vertex 0.65 1.12583302491977 0
      vertex 0.6965748334726957 1.0976263031526197 0
    endloop
  endfacet
  facet normal 0 0 -1
    outer loop
      vertex 0.6965748334726951 -1.0976263031526199 0
      vertex 0.6965748334726957 1.0976263031526197 0
      vertex 0.7419276379897611 1.0674939718738152 0
    endloop
  endfacet
  facet normal 0 0 -1
    outer loop
      vertex 0.40172209268743164 -1.2363734711836996 0
      vertex 0.40172209268743164 1.2363734711836996 0
      vertex 0.4531436615183599 1.218466586339459 0
    endloop
  endfacet
  facet normal 0 0 -1
    outer loop
      vertex 0.45314366151835933 -1.2184665863394593 0
      vertex 0.4531436615183599 1.218466586339459 0
      vertex 0.5037702623877338 1.1984220970650508 0
    endloop
  endfacet
  facet normal 0 0 -1
    outer loop
      vertex 0.5037702623877341 -1.1984220970650505 0
      vertex 0.5037702623877338 1.1984220970650508 0
      vertex 0.5535130790345946 1.1762751682058254 0
    endloop
  endfacet
  facet normal 0 0 -1
    outer loop
      vertex 0.5535130790345942 -1.1762751682058254 0
      vertex 0.5535130790345946 1.1762751682058254 0
      vertex 0.6022848456558203 1.1520646530005791 0
    endloop
  endfacet
  facet normal 0 0 -1
    outer loop
      vertex 0.6022848456558207 -1.152064653000579 0
      vertex 0.6022848456558203 1.1520646530005791 0
      vertex 0.65 1.12583302491977 0
    endloop
  endfacet
  facet normal 0 0.9995522920337154 -0.029920151907135234
    outer loop
      vertex -0.027225145848364114 1.299714888517299 0
      vertex 0.030360238645273843 1.4493826555045515 5
      vertex 0.027225145848364114 1.299714888517299 0
    endloop
  endfacet
  facet normal 0.04185690566543023 0.9986755148485263 -0.02992015190713517
    outer loop
      vertex 0.027225145848364114 1.299714888517299 0
      vertex 0.09102745376075895 1.4468399458232606 5
      vertex 0.08162767538810727 1.297434746956753 0
    endloop
  endfacet
  facet normal 0.04185690566543497 0.9986755148485261 -0.02992015190713523
    outer loop
      vertex 0.027225145848364114 1.299714888517299 0
      vertex 0.030360238645273843 1.4493826555045515 5
      vertex 0.09102745376075895 1.4468399458232606 5
    endloop
  endfacet
  facet normal 0.08364038009525412 0.9960467214580726 -0.02992015190713523
    outer loop
      vertex 0.08162767538810727 1.297434746956753 0
      vertex 0.1515349757910114 1.441758987237479 5
      vertex 0.13588700224794953 1.2928784639787554 0
    endloop
  endfacet
  facet normal 0.12527712087719836 0.9916705236592313 -0.029920151907135227
    outer loop
      vertex 0.13588700224794953 1.2928784639787554 0
      vertex 0.21177665398179565 1.4341486934750867 5
      vertex 0.1899079371311352 1.2860540328518848 0
    endloop
  endfacet
  facet normal 0.0836403800952499 0.9960467214580729 -0.029920151907135175
    outer loop
      vertex 0.08162767538810727 1.297434746956753 0
      vertex 0.09102745376075895 1.4468399458232606 5
      vertex 0.1515349757910114 1.441758987237479 5
    endloop
  endfacet
  facet normal 0.12527712087719833 0.9916705236592311 -0.02992015190713523
    outer loop
      vertex 0.13588700224794953 1.2928784639787554 0
      vertex 0.1515349757910114 1.441758987237479 5
      vertex 0.21177665398179565 1.4341486934750867 5
    endloop
  endfacet
  facet normal 0.2485785467212364 0.9681495187313848 -0.02992015190713522
    outer loop
      vertex 0.2968561311438525 1.2656525737351083 0
      vertex 0.38985322497578323 1.396297349830617 5
      vertex 0.3495957667998453 1.2521113368369556 0
    endloop
  endfacet
  facet normal 0.16669408301966926 0.9855545987899836 -0.029920151907135196
    outer loop
      vertex 0.1899079371311352 1.2860540328518848 0
      vertex 0.2716468039593049 1.4240224155773384 5
      vertex 0.24359570896144195 1.2769734259472953 0
    endloop
  endfacet
  facet normal 0.16669408301967176 0.9855545987899831 -0.029920151907135224
    outer loop
      vertex 0.1899079371311352 1.2860540328518848 0
      vertex 0.21177665398179565 1.4341486934750867 5
      vertex 0.2716468039593049 1.4240224155773384 5
    endloop
  endfacet
  facet normal 0.20781860709749783 0.9777096762607548 -0.02992015190713524
    outer loop
      vertex 0.2968561311438525 1.2656525737351083 0
      vertex 0.24359570896144195 1.2769734259472953 0
      vertex 0.3310403931364656 1.4113979184765995 5
    endloop
  endfacet
  facet normal 0.20781860709749445 0.9777096762607553 -0.029920151907135196
    outer loop
      vertex 0.24359570896144195 1.2769734259472953 0
      vertex 0.2716468039593049 1.4240224155773384 5
      vertex 0.3310403931364656 1.4113979184765995 5
    endloop
  endfacet
  facet normal 0.24857854672123766 0.9681495187313846 -0.029920151907135237
    outer loop
      vertex 0.2968561311438525 1.2656525737351083 0
      vertex 0.3310403931364656 1.4113979184765995 5
      vertex 0.38985322497578323 1.396297349830617 5
    endloop
  endfacet
  facet normal 0.28890239510647125 0.9568908979667422 -0.029920151907135217
    outer loop
      vertex 0.3495957667998453 1.2521113368369556 0
      vertex 0.44798212178547764 1.378747201168004 5
      vertex 0.40172209268743164 1.2363734711836996 0
    endloop
  endfacet
  facet normal 0.3287194105209897 0.943953565413356 -0.029920151907135165
    outer loop
      vertex 0.40172209268743164 1.2363734711836996 0
      vertex 0.5053251057282124 1.3587782614130952 5
      vertex 0.4531436615183599 1.218466586339459 0
    endloop
  endfacet
  facet normal 0.3679597403898572 0.9293602175486546 -0.02992015190713523
    outer loop
      vertex 0.4531436615183599 1.218466586339459 0
      vertex 0.561781577724875 1.3364255628717125 5
      vertex 0.5037702623877338 1.1984220970650508 0
    endloop
  endfacet
  facet normal 0.40655454384051426 0.9131364560636517 -0.029920151907135217
    outer loop
      vertex 0.5037702623877338 1.1984220970650508 0
      vertex 0.6172524939395455 1.3117283197725949 5
      vertex 0.5535130790345946 1.1762751682058254 0
    endloop
  endfacet
  facet normal 0.36795974038985224 0.9293602175486567 -0.029920151907135168
    outer loop
      vertex 0.4531436615183599 1.218466586339459 0
      vertex 0.5053251057282124 1.3587782614130952 5
      vertex 0.561781577724875 1.3364255628717125 5
    endloop
  endfacet
  facet normal 0.40655454384051526 0.9131364560636513 -0.02992015190713523
    outer loop
      vertex 0.5037702623877338 1.1984220970650508 0
      vertex 0.561781577724875 1.3364255628717125 5
      vertex 0.6172524939395455 1.3117283197725949 5
    endloop
  endfacet
  facet normal 0.2889023951064713 0.9568908979667422 -0.02992015190713522
    outer loop
      vertex 0.3495957667998453 1.2521113368369556 0
      vertex 0.38985322497578323 1.396297349830617 5
      vertex 0.44798212178547764 1.378747201168004 5
    endloop
  endfacet
  facet normal 0.328719410520994 0.9439535654133545 -0.029920151907135213
    outer loop
      vertex 0.40172209268743164 1.2363734711836996 0
      vertex 0.44798212178547764 1.378747201168004 5
      vertex 0.5053251057282124 1.3587782614130952 5
    endloop
  endfacet
  facet normal 0.4444361124731172 0.8953107429488583 -0.029920151907135237
    outer loop
      vertex 0.5535130790345946 1.1762751682058254 0
      vertex 0.6716405395360391 1.284729859472318 5
      vertex 0.6022848456558203 1.1520646530005791 0
    endloop
  endfacet
  facet normal 0.4444361124731156 0.8953107429488593 -0.02992015190713522
    outer loop
      vertex 0.5535130790345946 1.1762751682058254 0
      vertex 0.6172524939395455 1.3117283197725949 5
      vertex 0.6716405395360391 1.284729859472318 5
    endloop
  endfacet
  facet normal 0.48153798914403545 0.8759143505622983 -0.02992015190713521
    outer loop
      vertex 0.6022848456558203 1.1520646530005791 0
      vertex 0.7248502994011976 1.2554775464443866 5
      vertex 0.65 1.12583302491977 0
    endloop
  endfacet
  facet normal 0.5177950845542804 0.8549813067671594 -0.029920151907135206
    outer loop
      vertex 0.65 1.12583302491977 0
      vertex 0.7767884255354197 1.2240226991858554 5
      vertex 0.6965748334726957 1.0976263031526197 0
    endloop
  endfacet
  facet normal 0.5177950845542802 0.8549813067671593 -0.0299201519071352
    outer loop
      vertex 0.65 1.12583302491977 0
      vertex 0.7248502994011976 1.2554775464443866 5
      vertex 0.7767884255354197 1.2240226991858554 5
    endloop
  endfacet
  facet normal 0.4815379891440378 0.875914350562297 -0.02992015190713523
    outer loop
      vertex 0.6022848456558203 1.1520646530005791 0
      vertex 0.6716405395360391 1.284729859472318 5
      vertex 0.7248502994011976 1.2554775464443866 5
    endloop
  endfacet
  facet normal 0 0 -1
    outer loop
      vertex 0.7419276379897614 -1.0674939718738152 0
      vertex 0.7419276379897611 1.0674939718738152 0
      vertex 0.7859788493210873 1.0354888934314552 0
    endloop
  endfacet
  facet normal 0 0 -1
    outer loop
      vertex 0.828651186673297 -1.0016672156085258 0
      vertex 0.8286511866732967 1.001667215608526 0
      vertex 0.8698697882665157 0.9660882731206125 0
    endloop
  endfacet
  facet normal 0 0 -1
    outer loop
      vertex 0.7859788493210872 -1.0354888934314552 0
      vertex 0.7859788493210873 1.0354888934314552 0
      vertex 0.8286511866732967 1.001667215608526 0
    endloop
  endfacet
  facet normal 0 0 -1
    outer loop
      vertex 0.8698697882665157 -0.9660882731206125 0
      vertex 0.8698697882665157 0.9660882731206125 0
      vertex 0.9095623426673751 0.9288144835226444 0
    endloop
  endfacet
  facet normal 0 0 -1
    outer loop
      vertex 0.9095623426673747 -0.9288144835226447 0
      vertex 0.9095623426673751 0.9288144835226444 0
      vertex 0.9476592156478351 0.8899112377072954 0
    endloop
  endfacet
  facet normal 0 0 -1
    outer loop
      vertex 0.9840935723472832 -0.8494467851871373 0
      vertex 0.9840935723472833 0.849446785187137 0
      vertex 1.018801494523592 0.8074921143618035 0
    endloop
  endfacet
  facet normal 0 0 -1
    outer loop
      vertex 1.0188014945235921 -0.8074921143618031 0
      vertex 1.018801494523592 0.8074921143618035 0
      vertex 1.0517220926874318 0.7641208279802151 0
    endloop
  endfacet
  facet normal 0 0 -1
    outer loop
      vertex 0.9476592156478352 -0.8899112377072951 0
      vertex 0.9476592156478351 0.8899112377072954 0
      vertex 0.9840935723472833 0.849446785187137 0
    endloop
  endfacet
  facet normal 0 0 -1
    outer loop
      vertex 1.0517220926874318 -0.7641208279802151 0
      vertex 1.0517220926874318 0.7641208279802151 0
      vertex 1.0827976129231294 0.7194090140163474 0
    endloop
  endfacet
  facet normal 0 0 -1
    outer loop
      vertex 1.0827976129231291 -0.7194090140163476 0
      vertex 1.0827976129231294 0.7194090140163474 0
      vertex 1.1119735382086586 0.6734351121850692 0
    endloop
  endfacet
  facet normal 0 0 -1
    outer loop
      vertex 1.1119735382086589 -0.673435112185069 0
      vertex 1.1119735382086586 0.6734351121850692 0
      vertex 1.1391986840570227 0.62627977633223 0
    endloop
  endfacet
  facet normal 0 0 -1
    outer loop
      vertex 1.1876090949353812 -0.5287576359985403 0
      vertex 1.1876090949353812 0.5287576359985403 0
      vertex 1.2087094316547269 0.4785619184900814 0
    endloop
  endfacet
  facet normal 0 0 -1
    outer loop
      vertex 1.164425288311237 -0.5780257329404053 0
      vertex 1.1644252883112367 0.5780257329404057 0
      vertex 1.1876090949353812 0.5287576359985403 0
    endloop
  endfacet
  facet normal 0 0 -1
    outer loop
      vertex 1.2087094316547267 -0.4785619184900819 0
      vertex 1.2087094316547269 0.4785619184900814 0
      vertex 1.2276892813087255 0.4275266407601582 0
    endloop
  endfacet
  facet normal 0 0 -1
    outer loop
      vertex 1.2591581094672206 -0.3232968533143108 0
      vertex 1.2591581094672204 0.32329685331431124 0
      vertex 1.2715918809539475 0.27028519806308715 0
    endloop
  endfacet
  facet normal 0 0 -1
    outer loop
      vertex 1.2988596791285159 -0.054438349847959 0
      vertex 1.2988596791285159 0.05443834984795951 0
      vertex 1.3 0 0
    endloop
  endfacet
  facet normal 0 0 -1
    outer loop
      vertex 1.2954407170243558 -0.1087811963320104 0
      vertex 1.2954407170243558 0.10878119633201012 0
      vertex 1.2988596791285159 0.05443834984795951 0
    endloop
  endfacet
  facet normal 0 0 -1
    outer loop
      vertex 1.2897491117088213 -0.16293320363359529 0
      vertex 1.2897491117088213 0.16293320363359554 0
      vertex 1.2954407170243558 0.10878119633201012 0
    endloop
  endfacet
  facet normal 0 0 -1
    outer loop
      vertex 1.2817948481916563 -0.21679937073093347 0
      vertex 1.2817948481916566 0.21679937073093294 0
      vertex 1.2897491117088213 0.16293320363359554 0
    endloop
  endfacet
  facet normal 0 0 -1
    outer loop
      vertex 1.2715918809539475 -0.27028519806308715 0
      vertex 1.2715918809539475 0.27028519806308715 0
      vertex 1.2817948481916566 0.21679937073093294 0
    endloop
  endfacet
  facet normal 0 0 -1
    outer loop
      vertex 1.2276892813087255 -0.427526640760158 0
      vertex 1.2276892813087255 0.4275266407601582 0
      vertex 1.2445153467916874 0.3757413360278131 0
    endloop
  endfacet
  facet normal 0 0 -1
    outer loop
      vertex 1.2445153467916874 -0.37574133602781334 0
      vertex 1.2445153467916874 0.3757413360278131 0
      vertex 1.2591581094672204 0.32329685331431124 0
    endloop
  endfacet
  facet normal 0 0 -1
    outer loop
      vertex 1.1391986840570225 -0.62627977633223 0
      vertex 1.1391986840570227 0.62627977633223 0
      vertex 1.1644252883112367 0.5780257329404057 0
    endloop
  endfacet
  facet normal 0.9627313512436759 0.268799423069284 -0.02992015190713524
    outer loop
      vertex 1.2591581094672204 0.32329685331431124 0
      vertex 1.2445153467916874 0.3757413360278131 0
      vertex 1.4041555886780934 0.3605258783389901 5
    endloop
  endfacet
  facet normal 0.9993330736983163 0.020933043795142745 -0.029920151907135213
    outer loop
      vertex 1.3 0 0
      vertex 1.2988596791285159 0.05443834984795951 0
      vertex 1.4497005988023952 0 5
    endloop
  endfacet
  facet normal 0.9975799039113896 0.06276240771350976 -0.029920151907135237
    outer loop
      vertex 1.2988596791285159 0.05443834984795951 0
      vertex 1.2954407170243558 0.10878119633201012 0
      vertex 1.4484289650714588 0.06070716028646245 5
    endloop
  endfacet
  facet normal 0.9993330736983164 0.020933043795140743 -0.029920151907135234
    outer loop
      vertex 1.2988596791285159 0.05443834984795951 0
      vertex 1.4484289650714588 0.06070716028646245 5
      vertex 1.4497005988023952 0 5
    endloop
  endfacet
  facet normal 0.9940766399930724 0.10448166504194528 -0.029920151907135158
    outer loop
      vertex 1.2954407170243558 0.10878119633201012 0
      vertex 1.2897491117088213 0.16293320363359554 0
      vertex 1.4446162947563173 0.12130781958535077 5
    endloop
  endfacet
  facet normal 0.9888294278586958 0.14601762602678528 -0.029920151907135182
    outer loop
      vertex 1.2897491117088213 0.16293320363359554 0
      vertex 1.2817948481916566 0.21679937073093294 0
      vertex 1.438269276576258 0.18169566374801235 5
    endloop
  endfacet
  facet normal 0.997579903911389 0.06276240771351603 -0.029920151907135165
    outer loop
      vertex 1.2954407170243558 0.10878119633201012 0
      vertex 1.4446162947563173 0.12130781958535077 5
      vertex 1.4484289650714588 0.06070716028646245 5
    endloop
  endfacet
  facet normal 0.9940766399930726 0.10448166504194421 -0.02992015190713518
    outer loop
      vertex 1.2897491117088213 0.16293320363359554 0
      vertex 1.438269276576258 0.18169566374801235 5
      vertex 1.4446162947563173 0.12130781958535077 5
    endloop
  endfacet
  facet normal 0.9818474729013577 0.18729742247845171 -0.029920151907135203
    outer loop
      vertex 1.2817948481916566 0.21679937073093294 0
      vertex 1.2715918809539475 0.27028519806308715 0
      vertex 1.4293990453578997 0.24176475197585842 5
    endloop
  endfacet
  facet normal 0.9888294278586961 0.14601762602678292 -0.0299201519071352
    outer loop
      vertex 1.2817948481916566 0.21679937073093294 0
      vertex 1.4293990453578997 0.24176475197585842 5
      vertex 1.438269276576258 0.18169566374801235 5
    endloop
  endfacet
  facet normal 0.9818474729013575 0.18729742247845257 -0.02992015190713519
    outer loop
      vertex 1.2715918809539475 0.27028519806308715 0
      vertex 1.4180211625009242 0.30140970267652417 5
      vertex 1.4293990453578997 0.24176475197585842 5
    endloop
  endfacet
  facet normal 0.9731430238425365 0.22824863560700284 -0.029920151907135196
    outer loop
      vertex 1.2591581094672204 0.32329685331431124 0
      vertex 1.4180211625009242 0.30140970267652417 5
      vertex 1.2715918809539475 0.27028519806308715 0
    endloop
  endfacet
  facet normal 0.9731430238425374 0.2282486356069989 -0.02992015190713524
    outer loop
      vertex 1.2591581094672204 0.32329685331431124 0
      vertex 1.4041555886780934 0.3605258783389901 5
      vertex 1.4180211625009242 0.30140970267652417 5
    endloop
  endfacet
  facet normal 0.950630720716422 0.30887864500484663 -0.029920151907135224
    outer loop
      vertex 1.2445153467916874 0.3757413360278131 0
      vertex 1.2276892813087255 0.4275266407601582 0
      vertex 1.387826648817446 0.4190095691033328 5
    endloop
  endfacet
  facet normal 0.9368623608785409 0.3484159888394053 -0.029920151907135206
    outer loop
      vertex 1.2276892813087255 0.4275266407601582 0
      vertex 1.2087094316547269 0.4785619184900814 0
      vertex 1.3690629894281088 0.47675817470305987 5
    endloop
  endfacet
  facet normal 0.9214504261117102 0.3873420926369886 -0.029920151907135182
    outer loop
      vertex 1.2087094316547269 0.4785619184900814 0
      vertex 1.1876090949353812 0.5287576359985403 0
      vertex 1.3478975283445847 0.5336703844608416 5
    endloop
  endfacet
  facet normal 0.9368623608785401 0.3484159888394073 -0.029920151907135182
    outer loop
      vertex 1.2087094316547269 0.4785619184900814 0
      vertex 1.3478975283445847 0.5336703844608416 5
      vertex 1.3690629894281088 0.47675817470305987 5
    endloop
  endfacet
  facet normal 0.9214504261117104 0.3873420926369883 -0.029920151907135175
    outer loop
      vertex 1.1876090949353812 0.5287576359985403 0
      vertex 1.3243673969776866 0.5896463550218637 5
      vertex 1.3478975283445847 0.5336703844608416 5
    endloop
  endfacet
  facet normal 0.8858068188290443 0.4630886137941883 -0.029920151907135255
    outer loop
      vertex 1.1644252883112367 0.5780257329404057 0
      vertex 1.1391986840570227 0.62627977633223 0
      vertex 1.2985138751734244 0.6445878855129996 5
    endloop
  endfacet
  facet normal 0.8439499131636122 0.5355869010543346 -0.02992015190713521
    outer loop
      vertex 1.0827976129231294 0.7194090140163474 0
      vertex 1.2400220801488542 0.7509840656840407 5
      vertex 1.1119735382086586 0.6734351121850692 0
    endloop
  endfacet
  facet normal 0.8656376773121585 0.49977614601685977 -0.029920151907135217
    outer loop
      vertex 1.1391986840570227 0.62627977633223 0
      vertex 1.1119735382086586 0.6734351121850692 0
      vertex 1.270382318794128 0.6983985898205106 5
    endloop
  endfacet
  facet normal 0.8656376773121578 0.4997761460168607 -0.029920151907135206
    outer loop
      vertex 1.1119735382086586 0.6734351121850692 0
      vertex 1.2400220801488542 0.7509840656840407 5
      vertex 1.270382318794128 0.6983985898205106 5
    endloop
  endfacet
  facet normal 0.9044219541865197 0.4255886667843618 -0.029920151907135175
    outer loop
      vertex 1.1876090949353812 0.5287576359985403 0
      vertex 1.1644252883112367 0.5780257329404057 0
      vertex 1.3243673969776866 0.5896463550218637 5
    endloop
  endfacet
  facet normal 0.9044219541865222 0.4255886667843569 -0.02992015190713524
    outer loop
      vertex 1.1644252883112367 0.5780257329404057 0
      vertex 1.2985138751734244 0.6445878855129996 5
      vertex 1.3243673969776866 0.5896463550218637 5
    endloop
  endfacet
  facet normal 0.885806818829043 0.4630886137941905 -0.02992015190713522
    outer loop
      vertex 1.1391986840570227 0.62627977633223 0
      vertex 1.270382318794128 0.6983985898205106 5
      vertex 1.2985138751734244 0.6445878855129996 5
    endloop
  endfacet
  facet normal 0.9627313512436755 0.2687994230692853 -0.029920151907135224
    outer loop
      vertex 1.2445153467916874 0.3757413360278131 0
      vertex 1.387826648817446 0.4190095691033328 5
      vertex 1.4041555886780934 0.3605258783389901 5
    endloop
  endfacet
  facet normal 0.9506307207164215 0.3088786450048483 -0.02992015190713521
    outer loop
      vertex 1.2276892813087255 0.4275266407601582 0
      vertex 1.3690629894281088 0.47675817470305987 5
      vertex 1.387826648817446 0.4190095691033328 5
    endloop
  endfacet
  facet normal 0.5531437914382754 0.8325483352353445 -0.029920151907135192
    outer loop
      vertex 0.6965748334726957 1.0976263031526197 0
      vertex 0.8273638008167717 1.1904205001872439 5
      vertex 0.7419276379897611 1.0674939718738152 0
    endloop
  endfacet
  facet normal 0.5875220961525558 0.8086547910217071 -0.029920151907135192
    outer loop
      vertex 0.7419276379897611 1.0674939718738152 0
      vertex 0.8764876988513829 1.1547298991237 5
      vertex 0.7859788493210873 1.0354888934314552 0
    endloop
  endfacet
  facet normal 0.653128062380365 0.7566561429349027 -0.029920151907135206
    outer loop
      vertex 0.8698697882665157 0.9660882731206125 0
      vertex 0.8286511866732967 1.001667215608526 0
      vertex 0.9700390407154466 1.0773374984914799 5
    endloop
  endfacet
  facet normal 0.6842406287360671 0.7286422623597437 -0.029920151907135213
    outer loop
      vertex 0.8698697882665157 0.9660882731206125 0
      vertex 1.01430236370231 1.0357714714916268 5
      vertex 0.9095623426673751 0.9288144835226444 0
    endloop
  endfacet
  facet normal 0.6208696874688392 0.7833425915218704 -0.029920151907135192
    outer loop
      vertex 0.7859788493210873 1.0354888934314552 0
      vertex 0.9240739396296873 1.1170135094372369 5
      vertex 0.8286511866732967 1.001667215608526 0
    endloop
  endfacet
  facet normal 0.6208696874688393 0.7833425915218702 -0.029920151907135196
    outer loop
      vertex 0.7859788493210873 1.0354888934314552 0
      vertex 0.8764876988513829 1.1547298991237 5
      vertex 0.9240739396296873 1.1170135094372369 5
    endloop
  endfacet
  facet normal 0.6531280623803642 0.7566561429349034 -0.0299201519071352
    outer loop
      vertex 0.8286511866732967 1.001667215608526 0
      vertex 0.9240739396296873 1.1170135094372369 5
      vertex 0.9700390407154466 1.0773374984914799 5
    endloop
  endfacet
  facet normal 0.7141528045224381 0.6993500956621015 -0.0299201519071352
    outer loop
      vertex 0.9476592156478351 0.8899112377072954 0
      vertex 0.9095623426673751 0.9288144835226444 0
      vertex 1.0567862556809804 0.9923883493732667 5
    endloop
  endfacet
  facet normal 0.7428121136189274 0.6688310312559039 -0.029920151907135217
    outer loop
      vertex 0.9476592156478351 0.8899112377072954 0
      vertex 1.0974161854688038 0.9472642408742784 5
      vertex 0.9840935723472833 0.849446785187137 0
    endloop
  endfacet
  facet normal 0.8207815740912668 0.5704580546737122 -0.029920151907135217
    outer loop
      vertex 1.0827976129231294 0.7194090140163474 0
      vertex 1.0517220926874318 0.7641208279802151 0
      vertex 1.2074864214126653 0.8022520603102611 5
    endloop
  endfacet
  facet normal 0.7961733052345132 0.6043284310222418 -0.02992015190713518
    outer loop
      vertex 1.018801494523592 0.8074921143618035 0
      vertex 1.1728324211866752 0.8521126322156152 5
      vertex 1.0517220926874318 0.7641208279802151 0
    endloop
  endfacet
  facet normal 0.7701682778588685 0.637138609950581 -0.029920151907135185
    outer loop
      vertex 0.9840935723472833 0.849446785187137 0
      vertex 1.1361208743627893 0.9004783090142451 5
      vertex 1.018801494523592 0.8074921143618035 0
    endloop
  endfacet
  facet normal 0.7701682778588702 0.6371386099505789 -0.029920151907135213
    outer loop
      vertex 0.9840935723472833 0.849446785187137 0
      vertex 1.0974161854688038 0.9472642408742784 5
      vertex 1.1361208743627893 0.9004783090142451 5
    endloop
  endfacet
  facet normal 0.7961733052345135 0.6043284310222413 -0.029920151907135182
    outer loop
      vertex 1.018801494523592 0.8074921143618035 0
      vertex 1.1361208743627893 0.9004783090142451 5
      vertex 1.1728324211866752 0.8521126322156152 5
    endloop
  endfacet
  facet normal 0.6842406287360668 0.7286422623597439 -0.029920151907135213
    outer loop
      vertex 0.8698697882665157 0.9660882731206125 0
      vertex 0.9700390407154466 1.0773374984914799 5
      vertex 1.01430236370231 1.0357714714916268 5
    endloop
  endfacet
  facet normal 0.7141528045224391 0.6993500956621004 -0.029920151907135213
    outer loop
      vertex 0.9095623426673751 0.9288144835226444 0
      vertex 1.01430236370231 1.0357714714916268 5
      vertex 1.0567862556809804 0.9923883493732667 5
    endloop
  endfacet
  facet normal 0.7428121136189261 0.668831031255905 -0.02992015190713519
    outer loop
      vertex 0.9476592156478351 0.8899112377072954 0
      vertex 1.0567862556809804 0.9923883493732667 5
      vertex 1.0974161854688038 0.9472642408742784 5
    endloop
  endfacet
  facet normal 0.5531437914382763 0.8325483352353439 -0.02992015190713521
    outer loop
      vertex 0.6965748334726957 1.0976263031526197 0
      vertex 0.7767884255354197 1.2240226991858554 5
      vertex 0.8273638008167717 1.1904205001872439 5
    endloop
  endfacet
  facet normal 0.5875220961525558 0.8086547910217073 -0.029920151907135196
    outer loop
      vertex 0.7419276379897611 1.0674939718738152 0
      vertex 0.8273638008167717 1.1904205001872439 5
      vertex 0.8764876988513829 1.1547298991237 5
    endloop
  endfacet
  facet normal 0.8207815740912648 0.570458054673715 -0.02992015190713518
    outer loop
      vertex 1.0517220926874318 0.7641208279802151 0
      vertex 1.1728324211866752 0.8521126322156152 5
      vertex 1.2074864214126653 0.8022520603102611 5
    endloop
  endfacet
  facet normal 0.8439499131636129 0.5355869010543335 -0.029920151907135217
    outer loop
      vertex 1.0827976129231294 0.7194090140163474 0
      vertex 1.2074864214126653 0.8022520603102611 5
      vertex 1.2400220801488542 0.7509840656840407 5
    endloop
  endfacet
  facet normal 0 0 -1
    outer loop
      vertex -1.1354925834776344 -0.9801309059851584 5
      vertex -1.1755401859887595 -0.9317216704174656 5
      vertex -1.1361208743627893 -0.9004783090142452 5
    endloop
  endfacet
  facet normal 0 0 -1
    outer loop
      vertex -1.28304639024076 -0.777040514059695 5
      vertex -1.2703823187941279 -0.6983985898205107 5
      vertex -1.2493818610651493 -0.8300873238650159 5
    endloop
  endfacet
  facet normal 0 0 -1
    outer loop
      vertex -1.2493818610651493 -0.8300873238650159 5
      vertex -1.2400220801488544 -0.7509840656840404 5
      vertex -1.2135254915624212 -0.8816778784387097 5
    endloop
  endfacet
  facet normal 0 0 -1
    outer loop
      vertex -1.2135254915624212 -0.8816778784387097 5
      vertex -1.2400220801488544 -0.7509840656840404 5
      vertex -1.2074864214126653 -0.802252060310261 5
    endloop
  endfacet
  facet normal 0 0 -1
    outer loop
      vertex -1.2493818610651493 -0.8300873238650159 5
      vertex -1.2703823187941279 -0.6983985898205107 5
      vertex -1.2400220801488544 -0.7509840656840404 5
    endloop
  endfacet
  facet normal 0 0 -1
    outer loop
      vertex -1.1755401859887595 -0.9317216704174656 5
      vertex -1.2135254915624212 -0.8816778784387097 5
      vertex -1.2074864214126653 -0.802252060310261 5
    endloop
  endfacet
  facet normal 0 0 -1
    outer loop
      vertex -1.1755401859887595 -0.9317216704174656 5
      vertex -1.2074864214126653 -0.802252060310261 5
      vertex -1.1728324211866752 -0.8521126322156152 5
    endloop
  endfacet
  facet normal 0 0 -1
    outer loop
      vertex -1.1755401859887595 -0.9317216704174656 5
      vertex -1.1728324211866752 -0.8521126322156152 5
      vertex -1.1361208743627893 -0.9004783090142452 5
    endloop
  endfacet
  facet normal 0 0 -1
    outer loop
      vertex -0.9561359846230344 -1.155769864163684 5
      vertex -0.9240739396296872 -1.117013509437237 5
      vertex -0.9068986722935621 -1.1947948770362946 5
    endloop
  endfacet
  facet normal 0 0 -1
    outer loop
      vertex -0.9068986722935621 -1.1947948770362946 5
      vertex -0.9240739396296872 -1.117013509437237 5
      vertex -0.8764876988513828 -1.1547298991237 5
    endloop
  endfacet
  facet normal 0 0 -1
    outer loop
      vertex -0.8560703515266477 -1.231723813700556 5
      vertex -0.9068986722935621 -1.1947948770362946 5
      vertex -0.8764876988513828 -1.1547298991237 5
    endloop
  endfacet
  facet normal 0 0 -1
    outer loop
      vertex -0.8560703515266477 -1.231723813700556 5
      vertex -0.8764876988513828 -1.1547298991237 5
      vertex -0.8273638008167721 -1.1904205001872437 5
    endloop
  endfacet
  facet normal 0 0 -1
    outer loop
      vertex -0.8560703515266477 -1.231723813700556 5
      vertex -0.8273638008167721 -1.1904205001872437 5
      vertex -0.8037401924684952 -1.2664918882530225 5
    endloop
  endfacet
  facet normal 0 0 -1
    outer loop
      vertex -0.8037401924684952 -1.2664918882530225 5
      vertex -0.8273638008167721 -1.1904205001872437 5
      vertex -0.7767884255354198 -1.2240226991858554 5
    endloop
  endfacet
  facet normal 0 0 -1
    outer loop
      vertex -0.8037401924684952 -1.2664918882530225 5
      vertex -0.7767884255354198 -1.2240226991858554 5
      vertex -0.75 -1.299038105676658 5
    endloop
  endfacet
  facet normal 0 0 -1
    outer loop
      vertex -0.75 -1.299038105676658 5
      vertex -0.7767884255354198 -1.2240226991858554 5
      vertex -0.7248502994011976 -1.2554775464443866 5
    endloop
  endfacet
  facet normal 0 0 -1
    outer loop
      vertex -1.0494950107700483 -1.0717090194492052 5
      vertex -1.0567862556809806 -0.9923883493732664 5
      vertex -1.01430236370231 -1.0357714714916268 5
    endloop
  endfacet
  facet normal 0 0 -1
    outer loop
      vertex -1.1354925834776344 -0.9801309059851584 5
      vertex -1.0974161854688036 -0.9472642408742787 5
      vertex -1.0934529411321174 -1.0268206588930329 5
    endloop
  endfacet
  facet normal 0 0 -1
    outer loop
      vertex -1.0934529411321174 -1.0268206588930329 5
      vertex -1.0974161854688036 -0.9472642408742787 5
      vertex -1.0567862556809806 -0.9923883493732664 5
    endloop
  endfacet
  facet normal 0 0 -1
    outer loop
      vertex -1.1354925834776344 -0.9801309059851584 5
      vertex -1.1361208743627893 -0.9004783090142452 5
      vertex -1.0974161854688036 -0.9472642408742787 5
    endloop
  endfacet
  facet normal 0 0 -1
    outer loop
      vertex -1.0494950107700483 -1.0717090194492052 5
      vertex -1.0934529411321174 -1.0268206588930329 5
      vertex -1.0567862556809806 -0.9923883493732664 5
    endloop
  endfacet
  facet normal 0 0 -1
    outer loop
      vertex -1.0494950107700483 -1.0717090194492052 5
      vertex -1.01430236370231 -1.0357714714916268 5
      vertex -1.0036959095382874 -1.1147172382160915 5
    endloop
  endfacet
  facet normal 0 0 -1
    outer loop
      vertex -1.0036959095382874 -1.1147172382160915 5
      vertex -1.01430236370231 -1.0357714714916268 5
      vertex -0.9700390407154466 -1.0773374984914799 5
    endloop
  endfacet
  facet normal 0 0 -1
    outer loop
      vertex -0.9561359846230344 -1.155769864163684 5
      vertex -1.0036959095382874 -1.1147172382160915 5
      vertex -0.9700390407154466 -1.0773374984914799 5
    endloop
  endfacet
  facet normal 0 0 -1
    outer loop
      vertex -0.9561359846230344 -1.155769864163684 5
      vertex -0.9700390407154466 -1.0773374984914799 5
      vertex -0.9240739396296872 -1.117013509437237 5
    endloop
  endfacet
  facet normal -0.7705132427757898 -0.637423989748689 0
    outer loop
      vertex -1.1354925834776344 -0.9801309059851584 5
      vertex -1.1755401859887595 -0.9317216704174656 75.01
      vertex -1.1755401859887595 -0.9317216704174656 5
    endloop
  endfacet
  facet normal -0.8211492091337051 -0.5707135676844302 0
    outer loop
      vertex -1.2493818610651493 -0.8300873238650159 5
      vertex -1.2135254915624212 -0.8816778784387097 5
      vertex -1.2493818610651493 -0.8300873238650159 75.01
    endloop
  endfacet
  facet normal -0.8443279255020151 -0.5358267949789965 0
    outer loop
      vertex -1.28304639024076 -0.777040514059695 5
      vertex -1.2493818610651493 -0.8300873238650159 5
      vertex -1.28304639024076 -0.777040514059695 75.01
    endloop
  endfacet
  facet normal -0.7965299180241948 -0.6045991148623767 0
    outer loop
      vertex -1.1755401859887595 -0.9317216704174656 5
      vertex -1.2135254915624212 -0.8816778784387097 75.01
      vertex -1.2135254915624212 -0.8816778784387097 5
    endloop
  endfacet
  facet normal -0.653420603990104 -0.7569950556517576 0
    outer loop
      vertex -0.9561359846230344 -1.155769864163684 5
      vertex -0.9561359846230344 -1.155769864163684 75.01
      vertex -1.0036959095382874 -1.1147172382160915 5
    endloop
  endfacet
  facet normal -0.5877852522924724 -0.8090169943749481 0
    outer loop
      vertex -0.8560703515266477 -1.231723813700556 5
      vertex -0.8560703515266477 -1.231723813700556 75.01
      vertex -0.9068986722935621 -1.1947948770362946 5
    endloop
  endfacet
  facet normal -0.6211477802783109 -0.7836934573258393 0
    outer loop
      vertex -0.9561359846230344 -1.155769864163684 5
      vertex -0.9068986722935621 -1.1947948770362946 5
      vertex -0.9068986722935621 -1.1947948770362946 75.01
    endloop
  endfacet
  facet normal -0.5533915492433445 -0.832921240710099 0
    outer loop
      vertex -0.8560703515266477 -1.231723813700556 5
      vertex -0.8037401924684952 -1.2664918882530225 5
      vertex -0.8037401924684952 -1.2664918882530225 75.01
    endloop
  endfacet
  facet normal -0.5180270093731304 -0.8553642601605066 0
    outer loop
      vertex -0.8037401924684952 -1.2664918882530225 5
      vertex -0.75 -1.299038105676658 5
      vertex -0.75 -1.299038105676658 75.01
    endloop
  endfacet
  facet normal -0.7144726796328051 -0.6996633405133635 0
    outer loop
      vertex -1.0494950107700483 -1.0717090194492052 5
      vertex -1.0934529411321174 -1.0268206588930329 75.01
      vertex -1.0934529411321174 -1.0268206588930329 5
    endloop
  endfacet
  facet normal -0.7431448254773948 -0.6691306063588577 0
    outer loop
      vertex -1.1354925834776344 -0.9801309059851584 5
      vertex -1.0934529411321174 -1.0268206588930329 5
      vertex -1.1354925834776344 -0.9801309059851584 75.01
    endloop
  endfacet
  facet normal -0.6845471059286881 -0.728968627421412 0
    outer loop
      vertex -1.0494950107700483 -1.0717090194492052 5
      vertex -1.0036959095382874 -1.1147172382160915 5
      vertex -1.0036959095382874 -1.1147172382160915 75.01
    endloop
  endfacet
  facet normal 0 0 -1
    outer loop
      vertex -1.3144600200657952 -0.722630511152573 5
      vertex -1.3435676403591192 -0.6669527687773913 5
      vertex -1.3243673969776866 -0.5896463550218637 5
    endloop
  endfacet
  facet normal 0 0 -1
    outer loop
      vertex -1.3435676403591192 -0.6669527687773913 5
      vertex -1.3703181864639014 -0.6101049646137003 5
      vertex -1.3478975283445849 -0.5336703844608415 5
    endloop
  endfacet
  facet normal 0 0 -1
    outer loop
      vertex -1.3435676403591192 -0.6669527687773913 5
      vertex -1.3478975283445849 -0.5336703844608415 5
      vertex -1.3243673969776866 -0.5896463550218637 5
    endloop
  endfacet
  facet normal 0 0 -1
    outer loop
      vertex -1.4165645553562216 -0.49329997010787463 5
      vertex -1.435979246298101 -0.4335476954167077 5
      vertex -1.4180211625009242 -0.30140970267652417 5
    endloop
  endfacet
  facet normal 0 0 -1
    outer loop
      vertex -1.4165645553562216 -0.49329997010787463 5
      vertex -1.4180211625009242 -0.30140970267652417 5
      vertex -1.4041555886780934 -0.3605258783389902 5
    endloop
  endfacet
  facet normal 0 0 -1
    outer loop
      vertex -1.3703181864639014 -0.6101049646137003 5
      vertex -1.3946647288323772 -0.5521868290270168 5
      vertex -1.387826648817446 -0.41900956910333303 5
    endloop
  endfacet
  facet normal 0 0 -1
    outer loop
      vertex -1.3703181864639014 -0.6101049646137003 5
      vertex -1.3690629894281088 -0.47675817470305965 5
      vertex -1.3478975283445849 -0.5336703844608415 5
    endloop
  endfacet
  facet normal 0 0 -1
    outer loop
      vertex -1.4165645553562216 -0.49329997010787463 5
      vertex -1.4041555886780934 -0.3605258783389902 5
      vertex -1.3946647288323772 -0.5521868290270168 5
    endloop
  endfacet
  facet normal 0 0 -1
    outer loop
      vertex -1.3703181864639014 -0.6101049646137003 5
      vertex -1.387826648817446 -0.41900956910333303 5
      vertex -1.3690629894281088 -0.47675817470305965 5
    endloop
  endfacet
  facet normal 0 0 -1
    outer loop
      vertex -1.3946647288323772 -0.5521868290270168 5
      vertex -1.4041555886780934 -0.3605258783389902 5
      vertex -1.387826648817446 -0.41900956910333303 5
    endloop
  endfacet
  facet normal 0 0 -1
    outer loop
      vertex -1.28304639024076 -0.777040514059695 5
      vertex -1.3144600200657952 -0.722630511152573 5
      vertex -1.2985138751734242 -0.6445878855129997 5
    endloop
  endfacet
  facet normal 0 0 -1
    outer loop
      vertex -1.28304639024076 -0.777040514059695 5
      vertex -1.2985138751734242 -0.6445878855129997 5
      vertex -1.2703823187941279 -0.6983985898205107 5
    endloop
  endfacet
  facet normal 0 0 -1
    outer loop
      vertex -1.3144600200657952 -0.722630511152573 5
      vertex -1.3243673969776866 -0.5896463550218637 5
      vertex -1.2985138751734242 -0.6445878855129997 5
    endloop
  endfacet
  facet normal 0 0 -1
    outer loop
      vertex -1.435979246298101 -0.4335476954167077 5
      vertex -1.4528747416929466 -0.3730348307472823 5
      vertex -1.438269276576258 -0.18169566374801208 5
    endloop
  endfacet
  facet normal 0 0 -1
    outer loop
      vertex -1.435979246298101 -0.4335476954167077 5
      vertex -1.438269276576258 -0.18169566374801208 5
      vertex -1.4293990453578997 -0.24176475197585828 5
    endloop
  endfacet
  facet normal 0 0 -1
    outer loop
      vertex -1.435979246298101 -0.4335476954167077 5
      vertex -1.4293990453578997 -0.24176475197585828 5
      vertex -1.4180211625009242 -0.30140970267652417 5
    endloop
  endfacet
  facet normal 0 0 -1
    outer loop
      vertex -1.4528747416929466 -0.3730348307472823 5
      vertex -1.4446162947563173 -0.12130781958535106 5
      vertex -1.438269276576258 -0.18169566374801208 5
    endloop
  endfacet
  facet normal 0 0 -1
    outer loop
      vertex -1.4672214011007085 -0.311867536226639 5
      vertex -1.4528747416929466 0.3730348307472823 5
      vertex -1.4528747416929466 -0.3730348307472823 5
    endloop
  endfacet
  facet normal 0 0 -1
    outer loop
      vertex -1.4528747416929466 -0.3730348307472823 5
      vertex -1.4484289650714588 -0.0607071602864626 5
      vertex -1.4446162947563173 -0.12130781958535106 5
    endloop
  endfacet
  facet normal 0 0 -1
    outer loop
      vertex -1.4528747416929466 -0.3730348307472823 5
      vertex -1.4497005988023952 0 5
      vertex -1.4484289650714588 -0.0607071602864626 5
    endloop
  endfacet
  facet normal 0 0 -1
    outer loop
      vertex -1.4789940556057575 -0.25015312007415325 5
      vertex -1.4881720519717168 -0.1879998503464561 5
      vertex -1.4789940556057575 0.25015312007415325 5
    endloop
  endfacet
  facet normal 0 0 -1
    outer loop
      vertex -1.4672214011007085 -0.311867536226639 5
      vertex -1.4789940556057575 -0.25015312007415325 5
      vertex -1.4672214011007085 0.311867536226639 5
    endloop
  endfacet
  facet normal 0 0 -1
    outer loop
      vertex -1.4881720519717168 -0.1879998503464561 5
      vertex -1.4947392888742566 -0.12551676499847353 5
      vertex -1.4881720519717168 0.1879998503464561 5
    endloop
  endfacet
  facet normal 0 0 -1
    outer loop
      vertex -1.4947392888742566 -0.12551676499847353 5
      vertex -1.4986842451482876 -0.0628134805937996 5
      vertex -1.4947392888742566 0.12551676499847353 5
    endloop
  endfacet
  facet normal -0.8862035792312141 -0.4632960351198629 0
    outer loop
      vertex -1.3144600200657952 -0.722630511152573 5
      vertex -1.3435676403591192 -0.6669527687773913 75.01
      vertex -1.3435676403591192 -0.6669527687773913 5
    endloop
  endfacet
  facet normal -0.9048270524660191 -0.42577929156507316 0
    outer loop
      vertex -1.3435676403591192 -0.6669527687773913 5
      vertex -1.3703181864639014 -0.6101049646137003 75.01
      vertex -1.3703181864639014 -0.6101049646137003 5
    endloop
  endfacet
  facet normal -0.9218631515885002 -0.3875155864521035 0
    outer loop
      vertex -1.3703181864639014 -0.6101049646137003 5
      vertex -1.3946647288323772 -0.5521868290270168 75.01
      vertex -1.3946647288323772 -0.5521868290270168 5
    endloop
  endfacet
  facet normal -0.9372819894918922 -0.3485720473218133 0
    outer loop
      vertex -1.4165645553562216 -0.49329997010787463 5
      vertex -1.3946647288323772 -0.5521868290270168 5
      vertex -1.4165645553562216 -0.49329997010787463 75.01
    endloop
  endfacet
  facet normal -0.9510565162951529 -0.30901699437494984 0
    outer loop
      vertex -1.4165645553562216 -0.49329997010787463 5
      vertex -1.435979246298101 -0.4335476954167077 75.01
      vertex -1.435979246298101 -0.4335476954167077 5
    endloop
  endfacet
  facet normal -0.9631625667976587 -0.2689198206152636 0
    outer loop
      vertex -1.435979246298101 -0.4335476954167077 5
      vertex -1.4528747416929466 -0.3730348307472823 75.01
      vertex -1.4528747416929466 -0.3730348307472823 5
    endloop
  endfacet
  facet normal -0.8660254037844388 -0.4999999999999997 0
    outer loop
      vertex -1.28304639024076 -0.777040514059695 5
      vertex -1.3144600200657952 -0.722630511152573 75.01
      vertex -1.3144600200657952 -0.722630511152573 5
    endloop
  endfacet
  facet normal -0.9735789028731598 -0.22835087011065747 0
    outer loop
      vertex -1.4672214011007085 -0.311867536226639 5
      vertex -1.4528747416929466 -0.3730348307472823 5
      vertex -1.4672214011007085 -0.311867536226639 75.01
    endloop
  endfacet
  facet normal -0.9822872507286886 -0.18738131458572432 0
    outer loop
      vertex -1.4672214011007085 -0.311867536226639 5
      vertex -1.4789940556057575 -0.25015312007415325 75.01
      vertex -1.4789940556057575 -0.25015312007415325 5
    endloop
  endfacet
  facet normal -0.9892723329629886 -0.14608302856241032 0
    outer loop
      vertex -1.4789940556057575 -0.25015312007415325 5
      vertex -1.4881720519717168 -0.1879998503464561 75.01
      vertex -1.4881720519717168 -0.1879998503464561 5
    endloop
  endfacet
  facet normal -0.9945218953682731 -0.10452846326765493 0
    outer loop
      vertex -1.4881720519717168 -0.1879998503464561 5
      vertex -1.4947392888742566 -0.12551676499847353 75.01
      vertex -1.4947392888742566 -0.12551676499847353 5
    endloop
  endfacet
  facet normal -0.9980267284282717 -0.06279051952931328 0
    outer loop
      vertex -1.4947392888742566 -0.12551676499847353 5
      vertex -1.4986842451482876 -0.0628134805937996 75.01
      vertex -1.4986842451482876 -0.0628134805937996 5
    endloop
  endfacet
  facet normal -0.9997806834748455 -0.020942419883356118 0
    outer loop
      vertex -1.4986842451482876 -0.0628134805937996 5
      vertex -1.5 0 75.01
      vertex -1.5 0 5
    endloop
  endfacet
  facet normal 0 0 -1
    outer loop
      vertex -0.6949440526797924 -1.3293053688468222 5
      vertex -0.6716405395360389 -1.284729859472318 5
      vertex -0.6386689373476087 -1.3572405786990294 5
    endloop
  endfacet
  facet normal 0 0 -1
    outer loop
      vertex -0.6386689373476087 -1.3572405786990294 5
      vertex -0.6716405395360389 -1.284729859472318 5
      vertex -0.6172524939395451 -1.3117283197725949 5
    endloop
  endfacet
  facet normal 0 0 -1
    outer loop
      vertex -0.6386689373476087 -1.3572405786990294 5
      vertex -0.6172524939395451 -1.3117283197725949 5
      vertex -0.5812733796781547 -1.3827947273827506 5
    endloop
  endfacet
  facet normal 0 0 -1
    outer loop
      vertex -0.5812733796781547 -1.3827947273827506 5
      vertex -0.6172524939395451 -1.3117283197725949 5
      vertex -0.5617815777248754 -1.3364255628717123 5
    endloop
  endfacet
  facet normal 0 0 -1
    outer loop
      vertex -0.6949440526797924 -1.3293053688468222 5
      vertex -0.75 -1.299038105676658 5
      vertex -0.7248502994011976 -1.2554775464443866 5
    endloop
  endfacet
  facet normal 0 0 -1
    outer loop
      vertex -0.6949440526797924 -1.3293053688468222 5
      vertex -0.7248502994011976 -1.2554775464443866 5
      vertex -0.6716405395360389 -1.284729859472318 5
    endloop
  endfacet
  facet normal 0 0 -1
    outer loop
      vertex -0.5812733796781547 -1.3827947273827506 5
      vertex -0.5617815777248754 -1.3364255628717123 5
      vertex -0.522858070982723 -1.4059229842378371 5
    endloop
  endfacet
  facet normal 0 0 -1
    outer loop
      vertex -0.522858070982723 -1.4059229842378371 5
      vertex -0.5617815777248754 -1.3364255628717123 5
      vertex -0.5053251057282124 -1.3587782614130952 5
    endloop
  endfacet
  facet normal 0 0 -1
    outer loop
      vertex -0.522858070982723 -1.4059229842378371 5
      vertex -0.5053251057282124 -1.3587782614130952 5
      vertex -0.46352549156242107 -1.4265847744427302 5
    endloop
  endfacet
  facet normal 0 0 -1
    outer loop
      vertex -0.46352549156242107 -1.4265847744427302 5
      vertex -0.5053251057282124 -1.3587782614130952 5
      vertex -0.44798212178547764 -1.378747201168004 5
    endloop
  endfacet
  facet normal 0 0 -1
    outer loop
      vertex -0.46352549156242107 -1.4265847744427302 5
      vertex -0.44798212178547764 -1.378747201168004 5
      vertex -0.40337973092289836 -1.4447438501964873 5
    endloop
  endfacet
  facet normal 0 0 -1
    outer loop
      vertex -0.40337973092289836 -1.4447438501964873 5
      vertex -0.44798212178547764 -1.378747201168004 5
      vertex -0.38985322497578323 -1.396297349830617 5
    endloop
  endfacet
  facet normal 0 0 -1
    outer loop
      vertex -0.40337973092289836 -1.4447438501964873 5
      vertex -0.38985322497578323 -1.396297349830617 5
      vertex -0.34252630516598326 -1.4603683543097405 5
    endloop
  endfacet
  facet normal 0 0 -1
    outer loop
      vertex -0.34252630516598326 -1.4603683543097405 5
      vertex -0.38985322497578323 -1.396297349830617 5
      vertex -0.33104039313646527 -1.4113979184765995 5
    endloop
  endfacet
  facet normal 0 0 -1
    outer loop
      vertex -0.34252630516598326 -1.4603683543097405 5
      vertex -0.33104039313646527 -1.4113979184765995 5
      vertex -0.28107197187858723 -1.4734308760930328 5
    endloop
  endfacet
  facet normal 0 0 -1
    outer loop
      vertex -0.28107197187858723 -1.4734308760930328 5
      vertex -0.33104039313646527 -1.4113979184765995 5
      vertex -0.27164680395930524 -1.4240224155773384 5
    endloop
  endfacet
  facet normal 0 0 -1
    outer loop
      vertex -0.28107197187858723 -1.4734308760930328 5
      vertex -0.27164680395930524 -1.4240224155773384 5
      vertex -0.21912454284361682 -1.4839084994444824 5
    endloop
  endfacet
  facet normal 0 0 -1
    outer loop
      vertex -0.21912454284361682 -1.4839084994444824 5
      vertex -0.21177665398179493 -1.4341486934750867 5
      vertex -0.1567926949014802 -1.4917828430524098 5
    endloop
  endfacet
  facet normal 0 0 -1
    outer loop
      vertex -0.21912454284361682 -1.4839084994444824 5
      vertex -0.27164680395930524 -1.4240224155773384 5
      vertex -0.21177665398179493 -1.4341486934750867 5
    endloop
  endfacet
  facet normal 0 0 -1
    outer loop
      vertex -0.1567926949014802 -1.4917828430524098 5
      vertex -0.21177665398179493 -1.4341486934750867 5
      vertex -0.1515349757910114 -1.441758987237479 5
    endloop
  endfacet
  facet normal 0 0 -1
    outer loop
      vertex -0.1567926949014802 -1.4917828430524098 5
      vertex -0.1515349757910114 -1.441758987237479 5
      vertex -0.09418577929397065 -1.4970400926424072 5
    endloop
  endfacet
  facet normal 0 0 -1
    outer loop
      vertex -0.09418577929397065 -1.4970400926424072 5
      vertex -0.1515349757910114 -1.441758987237479 5
      vertex -0.09102745376075964 -1.4468399458232606 5
    endloop
  endfacet
  facet normal 0 0 -1
    outer loop
      vertex -0.09418577929397065 -1.4970400926424072 5
      vertex -0.09102745376075964 -1.4468399458232606 5
      vertex -0.031413629825035136 -1.4996710252122682 5
    endloop
  endfacet
  facet normal 0 0 -1
    outer loop
      vertex -0.031413629825035136 -1.4996710252122682 5
      vertex -0.09102745376075964 -1.4468399458232606 5
      vertex -0.030360238645273478 -1.4493826555045515 5
    endloop
  endfacet
  facet normal 0 0 -1
    outer loop
      vertex -0.031413629825035136 -1.4996710252122682 5
      vertex -0.030360238645273478 -1.4493826555045515 5
      vertex 0.031413629825035136 -1.4996710252122682 5
    endloop
  endfacet
  facet normal -0.4817536741017148 -0.8763066800438638 0
    outer loop
      vertex -0.6949440526797924 -1.3293053688468222 5
      vertex -0.6949440526797924 -1.3293053688468222 75.01
      vertex -0.75 -1.299038105676658 5
    endloop
  endfacet
  facet normal -0.44463517918492634 -0.8957117602394135 0
    outer loop
      vertex -0.6949440526797924 -1.3293053688468222 5
      vertex -0.6386689373476087 -1.3572405786990294 5
      vertex -0.6386689373476087 -1.3572405786990294 75.01
    endloop
  endfacet
  facet normal -0.40673664307579954 -0.9135454576426012 0
    outer loop
      vertex -0.6386689373476087 -1.3572405786990294 5
      vertex -0.5812733796781547 -1.3827947273827506 5
      vertex -0.5812733796781547 -1.3827947273827506 75.01
    endloop
  endfacet
  facet normal -0.32886664673858235 -0.9443763702374813 0
    outer loop
      vertex -0.522858070982723 -1.4059229842378371 5
      vertex -0.46352549156242107 -1.4265847744427302 5
      vertex -0.46352549156242107 -1.4265847744427302 75.01
    endloop
  endfacet
  facet normal -0.3681245526846788 -0.9297764858882511 0
    outer loop
      vertex -0.5812733796781547 -1.3827947273827506 5
      vertex -0.522858070982723 -1.4059229842378371 5
      vertex -0.522858070982723 -1.4059229842378371 75.01
    endloop
  endfacet
  facet normal -0.28903179694447395 -0.9573194975320665 0
    outer loop
      vertex -0.46352549156242107 -1.4265847744427302 5
      vertex -0.40337973092289836 -1.4447438501964873 5
      vertex -0.40337973092289836 -1.4447438501964873 75.01
    endloop
  endfacet
  facet normal -0.24868988716485507 -0.968583161128631 0
    outer loop
      vertex -0.40337973092289836 -1.4447438501964873 5
      vertex -0.34252630516598326 -1.4603683543097405 5
      vertex -0.34252630516598326 -1.4603683543097405 75.01
    endloop
  endfacet
  facet normal -0.20791169081775587 -0.9781476007338064 0
    outer loop
      vertex -0.34252630516598326 -1.4603683543097405 5
      vertex -0.28107197187858723 -1.4734308760930328 5
      vertex -0.28107197187858723 -1.4734308760930328 75.01
    endloop
  endfacet
  facet normal -0.16676874671610267 -0.985996037070505 0
    outer loop
      vertex -0.28107197187858723 -1.4734308760930328 5
      vertex -0.21912454284361682 -1.4839084994444824 5
      vertex -0.21912454284361682 -1.4839084994444824 75.01
    endloop
  endfacet
  facet normal -0.12533323356430323 -0.992114701314478 0
    outer loop
      vertex -0.21912454284361682 -1.4839084994444824 5
      vertex -0.1567926949014802 -1.4917828430524098 5
      vertex -0.1567926949014802 -1.4917828430524098 75.01
    endloop
  endfacet
  facet normal -0.0836778433323173 -0.9964928592495041 0
    outer loop
      vertex -0.1567926949014802 -1.4917828430524098 5
      vertex -0.09418577929397065 -1.4970400926424072 5
      vertex -0.09418577929397065 -1.4970400926424072 75.01
    endloop
  endfacet
  facet normal -0.041875653729201226 -0.9991228300988582 0
    outer loop
      vertex -0.09418577929397065 -1.4970400926424072 5
      vertex -0.031413629825035136 -1.4996710252122682 5
      vertex -0.031413629825035136 -1.4996710252122682 75.01
    endloop
  endfacet
  facet normal -0.7705132427757898 -0.637423989748689 0
    outer loop
      vertex -1.1354925834776344 -0.9801309059851584 5
      vertex -1.1354925834776344 -0.9801309059851584 75.01
      vertex -1.1755401859887595 -0.9317216704174656 75.01
    endloop
  endfacet
  facet normal -0.8211492091337051 -0.5707135676844302 0
    outer loop
      vertex -1.2135254915624212 -0.8816778784387097 5
      vertex -1.2135254915624212 -0.8816778784387097 75.01
      vertex -1.2493818610651493 -0.8300873238650159 75.01
    endloop
  endfacet
  facet normal -0.8660254037844388 -0.4999999999999997 0
    outer loop
      vertex -1.28304639024076 -0.777040514059695 5
      vertex -1.28304639024076 -0.777040514059695 75.01
      vertex -1.3144600200657952 -0.722630511152573 75.01
    endloop
  endfacet
  facet normal -0.8443279255020151 -0.5358267949789965 0
    outer loop
      vertex -1.2493818610651493 -0.8300873238650159 5
      vertex -1.2493818610651493 -0.8300873238650159 75.01
      vertex -1.28304639024076 -0.777040514059695 75.01
    endloop
  endfacet
  facet normal -0.7965299180241948 -0.6045991148623767 0
    outer loop
      vertex -1.1755401859887595 -0.9317216704174656 5
      vertex -1.1755401859887595 -0.9317216704174656 75.01
      vertex -1.2135254915624212 -0.8816778784387097 75.01
    endloop
  endfacet
  facet normal -0.653420603990104 -0.7569950556517576 0
    outer loop
      vertex -1.0036959095382874 -1.1147172382160915 5
      vertex -0.9561359846230344 -1.155769864163684 75.01
      vertex -1.0036959095382874 -1.1147172382160915 75.01
    endloop
  endfacet
  facet normal -0.6211477802783109 -0.7836934573258393 0
    outer loop
      vertex -0.9561359846230344 -1.155769864163684 5
      vertex -0.9068986722935621 -1.1947948770362946 75.01
      vertex -0.9561359846230344 -1.155769864163684 75.01
    endloop
  endfacet
  facet normal -0.5877852522924724 -0.8090169943749481 0
    outer loop
      vertex -0.9068986722935621 -1.1947948770362946 5
      vertex -0.8560703515266477 -1.231723813700556 75.01
      vertex -0.9068986722935621 -1.1947948770362946 75.01
    endloop
  endfacet
  facet normal -0.5533915492433445 -0.832921240710099 0
    outer loop
      vertex -0.8560703515266477 -1.231723813700556 5
      vertex -0.8037401924684952 -1.2664918882530225 75.01
      vertex -0.8560703515266477 -1.231723813700556 75.01
    endloop
  endfacet
  facet normal -0.5180270093731304 -0.8553642601605066 0
    outer loop
      vertex -0.8037401924684952 -1.2664918882530225 5
      vertex -0.75 -1.299038105676658 75.01
      vertex -0.8037401924684952 -1.2664918882530225 75.01
    endloop
  endfacet
  facet normal -0.6845471059286881 -0.728968627421412 0
    outer loop
      vertex -1.0494950107700483 -1.0717090194492052 5
      vertex -1.0036959095382874 -1.1147172382160915 75.01
      vertex -1.0494950107700483 -1.0717090194492052 75.01
    endloop
  endfacet
  facet normal -0.7144726796328051 -0.6996633405133635 0
    outer loop
      vertex -1.0494950107700483 -1.0717090194492052 5
      vertex -1.0494950107700483 -1.0717090194492052 75.01
      vertex -1.0934529411321174 -1.0268206588930329 75.01
    endloop
  endfacet
  facet normal -0.7431448254773948 -0.6691306063588577 0
    outer loop
      vertex -1.0934529411321174 -1.0268206588930329 5
      vertex -1.0934529411321174 -1.0268206588930329 75.01
      vertex -1.1354925834776344 -0.9801309059851584 75.01
    endloop
  endfacet
  facet normal 0 0 1
    outer loop
      vertex -1.1354925834776344 -0.9801309059851584 75.01
      vertex -1.1361204050852698 -0.9004779370694664 75.01
      vertex -1.1755401859887595 -0.9317216704174656 75.01
    endloop
  endfacet
  facet normal 0 0 1
    outer loop
      vertex -1.2493818610651493 -0.8300873238650159 75.01
      vertex -1.2135254915624212 -0.8816778784387097 75.01
      vertex -1.207485922657431 -0.8022517289380757 75.01
    endloop
  endfacet
  facet normal 0 0 1
    outer loop
      vertex -1.28304639024076 -0.777040514059695 75.01
      vertex -1.2493818610651493 -0.8300873238650159 75.01
      vertex -1.2400215679546864 -0.7509837554882264 75.01
    endloop
  endfacet
  facet normal 0 0 1
    outer loop
      vertex -1.2493818610651493 -0.8300873238650159 75.01
      vertex -1.207485922657431 -0.8022517289380757 75.01
      vertex -1.2400215679546864 -0.7509837554882264 75.01
    endloop
  endfacet
  facet normal 0 0 1
    outer loop
      vertex -1.2135254915624212 -0.8816778784387097 75.01
      vertex -1.172831936745361 -0.8521122802483981 75.01
      vertex -1.207485922657431 -0.8022517289380757 75.01
    endloop
  endfacet
  facet normal 0 0 1
    outer loop
      vertex -1.1755401859887595 -0.9317216704174656 75.01
      vertex -1.172831936745361 -0.8521122802483981 75.01
      vertex -1.2135254915624212 -0.8816778784387097 75.01
    endloop
  endfacet
  facet normal 0 0 1
    outer loop
      vertex -1.1755401859887595 -0.9317216704174656 75.01
      vertex -1.1361204050852698 -0.9004779370694664 75.01
      vertex -1.172831936745361 -0.8521122802483981 75.01
    endloop
  endfacet
  facet normal 0 0 1
    outer loop
      vertex -0.9561359846230344 -1.155769864163684 75.01
      vertex -0.9240735579386753 -1.1170130480520617 75.01
      vertex -1.0036959095382874 -1.1147172382160915 75.01
    endloop
  endfacet
  facet normal 0 0 1
    outer loop
      vertex -0.9561359846230344 -1.155769864163684 75.01
      vertex -0.8764873368159846 -1.154729422159677 75.01
      vertex -0.9240735579386753 -1.1170130480520617 75.01
    endloop
  endfacet
  facet normal 0 0 1
    outer loop
      vertex -0.9561359846230344 -1.155769864163684 75.01
      vertex -0.9068986722935621 -1.1947948770362946 75.01
      vertex -0.8764873368159846 -1.154729422159677 75.01
    endloop
  endfacet
  facet normal 0 0 1
    outer loop
      vertex -0.9068986722935621 -1.1947948770362946 75.01
      vertex -0.8273634590721207 -1.1904200084811303 75.01
      vertex -0.8764873368159846 -1.154729422159677 75.01
    endloop
  endfacet
  facet normal 0 0 1
    outer loop
      vertex -0.8560703515266477 -1.231723813700556 75.01
      vertex -0.8273634590721207 -1.1904200084811303 75.01
      vertex -0.9068986722935621 -1.1947948770362946 75.01
    endloop
  endfacet
  facet normal 0 0 1
    outer loop
      vertex -0.8560703515266477 -1.231723813700556 75.01
      vertex -0.8037401924684952 -1.2664918882530225 75.01
      vertex -0.7767881046810515 -1.224022193600271 75.01
    endloop
  endfacet
  facet normal 0 0 1
    outer loop
      vertex -0.8037401924684952 -1.2664918882530225 75.01
      vertex -0.75 -1.299038105676658 75.01
      vertex -0.7248499999999999 -1.2554770278663003 75.01
    endloop
  endfacet
  facet normal 0 0 1
    outer loop
      vertex -0.8037401924684952 -1.2664918882530225 75.01
      vertex -0.7248499999999999 -1.2554770278663003 75.01
      vertex -0.7767881046810515 -1.224022193600271 75.01
    endloop
  endfacet
  facet normal 0 0 1
    outer loop
      vertex -0.8560703515266477 -1.231723813700556 75.01
      vertex -0.7767881046810515 -1.224022193600271 75.01
      vertex -0.8273634590721207 -1.1904200084811303 75.01
    endloop
  endfacet
  facet normal 0 0 1
    outer loop
      vertex -1.0494950107700483 -1.0717090194492052 75.01
      vertex -1.0143019447422257 -1.035771043663675 75.01
      vertex -1.0934529411321174 -1.0268206588930329 75.01
    endloop
  endfacet
  facet normal 0 0 1
    outer loop
      vertex -1.1354925834776344 -0.9801309059851584 75.01
      vertex -1.0934529411321174 -1.0268206588930329 75.01
      vertex -1.0567858191728206 -0.9923879394648195 75.01
    endloop
  endfacet
  facet normal 0 0 1
    outer loop
      vertex -1.1354925834776344 -0.9801309059851584 75.01
      vertex -1.0974157321783509 -0.9472638496044559 75.01
      vertex -1.1361204050852698 -0.9004779370694664 75.01
    endloop
  endfacet
  facet normal 0 0 1
    outer loop
      vertex -1.1354925834776344 -0.9801309059851584 75.01
      vertex -1.0567858191728206 -0.9923879394648195 75.01
      vertex -1.0974157321783509 -0.9472638496044559 75.01
    endloop
  endfacet
  facet normal 0 0 1
    outer loop
      vertex -1.0934529411321174 -1.0268206588930329 75.01
      vertex -1.0143019447422257 -1.035771043663675 75.01
      vertex -1.0567858191728206 -0.9923879394648195 75.01
    endloop
  endfacet
  facet normal 0 0 1
    outer loop
      vertex -1.0494950107700483 -1.0717090194492052 75.01
      vertex -1.0036959095382874 -1.1147172382160915 75.01
      vertex -0.9700386400384367 -1.0773370534945783 75.01
    endloop
  endfacet
  facet normal 0 0 1
    outer loop
      vertex -1.0494950107700483 -1.0717090194492052 75.01
      vertex -0.9700386400384367 -1.0773370534945783 75.01
      vertex -1.0143019447422257 -1.035771043663675 75.01
    endloop
  endfacet
  facet normal 0 0 1
    outer loop
      vertex -1.0036959095382874 -1.1147172382160915 75.01
      vertex -0.9240735579386753 -1.1170130480520617 75.01
      vertex -0.9700386400384367 -1.0773370534945783 75.01
    endloop
  endfacet
  facet normal -0.8862035792312141 -0.4632960351198629 0
    outer loop
      vertex -1.3144600200657952 -0.722630511152573 5
      vertex -1.3144600200657952 -0.722630511152573 75.01
      vertex -1.3435676403591192 -0.6669527687773913 75.01
    endloop
  endfacet
  facet normal -0.9218631515885002 -0.3875155864521035 0
    outer loop
      vertex -1.3703181864639014 -0.6101049646137003 5
      vertex -1.3703181864639014 -0.6101049646137003 75.01
      vertex -1.3946647288323772 -0.5521868290270168 75.01
    endloop
  endfacet
  facet normal -0.9048270524660191 -0.42577929156507316 0
    outer loop
      vertex -1.3435676403591192 -0.6669527687773913 5
      vertex -1.3435676403591192 -0.6669527687773913 75.01
      vertex -1.3703181864639014 -0.6101049646137003 75.01
    endloop
  endfacet
  facet normal -0.9510565162951529 -0.30901699437494984 0
    outer loop
      vertex -1.4165645553562216 -0.49329997010787463 5
      vertex -1.4165645553562216 -0.49329997010787463 75.01
      vertex -1.435979246298101 -0.4335476954167077 75.01
    endloop
  endfacet
  facet normal -0.9631625667976587 -0.2689198206152636 0
    outer loop
      vertex -1.435979246298101 -0.4335476954167077 5
      vertex -1.435979246298101 -0.4335476954167077 75.01
      vertex -1.4528747416929466 -0.3730348307472823 75.01
    endloop
  endfacet
  facet normal -0.9372819894918922 -0.3485720473218133 0
    outer loop
      vertex -1.3946647288323772 -0.5521868290270168 5
      vertex -1.3946647288323772 -0.5521868290270168 75.01
      vertex -1.4165645553562216 -0.49329997010787463 75.01
    endloop
  endfacet
  facet normal -0.9735789028731598 -0.22835087011065747 0
    outer loop
      vertex -1.4528747416929466 -0.3730348307472823 5
      vertex -1.4528747416929466 -0.3730348307472823 75.01
      vertex -1.4672214011007085 -0.311867536226639 75.01
    endloop
  endfacet
  facet normal -0.9822872507286886 -0.18738131458572432 0
    outer loop
      vertex -1.4672214011007085 -0.311867536226639 5
      vertex -1.4672214011007085 -0.311867536226639 75.01
      vertex -1.4789940556057575 -0.25015312007415325 75.01
    endloop
  endfacet
  facet normal -0.9892723329629886 -0.14608302856241032 0
    outer loop
      vertex -1.4789940556057575 -0.25015312007415325 5
      vertex -1.4789940556057575 -0.25015312007415325 75.01
      vertex -1.4881720519717168 -0.1879998503464561 75.01
    endloop
  endfacet
  facet normal -0.9945218953682731 -0.10452846326765493 0
    outer loop
      vertex -1.4881720519717168 -0.1879998503464561 5
      vertex -1.4881720519717168 -0.1879998503464561 75.01
      vertex -1.4947392888742566 -0.12551676499847353 75.01
    endloop
  endfacet
  facet normal -0.9980267284282717 -0.06279051952931328 0
    outer loop
      vertex -1.4947392888742566 -0.12551676499847353 5
      vertex -1.4947392888742566 -0.12551676499847353 75.01
      vertex -1.4986842451482876 -0.0628134805937996 75.01
    endloop
  endfacet
  facet normal -0.9997806834748455 -0.020942419883356118 0
    outer loop
      vertex -1.4986842451482876 -0.0628134805937996 5
      vertex -1.4986842451482876 -0.0628134805937996 75.01
      vertex -1.5 0 75.01
    endloop
  endfacet
  facet normal 0 0 1
    outer loop
      vertex -1.3144600200657952 -0.722630511152573 75.01
      vertex -1.2985133388190766 -0.6445876192643895 75.01
      vertex -1.3435676403591192 -0.6669527687773913 75.01
    endloop
  endfacet
  facet normal 0 0 1
    outer loop
      vertex -1.3435676403591192 -0.6669527687773913 75.01
      vertex -1.3243668499444783 -0.5896461114669875 75.01
      vertex -1.3703181864639014 -0.6101049646137003 75.01
    endloop
  endfacet
  facet normal 0 0 1
    outer loop
      vertex -1.3435676403591192 -0.6669527687773913 75.01
      vertex -1.2985133388190766 -0.6445876192643895 75.01
      vertex -1.3243668499444783 -0.5896461114669875 75.01
    endloop
  endfacet
  facet normal 0 0 1
    outer loop
      vertex -1.3703181864639014 -0.6101049646137003 75.01
      vertex -1.3243668499444783 -0.5896461114669875 75.01
      vertex -1.347896971592198 -0.5336701640269774 75.01
    endloop
  endfacet
  facet normal 0 0 1
    outer loop
      vertex -1.4165645553562216 -0.49329997010787463 75.01
      vertex -1.418020576783798 -0.30140957817850567 75.01
      vertex -1.435979246298101 -0.4335476954167077 75.01
    endloop
  endfacet
  facet normal 0 0 1
    outer loop
      vertex -1.4165645553562216 -0.49329997010787463 75.01
      vertex -1.4041550086881764 -0.3605257294228901 75.01
      vertex -1.418020576783798 -0.30140957817850567 75.01
    endloop
  endfacet
  facet normal 0 0 1
    outer loop
      vertex -1.3703181864639014 -0.6101049646137003 75.01
      vertex -1.3690624239332763 -0.4767579777769238 75.01
      vertex -1.3946647288323772 -0.5521868290270168 75.01
    endloop
  endfacet
  facet normal 0 0 1
    outer loop
      vertex -1.3703181864639014 -0.6101049646137003 75.01
      vertex -1.347896971592198 -0.5336701640269774 75.01
      vertex -1.3690624239332763 -0.4767579777769238 75.01
    endloop
  endfacet
  facet normal 0 0 1
    outer loop
      vertex -1.4165645553562216 -0.49329997010787463 75.01
      vertex -1.3946647288323772 -0.5521868290270168 75.01
      vertex -1.3878260755722376 -0.41900939603040066 75.01
    endloop
  endfacet
  facet normal 0 0 1
    outer loop
      vertex -1.3946647288323772 -0.5521868290270168 75.01
      vertex -1.3690624239332763 -0.4767579777769238 75.01
      vertex -1.3878260755722376 -0.41900939603040066 75.01
    endloop
  endfacet
  facet normal 0 0 1
    outer loop
      vertex -1.4165645553562216 -0.49329997010787463 75.01
      vertex -1.3878260755722376 -0.41900939603040066 75.01
      vertex -1.4041550086881764 -0.3605257294228901 75.01
    endloop
  endfacet
  facet normal 0 0 1
    outer loop
      vertex -1.28304639024076 -0.777040514059695 75.01
      vertex -1.2703817940595887 -0.6983983013452567 75.01
      vertex -1.3144600200657952 -0.722630511152573 75.01
    endloop
  endfacet
  facet normal 0 0 1
    outer loop
      vertex -1.3144600200657952 -0.722630511152573 75.01
      vertex -1.2703817940595887 -0.6983983013452567 75.01
      vertex -1.2985133388190766 -0.6445876192643895 75.01
    endloop
  endfacet
  facet normal 0 0 1
    outer loop
      vertex -1.28304639024076 -0.777040514059695 75.01
      vertex -1.2400215679546864 -0.7509837554882264 75.01
      vertex -1.2703817940595887 -0.6983983013452567 75.01
    endloop
  endfacet
  facet normal 0 0 1
    outer loop
      vertex -1.435979246298101 -0.4335476954167077 75.01
      vertex -1.4382686824955984 -0.1816955886981716 75.01
      vertex -1.4528747416929466 -0.3730348307472823 75.01
    endloop
  endfacet
  facet normal 0 0 1
    outer loop
      vertex -1.435979246298101 -0.4335476954167077 75.01
      vertex -1.429398454941111 -0.2417646521143333 75.01
      vertex -1.4382686824955984 -0.1816955886981716 75.01
    endloop
  endfacet
  facet normal 0 0 1
    outer loop
      vertex -1.435979246298101 -0.4335476954167077 75.01
      vertex -1.418020576783798 -0.30140957817850567 75.01
      vertex -1.429398454941111 -0.2417646521143333 75.01
    endloop
  endfacet
  facet normal 0 0 1
    outer loop
      vertex -1.4528747416929466 -0.3730348307472823 75.01
      vertex -1.4382686824955984 -0.1816955886981716 75.01
      vertex -1.4446156980540061 -0.12130776947885803 75.01
    endloop
  endfacet
  facet normal 0 0 1
    outer loop
      vertex -1.4672214011007085 -0.311867536226639 75.01
      vertex -1.4528747416929466 -0.3730348307472823 75.01
      vertex -1.4672214011007085 0.311867536226639 75.01
    endloop
  endfacet
  facet normal 0 0 1
    outer loop
      vertex -1.4672214011007085 -0.311867536226639 75.01
      vertex -1.4789940556057575 0.25015312007415325 75.01
      vertex -1.4789940556057575 -0.25015312007415325 75.01
    endloop
  endfacet
  facet normal 0 0 1
    outer loop
      vertex -1.4528747416929466 -0.3730348307472823 75.01
      vertex -1.4446156980540061 -0.12130776947885803 75.01
      vertex -1.4484283667943147 -0.060707135211220835 75.01
    endloop
  endfacet
  facet normal 0 0 1
    outer loop
      vertex -1.4528747416929466 -0.3730348307472823 75.01
      vertex -1.4484283667943147 -0.060707135211220835 75.01
      vertex -1.4496999999999998 0 75.01
    endloop
  endfacet
  facet normal 0 0 1
    outer loop
      vertex -1.4789940556057575 -0.25015312007415325 75.01
      vertex -1.4881720519717168 0.1879998503464561 75.01
      vertex -1.4881720519717168 -0.1879998503464561 75.01
    endloop
  endfacet
  facet normal 0 0 1
    outer loop
      vertex -1.4881720519717168 -0.1879998503464561 75.01
      vertex -1.4947392888742566 0.12551676499847353 75.01
      vertex -1.4947392888742566 -0.12551676499847353 75.01
    endloop
  endfacet
  facet normal 0 0 1
    outer loop
      vertex -1.4947392888742566 -0.12551676499847353 75.01
      vertex -1.4986842451482876 0.0628134805937996 75.01
      vertex -1.4986842451482876 -0.0628134805937996 75.01
    endloop
  endfacet
  facet normal -0.44463517918492634 -0.8957117602394135 0
    outer loop
      vertex -0.6949440526797924 -1.3293053688468222 5
      vertex -0.6386689373476087 -1.3572405786990294 75.01
      vertex -0.6949440526797924 -1.3293053688468222 75.01
    endloop
  endfacet
  facet normal -0.40673664307579954 -0.9135454576426012 0
    outer loop
      vertex -0.6386689373476087 -1.3572405786990294 5
      vertex -0.5812733796781547 -1.3827947273827506 75.01
      vertex -0.6386689373476087 -1.3572405786990294 75.01
    endloop
  endfacet
  facet normal -0.4817536741017148 -0.8763066800438638 0
    outer loop
      vertex -0.75 -1.299038105676658 5
      vertex -0.6949440526797924 -1.3293053688468222 75.01
      vertex -0.75 -1.299038105676658 75.01
    endloop
  endfacet
  facet normal -0.32886664673858235 -0.9443763702374813 0
    outer loop
      vertex -0.522858070982723 -1.4059229842378371 5
      vertex -0.46352549156242107 -1.4265847744427302 75.01
      vertex -0.522858070982723 -1.4059229842378371 75.01
    endloop
  endfacet
  facet normal -0.3681245526846788 -0.9297764858882511 0
    outer loop
      vertex -0.5812733796781547 -1.3827947273827506 5
      vertex -0.522858070982723 -1.4059229842378371 75.01
      vertex -0.5812733796781547 -1.3827947273827506 75.01
    endloop
  endfacet
  facet normal -0.28903179694447395 -0.9573194975320665 0
    outer loop
      vertex -0.46352549156242107 -1.4265847744427302 5
      vertex -0.40337973092289836 -1.4447438501964873 75.01
      vertex -0.46352549156242107 -1.4265847744427302 75.01
    endloop
  endfacet
  facet normal -0.24868988716485507 -0.968583161128631 0
    outer loop
      vertex -0.40337973092289836 -1.4447438501964873 5
      vertex -0.34252630516598326 -1.4603683543097405 75.01
      vertex -0.40337973092289836 -1.4447438501964873 75.01
    endloop
  endfacet
  facet normal -0.20791169081775587 -0.9781476007338064 0
    outer loop
      vertex -0.34252630516598326 -1.4603683543097405 5
      vertex -0.28107197187858723 -1.4734308760930328 75.01
      vertex -0.34252630516598326 -1.4603683543097405 75.01
    endloop
  endfacet
  facet normal -0.16676874671610267 -0.985996037070505 0
    outer loop
      vertex -0.28107197187858723 -1.4734308760930328 5
      vertex -0.21912454284361682 -1.4839084994444824 75.01
      vertex -0.28107197187858723 -1.4734308760930328 75.01
    endloop
  endfacet
  facet normal -0.12533323356430323 -0.992114701314478 0
    outer loop
      vertex -0.21912454284361682 -1.4839084994444824 5
      vertex -0.1567926949014802 -1.4917828430524098 75.01
      vertex -0.21912454284361682 -1.4839084994444824 75.01
    endloop
  endfacet
  facet normal -0.0836778433323173 -0.9964928592495041 0
    outer loop
      vertex -0.1567926949014802 -1.4917828430524098 5
      vertex -0.09418577929397065 -1.4970400926424072 75.01
      vertex -0.1567926949014802 -1.4917828430524098 75.01
    endloop
  endfacet
  facet normal -0.041875653729201226 -0.9991228300988582 0
    outer loop
      vertex -0.09418577929397065 -1.4970400926424072 5
      vertex -0.031413629825035136 -1.4996710252122682 75.01
      vertex -0.09418577929397065 -1.4970400926424072 75.01
    endloop
  endfacet
  facet normal 0 -1 0
    outer loop
      vertex -0.031413629825035136 -1.4996710252122682 5
      vertex 0.031413629825035136 -1.4996710252122682 75.01
      vertex -0.031413629825035136 -1.4996710252122682 75.01
    endloop
  endfacet
  facet normal 0 0 1
    outer loop
      vertex -0.6949440526797924 -1.3293053688468222 75.01
      vertex -0.6386689373476087 -1.3572405786990294 75.01
      vertex -0.6172522389818854 -1.3117277779599883 75.01
    endloop
  endfacet
  facet normal 0 0 1
    outer loop
      vertex -0.6386689373476087 -1.3572405786990294 75.01
      vertex -0.5812733796781547 -1.3827947273827506 75.01
      vertex -0.5617813456796139 -1.3364250108578488 75.01
    endloop
  endfacet
  facet normal 0 0 1
    outer loop
      vertex -0.6386689373476087 -1.3572405786990294 75.01
      vertex -0.5617813456796139 -1.3364250108578488 75.01
      vertex -0.6172522389818854 -1.3117277779599883 75.01
    endloop
  endfacet
  facet normal 0 0 1
    outer loop
      vertex -0.6949440526797924 -1.3293053688468222 75.01
      vertex -0.6716402621132633 -1.2847293288114918 75.01
      vertex -0.75 -1.299038105676658 75.01
    endloop
  endfacet
  facet normal 0 0 1
    outer loop
      vertex -0.75 -1.299038105676658 75.01
      vertex -0.6716402621132633 -1.2847293288114918 75.01
      vertex -0.7248499999999999 -1.2554770278663003 75.01
    endloop
  endfacet
  facet normal 0 0 1
    outer loop
      vertex -0.6949440526797924 -1.3293053688468222 75.01
      vertex -0.6172522389818854 -1.3117277779599883 75.01
      vertex -0.6716402621132633 -1.2847293288114918 75.01
    endloop
  endfacet
  facet normal 0 0 1
    outer loop
      vertex -0.5812733796781547 -1.3827947273827506 75.01
      vertex -0.5053248970024355 -1.3587777001663948 75.01
      vertex -0.5617813456796139 -1.3364250108578488 75.01
    endloop
  endfacet
  facet normal 0 0 1
    outer loop
      vertex -0.5812733796781547 -1.3827947273827506 75.01
      vertex -0.522858070982723 -1.4059229842378371 75.01
      vertex -0.5053248970024355 -1.3587777001663948 75.01
    endloop
  endfacet
  facet normal 0 0 1
    outer loop
      vertex -0.522858070982723 -1.4059229842378371 75.01
      vertex -0.46352549156242107 -1.4265847744427302 75.01
      vertex -0.4479819367453612 -1.3787466316730839 75.01
    endloop
  endfacet
  facet normal 0 0 1
    outer loop
      vertex -0.522858070982723 -1.4059229842378371 75.01
      vertex -0.4479819367453612 -1.3787466316730839 75.01
      vertex -0.5053248970024355 -1.3587777001663948 75.01
    endloop
  endfacet
  facet normal 0 0 1
    outer loop
      vertex -0.46352549156242107 -1.4265847744427302 75.01
      vertex -0.40337973092289836 -1.4447438501964873 75.01
      vertex -0.3898530639459505 -1.396296773086565 75.01
    endloop
  endfacet
  facet normal 0 0 1
    outer loop
      vertex -0.46352549156242107 -1.4265847744427302 75.01
      vertex -0.3898530639459505 -1.396296773086565 75.01
      vertex -0.4479819367453612 -1.3787466316730839 75.01
    endloop
  endfacet
  facet normal 0 0 1
    outer loop
      vertex -0.40337973092289836 -1.4447438501964873 75.01
      vertex -0.34252630516598326 -1.4603683543097405 75.01
      vertex -0.33104025639941725 -1.4113973354952203 75.01
    endloop
  endfacet
  facet normal 0 0 1
    outer loop
      vertex -0.40337973092289836 -1.4447438501964873 75.01
      vertex -0.33104025639941725 -1.4113973354952203 75.01
      vertex -0.3898530639459505 -1.396296773086565 75.01
    endloop
  endfacet
  facet normal 0 0 1
    outer loop
      vertex -0.34252630516598326 -1.4603683543097405 75.01
      vertex -0.27164669175492523 -1.4240218273813798 75.01
      vertex -0.33104025639941725 -1.4113973354952203 75.01
    endloop
  endfacet
  facet normal 0 0 1
    outer loop
      vertex -0.34252630516598326 -1.4603683543097405 75.01
      vertex -0.28107197187858723 -1.4734308760930328 75.01
      vertex -0.27164669175492523 -1.4240218273813798 75.01
    endloop
  endfacet
  facet normal 0 0 1
    outer loop
      vertex -0.28107197187858723 -1.4734308760930328 75.01
      vertex -0.21912454284361682 -1.4839084994444824 75.01
      vertex -0.2117765665069275 -1.4341481010964439 75.01
    endloop
  endfacet
  facet normal 0 0 1
    outer loop
      vertex -0.28107197187858723 -1.4734308760930328 75.01
      vertex -0.2117765665069275 -1.4341481010964439 75.01
      vertex -0.27164669175492523 -1.4240218273813798 75.01
    endloop
  endfacet
  facet normal 0 0 1
    outer loop
      vertex -0.21912454284361682 -1.4839084994444824 75.01
      vertex -0.15153491319911722 -1.4417583917153858 75.01
      vertex -0.2117765665069275 -1.4341481010964439 75.01
    endloop
  endfacet
  facet normal 0 0 1
    outer loop
      vertex -0.21912454284361682 -1.4839084994444824 75.01
      vertex -0.1567926949014802 -1.4917828430524098 75.01
      vertex -0.15153491319911722 -1.4417583917153858 75.01
    endloop
  endfacet
  facet normal 0 0 1
    outer loop
      vertex -0.1567926949014802 -1.4917828430524098 75.01
      vertex -0.09102741616164614 -1.446839348202465 75.01
      vertex -0.15153491319911722 -1.4417583917153858 75.01
    endloop
  endfacet
  facet normal 0 0 1
    outer loop
      vertex -0.1567926949014802 -1.4917828430524098 75.01
      vertex -0.09418577929397065 -1.4970400926424072 75.01
      vertex -0.09102741616164614 -1.446839348202465 75.01
    endloop
  endfacet
  facet normal 0 0 1
    outer loop
      vertex -0.09418577929397065 -1.4970400926424072 75.01
      vertex -0.03036022610490229 -1.4493820568334832 75.01
      vertex -0.09102741616164614 -1.446839348202465 75.01
    endloop
  endfacet
  facet normal 0 0 1
    outer loop
      vertex -0.09418577929397065 -1.4970400926424072 75.01
      vertex -0.031413629825035136 -1.4996710252122682 75.01
      vertex -0.03036022610490229 -1.4493820568334832 75.01
    endloop
  endfacet
  facet normal 0 0 1
    outer loop
      vertex -0.031413629825035136 -1.4996710252122682 75.01
      vertex 0.03036022610490229 -1.4493820568334832 75.01
      vertex -0.03036022610490229 -1.4493820568334832 75.01
    endloop
  endfacet
  facet normal 0 0 -1
    outer loop
      vertex -1.4986842451482876 -0.0628134805937996 5
      vertex -1.5 0 5
      vertex -1.4986842451482876 0.0628134805937996 5
    endloop
  endfacet
  facet normal 0 0 -1
    outer loop
      vertex -1.4986842451482876 -0.0628134805937996 5
      vertex -1.4986842451482876 0.0628134805937996 5
      vertex -1.4947392888742566 0.12551676499847353 5
    endloop
  endfacet
  facet normal 0 0 -1
    outer loop
      vertex -1.4947392888742566 -0.12551676499847353 5
      vertex -1.4947392888742566 0.12551676499847353 5
      vertex -1.4881720519717168 0.1879998503464561 5
    endloop
  endfacet
  facet normal 0 0 -1
    outer loop
      vertex -1.4881720519717168 -0.1879998503464561 5
      vertex -1.4881720519717168 0.1879998503464561 5
      vertex -1.4789940556057575 0.25015312007415325 5
    endloop
  endfacet
  facet normal 0 0 -1
    outer loop
      vertex -1.4528747416929466 -0.3730348307472823 5
      vertex -1.4528747416929466 0.3730348307472823 5
      vertex -1.4497005988023952 0 5
    endloop
  endfacet
  facet normal 0 0 -1
    outer loop
      vertex -1.4789940556057575 -0.25015312007415325 5
      vertex -1.4789940556057575 0.25015312007415325 5
      vertex -1.4672214011007085 0.311867536226639 5
    endloop
  endfacet
  facet normal 0 0 -1
    outer loop
      vertex -1.4672214011007085 -0.311867536226639 5
      vertex -1.4672214011007085 0.311867536226639 5
      vertex -1.4528747416929466 0.3730348307472823 5
    endloop
  endfacet
  facet normal 0 0 -1
    outer loop
      vertex -1.4528747416929466 0.3730348307472823 5
      vertex -1.4484289650714588 0.0607071602864626 5
      vertex -1.4497005988023952 0 5
    endloop
  endfacet
  facet normal 0 0 -1
    outer loop
      vertex -1.4528747416929466 0.3730348307472823 5
      vertex -1.4446162947563173 0.12130781958535106 5
      vertex -1.4484289650714588 0.0607071602864626 5
    endloop
  endfacet
  facet normal 0 0 -1
    outer loop
      vertex -1.4528747416929466 0.3730348307472823 5
      vertex -1.438269276576258 0.18169566374801208 5
      vertex -1.4446162947563173 0.12130781958535106 5
    endloop
  endfacet
  facet normal 0 0 -1
    outer loop
      vertex -1.435979246298101 0.4335476954167077 5
      vertex -1.4293990453578997 0.24176475197585828 5
      vertex -1.438269276576258 0.18169566374801208 5
    endloop
  endfacet
  facet normal 0 0 -1
    outer loop
      vertex -1.435979246298101 0.4335476954167077 5
      vertex -1.4180211625009242 0.30140970267652417 5
      vertex -1.4293990453578997 0.24176475197585828 5
    endloop
  endfacet
  facet normal 0 0 -1
    outer loop
      vertex -1.4528747416929466 0.3730348307472823 5
      vertex -1.435979246298101 0.4335476954167077 5
      vertex -1.438269276576258 0.18169566374801208 5
    endloop
  endfacet
  facet normal 0 0 -1
    outer loop
      vertex -1.4165645553562216 0.49329997010787463 5
      vertex -1.4041555886780934 0.3605258783389902 5
      vertex -1.4180211625009242 0.30140970267652417 5
    endloop
  endfacet
  facet normal 0 0 -1
    outer loop
      vertex -1.435979246298101 0.4335476954167077 5
      vertex -1.4165645553562216 0.49329997010787463 5
      vertex -1.4180211625009242 0.30140970267652417 5
    endloop
  endfacet
  facet normal 0 0 -1
    outer loop
      vertex -1.4165645553562216 0.49329997010787463 5
      vertex -1.387826648817446 0.41900956910333303 5
      vertex -1.4041555886780934 0.3605258783389902 5
    endloop
  endfacet
  facet normal 0 0 -1
    outer loop
      vertex -1.4165645553562216 0.49329997010787463 5
      vertex -1.3946647288323772 0.5521868290270168 5
      vertex -1.387826648817446 0.41900956910333303 5
    endloop
  endfacet
  facet normal 0 0 -1
    outer loop
      vertex -1.3946647288323772 0.5521868290270168 5
      vertex -1.3690629894281088 0.47675817470305965 5
      vertex -1.387826648817446 0.41900956910333303 5
    endloop
  endfacet
  facet normal 0 0 -1
    outer loop
      vertex -1.3946647288323772 0.5521868290270168 5
      vertex -1.3703181864639014 0.6101049646137003 5
      vertex -1.3690629894281088 0.47675817470305965 5
    endloop
  endfacet
  facet normal 0 0 -1
    outer loop
      vertex -1.3703181864639014 0.6101049646137003 5
      vertex -1.3478975283445849 0.5336703844608415 5
      vertex -1.3690629894281088 0.47675817470305965 5
    endloop
  endfacet
  facet normal 0 0 -1
    outer loop
      vertex -1.3703181864639014 0.6101049646137003 5
      vertex -1.3243673969776866 0.5896463550218637 5
      vertex -1.3478975283445849 0.5336703844608415 5
    endloop
  endfacet
  facet normal 0 0 -1
    outer loop
      vertex -1.3703181864639014 0.6101049646137003 5
      vertex -1.3435676403591192 0.6669527687773913 5
      vertex -1.3243673969776866 0.5896463550218637 5
    endloop
  endfacet
  facet normal 0 0 -1
    outer loop
      vertex -1.3435676403591192 0.6669527687773913 5
      vertex -1.2985138751734242 0.6445878855129997 5
      vertex -1.3243673969776866 0.5896463550218637 5
    endloop
  endfacet
  facet normal 0 0 -1
    outer loop
      vertex -1.3435676403591192 0.6669527687773913 5
      vertex -1.3144600200657952 0.722630511152573 5
      vertex -1.2985138751734242 0.6445878855129997 5
    endloop
  endfacet
  facet normal 0 0 -1
    outer loop
      vertex -1.3144600200657952 0.722630511152573 5
      vertex -1.2703823187941279 0.6983985898205107 5
      vertex -1.2985138751734242 0.6445878855129997 5
    endloop
  endfacet
  facet normal 0 0 -1
    outer loop
      vertex -1.3144600200657952 0.722630511152573 5
      vertex -1.28304639024076 0.777040514059695 5
      vertex -1.2703823187941279 0.6983985898205107 5
    endloop
  endfacet
  facet normal 0 0 -1
    outer loop
      vertex -1.28304639024076 0.777040514059695 5
      vertex -1.2400220801488544 0.7509840656840404 5
      vertex -1.2703823187941279 0.6983985898205107 5
    endloop
  endfacet
  facet normal -0.9997806834748455 0.020942419883356118 0
    outer loop
      vertex -1.5 0 5
      vertex -1.4986842451482876 0.0628134805937996 75.01
      vertex -1.4986842451482876 0.0628134805937996 5
    endloop
  endfacet
  facet normal -0.9980267284282717 0.06279051952931328 0
    outer loop
      vertex -1.4986842451482876 0.0628134805937996 5
      vertex -1.4947392888742566 0.12551676499847353 75.01
      vertex -1.4947392888742566 0.12551676499847353 5
    endloop
  endfacet
  facet normal -0.9945218953682731 0.10452846326765493 0
    outer loop
      vertex -1.4947392888742566 0.12551676499847353 5
      vertex -1.4881720519717168 0.1879998503464561 75.01
      vertex -1.4881720519717168 0.1879998503464561 5
    endloop
  endfacet
  facet normal -0.9892723329629886 0.14608302856241032 0
    outer loop
      vertex -1.4881720519717168 0.1879998503464561 5
      vertex -1.4789940556057575 0.25015312007415325 75.01
      vertex -1.4789940556057575 0.25015312007415325 5
    endloop
  endfacet
  facet normal -0.9822872507286886 0.18738131458572432 0
    outer loop
      vertex -1.4789940556057575 0.25015312007415325 5
      vertex -1.4672214011007085 0.311867536226639 75.01
      vertex -1.4672214011007085 0.311867536226639 5
    endloop
  endfacet
  facet normal -0.9735789028731598 0.22835087011065747 0
    outer loop
      vertex -1.4672214011007085 0.311867536226639 5
      vertex -1.4528747416929466 0.3730348307472823 75.01
      vertex -1.4528747416929466 0.3730348307472823 5
    endloop
  endfacet
  facet normal -0.9631625667976587 0.2689198206152636 0
    outer loop
      vertex -1.4528747416929466 0.3730348307472823 5
      vertex -1.435979246298101 0.4335476954167077 75.01
      vertex -1.435979246298101 0.4335476954167077 5
    endloop
  endfacet
  facet normal -0.9510565162951529 0.30901699437494984 0
    outer loop
      vertex -1.435979246298101 0.4335476954167077 5
      vertex -1.4165645553562216 0.49329997010787463 75.01
      vertex -1.4165645553562216 0.49329997010787463 5
    endloop
  endfacet
  facet normal -0.9372819894918922 0.3485720473218133 0
    outer loop
      vertex -1.4165645553562216 0.49329997010787463 5
      vertex -1.3946647288323772 0.5521868290270168 75.01
      vertex -1.3946647288323772 0.5521868290270168 5
    endloop
  endfacet
  facet normal -0.9218631515885002 0.3875155864521035 0
    outer loop
      vertex -1.3946647288323772 0.5521868290270168 5
      vertex -1.3703181864639014 0.6101049646137003 75.01
      vertex -1.3703181864639014 0.6101049646137003 5
    endloop
  endfacet
  facet normal -0.9048270524660191 0.42577929156507316 0
    outer loop
      vertex -1.3703181864639014 0.6101049646137003 5
      vertex -1.3435676403591192 0.6669527687773913 75.01
      vertex -1.3435676403591192 0.6669527687773913 5
    endloop
  endfacet
  facet normal -0.8862035792312141 0.4632960351198629 0
    outer loop
      vertex -1.3435676403591192 0.6669527687773913 5
      vertex -1.3144600200657952 0.722630511152573 75.01
      vertex -1.3144600200657952 0.722630511152573 5
    endloop
  endfacet
  facet normal 0 0 -1
    outer loop
      vertex -1.28304639024076 0.777040514059695 5
      vertex -1.2493818610651493 0.8300873238650159 5
      vertex -1.2400220801488544 0.7509840656840404 5
    endloop
  endfacet
  facet normal 0 0 -1
    outer loop
      vertex -1.2493818610651493 0.8300873238650159 5
      vertex -1.2074864214126653 0.802252060310261 5
      vertex -1.2400220801488544 0.7509840656840404 5
    endloop
  endfacet
  facet normal 0 0 -1
    outer loop
      vertex -1.2493818610651493 0.8300873238650159 5
      vertex -1.2135254915624212 0.8816778784387097 5
      vertex -1.2074864214126653 0.802252060310261 5
    endloop
  endfacet
  facet normal 0 0 -1
    outer loop
      vertex -1.2135254915624212 0.8816778784387097 5
      vertex -1.1728324211866752 0.8521126322156152 5
      vertex -1.2074864214126653 0.802252060310261 5
    endloop
  endfacet
  facet normal 0 0 -1
    outer loop
      vertex -1.2135254915624212 0.8816778784387097 5
      vertex -1.1755401859887595 0.9317216704174656 5
      vertex -1.1728324211866752 0.8521126322156152 5
    endloop
  endfacet
  facet normal 0 0 -1
    outer loop
      vertex -1.1755401859887595 0.9317216704174656 5
      vertex -1.1361208743627893 0.9004783090142452 5
      vertex -1.1728324211866752 0.8521126322156152 5
    endloop
  endfacet
  facet normal 0 0 -1
    outer loop
      vertex -1.1755401859887595 0.9317216704174656 5
      vertex -1.1354925834776344 0.9801309059851584 5
      vertex -1.1361208743627893 0.9004783090142452 5
    endloop
  endfacet
  facet normal 0 0 -1
    outer loop
      vertex -1.1354925834776344 0.9801309059851584 5
      vertex -1.0974161854688036 0.9472642408742787 5
      vertex -1.1361208743627893 0.9004783090142452 5
    endloop
  endfacet
  facet normal 0 0 -1
    outer loop
      vertex -1.1354925834776344 0.9801309059851584 5
      vertex -1.0567862556809806 0.9923883493732664 5
      vertex -1.0974161854688036 0.9472642408742787 5
    endloop
  endfacet
  facet normal 0 0 -1
    outer loop
      vertex -1.1354925834776344 0.9801309059851584 5
      vertex -1.0934529411321174 1.0268206588930329 5
      vertex -1.0567862556809806 0.9923883493732664 5
    endloop
  endfacet
  facet normal 0 0 -1
    outer loop
      vertex -1.0934529411321174 1.0268206588930329 5
      vertex -1.01430236370231 1.0357714714916268 5
      vertex -1.0567862556809806 0.9923883493732664 5
    endloop
  endfacet
  facet normal 0 0 -1
    outer loop
      vertex -1.0934529411321174 1.0268206588930329 5
      vertex -1.0494950107700483 1.0717090194492052 5
      vertex -1.01430236370231 1.0357714714916268 5
    endloop
  endfacet
  facet normal 0 0 -1
    outer loop
      vertex -1.0494950107700483 1.0717090194492052 5
      vertex -0.9700390407154466 1.0773374984914799 5
      vertex -1.01430236370231 1.0357714714916268 5
    endloop
  endfacet
  facet normal 0 0 -1
    outer loop
      vertex -1.0494950107700483 1.0717090194492052 5
      vertex -1.0036959095382874 1.1147172382160915 5
      vertex -0.9700390407154466 1.0773374984914799 5
    endloop
  endfacet
  facet normal 0 0 -1
    outer loop
      vertex -1.0036959095382874 1.1147172382160915 5
      vertex -0.9240739396296872 1.117013509437237 5
      vertex -0.9700390407154466 1.0773374984914799 5
    endloop
  endfacet
  facet normal 0 0 -1
    outer loop
      vertex -1.0036959095382874 1.1147172382160915 5
      vertex -0.9561359846230344 1.155769864163684 5
      vertex -0.9240739396296872 1.117013509437237 5
    endloop
  endfacet
  facet normal 0 0 -1
    outer loop
      vertex -0.9561359846230344 1.155769864163684 5
      vertex -0.8764876988513829 1.1547298991237 5
      vertex -0.9240739396296872 1.117013509437237 5
    endloop
  endfacet
  facet normal 0 0 -1
    outer loop
      vertex -0.9561359846230344 1.155769864163684 5
      vertex -0.9068986722935622 1.1947948770362944 5
      vertex -0.8764876988513829 1.1547298991237 5
    endloop
  endfacet
  facet normal 0 0 -1
    outer loop
      vertex -0.9068986722935622 1.1947948770362944 5
      vertex -0.8273638008167717 1.1904205001872439 5
      vertex -0.8764876988513829 1.1547298991237 5
    endloop
  endfacet
  facet normal 0 0 -1
    outer loop
      vertex -0.9068986722935622 1.1947948770362944 5
      vertex -0.8560703515266475 1.231723813700556 5
      vertex -0.8273638008167717 1.1904205001872439 5
    endloop
  endfacet
  facet normal 0 0 -1
    outer loop
      vertex -0.8560703515266475 1.231723813700556 5
      vertex -0.7767884255354198 1.2240226991858554 5
      vertex -0.8273638008167717 1.1904205001872439 5
    endloop
  endfacet
  facet normal 0 0 -1
    outer loop
      vertex -0.8560703515266475 1.231723813700556 5
      vertex -0.8037401924684952 1.2664918882530225 5
      vertex -0.7767884255354198 1.2240226991858554 5
    endloop
  endfacet
  facet normal 0 0 -1
    outer loop
      vertex -0.8037401924684952 1.2664918882530225 5
      vertex -0.7248502994011976 1.2554775464443866 5
      vertex -0.7767884255354198 1.2240226991858554 5
    endloop
  endfacet
  facet normal 0 0 -1
    outer loop
      vertex -0.8037401924684952 1.2664918882530225 5
      vertex -0.75 1.299038105676658 5
      vertex -0.7248502994011976 1.2554775464443866 5
    endloop
  endfacet
  facet normal -0.8660254037844388 0.4999999999999997 0
    outer loop
      vertex -1.3144600200657952 0.722630511152573 5
      vertex -1.28304639024076 0.777040514059695 75.01
      vertex -1.28304639024076 0.777040514059695 5
    endloop
  endfacet
  facet normal -0.8443279255020151 0.5358267949789965 0
    outer loop
      vertex -1.28304639024076 0.777040514059695 5
      vertex -1.2493818610651493 0.8300873238650159 75.01
      vertex -1.2493818610651493 0.8300873238650159 5
    endloop
  endfacet
  facet normal -0.8211492091337051 0.5707135676844302 0
    outer loop
      vertex -1.2493818610651493 0.8300873238650159 5
      vertex -1.2135254915624212 0.8816778784387097 75.01
      vertex -1.2135254915624212 0.8816778784387097 5
    endloop
  endfacet
  facet normal -0.7965299180241948 0.6045991148623767 0
    outer loop
      vertex -1.2135254915624212 0.8816778784387097 5
      vertex -1.1755401859887595 0.9317216704174656 75.01
      vertex -1.1755401859887595 0.9317216704174656 5
    endloop
  endfacet
  facet normal -0.7705132427757898 0.637423989748689 0
    outer loop
      vertex -1.1755401859887595 0.9317216704174656 5
      vertex -1.1354925834776344 0.9801309059851584 75.01
      vertex -1.1354925834776344 0.9801309059851584 5
    endloop
  endfacet
  facet normal -0.7431448254773948 0.6691306063588577 0
    outer loop
      vertex -1.1354925834776344 0.9801309059851584 5
      vertex -1.0934529411321174 1.0268206588930329 75.01
      vertex -1.0934529411321174 1.0268206588930329 5
    endloop
  endfacet
  facet normal -0.7144726796328051 0.6996633405133635 0
    outer loop
      vertex -1.0934529411321174 1.0268206588930329 5
      vertex -1.0494950107700483 1.0717090194492052 75.01
      vertex -1.0494950107700483 1.0717090194492052 5
    endloop
  endfacet
  facet normal -0.6845471059286881 0.728968627421412 0
    outer loop
      vertex -1.0494950107700483 1.0717090194492052 5
      vertex -1.0494950107700483 1.0717090194492052 75.01
      vertex -1.0036959095382874 1.1147172382160915 5
    endloop
  endfacet
  facet normal -0.653420603990104 0.7569950556517576 0
    outer loop
      vertex -1.0036959095382874 1.1147172382160915 5
      vertex -1.0036959095382874 1.1147172382160915 75.01
      vertex -0.9561359846230344 1.155769864163684 5
    endloop
  endfacet
  facet normal -0.6211477802783096 0.7836934573258404 0
    outer loop
      vertex -0.9561359846230344 1.155769864163684 5
      vertex -0.9561359846230344 1.155769864163684 75.01
      vertex -0.9068986722935622 1.1947948770362944 5
    endloop
  endfacet
  facet normal -0.5877852522924721 0.8090169943749482 0
    outer loop
      vertex -0.9068986722935622 1.1947948770362944 5
      vertex -0.9068986722935622 1.1947948770362944 75.01
      vertex -0.8560703515266475 1.231723813700556 5
    endloop
  endfacet
  facet normal -0.5533915492433462 0.832921240710098 0
    outer loop
      vertex -0.8560703515266475 1.231723813700556 5
      vertex -0.8560703515266475 1.231723813700556 75.01
      vertex -0.8037401924684952 1.2664918882530225 5
    endloop
  endfacet
  facet normal -0.5180270093731304 0.8553642601605066 0
    outer loop
      vertex -0.8037401924684952 1.2664918882530225 5
      vertex -0.8037401924684952 1.2664918882530225 75.01
      vertex -0.75 1.299038105676658 5
    endloop
  endfacet
  facet normal 0 0 -1
    outer loop
      vertex -0.75 1.299038105676658 5
      vertex -0.6716405395360389 1.284729859472318 5
      vertex -0.7248502994011976 1.2554775464443866 5
    endloop
  endfacet
  facet normal 0 0 -1
    outer loop
      vertex -0.75 1.299038105676658 5
      vertex -0.6949440526797924 1.3293053688468222 5
      vertex -0.6716405395360389 1.284729859472318 5
    endloop
  endfacet
  facet normal 0 0 -1
    outer loop
      vertex -0.6949440526797924 1.3293053688468222 5
      vertex -0.6172524939395455 1.3117283197725949 5
      vertex -0.6716405395360389 1.284729859472318 5
    endloop
  endfacet
  facet normal 0 0 -1
    outer loop
      vertex -0.6949440526797924 1.3293053688468222 5
      vertex -0.6386689373476091 1.3572405786990291 5
      vertex -0.6172524939395455 1.3117283197725949 5
    endloop
  endfacet
  facet normal 0 0 -1
    outer loop
      vertex -0.6386689373476091 1.3572405786990291 5
      vertex -0.561781577724875 1.3364255628717125 5
      vertex -0.6172524939395455 1.3117283197725949 5
    endloop
  endfacet
  facet normal 0 0 -1
    outer loop
      vertex -0.6386689373476091 1.3572405786990291 5
      vertex -0.5812733796781544 1.3827947273827508 5
      vertex -0.561781577724875 1.3364255628717125 5
    endloop
  endfacet
  facet normal 0 0 -1
    outer loop
      vertex -0.5812733796781544 1.3827947273827508 5
      vertex -0.5053251057282124 1.3587782614130952 5
      vertex -0.561781577724875 1.3364255628717125 5
    endloop
  endfacet
  facet normal 0 0 -1
    outer loop
      vertex -0.5812733796781544 1.3827947273827508 5
      vertex -0.522858070982723 1.4059229842378371 5
      vertex -0.5053251057282124 1.3587782614130952 5
    endloop
  endfacet
  facet normal 0 0 -1
    outer loop
      vertex -0.522858070982723 1.4059229842378371 5
      vertex -0.44798212178547764 1.378747201168004 5
      vertex -0.5053251057282124 1.3587782614130952 5
    endloop
  endfacet
  facet normal 0 0 -1
    outer loop
      vertex -0.522858070982723 1.4059229842378371 5
      vertex -0.46352549156242107 1.4265847744427302 5
      vertex -0.44798212178547764 1.378747201168004 5
    endloop
  endfacet
  facet normal 0 0 -1
    outer loop
      vertex -0.46352549156242107 1.4265847744427302 5
      vertex -0.38985322497578323 1.396297349830617 5
      vertex -0.44798212178547764 1.378747201168004 5
    endloop
  endfacet
  facet normal 0 0 -1
    outer loop
      vertex -0.46352549156242107 1.4265847744427302 5
      vertex -0.40337973092289836 1.4447438501964873 5
      vertex -0.38985322497578323 1.396297349830617 5
    endloop
  endfacet
  facet normal 0 0 -1
    outer loop
      vertex -0.40337973092289836 1.4447438501964873 5
      vertex -0.3310403931364656 1.4113979184765995 5
      vertex -0.38985322497578323 1.396297349830617 5
    endloop
  endfacet
  facet normal 0 0 -1
    outer loop
      vertex -0.40337973092289836 1.4447438501964873 5
      vertex -0.34252630516598365 1.4603683543097405 5
      vertex -0.3310403931364656 1.4113979184765995 5
    endloop
  endfacet
  facet normal 0 0 -1
    outer loop
      vertex -0.34252630516598365 1.4603683543097405 5
      vertex -0.2716468039593049 1.4240224155773384 5
      vertex -0.3310403931364656 1.4113979184765995 5
    endloop
  endfacet
  facet normal 0 0 -1
    outer loop
      vertex -0.34252630516598365 1.4603683543097405 5
      vertex -0.28107197187858685 1.473430876093033 5
      vertex -0.2716468039593049 1.4240224155773384 5
    endloop
  endfacet
  facet normal 0 0 -1
    outer loop
      vertex -0.28107197187858685 1.473430876093033 5
      vertex -0.21177665398179565 1.4341486934750867 5
      vertex -0.2716468039593049 1.4240224155773384 5
    endloop
  endfacet
  facet normal 0 0 -1
    outer loop
      vertex -0.28107197187858685 1.473430876093033 5
      vertex -0.21912454284361754 1.4839084994444824 5
      vertex -0.21177665398179565 1.4341486934750867 5
    endloop
  endfacet
  facet normal 0 0 -1
    outer loop
      vertex -0.21912454284361754 1.4839084994444824 5
      vertex -0.1515349757910114 1.441758987237479 5
      vertex -0.21177665398179565 1.4341486934750867 5
    endloop
  endfacet
  facet normal 0 0 -1
    outer loop
      vertex -0.21912454284361754 1.4839084994444824 5
      vertex -0.1567926949014802 1.4917828430524098 5
      vertex -0.1515349757910114 1.441758987237479 5
    endloop
  endfacet
  facet normal 0 0 -1
    outer loop
      vertex -0.1567926949014802 1.4917828430524098 5
      vertex -0.09102745376075895 1.4468399458232606 5
      vertex -0.1515349757910114 1.441758987237479 5
    endloop
  endfacet
  facet normal 0 0 -1
    outer loop
      vertex -0.1567926949014802 1.4917828430524098 5
      vertex -0.09418577929396992 1.4970400926424072 5
      vertex -0.09102745376075895 1.4468399458232606 5
    endloop
  endfacet
  facet normal 0 0 -1
    outer loop
      vertex -0.09418577929396992 1.4970400926424072 5
      vertex -0.030360238645273843 1.4493826555045515 5
      vertex -0.09102745376075895 1.4468399458232606 5
    endloop
  endfacet
  facet normal 0 0 -1
    outer loop
      vertex -0.09418577929396992 1.4970400926424072 5
      vertex -0.03141362982503551 1.4996710252122682 5
      vertex -0.030360238645273843 1.4493826555045515 5
    endloop
  endfacet
  facet normal 0 0 -1
    outer loop
      vertex -0.03141362982503551 1.4996710252122682 5
      vertex 0.030360238645273843 1.4493826555045515 5
      vertex -0.030360238645273843 1.4493826555045515 5
    endloop
  endfacet
  facet normal -0.4817536741017148 0.8763066800438638 0
    outer loop
      vertex -0.75 1.299038105676658 5
      vertex -0.75 1.299038105676658 75.01
      vertex -0.6949440526797924 1.3293053688468222 5
    endloop
  endfacet
  facet normal -0.44463517918492634 0.8957117602394135 0
    outer loop
      vertex -0.6949440526797924 1.3293053688468222 5
      vertex -0.6949440526797924 1.3293053688468222 75.01
      vertex -0.6386689373476091 1.3572405786990291 5
    endloop
  endfacet
  facet normal -0.40673664307580076 0.9135454576426006 0
    outer loop
      vertex -0.6386689373476091 1.3572405786990291 5
      vertex -0.6386689373476091 1.3572405786990291 75.01
      vertex -0.5812733796781544 1.3827947273827508 5
    endloop
  endfacet
  facet normal -0.36812455268467753 0.9297764858882516 0
    outer loop
      vertex -0.5812733796781544 1.3827947273827508 5
      vertex -0.5812733796781544 1.3827947273827508 75.01
      vertex -0.522858070982723 1.4059229842378371 5
    endloop
  endfacet
  facet normal -0.32886664673858235 0.9443763702374813 0
    outer loop
      vertex -0.522858070982723 1.4059229842378371 5
      vertex -0.522858070982723 1.4059229842378371 75.01
      vertex -0.46352549156242107 1.4265847744427302 5
    endloop
  endfacet
  facet normal -0.28903179694447395 0.9573194975320665 0
    outer loop
      vertex -0.46352549156242107 1.4265847744427302 5
      vertex -0.46352549156242107 1.4265847744427302 75.01
      vertex -0.40337973092289836 1.4447438501964873 5
    endloop
  endfacet
  facet normal -0.24868988716485663 0.9685831611286307 0
    outer loop
      vertex -0.40337973092289836 1.4447438501964873 5
      vertex -0.40337973092289836 1.4447438501964873 75.01
      vertex -0.34252630516598365 1.4603683543097405 5
    endloop
  endfacet
  facet normal -0.20791169081775673 0.9781476007338062 0
    outer loop
      vertex -0.34252630516598365 1.4603683543097405 5
      vertex -0.34252630516598365 1.4603683543097405 75.01
      vertex -0.28107197187858685 1.473430876093033 5
    endloop
  endfacet
  facet normal -0.16676874671610217 0.9859960370705051 0
    outer loop
      vertex -0.28107197187858685 1.473430876093033 5
      vertex -0.28107197187858685 1.473430876093033 75.01
      vertex -0.21912454284361754 1.4839084994444824 5
    endloop
  endfacet
  facet normal -0.1253332335643018 0.9921147013144781 0
    outer loop
      vertex -0.21912454284361754 1.4839084994444824 5
      vertex -0.21912454284361754 1.4839084994444824 75.01
      vertex -0.1567926949014802 1.4917828430524098 5
    endloop
  endfacet
  facet normal -0.08367784333231633 0.9964928592495041 0
    outer loop
      vertex -0.1567926949014802 1.4917828430524098 5
      vertex -0.1567926949014802 1.4917828430524098 75.01
      vertex -0.09418577929396992 1.4970400926424072 5
    endloop
  endfacet
  facet normal -0.04187565372920197 0.9991228300988582 0
    outer loop
      vertex -0.09418577929396992 1.4970400926424072 5
      vertex -0.09418577929396992 1.4970400926424072 75.01
      vertex -0.03141362982503551 1.4996710252122682 5
    endloop
  endfacet
  facet normal 0 1 0
    outer loop
      vertex -0.03141362982503551 1.4996710252122682 5
      vertex -0.03141362982503551 1.4996710252122682 75.01
      vertex 0.03141362982503551 1.4996710252122682 5
    endloop
  endfacet
  facet normal -0.9997806834748455 0.020942419883356118 0
    outer loop
      vertex -1.5 0 5
      vertex -1.5 0 75.01
      vertex -1.4986842451482876 0.0628134805937996 75.01
    endloop
  endfacet
  facet normal -0.9980267284282717 0.06279051952931328 0
    outer loop
      vertex -1.4986842451482876 0.0628134805937996 5
      vertex -1.4986842451482876 0.0628134805937996 75.01
      vertex -1.4947392888742566 0.12551676499847353 75.01
    endloop
  endfacet
  facet normal -0.9945218953682731 0.10452846326765493 0
    outer loop
      vertex -1.4947392888742566 0.12551676499847353 5
      vertex -1.4947392888742566 0.12551676499847353 75.01
      vertex -1.4881720519717168 0.1879998503464561 75.01
    endloop
  endfacet
  facet normal -0.9892723329629886 0.14608302856241032 0
    outer loop
      vertex -1.4881720519717168 0.1879998503464561 5
      vertex -1.4881720519717168 0.1879998503464561 75.01
      vertex -1.4789940556057575 0.25015312007415325 75.01
    endloop
  endfacet
  facet normal -0.9822872507286886 0.18738131458572432 0
    outer loop
      vertex -1.4789940556057575 0.25015312007415325 5
      vertex -1.4789940556057575 0.25015312007415325 75.01
      vertex -1.4672214011007085 0.311867536226639 75.01
    endloop
  endfacet
  facet normal -0.9735789028731598 0.22835087011065747 0
    outer loop
      vertex -1.4672214011007085 0.311867536226639 5
      vertex -1.4672214011007085 0.311867536226639 75.01
      vertex -1.4528747416929466 0.3730348307472823 75.01
    endloop
  endfacet
  facet normal -0.9631625667976587 0.2689198206152636 0
    outer loop
      vertex -1.4528747416929466 0.3730348307472823 5
      vertex -1.4528747416929466 0.3730348307472823 75.01
      vertex -1.435979246298101 0.4335476954167077 75.01
    endloop
  endfacet
  facet normal -0.9510565162951529 0.30901699437494984 0
    outer loop
      vertex -1.435979246298101 0.4335476954167077 5
      vertex -1.435979246298101 0.4335476954167077 75.01
      vertex -1.4165645553562216 0.49329997010787463 75.01
    endloop
  endfacet
  facet normal -0.9372819894918922 0.3485720473218133 0
    outer loop
      vertex -1.4165645553562216 0.49329997010787463 5
      vertex -1.4165645553562216 0.49329997010787463 75.01
      vertex -1.3946647288323772 0.5521868290270168 75.01
    endloop
  endfacet
  facet normal -0.9218631515885002 0.3875155864521035 0
    outer loop
      vertex -1.3946647288323772 0.5521868290270168 5
      vertex -1.3946647288323772 0.5521868290270168 75.01
      vertex -1.3703181864639014 0.6101049646137003 75.01
    endloop
  endfacet
  facet normal -0.9048270524660191 0.42577929156507316 0
    outer loop
      vertex -1.3703181864639014 0.6101049646137003 5
      vertex -1.3703181864639014 0.6101049646137003 75.01
      vertex -1.3435676403591192 0.6669527687773913 75.01
    endloop
  endfacet
  facet normal -0.8862035792312141 0.4632960351198629 0
    outer loop
      vertex -1.3435676403591192 0.6669527687773913 5
      vertex -1.3435676403591192 0.6669527687773913 75.01
      vertex -1.3144600200657952 0.722630511152573 75.01
    endloop
  endfacet
  facet normal -0.8660254037844388 0.4999999999999997 0
    outer loop
      vertex -1.3144600200657952 0.722630511152573 5
      vertex -1.3144600200657952 0.722630511152573 75.01
      vertex -1.28304639024076 0.777040514059695 75.01
    endloop
  endfacet
  facet normal 0 0 1
    outer loop
      vertex -1.4986842451482876 -0.0628134805937996 75.01
      vertex -1.4986842451482876 0.0628134805937996 75.01
      vertex -1.5 0 75.01
    endloop
  endfacet
  facet normal 0 0 1
    outer loop
      vertex -1.4947392888742566 -0.12551676499847353 75.01
      vertex -1.4947392888742566 0.12551676499847353 75.01
      vertex -1.4986842451482876 0.0628134805937996 75.01
    endloop
  endfacet
  facet normal 0 0 1
    outer loop
      vertex -1.4881720519717168 -0.1879998503464561 75.01
      vertex -1.4881720519717168 0.1879998503464561 75.01
      vertex -1.4947392888742566 0.12551676499847353 75.01
    endloop
  endfacet
  facet normal 0 0 1
    outer loop
      vertex -1.4789940556057575 -0.25015312007415325 75.01
      vertex -1.4789940556057575 0.25015312007415325 75.01
      vertex -1.4881720519717168 0.1879998503464561 75.01
    endloop
  endfacet
  facet normal 0 0 1
    outer loop
      vertex -1.4672214011007085 -0.311867536226639 75.01
      vertex -1.4672214011007085 0.311867536226639 75.01
      vertex -1.4789940556057575 0.25015312007415325 75.01
    endloop
  endfacet
  facet normal 0 0 1
    outer loop
      vertex -1.4528747416929466 -0.3730348307472823 75.01
      vertex -1.4496999999999998 0 75.01
      vertex -1.4528747416929466 0.3730348307472823 75.01
    endloop
  endfacet
  facet normal 0 0 1
    outer loop
      vertex -1.4528747416929466 -0.3730348307472823 75.01
      vertex -1.4528747416929466 0.3730348307472823 75.01
      vertex -1.4672214011007085 0.311867536226639 75.01
    endloop
  endfacet
  facet normal 0 0 1
    outer loop
      vertex -1.4528747416929466 0.3730348307472823 75.01
      vertex -1.4496999999999998 0 75.01
      vertex -1.4484283667943147 0.060707135211220835 75.01
    endloop
  endfacet
  facet normal 0 0 1
    outer loop
      vertex -1.4528747416929466 0.3730348307472823 75.01
      vertex -1.4484283667943147 0.060707135211220835 75.01
      vertex -1.4446156980540061 0.12130776947885803 75.01
    endloop
  endfacet
  facet normal 0 0 1
    outer loop
      vertex -1.4528747416929466 0.3730348307472823 75.01
      vertex -1.4446156980540061 0.12130776947885803 75.01
      vertex -1.4382686824955984 0.1816955886981716 75.01
    endloop
  endfacet
  facet normal 0 0 1
    outer loop
      vertex -1.435979246298101 0.4335476954167077 75.01
      vertex -1.4382686824955984 0.1816955886981716 75.01
      vertex -1.4293984549411107 0.2417646521143333 75.01
    endloop
  endfacet
  facet normal 0 0 1
    outer loop
      vertex -1.435979246298101 0.4335476954167077 75.01
      vertex -1.4293984549411107 0.2417646521143333 75.01
      vertex -1.418020576783798 0.30140957817850567 75.01
    endloop
  endfacet
  facet normal 0 0 1
    outer loop
      vertex -1.4528747416929466 0.3730348307472823 75.01
      vertex -1.4382686824955984 0.1816955886981716 75.01
      vertex -1.435979246298101 0.4335476954167077 75.01
    endloop
  endfacet
  facet normal 0 0 1
    outer loop
      vertex -1.4165645553562216 0.49329997010787463 75.01
      vertex -1.418020576783798 0.30140957817850567 75.01
      vertex -1.4041550086881762 0.3605257294228901 75.01
    endloop
  endfacet
  facet normal 0 0 1
    outer loop
      vertex -1.435979246298101 0.4335476954167077 75.01
      vertex -1.418020576783798 0.30140957817850567 75.01
      vertex -1.4165645553562216 0.49329997010787463 75.01
    endloop
  endfacet
  facet normal 0 0 1
    outer loop
      vertex -1.3946647288323772 0.5521868290270168 75.01
      vertex -1.4041550086881762 0.3605257294228901 75.01
      vertex -1.3878260755722376 0.41900939603040066 75.01
    endloop
  endfacet
  facet normal 0 0 1
    outer loop
      vertex -1.4165645553562216 0.49329997010787463 75.01
      vertex -1.4041550086881762 0.3605257294228901 75.01
      vertex -1.3946647288323772 0.5521868290270168 75.01
    endloop
  endfacet
  facet normal 0 0 1
    outer loop
      vertex -1.3703181864639014 0.6101049646137003 75.01
      vertex -1.3878260755722376 0.41900939603040066 75.01
      vertex -1.3690624239332763 0.4767579777769238 75.01
    endloop
  endfacet
  facet normal 0 0 1
    outer loop
      vertex -1.3946647288323772 0.5521868290270168 75.01
      vertex -1.3878260755722376 0.41900939603040066 75.01
      vertex -1.3703181864639014 0.6101049646137003 75.01
    endloop
  endfacet
  facet normal 0 0 1
    outer loop
      vertex -1.3703181864639014 0.6101049646137003 75.01
      vertex -1.3690624239332763 0.4767579777769238 75.01
      vertex -1.347896971592198 0.5336701640269775 75.01
    endloop
  endfacet
  facet normal 0 0 1
    outer loop
      vertex -1.3703181864639014 0.6101049646137003 75.01
      vertex -1.347896971592198 0.5336701640269775 75.01
      vertex -1.3435676403591192 0.6669527687773913 75.01
    endloop
  endfacet
  facet normal 0 0 1
    outer loop
      vertex -1.3435676403591192 0.6669527687773913 75.01
      vertex -1.347896971592198 0.5336701640269775 75.01
      vertex -1.3243668499444783 0.5896461114669875 75.01
    endloop
  endfacet
  facet normal 0 0 1
    outer loop
      vertex -1.3435676403591192 0.6669527687773913 75.01
      vertex -1.3243668499444783 0.5896461114669875 75.01
      vertex -1.3144600200657952 0.722630511152573 75.01
    endloop
  endfacet
  facet normal 0 0 1
    outer loop
      vertex -1.3144600200657952 0.722630511152573 75.01
      vertex -1.3243668499444783 0.5896461114669875 75.01
      vertex -1.2985133388190766 0.6445876192643895 75.01
    endloop
  endfacet
  facet normal 0 0 1
    outer loop
      vertex -1.3144600200657952 0.722630511152573 75.01
      vertex -1.2985133388190766 0.6445876192643895 75.01
      vertex -1.28304639024076 0.777040514059695 75.01
    endloop
  endfacet
  facet normal 0 0 1
    outer loop
      vertex -1.28304639024076 0.777040514059695 75.01
      vertex -1.2985133388190766 0.6445876192643895 75.01
      vertex -1.2703817940595887 0.6983983013452567 75.01
    endloop
  endfacet
  facet normal -0.8443279255020151 0.5358267949789965 0
    outer loop
      vertex -1.28304639024076 0.777040514059695 5
      vertex -1.28304639024076 0.777040514059695 75.01
      vertex -1.2493818610651493 0.8300873238650159 75.01
    endloop
  endfacet
  facet normal -0.8211492091337051 0.5707135676844302 0
    outer loop
      vertex -1.2493818610651493 0.8300873238650159 5
      vertex -1.2493818610651493 0.8300873238650159 75.01
      vertex -1.2135254915624212 0.8816778784387097 75.01
    endloop
  endfacet
  facet normal -0.7965299180241948 0.6045991148623767 0
    outer loop
      vertex -1.2135254915624212 0.8816778784387097 5
      vertex -1.2135254915624212 0.8816778784387097 75.01
      vertex -1.1755401859887595 0.9317216704174656 75.01
    endloop
  endfacet
  facet normal -0.7705132427757898 0.637423989748689 0
    outer loop
      vertex -1.1755401859887595 0.9317216704174656 5
      vertex -1.1755401859887595 0.9317216704174656 75.01
      vertex -1.1354925834776344 0.9801309059851584 75.01
    endloop
  endfacet
  facet normal -0.7431448254773948 0.6691306063588577 0
    outer loop
      vertex -1.1354925834776344 0.9801309059851584 5
      vertex -1.1354925834776344 0.9801309059851584 75.01
      vertex -1.0934529411321174 1.0268206588930329 75.01
    endloop
  endfacet
  facet normal -0.7144726796328051 0.6996633405133635 0
    outer loop
      vertex -1.0934529411321174 1.0268206588930329 5
      vertex -1.0934529411321174 1.0268206588930329 75.01
      vertex -1.0494950107700483 1.0717090194492052 75.01
    endloop
  endfacet
  facet normal -0.6845471059286881 0.728968627421412 0
    outer loop
      vertex -1.0036959095382874 1.1147172382160915 5
      vertex -1.0494950107700483 1.0717090194492052 75.01
      vertex -1.0036959095382874 1.1147172382160915 75.01
    endloop
  endfacet
  facet normal -0.653420603990104 0.7569950556517576 0
    outer loop
      vertex -0.9561359846230344 1.155769864163684 5
      vertex -1.0036959095382874 1.1147172382160915 75.01
      vertex -0.9561359846230344 1.155769864163684 75.01
    endloop
  endfacet
  facet normal -0.6211477802783096 0.7836934573258404 0
    outer loop
      vertex -0.9068986722935622 1.1947948770362944 5
      vertex -0.9561359846230344 1.155769864163684 75.01
      vertex -0.9068986722935622 1.1947948770362944 75.01
    endloop
  endfacet
  facet normal -0.5877852522924721 0.8090169943749482 0
    outer loop
      vertex -0.8560703515266475 1.231723813700556 5
      vertex -0.9068986722935622 1.1947948770362944 75.01
      vertex -0.8560703515266475 1.231723813700556 75.01
    endloop
  endfacet
  facet normal -0.5533915492433462 0.832921240710098 0
    outer loop
      vertex -0.8037401924684952 1.2664918882530225 5
      vertex -0.8560703515266475 1.231723813700556 75.01
      vertex -0.8037401924684952 1.2664918882530225 75.01
    endloop
  endfacet
  facet normal -0.5180270093731304 0.8553642601605066 0
    outer loop
      vertex -0.75 1.299038105676658 5
      vertex -0.8037401924684952 1.2664918882530225 75.01
      vertex -0.75 1.299038105676658 75.01
    endloop
  endfacet
  facet normal 0 0 1
    outer loop
      vertex -1.28304639024076 0.777040514059695 75.01
      vertex -1.2703817940595887 0.6983983013452567 75.01
      vertex -1.2493818610651493 0.8300873238650159 75.01
    endloop
  endfacet
  facet normal 0 0 1
    outer loop
      vertex -1.2493818610651493 0.8300873238650159 75.01
      vertex -1.2703817940595887 0.6983983013452567 75.01
      vertex -1.2400215679546864 0.7509837554882264 75.01
    endloop
  endfacet
  facet normal 0 0 1
    outer loop
      vertex -1.2135254915624212 0.8816778784387097 75.01
      vertex -1.2400215679546864 0.7509837554882264 75.01
      vertex -1.207485922657431 0.8022517289380757 75.01
    endloop
  endfacet
  facet normal 0 0 1
    outer loop
      vertex -1.2493818610651493 0.8300873238650159 75.01
      vertex -1.2400215679546864 0.7509837554882264 75.01
      vertex -1.2135254915624212 0.8816778784387097 75.01
    endloop
  endfacet
  facet normal 0 0 1
    outer loop
      vertex -1.2135254915624212 0.8816778784387097 75.01
      vertex -1.207485922657431 0.8022517289380757 75.01
      vertex -1.1755401859887595 0.9317216704174656 75.01
    endloop
  endfacet
  facet normal 0 0 1
    outer loop
      vertex -1.1755401859887595 0.9317216704174656 75.01
      vertex -1.207485922657431 0.8022517289380757 75.01
      vertex -1.172831936745361 0.8521122802483981 75.01
    endloop
  endfacet
  facet normal 0 0 1
    outer loop
      vertex -1.1755401859887595 0.9317216704174656 75.01
      vertex -1.172831936745361 0.8521122802483981 75.01
      vertex -1.1361204050852698 0.9004779370694664 75.01
    endloop
  endfacet
  facet normal 0 0 1
    outer loop
      vertex -1.1755401859887595 0.9317216704174656 75.01
      vertex -1.1361204050852698 0.9004779370694664 75.01
      vertex -1.1354925834776344 0.9801309059851584 75.01
    endloop
  endfacet
  facet normal 0 0 1
    outer loop
      vertex -1.1354925834776344 0.9801309059851584 75.01
      vertex -1.1361204050852698 0.9004779370694664 75.01
      vertex -1.0974157321783509 0.9472638496044559 75.01
    endloop
  endfacet
  facet normal 0 0 1
    outer loop
      vertex -1.1354925834776344 0.9801309059851584 75.01
      vertex -1.0974157321783509 0.9472638496044559 75.01
      vertex -1.0934529411321174 1.0268206588930329 75.01
    endloop
  endfacet
  facet normal 0 0 1
    outer loop
      vertex -1.0934529411321174 1.0268206588930329 75.01
      vertex -1.0974157321783509 0.9472638496044559 75.01
      vertex -1.0567858191728206 0.9923879394648195 75.01
    endloop
  endfacet
  facet normal 0 0 1
    outer loop
      vertex -1.0934529411321174 1.0268206588930329 75.01
      vertex -1.0567858191728206 0.9923879394648195 75.01
      vertex -1.0494950107700483 1.0717090194492052 75.01
    endloop
  endfacet
  facet normal 0 0 1
    outer loop
      vertex -1.0494950107700483 1.0717090194492052 75.01
      vertex -1.0567858191728206 0.9923879394648195 75.01
      vertex -1.0143019447422257 1.035771043663675 75.01
    endloop
  endfacet
  facet normal 0 0 1
    outer loop
      vertex -1.0494950107700483 1.0717090194492052 75.01
      vertex -1.0143019447422257 1.035771043663675 75.01
      vertex -1.0036959095382874 1.1147172382160915 75.01
    endloop
  endfacet
  facet normal 0 0 1
    outer loop
      vertex -1.0036959095382874 1.1147172382160915 75.01
      vertex -1.0143019447422257 1.035771043663675 75.01
      vertex -0.9700386400384367 1.0773370534945783 75.01
    endloop
  endfacet
  facet normal 0 0 1
    outer loop
      vertex -1.0036959095382874 1.1147172382160915 75.01
      vertex -0.9700386400384367 1.0773370534945783 75.01
      vertex -0.9561359846230344 1.155769864163684 75.01
    endloop
  endfacet
  facet normal 0 0 1
    outer loop
      vertex -0.9561359846230344 1.155769864163684 75.01
      vertex -0.9700386400384367 1.0773370534945783 75.01
      vertex -0.9240735579386753 1.1170130480520617 75.01
    endloop
  endfacet
  facet normal 0 0 1
    outer loop
      vertex -0.9561359846230344 1.155769864163684 75.01
      vertex -0.9240735579386753 1.1170130480520617 75.01
      vertex -0.9068986722935622 1.1947948770362944 75.01
    endloop
  endfacet
  facet normal 0 0 1
    outer loop
      vertex -0.9068986722935622 1.1947948770362944 75.01
      vertex -0.9240735579386753 1.1170130480520617 75.01
      vertex -0.8764873368159847 1.154729422159677 75.01
    endloop
  endfacet
  facet normal 0 0 1
    outer loop
      vertex -0.9068986722935622 1.1947948770362944 75.01
      vertex -0.8764873368159847 1.154729422159677 75.01
      vertex -0.8560703515266475 1.231723813700556 75.01
    endloop
  endfacet
  facet normal 0 0 1
    outer loop
      vertex -0.8560703515266475 1.231723813700556 75.01
      vertex -0.8764873368159847 1.154729422159677 75.01
      vertex -0.8273634590721204 1.1904200084811305 75.01
    endloop
  endfacet
  facet normal 0 0 1
    outer loop
      vertex -0.8560703515266475 1.231723813700556 75.01
      vertex -0.8273634590721204 1.1904200084811305 75.01
      vertex -0.8037401924684952 1.2664918882530225 75.01
    endloop
  endfacet
  facet normal 0 0 1
    outer loop
      vertex -0.8037401924684952 1.2664918882530225 75.01
      vertex -0.8273634590721204 1.1904200084811305 75.01
      vertex -0.7767881046810515 1.224022193600271 75.01
    endloop
  endfacet
  facet normal 0 0 1
    outer loop
      vertex -0.8037401924684952 1.2664918882530225 75.01
      vertex -0.7767881046810515 1.224022193600271 75.01
      vertex -0.75 1.299038105676658 75.01
    endloop
  endfacet
  facet normal 0 0 1
    outer loop
      vertex -0.75 1.299038105676658 75.01
      vertex -0.7767881046810515 1.224022193600271 75.01
      vertex -0.7248499999999999 1.2554770278663003 75.01
    endloop
  endfacet
  facet normal -0.4817536741017148 0.8763066800438638 0
    outer loop
      vertex -0.6949440526797924 1.3293053688468222 5
      vertex -0.75 1.299038105676658 75.01
      vertex -0.6949440526797924 1.3293053688468222 75.01
    endloop
  endfacet
  facet normal -0.44463517918492634 0.8957117602394135 0
    outer loop
      vertex -0.6386689373476091 1.3572405786990291 5
      vertex -0.6949440526797924 1.3293053688468222 75.01
      vertex -0.6386689373476091 1.3572405786990291 75.01
    endloop
  endfacet
  facet normal -0.40673664307580076 0.9135454576426006 0
    outer loop
      vertex -0.5812733796781544 1.3827947273827508 5
      vertex -0.6386689373476091 1.3572405786990291 75.01
      vertex -0.5812733796781544 1.3827947273827508 75.01
    endloop
  endfacet
  facet normal -0.36812455268467753 0.9297764858882516 0
    outer loop
      vertex -0.522858070982723 1.4059229842378371 5
      vertex -0.5812733796781544 1.3827947273827508 75.01
      vertex -0.522858070982723 1.4059229842378371 75.01
    endloop
  endfacet
  facet normal -0.32886664673858235 0.9443763702374813 0
    outer loop
      vertex -0.46352549156242107 1.4265847744427302 5
      vertex -0.522858070982723 1.4059229842378371 75.01
      vertex -0.46352549156242107 1.4265847744427302 75.01
    endloop
  endfacet
  facet normal -0.28903179694447395 0.9573194975320665 0
    outer loop
      vertex -0.40337973092289836 1.4447438501964873 5
      vertex -0.46352549156242107 1.4265847744427302 75.01
      vertex -0.40337973092289836 1.4447438501964873 75.01
    endloop
  endfacet
  facet normal -0.24868988716485663 0.9685831611286307 0
    outer loop
      vertex -0.34252630516598365 1.4603683543097405 5
      vertex -0.40337973092289836 1.4447438501964873 75.01
      vertex -0.34252630516598365 1.4603683543097405 75.01
    endloop
  endfacet
  facet normal -0.20791169081775673 0.9781476007338062 0
    outer loop
      vertex -0.28107197187858685 1.473430876093033 5
      vertex -0.34252630516598365 1.4603683543097405 75.01
      vertex -0.28107197187858685 1.473430876093033 75.01
    endloop
  endfacet
  facet normal -0.16676874671610217 0.9859960370705051 0
    outer loop
      vertex -0.21912454284361754 1.4839084994444824 5
      vertex -0.28107197187858685 1.473430876093033 75.01
      vertex -0.21912454284361754 1.4839084994444824 75.01
    endloop
  endfacet
  facet normal -0.1253332335643018 0.9921147013144781 0
    outer loop
      vertex -0.1567926949014802 1.4917828430524098 5
      vertex -0.21912454284361754 1.4839084994444824 75.01
      vertex -0.1567926949014802 1.4917828430524098 75.01
    endloop
  endfacet
  facet normal -0.08367784333231633 0.9964928592495041 0
    outer loop
      vertex -0.09418577929396992 1.4970400926424072 5
      vertex -0.1567926949014802 1.4917828430524098 75.01
      vertex -0.09418577929396992 1.4970400926424072 75.01
    endloop
  endfacet
  facet normal -0.04187565372920197 0.9991228300988582 0
    outer loop
      vertex -0.03141362982503551 1.4996710252122682 5
      vertex -0.09418577929396992 1.4970400926424072 75.01
      vertex -0.03141362982503551 1.4996710252122682 75.01
    endloop
  endfacet
  facet normal 0 0 1
    outer loop
      vertex -0.75 1.299038105676658 75.01
      vertex -0.7248499999999999 1.2554770278663003 75.01
      vertex -0.6949440526797924 1.3293053688468222 75.01
    endloop
  endfacet
  facet normal 0 0 1
    outer loop
      vertex -0.6949440526797924 1.3293053688468222 75.01
      vertex -0.7248499999999999 1.2554770278663003 75.01
      vertex -0.6716402621132633 1.2847293288114918 75.01
    endloop
  endfacet
  facet normal 0 0 1
    outer loop
      vertex -0.6949440526797924 1.3293053688468222 75.01
      vertex -0.6716402621132633 1.2847293288114918 75.01
      vertex -0.6386689373476091 1.3572405786990291 75.01
    endloop
  endfacet
  facet normal 0 0 1
    outer loop
      vertex -0.6386689373476091 1.3572405786990291 75.01
      vertex -0.6716402621132633 1.2847293288114918 75.01
      vertex -0.6172522389818859 1.3117277779599883 75.01
    endloop
  endfacet
  facet normal 0 0 1
    outer loop
      vertex -0.6386689373476091 1.3572405786990291 75.01
      vertex -0.6172522389818859 1.3117277779599883 75.01
      vertex -0.5812733796781544 1.3827947273827508 75.01
    endloop
  endfacet
  facet normal 0 0 1
    outer loop
      vertex -0.5812733796781544 1.3827947273827508 75.01
      vertex -0.6172522389818859 1.3117277779599883 75.01
      vertex -0.5617813456796136 1.336425010857849 75.01
    endloop
  endfacet
  facet normal 0 0 1
    outer loop
      vertex -0.5812733796781544 1.3827947273827508 75.01
      vertex -0.5617813456796136 1.336425010857849 75.01
      vertex -0.522858070982723 1.4059229842378371 75.01
    endloop
  endfacet
  facet normal 0 0 1
    outer loop
      vertex -0.522858070982723 1.4059229842378371 75.01
      vertex -0.5617813456796136 1.336425010857849 75.01
      vertex -0.5053248970024355 1.3587777001663948 75.01
    endloop
  endfacet
  facet normal 0 0 1
    outer loop
      vertex -0.522858070982723 1.4059229842378371 75.01
      vertex -0.5053248970024355 1.3587777001663948 75.01
      vertex -0.46352549156242107 1.4265847744427302 75.01
    endloop
  endfacet
  facet normal 0 0 1
    outer loop
      vertex -0.46352549156242107 1.4265847744427302 75.01
      vertex -0.5053248970024355 1.3587777001663948 75.01
      vertex -0.4479819367453612 1.3787466316730839 75.01
    endloop
  endfacet
  facet normal 0 0 1
    outer loop
      vertex -0.46352549156242107 1.4265847744427302 75.01
      vertex -0.4479819367453612 1.3787466316730839 75.01
      vertex -0.40337973092289836 1.4447438501964873 75.01
    endloop
  endfacet
  facet normal 0 0 1
    outer loop
      vertex -0.40337973092289836 1.4447438501964873 75.01
      vertex -0.4479819367453612 1.3787466316730839 75.01
      vertex -0.3898530639459505 1.396296773086565 75.01
    endloop
  endfacet
  facet normal 0 0 1
    outer loop
      vertex -0.40337973092289836 1.4447438501964873 75.01
      vertex -0.3898530639459505 1.396296773086565 75.01
      vertex -0.34252630516598365 1.4603683543097405 75.01
    endloop
  endfacet
  facet normal 0 0 1
    outer loop
      vertex -0.34252630516598365 1.4603683543097405 75.01
      vertex -0.3898530639459505 1.396296773086565 75.01
      vertex -0.3310402563994176 1.4113973354952203 75.01
    endloop
  endfacet
  facet normal 0 0 1
    outer loop
      vertex -0.34252630516598365 1.4603683543097405 75.01
      vertex -0.3310402563994176 1.4113973354952203 75.01
      vertex -0.28107197187858685 1.473430876093033 75.01
    endloop
  endfacet
  facet normal 0 0 1
    outer loop
      vertex -0.28107197187858685 1.473430876093033 75.01
      vertex -0.3310402563994176 1.4113973354952203 75.01
      vertex -0.2716466917549249 1.4240218273813798 75.01
    endloop
  endfacet
  facet normal 0 0 1
    outer loop
      vertex -0.28107197187858685 1.473430876093033 75.01
      vertex -0.2716466917549249 1.4240218273813798 75.01
      vertex -0.21912454284361754 1.4839084994444824 75.01
    endloop
  endfacet
  facet normal 0 0 1
    outer loop
      vertex -0.21912454284361754 1.4839084994444824 75.01
      vertex -0.2716466917549249 1.4240218273813798 75.01
      vertex -0.21177656650692822 1.4341481010964439 75.01
    endloop
  endfacet
  facet normal 0 0 1
    outer loop
      vertex -0.21912454284361754 1.4839084994444824 75.01
      vertex -0.21177656650692822 1.4341481010964439 75.01
      vertex -0.1567926949014802 1.4917828430524098 75.01
    endloop
  endfacet
  facet normal 0 0 1
    outer loop
      vertex -0.1567926949014802 1.4917828430524098 75.01
      vertex -0.21177656650692822 1.4341481010964439 75.01
      vertex -0.15153491319911722 1.4417583917153858 75.01
    endloop
  endfacet
  facet normal 0 0 1
    outer loop
      vertex -0.1567926949014802 1.4917828430524098 75.01
      vertex -0.15153491319911722 1.4417583917153858 75.01
      vertex -0.09418577929396992 1.4970400926424072 75.01
    endloop
  endfacet
  facet normal 0 0 1
    outer loop
      vertex -0.09418577929396992 1.4970400926424072 75.01
      vertex -0.15153491319911722 1.4417583917153858 75.01
      vertex -0.09102741616164545 1.446839348202465 75.01
    endloop
  endfacet
  facet normal 0 0 1
    outer loop
      vertex -0.09418577929396992 1.4970400926424072 75.01
      vertex -0.09102741616164545 1.446839348202465 75.01
      vertex -0.03141362982503551 1.4996710252122682 75.01
    endloop
  endfacet
  facet normal 0 0 1
    outer loop
      vertex -0.03141362982503551 1.4996710252122682 75.01
      vertex -0.09102741616164545 1.446839348202465 75.01
      vertex -0.030360226104902653 1.4493820568334832 75.01
    endloop
  endfacet
  facet normal 0 0 1
    outer loop
      vertex -0.03141362982503551 1.4996710252122682 75.01
      vertex -0.030360226104902653 1.4493820568334832 75.01
      vertex 0.03141362982503551 1.4996710252122682 75.01
    endloop
  endfacet
  facet normal 0 0 -1
    outer loop
      vertex 0.031413629825035136 -1.4996710252122682 5
      vertex -0.030360238645273478 -1.4493826555045515 5
      vertex 0.030360238645273478 -1.4493826555045515 5
    endloop
  endfacet
  facet normal 0 0 -1
    outer loop
      vertex 0.031413629825035136 -1.4996710252122682 5
      vertex 0.030360238645273478 -1.4493826555045515 5
      vertex 0.09418577929397065 -1.4970400926424072 5
    endloop
  endfacet
  facet normal 0 0 -1
    outer loop
      vertex 0.09418577929397065 -1.4970400926424072 5
      vertex 0.030360238645273478 -1.4493826555045515 5
      vertex 0.09102745376075964 -1.4468399458232606 5
    endloop
  endfacet
  facet normal 0 0 -1
    outer loop
      vertex 0.09418577929397065 -1.4970400926424072 5
      vertex 0.09102745376075964 -1.4468399458232606 5
      vertex 0.1567926949014802 -1.4917828430524098 5
    endloop
  endfacet
  facet normal 0 0 -1
    outer loop
      vertex 0.1567926949014802 -1.4917828430524098 5
      vertex 0.09102745376075964 -1.4468399458232606 5
      vertex 0.1515349757910114 -1.441758987237479 5
    endloop
  endfacet
  facet normal 0 0 -1
    outer loop
      vertex 0.1567926949014802 -1.4917828430524098 5
      vertex 0.1515349757910114 -1.441758987237479 5
      vertex 0.21912454284361682 -1.4839084994444824 5
    endloop
  endfacet
  facet normal 0 0 -1
    outer loop
      vertex 0.21912454284361682 -1.4839084994444824 5
      vertex 0.1515349757910114 -1.441758987237479 5
      vertex 0.21177665398179493 -1.4341486934750867 5
    endloop
  endfacet
  facet normal 0 0 -1
    outer loop
      vertex 0.21912454284361682 -1.4839084994444824 5
      vertex 0.21177665398179493 -1.4341486934750867 5
      vertex 0.28107197187858723 -1.4734308760930328 5
    endloop
  endfacet
  facet normal 0 0 -1
    outer loop
      vertex 0.28107197187858723 -1.4734308760930328 5
      vertex 0.21177665398179493 -1.4341486934750867 5
      vertex 0.27164680395930524 -1.4240224155773384 5
    endloop
  endfacet
  facet normal 0 0 -1
    outer loop
      vertex 0.28107197187858723 -1.4734308760930328 5
      vertex 0.27164680395930524 -1.4240224155773384 5
      vertex 0.34252630516598326 -1.4603683543097405 5
    endloop
  endfacet
  facet normal 0 0 -1
    outer loop
      vertex 0.34252630516598326 -1.4603683543097405 5
      vertex 0.27164680395930524 -1.4240224155773384 5
      vertex 0.33104039313646527 -1.4113979184765995 5
    endloop
  endfacet
  facet normal 0 0 -1
    outer loop
      vertex 0.34252630516598326 -1.4603683543097405 5
      vertex 0.33104039313646527 -1.4113979184765995 5
      vertex 0.40337973092289914 -1.444743850196487 5
    endloop
  endfacet
  facet normal 0 0 -1
    outer loop
      vertex 0.40337973092289914 -1.444743850196487 5
      vertex 0.33104039313646527 -1.4113979184765995 5
      vertex 0.38985322497578395 -1.3962973498306168 5
    endloop
  endfacet
  facet normal 0 0 -1
    outer loop
      vertex 0.40337973092289914 -1.444743850196487 5
      vertex 0.38985322497578395 -1.3962973498306168 5
      vertex 0.46352549156242107 -1.4265847744427302 5
    endloop
  endfacet
  facet normal 0 0 -1
    outer loop
      vertex 0.46352549156242107 -1.4265847744427302 5
      vertex 0.38985322497578395 -1.3962973498306168 5
      vertex 0.44798212178547764 -1.378747201168004 5
    endloop
  endfacet
  facet normal 0 0 -1
    outer loop
      vertex 0.46352549156242107 -1.4265847744427302 5
      vertex 0.44798212178547764 -1.378747201168004 5
      vertex 0.5228580709827223 -1.4059229842378376 5
    endloop
  endfacet
  facet normal 0 0 -1
    outer loop
      vertex 0.5228580709827223 -1.4059229842378376 5
      vertex 0.44798212178547764 -1.378747201168004 5
      vertex 0.5053251057282118 -1.3587782614130957 5
    endloop
  endfacet
  facet normal 0 0 -1
    outer loop
      vertex 0.5228580709827223 -1.4059229842378376 5
      vertex 0.5053251057282118 -1.3587782614130957 5
      vertex 0.5812733796781547 -1.3827947273827506 5
    endloop
  endfacet
  facet normal 0 0 -1
    outer loop
      vertex 0.5812733796781547 -1.3827947273827506 5
      vertex 0.5053251057282118 -1.3587782614130957 5
      vertex 0.5617815777248754 -1.3364255628717123 5
    endloop
  endfacet
  facet normal 0 0 -1
    outer loop
      vertex 0.5812733796781547 -1.3827947273827506 5
      vertex 0.5617815777248754 -1.3364255628717123 5
      vertex 0.6386689373476087 -1.3572405786990294 5
    endloop
  endfacet
  facet normal 0 0 -1
    outer loop
      vertex 0.6386689373476087 -1.3572405786990294 5
      vertex 0.5617815777248754 -1.3364255628717123 5
      vertex 0.6172524939395451 -1.3117283197725949 5
    endloop
  endfacet
  facet normal 0 0 -1
    outer loop
      vertex 0.6386689373476087 -1.3572405786990294 5
      vertex 0.6172524939395451 -1.3117283197725949 5
      vertex 0.6949440526797931 -1.3293053688468217 5
    endloop
  endfacet
  facet normal 0 0 -1
    outer loop
      vertex 0.6949440526797931 -1.3293053688468217 5
      vertex 0.6172524939395451 -1.3117283197725949 5
      vertex 0.6716405395360395 -1.2847298594723175 5
    endloop
  endfacet
  facet normal 0 0 -1
    outer loop
      vertex 0.6949440526797931 -1.3293053688468217 5
      vertex 0.6716405395360395 -1.2847298594723175 5
      vertex 0.75 -1.299038105676658 5
    endloop
  endfacet
  facet normal 0 0 -1
    outer loop
      vertex 0.75 -1.299038105676658 5
      vertex 0.6716405395360395 -1.2847298594723175 5
      vertex 0.7248502994011976 -1.2554775464443866 5
    endloop
  endfacet
  facet normal 0 -1 0
    outer loop
      vertex -0.031413629825035136 -1.4996710252122682 5
      vertex 0.031413629825035136 -1.4996710252122682 5
      vertex 0.031413629825035136 -1.4996710252122682 75.01
    endloop
  endfacet
  facet normal 0.041875653729201226 -0.9991228300988582 0
    outer loop
      vertex 0.031413629825035136 -1.4996710252122682 5
      vertex 0.09418577929397065 -1.4970400926424072 5
      vertex 0.09418577929397065 -1.4970400926424072 75.01
    endloop
  endfacet
  facet normal 0.0836778433323173 -0.9964928592495041 0
    outer loop
      vertex 0.09418577929397065 -1.4970400926424072 5
      vertex 0.1567926949014802 -1.4917828430524098 5
      vertex 0.1567926949014802 -1.4917828430524098 75.01
    endloop
  endfacet
  facet normal 0.12533323356430323 -0.992114701314478 0
    outer loop
      vertex 0.1567926949014802 -1.4917828430524098 5
      vertex 0.21912454284361682 -1.4839084994444824 5
      vertex 0.21912454284361682 -1.4839084994444824 75.01
    endloop
  endfacet
  facet normal 0.16676874671610267 -0.985996037070505 0
    outer loop
      vertex 0.21912454284361682 -1.4839084994444824 5
      vertex 0.28107197187858723 -1.4734308760930328 5
      vertex 0.28107197187858723 -1.4734308760930328 75.01
    endloop
  endfacet
  facet normal 0.20791169081775587 -0.9781476007338064 0
    outer loop
      vertex 0.28107197187858723 -1.4734308760930328 5
      vertex 0.34252630516598326 -1.4603683543097405 5
      vertex 0.34252630516598326 -1.4603683543097405 75.01
    endloop
  endfacet
  facet normal 0.24868988716485543 -0.968583161128631 0
    outer loop
      vertex 0.34252630516598326 -1.4603683543097405 5
      vertex 0.40337973092289914 -1.444743850196487 5
      vertex 0.40337973092289914 -1.444743850196487 75.01
    endloop
  endfacet
  facet normal 0.2890317969444742 -0.9573194975320665 0
    outer loop
      vertex 0.40337973092289914 -1.444743850196487 5
      vertex 0.46352549156242107 -1.4265847744427302 5
      vertex 0.46352549156242107 -1.4265847744427302 75.01
    endloop
  endfacet
  facet normal 0.32886664673857935 -0.9443763702374823 0
    outer loop
      vertex 0.46352549156242107 -1.4265847744427302 5
      vertex 0.5228580709827223 -1.4059229842378376 5
      vertex 0.5228580709827223 -1.4059229842378376 75.01
    endloop
  endfacet
  facet normal 0.36812455268468125 -0.92977648588825 0
    outer loop
      vertex 0.5228580709827223 -1.4059229842378376 5
      vertex 0.5812733796781547 -1.3827947273827506 5
      vertex 0.5812733796781547 -1.3827947273827506 75.01
    endloop
  endfacet
  facet normal 0.40673664307579954 -0.9135454576426012 0
    outer loop
      vertex 0.5812733796781547 -1.3827947273827506 5
      vertex 0.6386689373476087 -1.3572405786990294 5
      vertex 0.6386689373476087 -1.3572405786990294 75.01
    endloop
  endfacet
  facet normal 0.4446351791849278 -0.8957117602394127 0
    outer loop
      vertex 0.6386689373476087 -1.3572405786990294 5
      vertex 0.6949440526797931 -1.3293053688468217 5
      vertex 0.6949440526797931 -1.3293053688468217 75.01
    endloop
  endfacet
  facet normal 0.4817536741017139 -0.8763066800438644 0
    outer loop
      vertex 0.6949440526797931 -1.3293053688468217 5
      vertex 0.75 -1.299038105676658 5
      vertex 0.75 -1.299038105676658 75.01
    endloop
  endfacet
  facet normal 0 0 -1
    outer loop
      vertex 0.75 -1.299038105676658 5
      vertex 0.7248502994011976 -1.2554775464443866 5
      vertex 0.8037401924684944 -1.266491888253023 5
    endloop
  endfacet
  facet normal 0 0 -1
    outer loop
      vertex 0.8037401924684944 -1.266491888253023 5
      vertex 0.7248502994011976 -1.2554775464443866 5
      vertex 0.776788425535419 -1.2240226991858558 5
    endloop
  endfacet
  facet normal 0 0 -1
    outer loop
      vertex 0.8037401924684944 -1.266491888253023 5
      vertex 0.776788425535419 -1.2240226991858558 5
      vertex 0.8560703515266477 -1.231723813700556 5
    endloop
  endfacet
  facet normal 0 0 -1
    outer loop
      vertex 0.8560703515266477 -1.231723813700556 5
      vertex 0.776788425535419 -1.2240226991858558 5
      vertex 0.8273638008167721 -1.1904205001872437 5
    endloop
  endfacet
  facet normal 0 0 -1
    outer loop
      vertex 0.8560703515266477 -1.231723813700556 5
      vertex 0.8273638008167721 -1.1904205001872437 5
      vertex 0.9068986722935621 -1.1947948770362946 5
    endloop
  endfacet
  facet normal 0 0 -1
    outer loop
      vertex 0.9068986722935621 -1.1947948770362946 5
      vertex 0.8273638008167721 -1.1904205001872437 5
      vertex 0.8764876988513828 -1.1547298991237 5
    endloop
  endfacet
  facet normal 0 0 -1
    outer loop
      vertex 0.9068986722935621 -1.1947948770362946 5
      vertex 0.8764876988513828 -1.1547298991237 5
      vertex 0.956135984623035 -1.1557698641636835 5
    endloop
  endfacet
  facet normal 0 0 -1
    outer loop
      vertex 0.956135984623035 -1.1557698641636835 5
      vertex 0.8764876988513828 -1.1547298991237 5
      vertex 0.9240739396296876 -1.1170135094372367 5
    endloop
  endfacet
  facet normal 0 0 -1
    outer loop
      vertex 0.956135984623035 -1.1557698641636835 5
      vertex 0.9240739396296876 -1.1170135094372367 5
      vertex 1.0036959095382874 -1.1147172382160915 5
    endloop
  endfacet
  facet normal 0 0 -1
    outer loop
      vertex 1.0036959095382874 -1.1147172382160915 5
      vertex 0.9240739396296876 -1.1170135094372367 5
      vertex 0.9700390407154466 -1.0773374984914799 5
    endloop
  endfacet
  facet normal 0 0 -1
    outer loop
      vertex 1.0036959095382874 -1.1147172382160915 5
      vertex 0.9700390407154466 -1.0773374984914799 5
      vertex 1.0494950107700476 -1.0717090194492054 5
    endloop
  endfacet
  facet normal 0 0 -1
    outer loop
      vertex 1.0494950107700476 -1.0717090194492054 5
      vertex 0.9700390407154466 -1.0773374984914799 5
      vertex 1.0143023637023096 -1.035771471491627 5
    endloop
  endfacet
  facet normal 0 0 -1
    outer loop
      vertex 1.0494950107700476 -1.0717090194492054 5
      vertex 1.0143023637023096 -1.035771471491627 5
      vertex 1.0934529411321174 -1.0268206588930329 5
    endloop
  endfacet
  facet normal 0 0 -1
    outer loop
      vertex 1.0934529411321174 -1.0268206588930329 5
      vertex 1.0143023637023096 -1.035771471491627 5
      vertex 1.0567862556809806 -0.9923883493732664 5
    endloop
  endfacet
  facet normal 0 0 -1
    outer loop
      vertex 1.0934529411321174 -1.0268206588930329 5
      vertex 1.0567862556809806 -0.9923883493732664 5
      vertex 1.1354925834776344 -0.9801309059851584 5
    endloop
  endfacet
  facet normal 0 0 -1
    outer loop
      vertex 1.1354925834776344 -0.9801309059851584 5
      vertex 1.0567862556809806 -0.9923883493732664 5
      vertex 1.0974161854688036 -0.9472642408742787 5
    endloop
  endfacet
  facet normal 0 0 -1
    outer loop
      vertex 1.1354925834776344 -0.9801309059851584 5
      vertex 1.0974161854688036 -0.9472642408742787 5
      vertex 1.1361208743627897 -0.9004783090142447 5
    endloop
  endfacet
  facet normal 0 0 -1
    outer loop
      vertex 1.1354925834776344 -0.9801309059851584 5
      vertex 1.1361208743627897 -0.9004783090142447 5
      vertex 1.1755401859887602 -0.9317216704174651 5
    endloop
  endfacet
  facet normal 0 0 -1
    outer loop
      vertex 1.1755401859887602 -0.9317216704174651 5
      vertex 1.1361208743627897 -0.9004783090142447 5
      vertex 1.1728324211866752 -0.8521126322156152 5
    endloop
  endfacet
  facet normal 0 0 -1
    outer loop
      vertex 1.1755401859887602 -0.9317216704174651 5
      vertex 1.1728324211866752 -0.8521126322156152 5
      vertex 1.2135254915624212 -0.8816778784387097 5
    endloop
  endfacet
  facet normal 0 0 -1
    outer loop
      vertex 1.2135254915624212 -0.8816778784387097 5
      vertex 1.1728324211866752 -0.8521126322156152 5
      vertex 1.207486421412665 -0.8022520603102614 5
    endloop
  endfacet
  facet normal 0 0 -1
    outer loop
      vertex 1.2135254915624212 -0.8816778784387097 5
      vertex 1.207486421412665 -0.8022520603102614 5
      vertex 1.249381861065149 -0.8300873238650165 5
    endloop
  endfacet
  facet normal 0 0 -1
    outer loop
      vertex 1.249381861065149 -0.8300873238650165 5
      vertex 1.207486421412665 -0.8022520603102614 5
      vertex 1.2400220801488544 -0.7509840656840404 5
    endloop
  endfacet
  facet normal 0 0 -1
    outer loop
      vertex 1.249381861065149 -0.8300873238650165 5
      vertex 1.2400220801488544 -0.7509840656840404 5
      vertex 1.28304639024076 -0.777040514059695 5
    endloop
  endfacet
  facet normal 0.5180270093731307 -0.8553642601605064 0
    outer loop
      vertex 0.75 -1.299038105676658 5
      vertex 0.8037401924684944 -1.266491888253023 5
      vertex 0.8037401924684944 -1.266491888253023 75.01
    endloop
  endfacet
  facet normal 0.5533915492433438 -0.8329212407100995 0
    outer loop
      vertex 0.8037401924684944 -1.266491888253023 5
      vertex 0.8560703515266477 -1.231723813700556 5
      vertex 0.8560703515266477 -1.231723813700556 75.01
    endloop
  endfacet
  facet normal 0.5877852522924724 -0.8090169943749481 0
    outer loop
      vertex 0.8560703515266477 -1.231723813700556 5
      vertex 0.9068986722935621 -1.1947948770362946 5
      vertex 0.9068986722935621 -1.1947948770362946 75.01
    endloop
  endfacet
  facet normal 0.621147780278311 -0.7836934573258393 0
    outer loop
      vertex 0.9068986722935621 -1.1947948770362946 5
      vertex 0.956135984623035 -1.1557698641636835 5
      vertex 0.956135984623035 -1.1557698641636835 75.01
    endloop
  endfacet
  facet normal 0.6534206039901044 -0.7569950556517574 0
    outer loop
      vertex 0.956135984623035 -1.1557698641636835 5
      vertex 1.0036959095382874 -1.1147172382160915 5
      vertex 1.0036959095382874 -1.1147172382160915 75.01
    endloop
  endfacet
  facet normal 0.6845471059286916 -0.728968627421409 0
    outer loop
      vertex 1.0036959095382874 -1.1147172382160915 5
      vertex 1.0494950107700476 -1.0717090194492054 5
      vertex 1.0494950107700476 -1.0717090194492054 75.01
    endloop
  endfacet
  facet normal 0.7144726796328016 -0.6996633405133673 0
    outer loop
      vertex 1.0494950107700476 -1.0717090194492054 5
      vertex 1.0934529411321174 -1.0268206588930329 5
      vertex 1.0494950107700476 -1.0717090194492054 75.01
    endloop
  endfacet
  facet normal 0.7431448254773948 -0.6691306063588577 0
    outer loop
      vertex 1.0934529411321174 -1.0268206588930329 5
      vertex 1.1354925834776344 -0.9801309059851584 5
      vertex 1.0934529411321174 -1.0268206588930329 75.01
    endloop
  endfacet
  facet normal 0.7705132427757875 -0.6374239897486919 0
    outer loop
      vertex 1.1354925834776344 -0.9801309059851584 5
      vertex 1.1755401859887602 -0.9317216704174651 5
      vertex 1.1354925834776344 -0.9801309059851584 75.01
    endloop
  endfacet
  facet normal 0.7965299180241974 -0.6045991148623734 0
    outer loop
      vertex 1.1755401859887602 -0.9317216704174651 5
      vertex 1.2135254915624212 -0.8816778784387097 5
      vertex 1.1755401859887602 -0.9317216704174651 75.01
    endloop
  endfacet
  facet normal 0.8211492091337039 -0.5707135676844319 0
    outer loop
      vertex 1.2135254915624212 -0.8816778784387097 5
      vertex 1.249381861065149 -0.8300873238650165 5
      vertex 1.2135254915624212 -0.8816778784387097 75.01
    endloop
  endfacet
  facet normal 0.844327925502016 -0.5358267949789951 0
    outer loop
      vertex 1.249381861065149 -0.8300873238650165 5
      vertex 1.28304639024076 -0.777040514059695 5
      vertex 1.249381861065149 -0.8300873238650165 75.01
    endloop
  endfacet
  facet normal 0.8660254037844388 -0.4999999999999997 0
    outer loop
      vertex 1.28304639024076 -0.777040514059695 5
      vertex 1.3144600200657952 -0.722630511152573 5
      vertex 1.28304639024076 -0.777040514059695 75.01
    endloop
  endfacet
  facet normal 0 0 -1
    outer loop
      vertex 1.28304639024076 -0.777040514059695 5
      vertex 1.2400220801488544 -0.7509840656840404 5
      vertex 1.2703823187941279 -0.6983985898205107 5
    endloop
  endfacet
  facet normal 0 0 -1
    outer loop
      vertex 1.28304639024076 -0.777040514059695 5
      vertex 1.2703823187941279 -0.6983985898205107 5
      vertex 1.3144600200657952 -0.722630511152573 5
    endloop
  endfacet
  facet normal 0 0 -1
    outer loop
      vertex 1.3144600200657952 -0.722630511152573 5
      vertex 1.2703823187941279 -0.6983985898205107 5
      vertex 1.2985138751734244 -0.6445878855129991 5
    endloop
  endfacet
  facet normal 0 0 -1
    outer loop
      vertex 1.3144600200657952 -0.722630511152573 5
      vertex 1.2985138751734244 -0.6445878855129991 5
      vertex 1.3435676403591195 -0.6669527687773906 5
    endloop
  endfacet
  facet normal 0 0 -1
    outer loop
      vertex 1.3435676403591195 -0.6669527687773906 5
      vertex 1.2985138751734244 -0.6445878855129991 5
      vertex 1.3243673969776866 -0.5896463550218637 5
    endloop
  endfacet
  facet normal 0 0 -1
    outer loop
      vertex 1.3435676403591195 -0.6669527687773906 5
      vertex 1.3243673969776866 -0.5896463550218637 5
      vertex 1.3703181864639014 -0.6101049646137003 5
    endloop
  endfacet
  facet normal 0 0 -1
    outer loop
      vertex 1.3703181864639014 -0.6101049646137003 5
      vertex 1.3243673969776866 -0.5896463550218637 5
      vertex 1.3478975283445844 -0.533670384460842 5
    endloop
  endfacet
  facet normal 0 0 -1
    outer loop
      vertex 1.3703181864639014 -0.6101049646137003 5
      vertex 1.3478975283445844 -0.533670384460842 5
      vertex 1.3690629894281088 -0.47675817470305965 5
    endloop
  endfacet
  facet normal 0 0 -1
    outer loop
      vertex 1.3703181864639014 -0.6101049646137003 5
      vertex 1.3690629894281088 -0.47675817470305965 5
      vertex 1.3946647288323768 -0.5521868290270175 5
    endloop
  endfacet
  facet normal 0 0 -1
    outer loop
      vertex 1.3946647288323768 -0.5521868290270175 5
      vertex 1.3690629894281088 -0.47675817470305965 5
      vertex 1.387826648817446 -0.41900956910333303 5
    endloop
  endfacet
  facet normal 0 0 -1
    outer loop
      vertex 1.3946647288323768 -0.5521868290270175 5
      vertex 1.387826648817446 -0.41900956910333303 5
      vertex 1.4165645553562216 -0.49329997010787463 5
    endloop
  endfacet
  facet normal 0 0 -1
    outer loop
      vertex 1.4165645553562216 -0.49329997010787463 5
      vertex 1.387826648817446 -0.41900956910333303 5
      vertex 1.4041555886780936 -0.3605258783389896 5
    endloop
  endfacet
  facet normal 0 0 -1
    outer loop
      vertex 1.4165645553562216 -0.49329997010787463 5
      vertex 1.4180211625009242 -0.30140970267652417 5
      vertex 1.435979246298101 -0.4335476954167077 5
    endloop
  endfacet
  facet normal 0 0 -1
    outer loop
      vertex 1.4165645553562216 -0.49329997010787463 5
      vertex 1.4041555886780936 -0.3605258783389896 5
      vertex 1.4180211625009242 -0.30140970267652417 5
    endloop
  endfacet
  facet normal 0 0 -1
    outer loop
      vertex 1.435979246298101 -0.4335476954167077 5
      vertex 1.438269276576258 -0.18169566374801208 5
      vertex 1.4528747416929468 -0.37303483074728166 5
    endloop
  endfacet
  facet normal 0 0 -1
    outer loop
      vertex 1.435979246298101 -0.4335476954167077 5
      vertex 1.4180211625009242 -0.30140970267652417 5
      vertex 1.4293990453578995 -0.241764751975859 5
    endloop
  endfacet
  facet normal 0 0 -1
    outer loop
      vertex 1.435979246298101 -0.4335476954167077 5
      vertex 1.4293990453578995 -0.241764751975859 5
      vertex 1.438269276576258 -0.18169566374801208 5
    endloop
  endfacet
  facet normal 0 0 -1
    outer loop
      vertex 1.4528747416929468 -0.37303483074728166 5
      vertex 1.438269276576258 -0.18169566374801208 5
      vertex 1.4446162947563173 -0.12130781958535106 5
    endloop
  endfacet
  facet normal 0 0 -1
    outer loop
      vertex 1.4528747416929468 -0.37303483074728166 5
      vertex 1.4446162947563173 -0.12130781958535106 5
      vertex 1.4484289650714588 -0.06070716028646188 5
    endloop
  endfacet
  facet normal 0 0 -1
    outer loop
      vertex 1.4528747416929468 -0.37303483074728166 5
      vertex 1.4484289650714588 -0.06070716028646188 5
      vertex 1.4497005988023952 0 5
    endloop
  endfacet
  facet normal 0 0 -1
    outer loop
      vertex 1.4528747416929468 -0.37303483074728166 5
      vertex 1.4672214011007085 0.311867536226639 5
      vertex 1.4672214011007085 -0.311867536226639 5
    endloop
  endfacet
  facet normal 0 0 -1
    outer loop
      vertex 1.4672214011007085 -0.311867536226639 5
      vertex 1.4789940556057575 0.25015312007415336 5
      vertex 1.4789940556057573 -0.250153120074154 5
    endloop
  endfacet
  facet normal 0 0 -1
    outer loop
      vertex 1.4789940556057573 -0.250153120074154 5
      vertex 1.4881720519717168 0.1879998503464564 5
      vertex 1.4881720519717168 -0.1879998503464561 5
    endloop
  endfacet
  facet normal 0 0 -1
    outer loop
      vertex 1.4881720519717168 -0.1879998503464561 5
      vertex 1.4947392888742566 0.12551676499847322 5
      vertex 1.4947392888742566 -0.12551676499847353 5
    endloop
  endfacet
  facet normal 0 0 -1
    outer loop
      vertex 1.4947392888742566 -0.12551676499847353 5
      vertex 1.4986842451482876 0.06281348059379943 5
      vertex 1.4986842451482876 -0.06281348059379885 5
    endloop
  endfacet
  facet normal 0.886203579231215 -0.46329603511986134 0
    outer loop
      vertex 1.3144600200657952 -0.722630511152573 5
      vertex 1.3435676403591195 -0.6669527687773906 5
      vertex 1.3144600200657952 -0.722630511152573 75.01
    endloop
  endfacet
  facet normal 0.9048270524660186 -0.4257792915650744 0
    outer loop
      vertex 1.3435676403591195 -0.6669527687773906 5
      vertex 1.3703181864639014 -0.6101049646137003 5
      vertex 1.3435676403591195 -0.6669527687773906 75.01
    endloop
  endfacet
  facet normal 0.9218631515885009 -0.3875155864521019 0
    outer loop
      vertex 1.3703181864639014 -0.6101049646137003 5
      vertex 1.3946647288323768 -0.5521868290270175 5
      vertex 1.3703181864639014 -0.6101049646137003 75.01
    endloop
  endfacet
  facet normal 0.9372819894918915 -0.3485720473218155 0
    outer loop
      vertex 1.3946647288323768 -0.5521868290270175 5
      vertex 1.4165645553562216 -0.49329997010787463 5
      vertex 1.3946647288323768 -0.5521868290270175 75.01
    endloop
  endfacet
  facet normal 0.9510565162951529 -0.30901699437494984 0
    outer loop
      vertex 1.4165645553562216 -0.49329997010787463 5
      vertex 1.435979246298101 -0.4335476954167077 5
      vertex 1.4165645553562216 -0.49329997010787463 75.01
    endloop
  endfacet
  facet normal 0.9631625667976584 -0.2689198206152643 0
    outer loop
      vertex 1.435979246298101 -0.4335476954167077 5
      vertex 1.4528747416929468 -0.37303483074728166 5
      vertex 1.435979246298101 -0.4335476954167077 75.01
    endloop
  endfacet
  facet normal 0.9735789028731602 -0.22835087011065627 0
    outer loop
      vertex 1.4528747416929468 -0.37303483074728166 5
      vertex 1.4672214011007085 -0.311867536226639 5
      vertex 1.4528747416929468 -0.37303483074728166 75.01
    endloop
  endfacet
  facet normal 0.982287250728689 -0.1873813145857232 0
    outer loop
      vertex 1.4672214011007085 -0.311867536226639 5
      vertex 1.4789940556057573 -0.250153120074154 5
      vertex 1.4672214011007085 -0.311867536226639 75.01
    endloop
  endfacet
  facet normal 0.9892723329629881 -0.14608302856241193 0
    outer loop
      vertex 1.4789940556057573 -0.250153120074154 5
      vertex 1.4881720519717168 -0.1879998503464561 5
      vertex 1.4789940556057573 -0.250153120074154 75.01
    endloop
  endfacet
  facet normal 0.9945218953682731 -0.10452846326765493 0
    outer loop
      vertex 1.4881720519717168 -0.1879998503464561 5
      vertex 1.4947392888742566 -0.12551676499847353 5
      vertex 1.4881720519717168 -0.1879998503464561 75.01
    endloop
  endfacet
  facet normal 0.9980267284282717 -0.06279051952931251 0
    outer loop
      vertex 1.4947392888742566 -0.12551676499847353 5
      vertex 1.4986842451482876 -0.06281348059379885 5
      vertex 1.4947392888742566 -0.12551676499847353 75.01
    endloop
  endfacet
  facet normal 0.9997806834748454 -0.020942419883356368 0
    outer loop
      vertex 1.4986842451482876 -0.06281348059379885 5
      vertex 1.5 0 5
      vertex 1.4986842451482876 -0.06281348059379885 75.01
    endloop
  endfacet
  facet normal 0.041875653729201226 -0.9991228300988582 0
    outer loop
      vertex 0.031413629825035136 -1.4996710252122682 5
      vertex 0.09418577929397065 -1.4970400926424072 75.01
      vertex 0.031413629825035136 -1.4996710252122682 75.01
    endloop
  endfacet
  facet normal 0.0836778433323173 -0.9964928592495041 0
    outer loop
      vertex 0.09418577929397065 -1.4970400926424072 5
      vertex 0.1567926949014802 -1.4917828430524098 75.01
      vertex 0.09418577929397065 -1.4970400926424072 75.01
    endloop
  endfacet
  facet normal 0.12533323356430323 -0.992114701314478 0
    outer loop
      vertex 0.1567926949014802 -1.4917828430524098 5
      vertex 0.21912454284361682 -1.4839084994444824 75.01
      vertex 0.1567926949014802 -1.4917828430524098 75.01
    endloop
  endfacet
  facet normal 0.16676874671610267 -0.985996037070505 0
    outer loop
      vertex 0.21912454284361682 -1.4839084994444824 5
      vertex 0.28107197187858723 -1.4734308760930328 75.01
      vertex 0.21912454284361682 -1.4839084994444824 75.01
    endloop
  endfacet
  facet normal 0.20791169081775587 -0.9781476007338064 0
    outer loop
      vertex 0.28107197187858723 -1.4734308760930328 5
      vertex 0.34252630516598326 -1.4603683543097405 75.01
      vertex 0.28107197187858723 -1.4734308760930328 75.01
    endloop
  endfacet
  facet normal 0.24868988716485543 -0.968583161128631 0
    outer loop
      vertex 0.34252630516598326 -1.4603683543097405 5
      vertex 0.40337973092289914 -1.444743850196487 75.01
      vertex 0.34252630516598326 -1.4603683543097405 75.01
    endloop
  endfacet
  facet normal 0.2890317969444742 -0.9573194975320665 0
    outer loop
      vertex 0.40337973092289914 -1.444743850196487 5
      vertex 0.46352549156242107 -1.4265847744427302 75.01
      vertex 0.40337973092289914 -1.444743850196487 75.01
    endloop
  endfacet
  facet normal 0.32886664673857935 -0.9443763702374823 0
    outer loop
      vertex 0.46352549156242107 -1.4265847744427302 5
      vertex 0.5228580709827223 -1.4059229842378376 75.01
      vertex 0.46352549156242107 -1.4265847744427302 75.01
    endloop
  endfacet
  facet normal 0.36812455268468125 -0.92977648588825 0
    outer loop
      vertex 0.5228580709827223 -1.4059229842378376 5
      vertex 0.5812733796781547 -1.3827947273827506 75.01
      vertex 0.5228580709827223 -1.4059229842378376 75.01
    endloop
  endfacet
  facet normal 0.40673664307579954 -0.9135454576426012 0
    outer loop
      vertex 0.5812733796781547 -1.3827947273827506 5
      vertex 0.6386689373476087 -1.3572405786990294 75.01
      vertex 0.5812733796781547 -1.3827947273827506 75.01
    endloop
  endfacet
  facet normal 0.4446351791849278 -0.8957117602394127 0
    outer loop
      vertex 0.6386689373476087 -1.3572405786990294 5
      vertex 0.6949440526797931 -1.3293053688468217 75.01
      vertex 0.6386689373476087 -1.3572405786990294 75.01
    endloop
  endfacet
  facet normal 0.4817536741017139 -0.8763066800438644 0
    outer loop
      vertex 0.6949440526797931 -1.3293053688468217 5
      vertex 0.75 -1.299038105676658 75.01
      vertex 0.6949440526797931 -1.3293053688468217 75.01
    endloop
  endfacet
  facet normal 0 0 1
    outer loop
      vertex -0.031413629825035136 -1.4996710252122682 75.01
      vertex 0.031413629825035136 -1.4996710252122682 75.01
      vertex 0.03036022610490229 -1.4493820568334832 75.01
    endloop
  endfacet
  facet normal 0 0 1
    outer loop
      vertex 0.031413629825035136 -1.4996710252122682 75.01
      vertex 0.09102741616164614 -1.446839348202465 75.01
      vertex 0.03036022610490229 -1.4493820568334832 75.01
    endloop
  endfacet
  facet normal 0 0 1
    outer loop
      vertex 0.031413629825035136 -1.4996710252122682 75.01
      vertex 0.09418577929397065 -1.4970400926424072 75.01
      vertex 0.09102741616164614 -1.446839348202465 75.01
    endloop
  endfacet
  facet normal 0 0 1
    outer loop
      vertex 0.09418577929397065 -1.4970400926424072 75.01
      vertex 0.15153491319911722 -1.4417583917153858 75.01
      vertex 0.09102741616164614 -1.446839348202465 75.01
    endloop
  endfacet
  facet normal 0 0 1
    outer loop
      vertex 0.09418577929397065 -1.4970400926424072 75.01
      vertex 0.1567926949014802 -1.4917828430524098 75.01
      vertex 0.15153491319911722 -1.4417583917153858 75.01
    endloop
  endfacet
  facet normal 0 0 1
    outer loop
      vertex 0.1567926949014802 -1.4917828430524098 75.01
      vertex 0.2117765665069275 -1.4341481010964439 75.01
      vertex 0.15153491319911722 -1.4417583917153858 75.01
    endloop
  endfacet
  facet normal 0 0 1
    outer loop
      vertex 0.1567926949014802 -1.4917828430524098 75.01
      vertex 0.21912454284361682 -1.4839084994444824 75.01
      vertex 0.2117765665069275 -1.4341481010964439 75.01
    endloop
  endfacet
  facet normal 0 0 1
    outer loop
      vertex 0.21912454284361682 -1.4839084994444824 75.01
      vertex 0.27164669175492523 -1.4240218273813798 75.01
      vertex 0.2117765665069275 -1.4341481010964439 75.01
    endloop
  endfacet
  facet normal 0 0 1
    outer loop
      vertex 0.21912454284361682 -1.4839084994444824 75.01
      vertex 0.28107197187858723 -1.4734308760930328 75.01
      vertex 0.27164669175492523 -1.4240218273813798 75.01
    endloop
  endfacet
  facet normal 0 0 1
    outer loop
      vertex 0.28107197187858723 -1.4734308760930328 75.01
      vertex 0.33104025639941725 -1.4113973354952203 75.01
      vertex 0.27164669175492523 -1.4240218273813798 75.01
    endloop
  endfacet
  facet normal 0 0 1
    outer loop
      vertex 0.28107197187858723 -1.4734308760930328 75.01
      vertex 0.34252630516598326 -1.4603683543097405 75.01
      vertex 0.33104025639941725 -1.4113973354952203 75.01
    endloop
  endfacet
  facet normal 0 0 1
    outer loop
      vertex 0.34252630516598326 -1.4603683543097405 75.01
      vertex 0.3898530639459512 -1.3962967730865647 75.01
      vertex 0.33104025639941725 -1.4113973354952203 75.01
    endloop
  endfacet
  facet normal 0 0 1
    outer loop
      vertex 0.34252630516598326 -1.4603683543097405 75.01
      vertex 0.40337973092289914 -1.444743850196487 75.01
      vertex 0.3898530639459512 -1.3962967730865647 75.01
    endloop
  endfacet
  facet normal 0 0 1
    outer loop
      vertex 0.40337973092289914 -1.444743850196487 75.01
      vertex 0.4479819367453612 -1.3787466316730839 75.01
      vertex 0.3898530639459512 -1.3962967730865647 75.01
    endloop
  endfacet
  facet normal 0 0 1
    outer loop
      vertex 0.40337973092289914 -1.444743850196487 75.01
      vertex 0.46352549156242107 -1.4265847744427302 75.01
      vertex 0.4479819367453612 -1.3787466316730839 75.01
    endloop
  endfacet
  facet normal 0 0 1
    outer loop
      vertex 0.46352549156242107 -1.4265847744427302 75.01
      vertex 0.5053248970024349 -1.3587777001663952 75.01
      vertex 0.4479819367453612 -1.3787466316730839 75.01
    endloop
  endfacet
  facet normal 0 0 1
    outer loop
      vertex 0.46352549156242107 -1.4265847744427302 75.01
      vertex 0.5228580709827223 -1.4059229842378376 75.01
      vertex 0.5053248970024349 -1.3587777001663952 75.01
    endloop
  endfacet
  facet normal 0 0 1
    outer loop
      vertex 0.5228580709827223 -1.4059229842378376 75.01
      vertex 0.5617813456796139 -1.3364250108578488 75.01
      vertex 0.5053248970024349 -1.3587777001663952 75.01
    endloop
  endfacet
  facet normal 0 0 1
    outer loop
      vertex 0.5228580709827223 -1.4059229842378376 75.01
      vertex 0.5812733796781547 -1.3827947273827506 75.01
      vertex 0.5617813456796139 -1.3364250108578488 75.01
    endloop
  endfacet
  facet normal 0 0 1
    outer loop
      vertex 0.5812733796781547 -1.3827947273827506 75.01
      vertex 0.6172522389818854 -1.3117277779599883 75.01
      vertex 0.5617813456796139 -1.3364250108578488 75.01
    endloop
  endfacet
  facet normal 0 0 1
    outer loop
      vertex 0.5812733796781547 -1.3827947273827506 75.01
      vertex 0.6386689373476087 -1.3572405786990294 75.01
      vertex 0.6172522389818854 -1.3117277779599883 75.01
    endloop
  endfacet
  facet normal 0 0 1
    outer loop
      vertex 0.6386689373476087 -1.3572405786990294 75.01
      vertex 0.671640262113264 -1.2847293288114914 75.01
      vertex 0.6172522389818854 -1.3117277779599883 75.01
    endloop
  endfacet
  facet normal 0 0 1
    outer loop
      vertex 0.6386689373476087 -1.3572405786990294 75.01
      vertex 0.6949440526797931 -1.3293053688468217 75.01
      vertex 0.671640262113264 -1.2847293288114914 75.01
    endloop
  endfacet
  facet normal 0 0 1
    outer loop
      vertex 0.6949440526797931 -1.3293053688468217 75.01
      vertex 0.7248499999999999 -1.2554770278663003 75.01
      vertex 0.671640262113264 -1.2847293288114914 75.01
    endloop
  endfacet
  facet normal 0 0 1
    outer loop
      vertex 0.6949440526797931 -1.3293053688468217 75.01
      vertex 0.75 -1.299038105676658 75.01
      vertex 0.7248499999999999 -1.2554770278663003 75.01
    endloop
  endfacet
  facet normal 0.5180270093731307 -0.8553642601605064 0
    outer loop
      vertex 0.75 -1.299038105676658 5
      vertex 0.8037401924684944 -1.266491888253023 75.01
      vertex 0.75 -1.299038105676658 75.01
    endloop
  endfacet
  facet normal 0.5533915492433438 -0.8329212407100995 0
    outer loop
      vertex 0.8037401924684944 -1.266491888253023 5
      vertex 0.8560703515266477 -1.231723813700556 75.01
      vertex 0.8037401924684944 -1.266491888253023 75.01
    endloop
  endfacet
  facet normal 0.5877852522924724 -0.8090169943749481 0
    outer loop
      vertex 0.8560703515266477 -1.231723813700556 5
      vertex 0.9068986722935621 -1.1947948770362946 75.01
      vertex 0.8560703515266477 -1.231723813700556 75.01
    endloop
  endfacet
  facet normal 0.621147780278311 -0.7836934573258393 0
    outer loop
      vertex 0.9068986722935621 -1.1947948770362946 5
      vertex 0.956135984623035 -1.1557698641636835 75.01
      vertex 0.9068986722935621 -1.1947948770362946 75.01
    endloop
  endfacet
  facet normal 0.6534206039901044 -0.7569950556517574 0
    outer loop
      vertex 0.956135984623035 -1.1557698641636835 5
      vertex 1.0036959095382874 -1.1147172382160915 75.01
      vertex 0.956135984623035 -1.1557698641636835 75.01
    endloop
  endfacet
  facet normal 0.6845471059286916 -0.728968627421409 0
    outer loop
      vertex 1.0036959095382874 -1.1147172382160915 5
      vertex 1.0494950107700476 -1.0717090194492054 75.01
      vertex 1.0036959095382874 -1.1147172382160915 75.01
    endloop
  endfacet
  facet normal 0.7144726796328016 -0.6996633405133673 0
    outer loop
      vertex 1.0934529411321174 -1.0268206588930329 5
      vertex 1.0934529411321174 -1.0268206588930329 75.01
      vertex 1.0494950107700476 -1.0717090194492054 75.01
    endloop
  endfacet
  facet normal 0.7431448254773948 -0.6691306063588577 0
    outer loop
      vertex 1.1354925834776344 -0.9801309059851584 5
      vertex 1.1354925834776344 -0.9801309059851584 75.01
      vertex 1.0934529411321174 -1.0268206588930329 75.01
    endloop
  endfacet
  facet normal 0.7705132427757875 -0.6374239897486919 0
    outer loop
      vertex 1.1755401859887602 -0.9317216704174651 5
      vertex 1.1755401859887602 -0.9317216704174651 75.01
      vertex 1.1354925834776344 -0.9801309059851584 75.01
    endloop
  endfacet
  facet normal 0.7965299180241974 -0.6045991148623734 0
    outer loop
      vertex 1.2135254915624212 -0.8816778784387097 5
      vertex 1.2135254915624212 -0.8816778784387097 75.01
      vertex 1.1755401859887602 -0.9317216704174651 75.01
    endloop
  endfacet
  facet normal 0.8211492091337039 -0.5707135676844319 0
    outer loop
      vertex 1.249381861065149 -0.8300873238650165 5
      vertex 1.249381861065149 -0.8300873238650165 75.01
      vertex 1.2135254915624212 -0.8816778784387097 75.01
    endloop
  endfacet
  facet normal 0.844327925502016 -0.5358267949789951 0
    outer loop
      vertex 1.28304639024076 -0.777040514059695 5
      vertex 1.28304639024076 -0.777040514059695 75.01
      vertex 1.249381861065149 -0.8300873238650165 75.01
    endloop
  endfacet
  facet normal 0 0 1
    outer loop
      vertex 0.75 -1.299038105676658 75.01
      vertex 0.7767881046810508 -1.2240221936002715 75.01
      vertex 0.7248499999999999 -1.2554770278663003 75.01
    endloop
  endfacet
  facet normal 0 0 1
    outer loop
      vertex 0.75 -1.299038105676658 75.01
      vertex 0.8037401924684944 -1.266491888253023 75.01
      vertex 0.7767881046810508 -1.2240221936002715 75.01
    endloop
  endfacet
  facet normal 0 0 1
    outer loop
      vertex 0.8037401924684944 -1.266491888253023 75.01
      vertex 0.8273634590721207 -1.1904200084811303 75.01
      vertex 0.7767881046810508 -1.2240221936002715 75.01
    endloop
  endfacet
  facet normal 0 0 1
    outer loop
      vertex 0.8037401924684944 -1.266491888253023 75.01
      vertex 0.8560703515266477 -1.231723813700556 75.01
      vertex 0.8273634590721207 -1.1904200084811303 75.01
    endloop
  endfacet
  facet normal 0 0 1
    outer loop
      vertex 0.8560703515266477 -1.231723813700556 75.01
      vertex 0.8764873368159846 -1.154729422159677 75.01
      vertex 0.8273634590721207 -1.1904200084811303 75.01
    endloop
  endfacet
  facet normal 0 0 1
    outer loop
      vertex 0.8560703515266477 -1.231723813700556 75.01
      vertex 0.9068986722935621 -1.1947948770362946 75.01
      vertex 0.8764873368159846 -1.154729422159677 75.01
    endloop
  endfacet
  facet normal 0 0 1
    outer loop
      vertex 0.9068986722935621 -1.1947948770362946 75.01
      vertex 0.9240735579386757 -1.1170130480520613 75.01
      vertex 0.8764873368159846 -1.154729422159677 75.01
    endloop
  endfacet
  facet normal 0 0 1
    outer loop
      vertex 0.9068986722935621 -1.1947948770362946 75.01
      vertex 0.956135984623035 -1.1557698641636835 75.01
      vertex 0.9240735579386757 -1.1170130480520613 75.01
    endloop
  endfacet
  facet normal 0 0 1
    outer loop
      vertex 0.956135984623035 -1.1557698641636835 75.01
      vertex 0.9700386400384367 -1.0773370534945783 75.01
      vertex 0.9240735579386757 -1.1170130480520613 75.01
    endloop
  endfacet
  facet normal 0 0 1
    outer loop
      vertex 0.956135984623035 -1.1557698641636835 75.01
      vertex 1.0036959095382874 -1.1147172382160915 75.01
      vertex 0.9700386400384367 -1.0773370534945783 75.01
    endloop
  endfacet
  facet normal 0 0 1
    outer loop
      vertex 1.0036959095382874 -1.1147172382160915 75.01
      vertex 1.0143019447422252 -1.0357710436636751 75.01
      vertex 0.9700386400384367 -1.0773370534945783 75.01
    endloop
  endfacet
  facet normal 0 0 1
    outer loop
      vertex 1.0036959095382874 -1.1147172382160915 75.01
      vertex 1.0494950107700476 -1.0717090194492054 75.01
      vertex 1.0143019447422252 -1.0357710436636751 75.01
    endloop
  endfacet
  facet normal 0 0 1
    outer loop
      vertex 1.0494950107700476 -1.0717090194492054 75.01
      vertex 1.0567858191728206 -0.9923879394648195 75.01
      vertex 1.0143019447422252 -1.0357710436636751 75.01
    endloop
  endfacet
  facet normal 0 0 1
    outer loop
      vertex 1.0494950107700476 -1.0717090194492054 75.01
      vertex 1.0934529411321174 -1.0268206588930329 75.01
      vertex 1.0567858191728206 -0.9923879394648195 75.01
    endloop
  endfacet
  facet normal 0 0 1
    outer loop
      vertex 1.0934529411321174 -1.0268206588930329 75.01
      vertex 1.0974157321783509 -0.9472638496044559 75.01
      vertex 1.0567858191728206 -0.9923879394648195 75.01
    endloop
  endfacet
  facet normal 0 0 1
    outer loop
      vertex 1.0934529411321174 -1.0268206588930329 75.01
      vertex 1.1354925834776344 -0.9801309059851584 75.01
      vertex 1.0974157321783509 -0.9472638496044559 75.01
    endloop
  endfacet
  facet normal 0 0 1
    outer loop
      vertex 1.1354925834776344 -0.9801309059851584 75.01
      vertex 1.1361204050852702 -0.900477937069466 75.01
      vertex 1.0974157321783509 -0.9472638496044559 75.01
    endloop
  endfacet
  facet normal 0 0 1
    outer loop
      vertex 1.1354925834776344 -0.9801309059851584 75.01
      vertex 1.1755401859887602 -0.9317216704174651 75.01
      vertex 1.1361204050852702 -0.900477937069466 75.01
    endloop
  endfacet
  facet normal 0 0 1
    outer loop
      vertex 1.1755401859887602 -0.9317216704174651 75.01
      vertex 1.172831936745361 -0.8521122802483981 75.01
      vertex 1.1361204050852702 -0.900477937069466 75.01
    endloop
  endfacet
  facet normal 0 0 1
    outer loop
      vertex 1.1755401859887602 -0.9317216704174651 75.01
      vertex 1.2074859226574308 -0.8022517289380762 75.01
      vertex 1.172831936745361 -0.8521122802483981 75.01
    endloop
  endfacet
  facet normal 0 0 1
    outer loop
      vertex 1.1755401859887602 -0.9317216704174651 75.01
      vertex 1.2135254915624212 -0.8816778784387097 75.01
      vertex 1.2074859226574308 -0.8022517289380762 75.01
    endloop
  endfacet
  facet normal 0 0 1
    outer loop
      vertex 1.2135254915624212 -0.8816778784387097 75.01
      vertex 1.249381861065149 -0.8300873238650165 75.01
      vertex 1.2400215679546864 -0.7509837554882264 75.01
    endloop
  endfacet
  facet normal 0 0 1
    outer loop
      vertex 1.2135254915624212 -0.8816778784387097 75.01
      vertex 1.2400215679546864 -0.7509837554882264 75.01
      vertex 1.2074859226574308 -0.8022517289380762 75.01
    endloop
  endfacet
  facet normal 0 0 1
    outer loop
      vertex 1.249381861065149 -0.8300873238650165 75.01
      vertex 1.2703817940595887 -0.6983983013452567 75.01
      vertex 1.2400215679546864 -0.7509837554882264 75.01
    endloop
  endfacet
  facet normal 0 0 1
    outer loop
      vertex 1.249381861065149 -0.8300873238650165 75.01
      vertex 1.28304639024076 -0.777040514059695 75.01
      vertex 1.2703817940595887 -0.6983983013452567 75.01
    endloop
  endfacet
  facet normal 0.8660254037844388 -0.4999999999999997 0
    outer loop
      vertex 1.3144600200657952 -0.722630511152573 5
      vertex 1.3144600200657952 -0.722630511152573 75.01
      vertex 1.28304639024076 -0.777040514059695 75.01
    endloop
  endfacet
  facet normal 0.886203579231215 -0.46329603511986134 0
    outer loop
      vertex 1.3435676403591195 -0.6669527687773906 5
      vertex 1.3435676403591195 -0.6669527687773906 75.01
      vertex 1.3144600200657952 -0.722630511152573 75.01
    endloop
  endfacet
  facet normal 0.9048270524660186 -0.4257792915650744 0
    outer loop
      vertex 1.3703181864639014 -0.6101049646137003 5
      vertex 1.3703181864639014 -0.6101049646137003 75.01
      vertex 1.3435676403591195 -0.6669527687773906 75.01
    endloop
  endfacet
  facet normal 0.9218631515885009 -0.3875155864521019 0
    outer loop
      vertex 1.3946647288323768 -0.5521868290270175 5
      vertex 1.3946647288323768 -0.5521868290270175 75.01
      vertex 1.3703181864639014 -0.6101049646137003 75.01
    endloop
  endfacet
  facet normal 0.9372819894918915 -0.3485720473218155 0
    outer loop
      vertex 1.4165645553562216 -0.49329997010787463 5
      vertex 1.4165645553562216 -0.49329997010787463 75.01
      vertex 1.3946647288323768 -0.5521868290270175 75.01
    endloop
  endfacet
  facet normal 0.9510565162951529 -0.30901699437494984 0
    outer loop
      vertex 1.435979246298101 -0.4335476954167077 5
      vertex 1.435979246298101 -0.4335476954167077 75.01
      vertex 1.4165645553562216 -0.49329997010787463 75.01
    endloop
  endfacet
  facet normal 0.9631625667976584 -0.2689198206152643 0
    outer loop
      vertex 1.4528747416929468 -0.37303483074728166 5
      vertex 1.4528747416929468 -0.37303483074728166 75.01
      vertex 1.435979246298101 -0.4335476954167077 75.01
    endloop
  endfacet
  facet normal 0.9735789028731602 -0.22835087011065627 0
    outer loop
      vertex 1.4672214011007085 -0.311867536226639 5
      vertex 1.4672214011007085 -0.311867536226639 75.01
      vertex 1.4528747416929468 -0.37303483074728166 75.01
    endloop
  endfacet
  facet normal 0.982287250728689 -0.1873813145857232 0
    outer loop
      vertex 1.4789940556057573 -0.250153120074154 5
      vertex 1.4789940556057573 -0.250153120074154 75.01
      vertex 1.4672214011007085 -0.311867536226639 75.01
    endloop
  endfacet
  facet normal 0.9892723329629881 -0.14608302856241193 0
    outer loop
      vertex 1.4881720519717168 -0.1879998503464561 5
      vertex 1.4881720519717168 -0.1879998503464561 75.01
      vertex 1.4789940556057573 -0.250153120074154 75.01
    endloop
  endfacet
  facet normal 0.9945218953682731 -0.10452846326765493 0
    outer loop
      vertex 1.4947392888742566 -0.12551676499847353 5
      vertex 1.4947392888742566 -0.12551676499847353 75.01
      vertex 1.4881720519717168 -0.1879998503464561 75.01
    endloop
  endfacet
  facet normal 0.9980267284282717 -0.06279051952931251 0
    outer loop
      vertex 1.4986842451482876 -0.06281348059379885 5
      vertex 1.4986842451482876 -0.06281348059379885 75.01
      vertex 1.4947392888742566 -0.12551676499847353 75.01
    endloop
  endfacet
  facet normal 0.9997806834748454 -0.020942419883356368 0
    outer loop
      vertex 1.4986842451482876 -0.06281348059379885 75.01
      vertex 1.5 0 5
      vertex 1.5 0 75.01
    endloop
  endfacet
  facet normal 0 0 1
    outer loop
      vertex 1.28304639024076 -0.777040514059695 75.01
      vertex 1.2985133388190768 -0.6445876192643888 75.01
      vertex 1.2703817940595887 -0.6983983013452567 75.01
    endloop
  endfacet
  facet normal 0 0 1
    outer loop
      vertex 1.28304639024076 -0.777040514059695 75.01
      vertex 1.3144600200657952 -0.722630511152573 75.01
      vertex 1.2985133388190768 -0.6445876192643888 75.01
    endloop
  endfacet
  facet normal 0 0 1
    outer loop
      vertex 1.3144600200657952 -0.722630511152573 75.01
      vertex 1.3243668499444783 -0.5896461114669875 75.01
      vertex 1.2985133388190768 -0.6445876192643888 75.01
    endloop
  endfacet
  facet normal 0 0 1
    outer loop
      vertex 1.3144600200657952 -0.722630511152573 75.01
      vertex 1.3435676403591195 -0.6669527687773906 75.01
      vertex 1.3243668499444783 -0.5896461114669875 75.01
    endloop
  endfacet
  facet normal 0 0 1
    outer loop
      vertex 1.3435676403591195 -0.6669527687773906 75.01
      vertex 1.3478969715921976 -0.5336701640269781 75.01
      vertex 1.3243668499444783 -0.5896461114669875 75.01
    endloop
  endfacet
  facet normal 0 0 1
    outer loop
      vertex 1.3435676403591195 -0.6669527687773906 75.01
      vertex 1.3703181864639014 -0.6101049646137003 75.01
      vertex 1.3478969715921976 -0.5336701640269781 75.01
    endloop
  endfacet
  facet normal 0 0 1
    outer loop
      vertex 1.3703181864639014 -0.6101049646137003 75.01
      vertex 1.3690624239332763 -0.4767579777769238 75.01
      vertex 1.3478969715921976 -0.5336701640269781 75.01
    endloop
  endfacet
  facet normal 0 0 1
    outer loop
      vertex 1.3703181864639014 -0.6101049646137003 75.01
      vertex 1.3946647288323768 -0.5521868290270175 75.01
      vertex 1.3878260755722376 -0.41900939603040066 75.01
    endloop
  endfacet
  facet normal 0 0 1
    outer loop
      vertex 1.3703181864639014 -0.6101049646137003 75.01
      vertex 1.3878260755722376 -0.41900939603040066 75.01
      vertex 1.3690624239332763 -0.4767579777769238 75.01
    endloop
  endfacet
  facet normal 0 0 1
    outer loop
      vertex 1.3946647288323768 -0.5521868290270175 75.01
      vertex 1.4165645553562216 -0.49329997010787463 75.01
      vertex 1.4041550086881764 -0.36052572942288946 75.01
    endloop
  endfacet
  facet normal 0 0 1
    outer loop
      vertex 1.3946647288323768 -0.5521868290270175 75.01
      vertex 1.4041550086881764 -0.36052572942288946 75.01
      vertex 1.3878260755722376 -0.41900939603040066 75.01
    endloop
  endfacet
  facet normal 0 0 1
    outer loop
      vertex 1.4165645553562216 -0.49329997010787463 75.01
      vertex 1.435979246298101 -0.4335476954167077 75.01
      vertex 1.418020576783798 -0.30140957817850567 75.01
    endloop
  endfacet
  facet normal 0 0 1
    outer loop
      vertex 1.4165645553562216 -0.49329997010787463 75.01
      vertex 1.418020576783798 -0.30140957817850567 75.01
      vertex 1.4041550086881764 -0.36052572942288946 75.01
    endloop
  endfacet
  facet normal 0 0 1
    outer loop
      vertex 1.435979246298101 -0.4335476954167077 75.01
      vertex 1.4528747416929468 -0.37303483074728166 75.01
      vertex 1.4382686824955984 -0.1816955886981716 75.01
    endloop
  endfacet
  facet normal 0 0 1
    outer loop
      vertex 1.435979246298101 -0.4335476954167077 75.01
      vertex 1.4293984549411105 -0.241764652114334 75.01
      vertex 1.418020576783798 -0.30140957817850567 75.01
    endloop
  endfacet
  facet normal 0 0 1
    outer loop
      vertex 1.435979246298101 -0.4335476954167077 75.01
      vertex 1.4382686824955984 -0.1816955886981716 75.01
      vertex 1.4293984549411105 -0.241764652114334 75.01
    endloop
  endfacet
  facet normal 0 0 1
    outer loop
      vertex 1.4528747416929468 -0.37303483074728166 75.01
      vertex 1.4446156980540061 -0.12130776947885803 75.01
      vertex 1.4382686824955984 -0.1816955886981716 75.01
    endloop
  endfacet
  facet normal 0 0 1
    outer loop
      vertex 1.4528747416929468 -0.37303483074728166 75.01
      vertex 1.4484283667943147 -0.06070713521122011 75.01
      vertex 1.4446156980540061 -0.12130776947885803 75.01
    endloop
  endfacet
  facet normal 0 0 1
    outer loop
      vertex 1.4528747416929468 -0.37303483074728166 75.01
      vertex 1.4496999999999998 0 75.01
      vertex 1.4484283667943147 -0.06070713521122011 75.01
    endloop
  endfacet
  facet normal 0 0 1
    outer loop
      vertex 1.4528747416929468 -0.37303483074728166 75.01
      vertex 1.4672214011007085 -0.311867536226639 75.01
      vertex 1.4528747416929466 0.37303483074728216 75.01
    endloop
  endfacet
  facet normal 0 0 1
    outer loop
      vertex 1.4672214011007085 -0.311867536226639 75.01
      vertex 1.4789940556057573 -0.250153120074154 75.01
      vertex 1.4672214011007085 0.311867536226639 75.01
    endloop
  endfacet
  facet normal 0 0 1
    outer loop
      vertex 1.4789940556057573 -0.250153120074154 75.01
      vertex 1.4881720519717168 -0.1879998503464561 75.01
      vertex 1.4789940556057575 0.25015312007415336 75.01
    endloop
  endfacet
  facet normal 0 0 1
    outer loop
      vertex 1.4881720519717168 -0.1879998503464561 75.01
      vertex 1.4947392888742566 -0.12551676499847353 75.01
      vertex 1.4881720519717168 0.1879998503464564 75.01
    endloop
  endfacet
  facet normal 0 0 1
    outer loop
      vertex 1.4947392888742566 -0.12551676499847353 75.01
      vertex 1.4986842451482876 -0.06281348059379885 75.01
      vertex 1.4947392888742566 0.12551676499847322 75.01
    endloop
  endfacet
  facet normal 0 0 -1
    outer loop
      vertex -0.03141362982503551 1.4996710252122682 5
      vertex 0.03141362982503551 1.4996710252122682 5
      vertex 0.030360238645273843 1.4493826555045515 5
    endloop
  endfacet
  facet normal 0 0 -1
    outer loop
      vertex 0.03141362982503551 1.4996710252122682 5
      vertex 0.09102745376075895 1.4468399458232606 5
      vertex 0.030360238645273843 1.4493826555045515 5
    endloop
  endfacet
  facet normal 0 0 -1
    outer loop
      vertex 0.03141362982503551 1.4996710252122682 5
      vertex 0.09418577929396992 1.4970400926424072 5
      vertex 0.09102745376075895 1.4468399458232606 5
    endloop
  endfacet
  facet normal 0 0 -1
    outer loop
      vertex 0.09418577929396992 1.4970400926424072 5
      vertex 0.1515349757910114 1.441758987237479 5
      vertex 0.09102745376075895 1.4468399458232606 5
    endloop
  endfacet
  facet normal 0 0 -1
    outer loop
      vertex 0.09418577929396992 1.4970400926424072 5
      vertex 0.1567926949014802 1.4917828430524098 5
      vertex 0.1515349757910114 1.441758987237479 5
    endloop
  endfacet
  facet normal 0 0 -1
    outer loop
      vertex 0.1567926949014802 1.4917828430524098 5
      vertex 0.21177665398179565 1.4341486934750867 5
      vertex 0.1515349757910114 1.441758987237479 5
    endloop
  endfacet
  facet normal 0 0 -1
    outer loop
      vertex 0.21912454284361754 1.4839084994444824 5
      vertex 0.2716468039593049 1.4240224155773384 5
      vertex 0.21177665398179565 1.4341486934750867 5
    endloop
  endfacet
  facet normal 0 0 -1
    outer loop
      vertex 0.1567926949014802 1.4917828430524098 5
      vertex 0.21912454284361754 1.4839084994444824 5
      vertex 0.21177665398179565 1.4341486934750867 5
    endloop
  endfacet
  facet normal 0 0 -1
    outer loop
      vertex 0.21912454284361754 1.4839084994444824 5
      vertex 0.28107197187858685 1.473430876093033 5
      vertex 0.2716468039593049 1.4240224155773384 5
    endloop
  endfacet
  facet normal 0 0 -1
    outer loop
      vertex 0.28107197187858685 1.473430876093033 5
      vertex 0.3310403931364656 1.4113979184765995 5
      vertex 0.2716468039593049 1.4240224155773384 5
    endloop
  endfacet
  facet normal 0 0 -1
    outer loop
      vertex 0.28107197187858685 1.473430876093033 5
      vertex 0.34252630516598365 1.4603683543097405 5
      vertex 0.3310403931364656 1.4113979184765995 5
    endloop
  endfacet
  facet normal 0 0 -1
    outer loop
      vertex 0.34252630516598365 1.4603683543097405 5
      vertex 0.38985322497578323 1.396297349830617 5
      vertex 0.3310403931364656 1.4113979184765995 5
    endloop
  endfacet
  facet normal 0 0 -1
    outer loop
      vertex 0.34252630516598365 1.4603683543097405 5
      vertex 0.40337973092289836 1.4447438501964873 5
      vertex 0.38985322497578323 1.396297349830617 5
    endloop
  endfacet
  facet normal 0 0 -1
    outer loop
      vertex 0.40337973092289836 1.4447438501964873 5
      vertex 0.44798212178547764 1.378747201168004 5
      vertex 0.38985322497578323 1.396297349830617 5
    endloop
  endfacet
  facet normal 0 0 -1
    outer loop
      vertex 0.40337973092289836 1.4447438501964873 5
      vertex 0.46352549156242107 1.4265847744427302 5
      vertex 0.44798212178547764 1.378747201168004 5
    endloop
  endfacet
  facet normal 0 0 -1
    outer loop
      vertex 0.46352549156242107 1.4265847744427302 5
      vertex 0.5053251057282124 1.3587782614130952 5
      vertex 0.44798212178547764 1.378747201168004 5
    endloop
  endfacet
  facet normal 0 0 -1
    outer loop
      vertex 0.46352549156242107 1.4265847744427302 5
      vertex 0.522858070982723 1.4059229842378371 5
      vertex 0.5053251057282124 1.3587782614130952 5
    endloop
  endfacet
  facet normal 0 0 -1
    outer loop
      vertex 0.522858070982723 1.4059229842378371 5
      vertex 0.561781577724875 1.3364255628717125 5
      vertex 0.5053251057282124 1.3587782614130952 5
    endloop
  endfacet
  facet normal 0 0 -1
    outer loop
      vertex 0.522858070982723 1.4059229842378371 5
      vertex 0.5812733796781544 1.3827947273827508 5
      vertex 0.561781577724875 1.3364255628717125 5
    endloop
  endfacet
  facet normal 0 0 -1
    outer loop
      vertex 0.6949440526797925 1.3293053688468222 5
      vertex 0.7248502994011976 1.2554775464443866 5
      vertex 0.6716405395360391 1.284729859472318 5
    endloop
  endfacet
  facet normal 0 0 -1
    outer loop
      vertex 0.6949440526797925 1.3293053688468222 5
      vertex 0.75 1.299038105676658 5
      vertex 0.7248502994011976 1.2554775464443866 5
    endloop
  endfacet
  facet normal 0 0 -1
    outer loop
      vertex 0.5812733796781544 1.3827947273827508 5
      vertex 0.6172524939395455 1.3117283197725949 5
      vertex 0.561781577724875 1.3364255628717125 5
    endloop
  endfacet
  facet normal 0 0 -1
    outer loop
      vertex 0.5812733796781544 1.3827947273827508 5
      vertex 0.6386689373476091 1.3572405786990291 5
      vertex 0.6172524939395455 1.3117283197725949 5
    endloop
  endfacet
  facet normal 0 0 -1
    outer loop
      vertex 0.6386689373476091 1.3572405786990291 5
      vertex 0.6716405395360391 1.284729859472318 5
      vertex 0.6172524939395455 1.3117283197725949 5
    endloop
  endfacet
  facet normal 0 0 -1
    outer loop
      vertex 0.6386689373476091 1.3572405786990291 5
      vertex 0.6949440526797925 1.3293053688468222 5
      vertex 0.6716405395360391 1.284729859472318 5
    endloop
  endfacet
  facet normal 0.04187565372920197 0.9991228300988582 0
    outer loop
      vertex 0.03141362982503551 1.4996710252122682 5
      vertex 0.03141362982503551 1.4996710252122682 75.01
      vertex 0.09418577929396992 1.4970400926424072 5
    endloop
  endfacet
  facet normal 0.08367784333231633 0.9964928592495041 0
    outer loop
      vertex 0.09418577929396992 1.4970400926424072 5
      vertex 0.09418577929396992 1.4970400926424072 75.01
      vertex 0.1567926949014802 1.4917828430524098 5
    endloop
  endfacet
  facet normal 0.1253332335643018 0.9921147013144781 0
    outer loop
      vertex 0.1567926949014802 1.4917828430524098 5
      vertex 0.1567926949014802 1.4917828430524098 75.01
      vertex 0.21912454284361754 1.4839084994444824 5
    endloop
  endfacet
  facet normal 0.16676874671610217 0.9859960370705051 0
    outer loop
      vertex 0.21912454284361754 1.4839084994444824 5
      vertex 0.21912454284361754 1.4839084994444824 75.01
      vertex 0.28107197187858685 1.473430876093033 5
    endloop
  endfacet
  facet normal 0.20791169081775673 0.9781476007338062 0
    outer loop
      vertex 0.28107197187858685 1.473430876093033 5
      vertex 0.28107197187858685 1.473430876093033 75.01
      vertex 0.34252630516598365 1.4603683543097405 5
    endloop
  endfacet
  facet normal 0.24868988716485663 0.9685831611286307 0
    outer loop
      vertex 0.34252630516598365 1.4603683543097405 5
      vertex 0.34252630516598365 1.4603683543097405 75.01
      vertex 0.40337973092289836 1.4447438501964873 5
    endloop
  endfacet
  facet normal 0.28903179694447395 0.9573194975320665 0
    outer loop
      vertex 0.40337973092289836 1.4447438501964873 5
      vertex 0.40337973092289836 1.4447438501964873 75.01
      vertex 0.46352549156242107 1.4265847744427302 5
    endloop
  endfacet
  facet normal 0.36812455268467753 0.9297764858882516 0
    outer loop
      vertex 0.522858070982723 1.4059229842378371 5
      vertex 0.522858070982723 1.4059229842378371 75.01
      vertex 0.5812733796781544 1.3827947273827508 5
    endloop
  endfacet
  facet normal 0.32886664673858235 0.9443763702374813 0
    outer loop
      vertex 0.46352549156242107 1.4265847744427302 5
      vertex 0.46352549156242107 1.4265847744427302 75.01
      vertex 0.522858070982723 1.4059229842378371 5
    endloop
  endfacet
  facet normal 0.40673664307580076 0.9135454576426006 0
    outer loop
      vertex 0.5812733796781544 1.3827947273827508 5
      vertex 0.5812733796781544 1.3827947273827508 75.01
      vertex 0.6386689373476091 1.3572405786990291 5
    endloop
  endfacet
  facet normal 0.4446351791849256 0.8957117602394138 0
    outer loop
      vertex 0.6386689373476091 1.3572405786990291 5
      vertex 0.6386689373476091 1.3572405786990291 75.01
      vertex 0.6949440526797925 1.3293053688468222 5
    endloop
  endfacet
  facet normal 0.48175367410171555 0.8763066800438634 0
    outer loop
      vertex 0.6949440526797925 1.3293053688468222 5
      vertex 0.6949440526797925 1.3293053688468222 75.01
      vertex 0.75 1.299038105676658 5
    endloop
  endfacet
  facet normal 0 0 -1
    outer loop
      vertex 1.4528747416929468 -0.37303483074728166 5
      vertex 1.4497005988023952 0 5
      vertex 1.4528747416929466 0.37303483074728216 5
    endloop
  endfacet
  facet normal 0 0 -1
    outer loop
      vertex 1.4986842451482876 -0.06281348059379885 5
      vertex 1.4986842451482876 0.06281348059379943 5
      vertex 1.5 0 5
    endloop
  endfacet
  facet normal 0 0 -1
    outer loop
      vertex 1.4947392888742566 -0.12551676499847353 5
      vertex 1.4947392888742566 0.12551676499847322 5
      vertex 1.4986842451482876 0.06281348059379943 5
    endloop
  endfacet
  facet normal 0 0 -1
    outer loop
      vertex 1.4881720519717168 -0.1879998503464561 5
      vertex 1.4881720519717168 0.1879998503464564 5
      vertex 1.4947392888742566 0.12551676499847322 5
    endloop
  endfacet
  facet normal 0 0 -1
    outer loop
      vertex 1.4672214011007085 -0.311867536226639 5
      vertex 1.4672214011007085 0.311867536226639 5
      vertex 1.4789940556057575 0.25015312007415336 5
    endloop
  endfacet
  facet normal 0 0 -1
    outer loop
      vertex 1.4789940556057573 -0.250153120074154 5
      vertex 1.4789940556057575 0.25015312007415336 5
      vertex 1.4881720519717168 0.1879998503464564 5
    endloop
  endfacet
  facet normal 0 0 -1
    outer loop
      vertex 1.4528747416929466 0.37303483074728216 5
      vertex 1.4497005988023952 0 5
      vertex 1.4484289650714588 0.06070716028646245 5
    endloop
  endfacet
  facet normal 0 0 -1
    outer loop
      vertex 1.4528747416929466 0.37303483074728216 5
      vertex 1.4484289650714588 0.06070716028646245 5
      vertex 1.4446162947563173 0.12130781958535077 5
    endloop
  endfacet
  facet normal 0 0 -1
    outer loop
      vertex 1.4528747416929468 -0.37303483074728166 5
      vertex 1.4528747416929466 0.37303483074728216 5
      vertex 1.4672214011007085 0.311867536226639 5
    endloop
  endfacet
  facet normal 0 0 -1
    outer loop
      vertex 1.4528747416929466 0.37303483074728216 5
      vertex 1.4446162947563173 0.12130781958535077 5
      vertex 1.438269276576258 0.18169566374801235 5
    endloop
  endfacet
  facet normal 0 0 -1
    outer loop
      vertex 1.435979246298101 0.43354769541670746 5
      vertex 1.4293990453578997 0.24176475197585842 5
      vertex 1.4180211625009242 0.30140970267652417 5
    endloop
  endfacet
  facet normal 0 0 -1
    outer loop
      vertex 1.435979246298101 0.43354769541670746 5
      vertex 1.438269276576258 0.18169566374801235 5
      vertex 1.4293990453578997 0.24176475197585842 5
    endloop
  endfacet
  facet normal 0 0 -1
    outer loop
      vertex 1.4528747416929466 0.37303483074728216 5
      vertex 1.438269276576258 0.18169566374801235 5
      vertex 1.435979246298101 0.43354769541670746 5
    endloop
  endfacet
  facet normal 0 0 -1
    outer loop
      vertex 1.3144600200657954 0.722630511152573 5
      vertex 1.3243673969776866 0.5896463550218637 5
      vertex 1.2985138751734244 0.6445878855129996 5
    endloop
  endfacet
  facet normal 0 0 -1
    outer loop
      vertex 1.2830463902407598 0.7770405140596952 5
      vertex 1.2985138751734244 0.6445878855129996 5
      vertex 1.270382318794128 0.6983985898205106 5
    endloop
  endfacet
  facet normal 0 0 -1
    outer loop
      vertex 1.3144600200657954 0.722630511152573 5
      vertex 1.2985138751734244 0.6445878855129996 5
      vertex 1.2830463902407598 0.7770405140596952 5
    endloop
  endfacet
  facet normal 0 0 -1
    outer loop
      vertex 1.394664728832377 0.552186829027017 5
      vertex 1.4041555886780934 0.3605258783389901 5
      vertex 1.387826648817446 0.4190095691033328 5
    endloop
  endfacet
  facet normal 0 0 -1
    outer loop
      vertex 1.3703181864639014 0.6101049646137003 5
      vertex 1.387826648817446 0.4190095691033328 5
      vertex 1.3690629894281088 0.47675817470305987 5
    endloop
  endfacet
  facet normal 0 0 -1
    outer loop
      vertex 1.394664728832377 0.552186829027017 5
      vertex 1.4165645553562216 0.49329997010787485 5
      vertex 1.4041555886780934 0.3605258783389901 5
    endloop
  endfacet
  facet normal 0 0 -1
    outer loop
      vertex 1.3703181864639014 0.6101049646137003 5
      vertex 1.3690629894281088 0.47675817470305987 5
      vertex 1.3478975283445847 0.5336703844608416 5
    endloop
  endfacet
  facet normal 0 0 -1
    outer loop
      vertex 1.394664728832377 0.552186829027017 5
      vertex 1.387826648817446 0.4190095691033328 5
      vertex 1.3703181864639014 0.6101049646137003 5
    endloop
  endfacet
  facet normal 0 0 -1
    outer loop
      vertex 1.4165645553562216 0.49329997010787485 5
      vertex 1.4180211625009242 0.30140970267652417 5
      vertex 1.4041555886780934 0.3605258783389901 5
    endloop
  endfacet
  facet normal 0 0 -1
    outer loop
      vertex 1.435979246298101 0.43354769541670746 5
      vertex 1.4180211625009242 0.30140970267652417 5
      vertex 1.4165645553562216 0.49329997010787485 5
    endloop
  endfacet
  facet normal 0 0 -1
    outer loop
      vertex 1.3435676403591192 0.6669527687773912 5
      vertex 1.3478975283445847 0.5336703844608416 5
      vertex 1.3243673969776866 0.5896463550218637 5
    endloop
  endfacet
  facet normal 0 0 -1
    outer loop
      vertex 1.3703181864639014 0.6101049646137003 5
      vertex 1.3478975283445847 0.5336703844608416 5
      vertex 1.3435676403591192 0.6669527687773912 5
    endloop
  endfacet
  facet normal 0 0 -1
    outer loop
      vertex 1.3435676403591192 0.6669527687773912 5
      vertex 1.3243673969776866 0.5896463550218637 5
      vertex 1.3144600200657954 0.722630511152573 5
    endloop
  endfacet
  facet normal 0.9997806834748455 0.020942419883356173 0
    outer loop
      vertex 1.5 0 5
      vertex 1.4986842451482876 0.06281348059379943 5
      vertex 1.5 0 75.01
    endloop
  endfacet
  facet normal 0.9980267284282717 0.0627905195293134 0
    outer loop
      vertex 1.4986842451482876 0.06281348059379943 5
      vertex 1.4947392888742566 0.12551676499847322 5
      vertex 1.4986842451482876 0.06281348059379943 75.01
    endloop
  endfacet
  facet normal 0.9945218953682733 0.10452846326765398 0
    outer loop
      vertex 1.4947392888742566 0.12551676499847322 5
      vertex 1.4881720519717168 0.1879998503464564 5
      vertex 1.4947392888742566 0.12551676499847322 75.01
    endloop
  endfacet
  facet normal 0.9892723329629883 0.14608302856241065 0
    outer loop
      vertex 1.4881720519717168 0.1879998503464564 5
      vertex 1.4789940556057575 0.25015312007415336 5
      vertex 1.4881720519717168 0.1879998503464564 75.01
    endloop
  endfacet
  facet normal 0.9822872507286886 0.18738131458572463 0
    outer loop
      vertex 1.4789940556057575 0.25015312007415336 5
      vertex 1.4672214011007085 0.311867536226639 5
      vertex 1.4789940556057575 0.25015312007415336 75.01
    endloop
  endfacet
  facet normal 0.9735789028731598 0.22835087011065788 0
    outer loop
      vertex 1.4528747416929466 0.37303483074728216 5
      vertex 1.4672214011007085 0.311867536226639 75.01
      vertex 1.4672214011007085 0.311867536226639 5
    endloop
  endfacet
  facet normal 0.8660254037844366 0.5000000000000034 0
    outer loop
      vertex 1.3144600200657954 0.722630511152573 5
      vertex 1.2830463902407598 0.7770405140596952 5
      vertex 1.3144600200657954 0.722630511152573 75.01
    endloop
  endfacet
  facet normal 0.9631625667976587 0.26891982061526404 0
    outer loop
      vertex 1.4528747416929466 0.37303483074728216 5
      vertex 1.435979246298101 0.43354769541670746 5
      vertex 1.4528747416929466 0.37303483074728216 75.01
    endloop
  endfacet
  facet normal 0.9510565162951535 0.3090169943749478 0
    outer loop
      vertex 1.435979246298101 0.43354769541670746 5
      vertex 1.4165645553562216 0.49329997010787485 5
      vertex 1.435979246298101 0.43354769541670746 75.01
    endloop
  endfacet
  facet normal 0.937281989491891 0.3485720473218164 0
    outer loop
      vertex 1.394664728832377 0.552186829027017 5
      vertex 1.4165645553562216 0.49329997010787485 75.01
      vertex 1.4165645553562216 0.49329997010787485 5
    endloop
  endfacet
  facet normal 0.9218631515885011 0.3875155864521018 0
    outer loop
      vertex 1.394664728832377 0.552186829027017 5
      vertex 1.3703181864639014 0.6101049646137003 5
      vertex 1.394664728832377 0.552186829027017 75.01
    endloop
  endfacet
  facet normal 0.9048270524660189 0.4257792915650739 0
    outer loop
      vertex 1.3703181864639014 0.6101049646137003 5
      vertex 1.3435676403591192 0.6669527687773912 5
      vertex 1.3703181864639014 0.6101049646137003 75.01
    endloop
  endfacet
  facet normal 0.8862035792312158 0.46329603511985934 0
    outer loop
      vertex 1.3435676403591192 0.6669527687773912 5
      vertex 1.3144600200657954 0.722630511152573 5
      vertex 1.3435676403591192 0.6669527687773912 75.01
    endloop
  endfacet
  facet normal 0 0 -1
    outer loop
      vertex 0.9561359846230346 1.1557698641636838 5
      vertex 0.9700390407154466 1.0773374984914799 5
      vertex 0.9240739396296873 1.1170135094372369 5
    endloop
  endfacet
  facet normal 0 0 -1
    outer loop
      vertex 1.0036959095382874 1.1147172382160915 5
      vertex 0.9700390407154466 1.0773374984914799 5
      vertex 0.9561359846230346 1.1557698641636838 5
    endloop
  endfacet
  facet normal 0 0 -1
    outer loop
      vertex 1.0036959095382874 1.1147172382160915 5
      vertex 1.01430236370231 1.0357714714916268 5
      vertex 0.9700390407154466 1.0773374984914799 5
    endloop
  endfacet
  facet normal 0 0 -1
    outer loop
      vertex 1.0036959095382874 1.1147172382160915 5
      vertex 1.0494950107700483 1.0717090194492052 5
      vertex 1.01430236370231 1.0357714714916268 5
    endloop
  endfacet
  facet normal 0 0 -1
    outer loop
      vertex 1.0934529411321172 1.026820658893033 5
      vertex 1.0567862556809804 0.9923883493732667 5
      vertex 1.0494950107700483 1.0717090194492052 5
    endloop
  endfacet
  facet normal 0 0 -1
    outer loop
      vertex 1.1354925834776346 0.9801309059851581 5
      vertex 1.1361208743627893 0.9004783090142451 5
      vertex 1.0974161854688038 0.9472642408742784 5
    endloop
  endfacet
  facet normal 0 0 -1
    outer loop
      vertex 1.0934529411321172 1.026820658893033 5
      vertex 1.0974161854688038 0.9472642408742784 5
      vertex 1.0567862556809804 0.9923883493732667 5
    endloop
  endfacet
  facet normal 0 0 -1
    outer loop
      vertex 1.0934529411321172 1.026820658893033 5
      vertex 1.1354925834776346 0.9801309059851581 5
      vertex 1.0974161854688038 0.9472642408742784 5
    endloop
  endfacet
  facet normal 0 0 -1
    outer loop
      vertex 1.0494950107700483 1.0717090194492052 5
      vertex 1.0567862556809804 0.9923883493732667 5
      vertex 1.01430236370231 1.0357714714916268 5
    endloop
  endfacet
  facet normal 0 0 -1
    outer loop
      vertex 0.75 1.299038105676658 5
      vertex 0.7767884255354197 1.2240226991858554 5
      vertex 0.7248502994011976 1.2554775464443866 5
    endloop
  endfacet
  facet normal 0 0 -1
    outer loop
      vertex 0.75 1.299038105676658 5
      vertex 0.803740192468495 1.2664918882530225 5
      vertex 0.7767884255354197 1.2240226991858554 5
    endloop
  endfacet
  facet normal 0 0 -1
    outer loop
      vertex 0.803740192468495 1.2664918882530225 5
      vertex 0.8273638008167717 1.1904205001872439 5
      vertex 0.7767884255354197 1.2240226991858554 5
    endloop
  endfacet
  facet normal 0 0 -1
    outer loop
      vertex 0.803740192468495 1.2664918882530225 5
      vertex 0.8560703515266475 1.231723813700556 5
      vertex 0.8273638008167717 1.1904205001872439 5
    endloop
  endfacet
  facet normal 0 0 -1
    outer loop
      vertex 0.8560703515266475 1.231723813700556 5
      vertex 0.8764876988513829 1.1547298991237 5
      vertex 0.8273638008167717 1.1904205001872439 5
    endloop
  endfacet
  facet normal 0 0 -1
    outer loop
      vertex 0.9068986722935622 1.1947948770362944 5
      vertex 0.8764876988513829 1.1547298991237 5
      vertex 0.8560703515266475 1.231723813700556 5
    endloop
  endfacet
  facet normal 0 0 -1
    outer loop
      vertex 0.9068986722935622 1.1947948770362944 5
      vertex 0.9240739396296873 1.1170135094372369 5
      vertex 0.8764876988513829 1.1547298991237 5
    endloop
  endfacet
  facet normal 0 0 -1
    outer loop
      vertex 0.9068986722935622 1.1947948770362944 5
      vertex 0.9561359846230346 1.1557698641636838 5
      vertex 0.9240739396296873 1.1170135094372369 5
    endloop
  endfacet
  facet normal 0 0 -1
    outer loop
      vertex 1.1755401859887598 0.9317216704174655 5
      vertex 1.1728324211866752 0.8521126322156152 5
      vertex 1.1361208743627893 0.9004783090142451 5
    endloop
  endfacet
  facet normal 0 0 -1
    outer loop
      vertex 1.1755401859887598 0.9317216704174655 5
      vertex 1.2074864214126653 0.8022520603102611 5
      vertex 1.1728324211866752 0.8521126322156152 5
    endloop
  endfacet
  facet normal 0 0 -1
    outer loop
      vertex 1.2135254915624212 0.8816778784387097 5
      vertex 1.2074864214126653 0.8022520603102611 5
      vertex 1.1755401859887598 0.9317216704174655 5
    endloop
  endfacet
  facet normal 0 0 -1
    outer loop
      vertex 1.249381861065149 0.8300873238650162 5
      vertex 1.270382318794128 0.6983985898205106 5
      vertex 1.2400220801488542 0.7509840656840407 5
    endloop
  endfacet
  facet normal 0 0 -1
    outer loop
      vertex 1.2135254915624212 0.8816778784387097 5
      vertex 1.2400220801488542 0.7509840656840407 5
      vertex 1.2074864214126653 0.8022520603102611 5
    endloop
  endfacet
  facet normal 0 0 -1
    outer loop
      vertex 1.2135254915624212 0.8816778784387097 5
      vertex 1.249381861065149 0.8300873238650162 5
      vertex 1.2400220801488542 0.7509840656840407 5
    endloop
  endfacet
  facet normal 0 0 -1
    outer loop
      vertex 1.249381861065149 0.8300873238650162 5
      vertex 1.2830463902407598 0.7770405140596952 5
      vertex 1.270382318794128 0.6983985898205106 5
    endloop
  endfacet
  facet normal 0 0 -1
    outer loop
      vertex 1.1755401859887598 0.9317216704174655 5
      vertex 1.1361208743627893 0.9004783090142451 5
      vertex 1.1354925834776346 0.9801309059851581 5
    endloop
  endfacet
  facet normal 0.6845471059286881 0.728968627421412 0
    outer loop
      vertex 1.0036959095382874 1.1147172382160915 5
      vertex 1.0036959095382874 1.1147172382160915 75.01
      vertex 1.0494950107700483 1.0717090194492052 5
    endloop
  endfacet
  facet normal 0.7431448254773951 0.669130606358857 0
    outer loop
      vertex 1.0934529411321172 1.026820658893033 5
      vertex 1.1354925834776346 0.9801309059851581 75.01
      vertex 1.1354925834776346 0.9801309059851581 5
    endloop
  endfacet
  facet normal 0.7144726796328053 0.6996633405133635 0
    outer loop
      vertex 1.0934529411321172 1.026820658893033 5
      vertex 1.0494950107700483 1.0717090194492052 5
      vertex 1.0934529411321172 1.026820658893033 75.01
    endloop
  endfacet
  facet normal 0.5180270093731311 0.8553642601605059 0
    outer loop
      vertex 0.75 1.299038105676658 5
      vertex 0.75 1.299038105676658 75.01
      vertex 0.803740192468495 1.2664918882530225 5
    endloop
  endfacet
  facet normal 0.5533915492433454 0.8329212407100985 0
    outer loop
      vertex 0.803740192468495 1.2664918882530225 5
      vertex 0.803740192468495 1.2664918882530225 75.01
      vertex 0.8560703515266475 1.231723813700556 5
    endloop
  endfacet
  facet normal 0.6211477802783101 0.7836934573258401 0
    outer loop
      vertex 0.9068986722935622 1.1947948770362944 5
      vertex 0.9068986722935622 1.1947948770362944 75.01
      vertex 0.9561359846230346 1.1557698641636838 5
    endloop
  endfacet
  facet normal 0.5877852522924721 0.8090169943749482 0
    outer loop
      vertex 0.9068986722935622 1.1947948770362944 5
      vertex 0.8560703515266475 1.231723813700556 5
      vertex 0.8560703515266475 1.231723813700556 75.01
    endloop
  endfacet
  facet normal 0.6534206039901037 0.756995055651758 0
    outer loop
      vertex 1.0036959095382874 1.1147172382160915 5
      vertex 0.9561359846230346 1.1557698641636838 5
      vertex 0.9561359846230346 1.1557698641636838 75.01
    endloop
  endfacet
  facet normal 0.7965299180241958 0.6045991148623754 0
    outer loop
      vertex 1.2135254915624212 0.8816778784387097 5
      vertex 1.1755401859887598 0.9317216704174655 5
      vertex 1.2135254915624212 0.8816778784387097 75.01
    endloop
  endfacet
  facet normal 0.8443279255020151 0.5358267949789965 0
    outer loop
      vertex 1.249381861065149 0.8300873238650162 5
      vertex 1.2830463902407598 0.7770405140596952 75.01
      vertex 1.2830463902407598 0.7770405140596952 5
    endloop
  endfacet
  facet normal 0.8211492091337056 0.5707135676844294 0
    outer loop
      vertex 1.2135254915624212 0.8816778784387097 5
      vertex 1.249381861065149 0.8300873238650162 75.01
      vertex 1.249381861065149 0.8300873238650162 5
    endloop
  endfacet
  facet normal 0.7705132427757884 0.6374239897486907 0
    outer loop
      vertex 1.1755401859887598 0.9317216704174655 5
      vertex 1.1354925834776346 0.9801309059851581 5
      vertex 1.1755401859887598 0.9317216704174655 75.01
    endloop
  endfacet
  facet normal 0 1 0
    outer loop
      vertex -0.03141362982503551 1.4996710252122682 75.01
      vertex 0.03141362982503551 1.4996710252122682 75.01
      vertex 0.03141362982503551 1.4996710252122682 5
    endloop
  endfacet
  facet normal 0.04187565372920197 0.9991228300988582 0
    outer loop
      vertex 0.09418577929396992 1.4970400926424072 5
      vertex 0.03141362982503551 1.4996710252122682 75.01
      vertex 0.09418577929396992 1.4970400926424072 75.01
    endloop
  endfacet
  facet normal 0.08367784333231633 0.9964928592495041 0
    outer loop
      vertex 0.1567926949014802 1.4917828430524098 5
      vertex 0.09418577929396992 1.4970400926424072 75.01
      vertex 0.1567926949014802 1.4917828430524098 75.01
    endloop
  endfacet
  facet normal 0.1253332335643018 0.9921147013144781 0
    outer loop
      vertex 0.21912454284361754 1.4839084994444824 5
      vertex 0.1567926949014802 1.4917828430524098 75.01
      vertex 0.21912454284361754 1.4839084994444824 75.01
    endloop
  endfacet
  facet normal 0.16676874671610217 0.9859960370705051 0
    outer loop
      vertex 0.28107197187858685 1.473430876093033 5
      vertex 0.21912454284361754 1.4839084994444824 75.01
      vertex 0.28107197187858685 1.473430876093033 75.01
    endloop
  endfacet
  facet normal 0.20791169081775673 0.9781476007338062 0
    outer loop
      vertex 0.34252630516598365 1.4603683543097405 5
      vertex 0.28107197187858685 1.473430876093033 75.01
      vertex 0.34252630516598365 1.4603683543097405 75.01
    endloop
  endfacet
  facet normal 0.24868988716485663 0.9685831611286307 0
    outer loop
      vertex 0.40337973092289836 1.4447438501964873 5
      vertex 0.34252630516598365 1.4603683543097405 75.01
      vertex 0.40337973092289836 1.4447438501964873 75.01
    endloop
  endfacet
  facet normal 0.28903179694447395 0.9573194975320665 0
    outer loop
      vertex 0.46352549156242107 1.4265847744427302 5
      vertex 0.40337973092289836 1.4447438501964873 75.01
      vertex 0.46352549156242107 1.4265847744427302 75.01
    endloop
  endfacet
  facet normal 0.36812455268467753 0.9297764858882516 0
    outer loop
      vertex 0.5812733796781544 1.3827947273827508 5
      vertex 0.522858070982723 1.4059229842378371 75.01
      vertex 0.5812733796781544 1.3827947273827508 75.01
    endloop
  endfacet
  facet normal 0.32886664673858235 0.9443763702374813 0
    outer loop
      vertex 0.522858070982723 1.4059229842378371 5
      vertex 0.46352549156242107 1.4265847744427302 75.01
      vertex 0.522858070982723 1.4059229842378371 75.01
    endloop
  endfacet
  facet normal 0.48175367410171555 0.8763066800438634 0
    outer loop
      vertex 0.75 1.299038105676658 5
      vertex 0.6949440526797925 1.3293053688468222 75.01
      vertex 0.75 1.299038105676658 75.01
    endloop
  endfacet
  facet normal 0.40673664307580076 0.9135454576426006 0
    outer loop
      vertex 0.6386689373476091 1.3572405786990291 5
      vertex 0.5812733796781544 1.3827947273827508 75.01
      vertex 0.6386689373476091 1.3572405786990291 75.01
    endloop
  endfacet
  facet normal 0.4446351791849256 0.8957117602394138 0
    outer loop
      vertex 0.6949440526797925 1.3293053688468222 5
      vertex 0.6386689373476091 1.3572405786990291 75.01
      vertex 0.6949440526797925 1.3293053688468222 75.01
    endloop
  endfacet
  facet normal 0 0 1
    outer loop
      vertex 0.03141362982503551 1.4996710252122682 75.01
      vertex -0.030360226104902653 1.4493820568334832 75.01
      vertex 0.030360226104902653 1.4493820568334832 75.01
    endloop
  endfacet
  facet normal 0 0 1
    outer loop
      vertex 0.03141362982503551 1.4996710252122682 75.01
      vertex 0.030360226104902653 1.4493820568334832 75.01
      vertex 0.09418577929396992 1.4970400926424072 75.01
    endloop
  endfacet
  facet normal 0 0 1
    outer loop
      vertex 0.09418577929396992 1.4970400926424072 75.01
      vertex 0.030360226104902653 1.4493820568334832 75.01
      vertex 0.09102741616164545 1.446839348202465 75.01
    endloop
  endfacet
  facet normal 0 0 1
    outer loop
      vertex 0.09418577929396992 1.4970400926424072 75.01
      vertex 0.09102741616164545 1.446839348202465 75.01
      vertex 0.1567926949014802 1.4917828430524098 75.01
    endloop
  endfacet
  facet normal 0 0 1
    outer loop
      vertex 0.1567926949014802 1.4917828430524098 75.01
      vertex 0.09102741616164545 1.446839348202465 75.01
      vertex 0.15153491319911722 1.4417583917153858 75.01
    endloop
  endfacet
  facet normal 0 0 1
    outer loop
      vertex 0.1567926949014802 1.4917828430524098 75.01
      vertex 0.15153491319911722 1.4417583917153858 75.01
      vertex 0.21912454284361754 1.4839084994444824 75.01
    endloop
  endfacet
  facet normal 0 0 1
    outer loop
      vertex 0.21912454284361754 1.4839084994444824 75.01
      vertex 0.15153491319911722 1.4417583917153858 75.01
      vertex 0.21177656650692822 1.4341481010964439 75.01
    endloop
  endfacet
  facet normal 0 0 1
    outer loop
      vertex 0.28107197187858685 1.473430876093033 75.01
      vertex 0.21177656650692822 1.4341481010964439 75.01
      vertex 0.2716466917549249 1.4240218273813798 75.01
    endloop
  endfacet
  facet normal 0 0 1
    outer loop
      vertex 0.21912454284361754 1.4839084994444824 75.01
      vertex 0.21177656650692822 1.4341481010964439 75.01
      vertex 0.28107197187858685 1.473430876093033 75.01
    endloop
  endfacet
  facet normal 0 0 1
    outer loop
      vertex 0.28107197187858685 1.473430876093033 75.01
      vertex 0.2716466917549249 1.4240218273813798 75.01
      vertex 0.34252630516598365 1.4603683543097405 75.01
    endloop
  endfacet
  facet normal 0 0 1
    outer loop
      vertex 0.34252630516598365 1.4603683543097405 75.01
      vertex 0.2716466917549249 1.4240218273813798 75.01
      vertex 0.3310402563994176 1.4113973354952203 75.01
    endloop
  endfacet
  facet normal 0 0 1
    outer loop
      vertex 0.40337973092289836 1.4447438501964873 75.01
      vertex 0.3310402563994176 1.4113973354952203 75.01
      vertex 0.3898530639459505 1.396296773086565 75.01
    endloop
  endfacet
  facet normal 0 0 1
    outer loop
      vertex 0.34252630516598365 1.4603683543097405 75.01
      vertex 0.3310402563994176 1.4113973354952203 75.01
      vertex 0.40337973092289836 1.4447438501964873 75.01
    endloop
  endfacet
  facet normal 0 0 1
    outer loop
      vertex 0.46352549156242107 1.4265847744427302 75.01
      vertex 0.3898530639459505 1.396296773086565 75.01
      vertex 0.4479819367453612 1.3787466316730839 75.01
    endloop
  endfacet
  facet normal 0 0 1
    outer loop
      vertex 0.40337973092289836 1.4447438501964873 75.01
      vertex 0.3898530639459505 1.396296773086565 75.01
      vertex 0.46352549156242107 1.4265847744427302 75.01
    endloop
  endfacet
  facet normal 0 0 1
    outer loop
      vertex 0.522858070982723 1.4059229842378371 75.01
      vertex 0.4479819367453612 1.3787466316730839 75.01
      vertex 0.5053248970024355 1.3587777001663948 75.01
    endloop
  endfacet
  facet normal 0 0 1
    outer loop
      vertex 0.46352549156242107 1.4265847744427302 75.01
      vertex 0.4479819367453612 1.3787466316730839 75.01
      vertex 0.522858070982723 1.4059229842378371 75.01
    endloop
  endfacet
  facet normal 0 0 1
    outer loop
      vertex 0.522858070982723 1.4059229842378371 75.01
      vertex 0.5053248970024355 1.3587777001663948 75.01
      vertex 0.5812733796781544 1.3827947273827508 75.01
    endloop
  endfacet
  facet normal 0 0 1
    outer loop
      vertex 0.5812733796781544 1.3827947273827508 75.01
      vertex 0.5053248970024355 1.3587777001663948 75.01
      vertex 0.5617813456796136 1.336425010857849 75.01
    endloop
  endfacet
  facet normal 0 0 1
    outer loop
      vertex 0.6949440526797925 1.3293053688468222 75.01
      vertex 0.6172522389818859 1.3117277779599883 75.01
      vertex 0.6716402621132636 1.2847293288114918 75.01
    endloop
  endfacet
  facet normal 0 0 1
    outer loop
      vertex 0.75 1.299038105676658 75.01
      vertex 0.6716402621132636 1.2847293288114918 75.01
      vertex 0.7248499999999999 1.2554770278663003 75.01
    endloop
  endfacet
  facet normal 0 0 1
    outer loop
      vertex 0.6949440526797925 1.3293053688468222 75.01
      vertex 0.6716402621132636 1.2847293288114918 75.01
      vertex 0.75 1.299038105676658 75.01
    endloop
  endfacet
  facet normal 0 0 1
    outer loop
      vertex 0.6386689373476091 1.3572405786990291 75.01
      vertex 0.5617813456796136 1.336425010857849 75.01
      vertex 0.6172522389818859 1.3117277779599883 75.01
    endloop
  endfacet
  facet normal 0 0 1
    outer loop
      vertex 0.5812733796781544 1.3827947273827508 75.01
      vertex 0.5617813456796136 1.336425010857849 75.01
      vertex 0.6386689373476091 1.3572405786990291 75.01
    endloop
  endfacet
  facet normal 0 0 1
    outer loop
      vertex 0.6386689373476091 1.3572405786990291 75.01
      vertex 0.6172522389818859 1.3117277779599883 75.01
      vertex 0.6949440526797925 1.3293053688468222 75.01
    endloop
  endfacet
  facet normal 0.9997806834748455 0.020942419883356173 0
    outer loop
      vertex 1.4986842451482876 0.06281348059379943 5
      vertex 1.4986842451482876 0.06281348059379943 75.01
      vertex 1.5 0 75.01
    endloop
  endfacet
  facet normal 0.9980267284282717 0.0627905195293134 0
    outer loop
      vertex 1.4947392888742566 0.12551676499847322 5
      vertex 1.4947392888742566 0.12551676499847322 75.01
      vertex 1.4986842451482876 0.06281348059379943 75.01
    endloop
  endfacet
  facet normal 0.9945218953682733 0.10452846326765398 0
    outer loop
      vertex 1.4881720519717168 0.1879998503464564 5
      vertex 1.4881720519717168 0.1879998503464564 75.01
      vertex 1.4947392888742566 0.12551676499847322 75.01
    endloop
  endfacet
  facet normal 0.9892723329629883 0.14608302856241065 0
    outer loop
      vertex 1.4789940556057575 0.25015312007415336 5
      vertex 1.4789940556057575 0.25015312007415336 75.01
      vertex 1.4881720519717168 0.1879998503464564 75.01
    endloop
  endfacet
  facet normal 0.9822872507286886 0.18738131458572463 0
    outer loop
      vertex 1.4672214011007085 0.311867536226639 5
      vertex 1.4672214011007085 0.311867536226639 75.01
      vertex 1.4789940556057575 0.25015312007415336 75.01
    endloop
  endfacet
  facet normal 0.9735789028731598 0.22835087011065788 0
    outer loop
      vertex 1.4528747416929466 0.37303483074728216 5
      vertex 1.4528747416929466 0.37303483074728216 75.01
      vertex 1.4672214011007085 0.311867536226639 75.01
    endloop
  endfacet
  facet normal 0.937281989491891 0.3485720473218164 0
    outer loop
      vertex 1.394664728832377 0.552186829027017 5
      vertex 1.394664728832377 0.552186829027017 75.01
      vertex 1.4165645553562216 0.49329997010787485 75.01
    endloop
  endfacet
  facet normal 0.9631625667976587 0.26891982061526404 0
    outer loop
      vertex 1.435979246298101 0.43354769541670746 5
      vertex 1.435979246298101 0.43354769541670746 75.01
      vertex 1.4528747416929466 0.37303483074728216 75.01
    endloop
  endfacet
  facet normal 0.9510565162951535 0.3090169943749478 0
    outer loop
      vertex 1.4165645553562216 0.49329997010787485 5
      vertex 1.4165645553562216 0.49329997010787485 75.01
      vertex 1.435979246298101 0.43354769541670746 75.01
    endloop
  endfacet
  facet normal 0.9048270524660189 0.4257792915650739 0
    outer loop
      vertex 1.3435676403591192 0.6669527687773912 5
      vertex 1.3435676403591192 0.6669527687773912 75.01
      vertex 1.3703181864639014 0.6101049646137003 75.01
    endloop
  endfacet
  facet normal 0.9218631515885011 0.3875155864521018 0
    outer loop
      vertex 1.3703181864639014 0.6101049646137003 5
      vertex 1.3703181864639014 0.6101049646137003 75.01
      vertex 1.394664728832377 0.552186829027017 75.01
    endloop
  endfacet
  facet normal 0.8862035792312158 0.46329603511985934 0
    outer loop
      vertex 1.3144600200657954 0.722630511152573 5
      vertex 1.3144600200657954 0.722630511152573 75.01
      vertex 1.3435676403591192 0.6669527687773912 75.01
    endloop
  endfacet
  facet normal 0 0 1
    outer loop
      vertex 1.4528747416929468 -0.37303483074728166 75.01
      vertex 1.4528747416929466 0.37303483074728216 75.01
      vertex 1.4496999999999998 0 75.01
    endloop
  endfacet
  facet normal 0 0 1
    outer loop
      vertex 1.4986842451482876 -0.06281348059379885 75.01
      vertex 1.5 0 75.01
      vertex 1.4986842451482876 0.06281348059379943 75.01
    endloop
  endfacet
  facet normal 0 0 1
    outer loop
      vertex 1.4986842451482876 -0.06281348059379885 75.01
      vertex 1.4986842451482876 0.06281348059379943 75.01
      vertex 1.4947392888742566 0.12551676499847322 75.01
    endloop
  endfacet
  facet normal 0 0 1
    outer loop
      vertex 1.4947392888742566 -0.12551676499847353 75.01
      vertex 1.4947392888742566 0.12551676499847322 75.01
      vertex 1.4881720519717168 0.1879998503464564 75.01
    endloop
  endfacet
  facet normal 0 0 1
    outer loop
      vertex 1.4881720519717168 -0.1879998503464561 75.01
      vertex 1.4881720519717168 0.1879998503464564 75.01
      vertex 1.4789940556057575 0.25015312007415336 75.01
    endloop
  endfacet
  facet normal 0 0 1
    outer loop
      vertex 1.4528747416929466 0.37303483074728216 75.01
      vertex 1.4484283667943147 0.06070713521122068 75.01
      vertex 1.4496999999999998 0 75.01
    endloop
  endfacet
  facet normal 0 0 1
    outer loop
      vertex 1.4528747416929466 0.37303483074728216 75.01
      vertex 1.4446156980540061 0.12130776947885774 75.01
      vertex 1.4484283667943147 0.06070713521122068 75.01
    endloop
  endfacet
  facet normal 0 0 1
    outer loop
      vertex 1.4789940556057573 -0.250153120074154 75.01
      vertex 1.4789940556057575 0.25015312007415336 75.01
      vertex 1.4672214011007085 0.311867536226639 75.01
    endloop
  endfacet
  facet normal 0 0 1
    outer loop
      vertex 1.4672214011007085 -0.311867536226639 75.01
      vertex 1.4672214011007085 0.311867536226639 75.01
      vertex 1.4528747416929466 0.37303483074728216 75.01
    endloop
  endfacet
  facet normal 0 0 1
    outer loop
      vertex 1.4528747416929466 0.37303483074728216 75.01
      vertex 1.4382686824955984 0.18169558869817187 75.01
      vertex 1.4446156980540061 0.12130776947885774 75.01
    endloop
  endfacet
  facet normal 0 0 1
    outer loop
      vertex 1.435979246298101 0.43354769541670746 75.01
      vertex 1.418020576783798 0.30140957817850567 75.01
      vertex 1.429398454941111 0.24176465211433343 75.01
    endloop
  endfacet
  facet normal 0 0 1
    outer loop
      vertex 1.435979246298101 0.43354769541670746 75.01
      vertex 1.429398454941111 0.24176465211433343 75.01
      vertex 1.4382686824955984 0.18169558869817187 75.01
    endloop
  endfacet
  facet normal 0 0 1
    outer loop
      vertex 1.4528747416929466 0.37303483074728216 75.01
      vertex 1.435979246298101 0.43354769541670746 75.01
      vertex 1.4382686824955984 0.18169558869817187 75.01
    endloop
  endfacet
  facet normal 0 0 1
    outer loop
      vertex 1.2830463902407598 0.7770405140596952 75.01
      vertex 1.2400215679546862 0.7509837554882267 75.01
      vertex 1.270381794059589 0.6983983013452566 75.01
    endloop
  endfacet
  facet normal 0 0 1
    outer loop
      vertex 1.3144600200657954 0.722630511152573 75.01
      vertex 1.270381794059589 0.6983983013452566 75.01
      vertex 1.2985133388190768 0.6445876192643893 75.01
    endloop
  endfacet
  facet normal 0 0 1
    outer loop
      vertex 1.3144600200657954 0.722630511152573 75.01
      vertex 1.2830463902407598 0.7770405140596952 75.01
      vertex 1.270381794059589 0.6983983013452566 75.01
    endloop
  endfacet
  facet normal 0 0 1
    outer loop
      vertex 1.4165645553562216 0.49329997010787485 75.01
      vertex 1.3878260755722376 0.41900939603040044 75.01
      vertex 1.4041550086881762 0.36052572942288996 75.01
    endloop
  endfacet
  facet normal 0 0 1
    outer loop
      vertex 1.394664728832377 0.552186829027017 75.01
      vertex 1.3690624239332763 0.476757977776924 75.01
      vertex 1.3878260755722376 0.41900939603040044 75.01
    endloop
  endfacet
  facet normal 0 0 1
    outer loop
      vertex 1.394664728832377 0.552186829027017 75.01
      vertex 1.3878260755722376 0.41900939603040044 75.01
      vertex 1.4165645553562216 0.49329997010787485 75.01
    endloop
  endfacet
  facet normal 0 0 1
    outer loop
      vertex 1.3703181864639014 0.6101049646137003 75.01
      vertex 1.3478969715921978 0.5336701640269776 75.01
      vertex 1.3690624239332763 0.476757977776924 75.01
    endloop
  endfacet
  facet normal 0 0 1
    outer loop
      vertex 1.394664728832377 0.552186829027017 75.01
      vertex 1.3703181864639014 0.6101049646137003 75.01
      vertex 1.3690624239332763 0.476757977776924 75.01
    endloop
  endfacet
  facet normal 0 0 1
    outer loop
      vertex 1.4165645553562216 0.49329997010787485 75.01
      vertex 1.4041550086881762 0.36052572942288996 75.01
      vertex 1.418020576783798 0.30140957817850567 75.01
    endloop
  endfacet
  facet normal 0 0 1
    outer loop
      vertex 1.435979246298101 0.43354769541670746 75.01
      vertex 1.4165645553562216 0.49329997010787485 75.01
      vertex 1.418020576783798 0.30140957817850567 75.01
    endloop
  endfacet
  facet normal 0 0 1
    outer loop
      vertex 1.3703181864639014 0.6101049646137003 75.01
      vertex 1.3243668499444783 0.5896461114669875 75.01
      vertex 1.3478969715921978 0.5336701640269776 75.01
    endloop
  endfacet
  facet normal 0 0 1
    outer loop
      vertex 1.3435676403591192 0.6669527687773912 75.01
      vertex 1.2985133388190768 0.6445876192643893 75.01
      vertex 1.3243668499444783 0.5896461114669875 75.01
    endloop
  endfacet
  facet normal 0 0 1
    outer loop
      vertex 1.3703181864639014 0.6101049646137003 75.01
      vertex 1.3435676403591192 0.6669527687773912 75.01
      vertex 1.3243668499444783 0.5896461114669875 75.01
    endloop
  endfacet
  facet normal 0 0 1
    outer loop
      vertex 1.3435676403591192 0.6669527687773912 75.01
      vertex 1.3144600200657954 0.722630511152573 75.01
      vertex 1.2985133388190768 0.6445876192643893 75.01
    endloop
  endfacet
  facet normal 0.7431448254773951 0.669130606358857 0
    outer loop
      vertex 1.0934529411321172 1.026820658893033 5
      vertex 1.0934529411321172 1.026820658893033 75.01
      vertex 1.1354925834776346 0.9801309059851581 75.01
    endloop
  endfacet
  facet normal 0.7144726796328053 0.6996633405133635 0
    outer loop
      vertex 1.0494950107700483 1.0717090194492052 5
      vertex 1.0494950107700483 1.0717090194492052 75.01
      vertex 1.0934529411321172 1.026820658893033 75.01
    endloop
  endfacet
  facet normal 0.6845471059286881 0.728968627421412 0
    outer loop
      vertex 1.0494950107700483 1.0717090194492052 5
      vertex 1.0036959095382874 1.1147172382160915 75.01
      vertex 1.0494950107700483 1.0717090194492052 75.01
    endloop
  endfacet
  facet normal 0.5180270093731311 0.8553642601605059 0
    outer loop
      vertex 0.803740192468495 1.2664918882530225 5
      vertex 0.75 1.299038105676658 75.01
      vertex 0.803740192468495 1.2664918882530225 75.01
    endloop
  endfacet
  facet normal 0.5533915492433454 0.8329212407100985 0
    outer loop
      vertex 0.8560703515266475 1.231723813700556 5
      vertex 0.803740192468495 1.2664918882530225 75.01
      vertex 0.8560703515266475 1.231723813700556 75.01
    endloop
  endfacet
  facet normal 0.5877852522924721 0.8090169943749482 0
    outer loop
      vertex 0.9068986722935622 1.1947948770362944 5
      vertex 0.8560703515266475 1.231723813700556 75.01
      vertex 0.9068986722935622 1.1947948770362944 75.01
    endloop
  endfacet
  facet normal 0.6211477802783101 0.7836934573258401 0
    outer loop
      vertex 0.9561359846230346 1.1557698641636838 5
      vertex 0.9068986722935622 1.1947948770362944 75.01
      vertex 0.9561359846230346 1.1557698641636838 75.01
    endloop
  endfacet
  facet normal 0.6534206039901037 0.756995055651758 0
    outer loop
      vertex 1.0036959095382874 1.1147172382160915 5
      vertex 0.9561359846230346 1.1557698641636838 75.01
      vertex 1.0036959095382874 1.1147172382160915 75.01
    endloop
  endfacet
  facet normal 0.7965299180241958 0.6045991148623754 0
    outer loop
      vertex 1.1755401859887598 0.9317216704174655 5
      vertex 1.1755401859887598 0.9317216704174655 75.01
      vertex 1.2135254915624212 0.8816778784387097 75.01
    endloop
  endfacet
  facet normal 0.8443279255020151 0.5358267949789965 0
    outer loop
      vertex 1.249381861065149 0.8300873238650162 5
      vertex 1.249381861065149 0.8300873238650162 75.01
      vertex 1.2830463902407598 0.7770405140596952 75.01
    endloop
  endfacet
  facet normal 0.8660254037844366 0.5000000000000034 0
    outer loop
      vertex 1.2830463902407598 0.7770405140596952 5
      vertex 1.2830463902407598 0.7770405140596952 75.01
      vertex 1.3144600200657954 0.722630511152573 75.01
    endloop
  endfacet
  facet normal 0.8211492091337056 0.5707135676844294 0
    outer loop
      vertex 1.2135254915624212 0.8816778784387097 5
      vertex 1.2135254915624212 0.8816778784387097 75.01
      vertex 1.249381861065149 0.8300873238650162 75.01
    endloop
  endfacet
  facet normal 0.7705132427757884 0.6374239897486907 0
    outer loop
      vertex 1.1354925834776346 0.9801309059851581 5
      vertex 1.1354925834776346 0.9801309059851581 75.01
      vertex 1.1755401859887598 0.9317216704174655 75.01
    endloop
  endfacet
  facet normal 0 0 1
    outer loop
      vertex 1.0036959095382874 1.1147172382160915 75.01
      vertex 0.9240735579386754 1.1170130480520615 75.01
      vertex 0.9700386400384367 1.0773370534945783 75.01
    endloop
  endfacet
  facet normal 0 0 1
    outer loop
      vertex 1.0494950107700483 1.0717090194492052 75.01
      vertex 0.9700386400384367 1.0773370534945783 75.01
      vertex 1.0143019447422257 1.035771043663675 75.01
    endloop
  endfacet
  facet normal 0 0 1
    outer loop
      vertex 1.0036959095382874 1.1147172382160915 75.01
      vertex 0.9700386400384367 1.0773370534945783 75.01
      vertex 1.0494950107700483 1.0717090194492052 75.01
    endloop
  endfacet
  facet normal 0 0 1
    outer loop
      vertex 1.0934529411321172 1.026820658893033 75.01
      vertex 1.0143019447422257 1.035771043663675 75.01
      vertex 1.0567858191728203 0.9923879394648198 75.01
    endloop
  endfacet
  facet normal 0 0 1
    outer loop
      vertex 1.1354925834776346 0.9801309059851581 75.01
      vertex 1.0567858191728203 0.9923879394648198 75.01
      vertex 1.097415732178351 0.9472638496044556 75.01
    endloop
  endfacet
  facet normal 0 0 1
    outer loop
      vertex 1.1354925834776346 0.9801309059851581 75.01
      vertex 1.097415732178351 0.9472638496044556 75.01
      vertex 1.1361204050852698 0.9004779370694663 75.01
    endloop
  endfacet
  facet normal 0 0 1
    outer loop
      vertex 1.0934529411321172 1.026820658893033 75.01
      vertex 1.0567858191728203 0.9923879394648198 75.01
      vertex 1.1354925834776346 0.9801309059851581 75.01
    endloop
  endfacet
  facet normal 0 0 1
    outer loop
      vertex 1.0934529411321172 1.026820658893033 75.01
      vertex 1.0494950107700483 1.0717090194492052 75.01
      vertex 1.0143019447422257 1.035771043663675 75.01
    endloop
  endfacet
  facet normal 0 0 1
    outer loop
      vertex 0.8560703515266475 1.231723813700556 75.01
      vertex 0.7767881046810514 1.224022193600271 75.01
      vertex 0.8273634590721204 1.1904200084811305 75.01
    endloop
  endfacet
  facet normal 0 0 1
    outer loop
      vertex 0.803740192468495 1.2664918882530225 75.01
      vertex 0.7248499999999999 1.2554770278663003 75.01
      vertex 0.7767881046810514 1.224022193600271 75.01
    endloop
  endfacet
  facet normal 0 0 1
    outer loop
      vertex 0.75 1.299038105676658 75.01
      vertex 0.7248499999999999 1.2554770278663003 75.01
      vertex 0.803740192468495 1.2664918882530225 75.01
    endloop
  endfacet
  facet normal 0 0 1
    outer loop
      vertex 0.803740192468495 1.2664918882530225 75.01
      vertex 0.7767881046810514 1.224022193600271 75.01
      vertex 0.8560703515266475 1.231723813700556 75.01
    endloop
  endfacet
  facet normal 0 0 1
    outer loop
      vertex 0.9068986722935622 1.1947948770362944 75.01
      vertex 0.8560703515266475 1.231723813700556 75.01
      vertex 0.8273634590721204 1.1904200084811305 75.01
    endloop
  endfacet
  facet normal 0 0 1
    outer loop
      vertex 0.9068986722935622 1.1947948770362944 75.01
      vertex 0.8273634590721204 1.1904200084811305 75.01
      vertex 0.8764873368159847 1.154729422159677 75.01
    endloop
  endfacet
  facet normal 0 0 1
    outer loop
      vertex 0.9068986722935622 1.1947948770362944 75.01
      vertex 0.8764873368159847 1.154729422159677 75.01
      vertex 0.9561359846230346 1.1557698641636838 75.01
    endloop
  endfacet
  facet normal 0 0 1
    outer loop
      vertex 0.9561359846230346 1.1557698641636838 75.01
      vertex 0.8764873368159847 1.154729422159677 75.01
      vertex 0.9240735579386754 1.1170130480520615 75.01
    endloop
  endfacet
  facet normal 0 0 1
    outer loop
      vertex 1.0036959095382874 1.1147172382160915 75.01
      vertex 0.9561359846230346 1.1557698641636838 75.01
      vertex 0.9240735579386754 1.1170130480520615 75.01
    endloop
  endfacet
  facet normal 0 0 1
    outer loop
      vertex 1.1755401859887598 0.9317216704174655 75.01
      vertex 1.1361204050852698 0.9004779370694663 75.01
      vertex 1.172831936745361 0.8521122802483981 75.01
    endloop
  endfacet
  facet normal 0 0 1
    outer loop
      vertex 1.2135254915624212 0.8816778784387097 75.01
      vertex 1.1755401859887598 0.9317216704174655 75.01
      vertex 1.172831936745361 0.8521122802483981 75.01
    endloop
  endfacet
  facet normal 0 0 1
    outer loop
      vertex 1.2135254915624212 0.8816778784387097 75.01
      vertex 1.172831936745361 0.8521122802483981 75.01
      vertex 1.207485922657431 0.8022517289380758 75.01
    endloop
  endfacet
  facet normal 0 0 1
    outer loop
      vertex 1.249381861065149 0.8300873238650162 75.01
      vertex 1.207485922657431 0.8022517289380758 75.01
      vertex 1.2400215679546862 0.7509837554882267 75.01
    endloop
  endfacet
  facet normal 0 0 1
    outer loop
      vertex 1.249381861065149 0.8300873238650162 75.01
      vertex 1.2400215679546862 0.7509837554882267 75.01
      vertex 1.2830463902407598 0.7770405140596952 75.01
    endloop
  endfacet
  facet normal 0 0 1
    outer loop
      vertex 1.2135254915624212 0.8816778784387097 75.01
      vertex 1.207485922657431 0.8022517289380758 75.01
      vertex 1.249381861065149 0.8300873238650162 75.01
    endloop
  endfacet
  facet normal 0 0 1
    outer loop
      vertex 1.1755401859887598 0.9317216704174655 75.01
      vertex 1.1354925834776346 0.9801309059851581 75.01
      vertex 1.1361204050852698 0.9004779370694663 75.01
    endloop
  endfacet
  facet normal -0.8207801030729097 -0.5704570322893222 0.02997993848030996
    outer loop
      vertex -1.0827976129231294 -0.7194090140163473 80
      vertex -1.207485922657431 -0.8022517289380757 75.01
      vertex -1.172831936745361 -0.8521122802483981 75.01
    endloop
  endfacet
  facet normal -0.5875210431857082 -0.8086533417371711 0.02997993848030995
    outer loop
      vertex -0.7859788493210872 -1.0354888934314552 80
      vertex -0.8764873368159846 -1.154729422159677 75.01
      vertex -0.8273634590721207 -1.1904200084811303 75.01
    endloop
  endfacet
  facet normal -0.5531428000847952 -0.8325468431284027 0.029979938480309932
    outer loop
      vertex -0.7419276379897614 -1.0674939718738152 80
      vertex -0.8273634590721207 -1.1904200084811303 75.01
      vertex -0.7767881046810515 -1.224022193600271 75.01
    endloop
  endfacet
  facet normal -0.714151524605932 -0.6993488422752553 0.02997993848030999
    outer loop
      vertex -0.9476592156478352 -0.8899112377072951 80
      vertex -1.0567858191728206 -0.9923879394648195 75.01
      vertex -1.0143019447422257 -1.035771043663675 75.01
    endloop
  endfacet
  facet normal -0.6842394024286594 -0.7286409564749897 0.02997993848030996
    outer loop
      vertex -0.9095623426673751 -0.9288144835226444 80
      vertex -1.0143019447422257 -1.035771043663675 75.01
      vertex -0.9700386400384367 -1.0773370534945783 75.01
    endloop
  endfacet
  facet normal -0.7141515246059337 -0.6993488422752535 0.02997993848030996
    outer loop
      vertex -0.9095623426673751 -0.9288144835226444 80
      vertex -0.9476592156478352 -0.8899112377072951 80
      vertex -1.0143019447422257 -1.035771043663675 75.01
    endloop
  endfacet
  facet normal -0.770166897550502 -0.6371374680601912 0.029979938480309977
    outer loop
      vertex -1.0188014945235917 -0.8074921143618036 80
      vertex -1.1361204050852698 -0.9004779370694664 75.01
      vertex -1.0974157321783509 -0.9472638496044559 75.01
    endloop
  endfacet
  facet normal -0.7428107823387313 -0.6688298325658317 0.029979938480309946
    outer loop
      vertex -0.9840935723472832 -0.8494467851871373 80
      vertex -1.0974157321783509 -0.9472638496044559 75.01
      vertex -1.0567858191728206 -0.9923879394648195 75.01
    endloop
  endfacet
  facet normal -0.7701668975505042 -0.6371374680601889 0.02997993848030994
    outer loop
      vertex -1.0188014945235917 -0.8074921143618036 80
      vertex -1.0974157321783509 -0.9472638496044559 75.01
      vertex -0.9840935723472832 -0.8494467851871373 80
    endloop
  endfacet
  facet normal -0.7961718783195053 -0.6043273479347989 0.029979938480309935
    outer loop
      vertex -1.0517220926874318 -0.7641208279802151 80
      vertex -1.172831936745361 -0.8521122802483981 75.01
      vertex -1.1361204050852698 -0.9004779370694664 75.01
    endloop
  endfacet
  facet normal -0.820780103072911 -0.57045703228932 0.029979938480309932
    outer loop
      vertex -1.0517220926874318 -0.7641208279802151 80
      vertex -1.0827976129231294 -0.7194090140163473 80
      vertex -1.172831936745361 -0.8521122802483981 75.01
    endloop
  endfacet
  facet normal -0.7961718783195034 -0.6043273479348016 0.02997993848030998
    outer loop
      vertex -1.0517220926874318 -0.7641208279802151 80
      vertex -1.1361204050852698 -0.9004779370694664 75.01
      vertex -1.0188014945235917 -0.8074921143618036 80
    endloop
  endfacet
  facet normal -0.7428107823387282 -0.6688298325658354 0.029979938480309998
    outer loop
      vertex -0.9840935723472832 -0.8494467851871373 80
      vertex -1.0567858191728206 -0.9923879394648195 75.01
      vertex -0.9476592156478352 -0.8899112377072951 80
    endloop
  endfacet
  facet normal -0.6531268918334144 -0.7566547868432077 0.02997993848030998
    outer loop
      vertex -0.8698697882665157 -0.9660882731206125 80
      vertex -0.9700386400384367 -1.0773370534945783 75.01
      vertex -0.9240735579386753 -1.1170130480520617 75.01
    endloop
  endfacet
  facet normal -0.6208685747358801 -0.7833411876022821 0.02997993848030998
    outer loop
      vertex -0.8286511866732965 -1.0016672156085262 80
      vertex -0.9240735579386753 -1.1170130480520617 75.01
      vertex -0.8764873368159846 -1.154729422159677 75.01
    endloop
  endfacet
  facet normal -0.6842394024286584 -0.7286409564749906 0.02997993848030998
    outer loop
      vertex -0.9095623426673751 -0.9288144835226444 80
      vertex -0.9700386400384367 -1.0773370534945783 75.01
      vertex -0.8698697882665157 -0.9660882731206125 80
    endloop
  endfacet
  facet normal -0.6531268918334147 -0.7566547868432079 0.029979938480309984
    outer loop
      vertex -0.8286511866732965 -1.0016672156085262 80
      vertex -0.8698697882665157 -0.9660882731206125 80
      vertex -0.9240735579386753 -1.1170130480520617 75.01
    endloop
  endfacet
  facet normal -0.6208685747358816 -0.7833411876022809 0.029979938480309956
    outer loop
      vertex -0.8286511866732965 -1.0016672156085262 80
      vertex -0.8764873368159846 -1.154729422159677 75.01
      vertex -0.7859788493210872 -1.0354888934314552 80
    endloop
  endfacet
  facet normal -0.5875210431857092 -0.8086533417371704 0.02997993848030994
    outer loop
      vertex -0.7859788493210872 -1.0354888934314552 80
      vertex -0.8273634590721207 -1.1904200084811303 75.01
      vertex -0.7419276379897614 -1.0674939718738152 80
    endloop
  endfacet
  facet normal -0.9368606818182723 -0.3484153644024884 0.02997993848030999
    outer loop
      vertex -1.2276892813087255 -0.427526640760158 80
      vertex -1.3690624239332763 -0.4767579777769238 75.01
      vertex -1.347896971592198 -0.5336701640269774 75.01
    endloop
  endfacet
  facet normal -0.9506290169802702 -0.3088780914274136 0.029979938480309953
    outer loop
      vertex -1.2445153467916874 -0.37574133602781334 80
      vertex -1.3878260755722376 -0.41900939603040066 75.01
      vertex -1.3690624239332763 -0.4767579777769238 75.01
    endloop
  endfacet
  facet normal -0.9044203332664875 -0.42558790403728863 0.02997993848030996
    outer loop
      vertex -1.1876090949353812 -0.5287576359985403 80
      vertex -1.3243668499444783 -0.5896461114669875 75.01
      vertex -1.2985133388190766 -0.6445876192643895 75.01
    endloop
  endfacet
  facet normal -0.8858052312713632 -0.4630877838390939 0.02997993848030997
    outer loop
      vertex -1.1644252883112367 -0.5780257329404058 80
      vertex -1.2985133388190766 -0.6445876192643895 75.01
      vertex -1.2703817940595887 -0.6983983013452567 75.01
    endloop
  endfacet
  facet normal -0.8439484006225735 -0.535585941166604 0.02997993848030995
    outer loop
      vertex -1.1119735382086589 -0.673435112185069 80
      vertex -1.2400215679546864 -0.7509837554882264 75.01
      vertex -1.207485922657431 -0.8022517289380757 75.01
    endloop
  endfacet
  facet normal -0.8656361259019503 -0.49977525030975634 0.02997993848030998
    outer loop
      vertex -1.1391986840570225 -0.62627977633223 80
      vertex -1.2703817940595887 -0.6983983013452567 75.01
      vertex -1.2400215679546864 -0.7509837554882264 75.01
    endloop
  endfacet
  facet normal -0.8439484006225726 -0.5355859411666053 0.02997993848030996
    outer loop
      vertex -1.1119735382086589 -0.673435112185069 80
      vertex -1.207485922657431 -0.8022517289380757 75.01
      vertex -1.0827976129231294 -0.7194090140163473 80
    endloop
  endfacet
  facet normal -0.8656361259019518 -0.49977525030975356 0.029979938480309942
    outer loop
      vertex -1.1119735382086589 -0.673435112185069 80
      vertex -1.1391986840570225 -0.62627977633223 80
      vertex -1.2400215679546864 -0.7509837554882264 75.01
    endloop
  endfacet
  facet normal -0.8858052312713631 -0.46308778383909455 0.029979938480309994
    outer loop
      vertex -1.1391986840570225 -0.62627977633223 80
      vertex -1.1644252883112367 -0.5780257329404058 80
      vertex -1.2703817940595887 -0.6983983013452567 75.01
    endloop
  endfacet
  facet normal -0.9044203332664866 -0.4255879040372906 0.02997993848030998
    outer loop
      vertex -1.1644252883112367 -0.5780257329404058 80
      vertex -1.1876090949353812 -0.5287576359985403 80
      vertex -1.2985133388190766 -0.6445876192643895 75.01
    endloop
  endfacet
  facet normal -0.9214487746729662 -0.3873413984360645 0.029979938480309998
    outer loop
      vertex -1.2087094316547269 -0.47856191849008123 80
      vertex -1.347896971592198 -0.5336701640269774 75.01
      vertex -1.3243668499444783 -0.5896461114669875 75.01
    endloop
  endfacet
  facet normal -0.9214487746729674 -0.38734139843606186 0.029979938480309956
    outer loop
      vertex -1.1876090949353812 -0.5287576359985403 80
      vertex -1.2087094316547269 -0.47856191849008123 80
      vertex -1.3243668499444783 -0.5896461114669875 75.01
    endloop
  endfacet
  facet normal -0.9368606818182724 -0.34841536440248844 0.029979938480309994
    outer loop
      vertex -1.2087094316547269 -0.47856191849008123 80
      vertex -1.2276892813087255 -0.427526640760158 80
      vertex -1.347896971592198 -0.5336701640269774 75.01
    endloop
  endfacet
  facet normal -0.9506290169802697 -0.30887809142741623 0.029979938480309998
    outer loop
      vertex -1.2276892813087255 -0.427526640760158 80
      vertex -1.2445153467916874 -0.37574133602781334 80
      vertex -1.3690624239332763 -0.4767579777769238 75.01
    endloop
  endfacet
  facet normal -0.973141279759463 -0.22824822653600585 0.029979938480309956
    outer loop
      vertex -1.2715918809539475 -0.27028519806308715 80
      vertex -1.418020576783798 -0.30140957817850567 75.01
      vertex -1.4041550086881764 -0.3605257294228901 75.01
    endloop
  endfacet
  facet normal -0.9627296258205724 -0.2687989413225013 0.02997993848031001
    outer loop
      vertex -1.2591581094672204 -0.3232968533143113 80
      vertex -1.4041550086881764 -0.3605257294228901 75.01
      vertex -1.3878260755722376 -0.41900939603040066 75.01
    endloop
  endfacet
  facet normal -0.9818457132180245 -0.1872970868009046 0.029979938480309973
    outer loop
      vertex -1.2817948481916566 -0.21679937073093283 80
      vertex -1.429398454941111 -0.2417646521143333 75.01
      vertex -1.418020576783798 -0.30140957817850567 75.01
    endloop
  endfacet
  facet normal -0.9888276556621877 -0.146017364331571 0.029979938480309956
    outer loop
      vertex -1.2897491117088213 -0.16293320363359529 80
      vertex -1.4382686824955984 -0.1816955886981716 75.01
      vertex -1.429398454941111 -0.2417646521143333 75.01
    endloop
  endfacet
  facet normal -0.9818457132180249 -0.18729708680090296 0.029979938480309956
    outer loop
      vertex -1.2715918809539475 -0.27028519806308715 80
      vertex -1.2817948481916566 -0.21679937073093283 80
      vertex -1.418020576783798 -0.30140957817850567 75.01
    endloop
  endfacet
  facet normal -0.9888276556621874 -0.14601736433157264 0.029979938480309973
    outer loop
      vertex -1.2817948481916566 -0.21679937073093283 80
      vertex -1.2897491117088213 -0.16293320363359529 80
      vertex -1.429398454941111 -0.2417646521143333 75.01
    endloop
  endfacet
  facet normal -0.9940748583924237 -0.10448147778816956 0.02997993848030993
    outer loop
      vertex -1.2954407170243558 -0.1087811963320104 80
      vertex -1.4446156980540061 -0.12130776947885803 75.01
      vertex -1.4382686824955984 -0.1816955886981716 75.01
    endloop
  endfacet
  facet normal -0.9940748583924233 -0.10448147778817253 0.029979938480309953
    outer loop
      vertex -1.2897491117088213 -0.16293320363359529 80
      vertex -1.2954407170243558 -0.1087811963320104 80
      vertex -1.4382686824955984 -0.1816955886981716 75.01
    endloop
  endfacet
  facet normal -0.9975781160321326 -0.06276229522968105 0.029979938480309925
    outer loop
      vertex -1.2954407170243558 -0.1087811963320104 80
      vertex -1.2988596791285159 -0.054438349847959644 80
      vertex -1.4446156980540061 -0.12130776947885803 75.01
    endloop
  endfacet
  facet normal -0.9975781160321324 -0.06276229522968593 0.029979938480309984
    outer loop
      vertex -1.2988596791285159 -0.054438349847959644 80
      vertex -1.4484283667943147 -0.060707135211220835 75.01
      vertex -1.4446156980540061 -0.12130776947885803 75.01
    endloop
  endfacet
  facet normal -0.9993312826769997 -0.02093300627859312 0.029979938480309967
    outer loop
      vertex -1.3 0 80
      vertex -1.4496999999999998 0 75.01
      vertex -1.4484283667943147 -0.060707135211220835 75.01
    endloop
  endfacet
  facet normal -0.9993312826769994 -0.02093300627859426 0.029979938480309973
    outer loop
      vertex -1.2988596791285159 -0.054438349847959644 80
      vertex -1.3 0 80
      vertex -1.4484283667943147 -0.060707135211220835 75.01
    endloop
  endfacet
  facet normal -0.9627296258205738 -0.26879894132249693 0.029979938480309956
    outer loop
      vertex -1.2445153467916874 -0.37574133602781334 80
      vertex -1.2591581094672204 -0.3232968533143113 80
      vertex -1.3878260755722376 -0.41900939603040066 75.01
    endloop
  endfacet
  facet normal -0.9731412797594617 -0.22824822653601054 0.02997993848031001
    outer loop
      vertex -1.2715918809539475 -0.27028519806308715 80
      vertex -1.4041550086881764 -0.3605257294228901 75.01
      vertex -1.2591581094672204 -0.3232968533143113 80
    endloop
  endfacet
  facet normal 0 0 1
    outer loop
      vertex -1.1644252883112367 -0.5780257329404058 80
      vertex -1.1876090949353812 0.5287576359985403 80
      vertex -1.1876090949353812 -0.5287576359985403 80
    endloop
  endfacet
  facet normal 0 0 1
    outer loop
      vertex -1.1391986840570225 -0.62627977633223 80
      vertex -1.1644252883112367 0.5780257329404058 80
      vertex -1.1644252883112367 -0.5780257329404058 80
    endloop
  endfacet
  facet normal 0 0 1
    outer loop
      vertex -1.1119735382086589 -0.673435112185069 80
      vertex -1.1391986840570225 0.62627977633223 80
      vertex -1.1391986840570225 -0.62627977633223 80
    endloop
  endfacet
  facet normal 0 0 1
    outer loop
      vertex -1.2715918809539475 -0.27028519806308715 80
      vertex -1.2591581094672204 -0.3232968533143113 80
      vertex -1.2715918809539475 0.27028519806308715 80
    endloop
  endfacet
  facet normal 0 0 1
    outer loop
      vertex -1.2276892813087255 -0.427526640760158 80
      vertex -1.2445153467916874 0.37574133602781334 80
      vertex -1.2445153467916874 -0.37574133602781334 80
    endloop
  endfacet
  facet normal 0 0 1
    outer loop
      vertex -1.2087094316547269 -0.47856191849008123 80
      vertex -1.2276892813087255 0.427526640760158 80
      vertex -1.2276892813087255 -0.427526640760158 80
    endloop
  endfacet
  facet normal 0 0 1
    outer loop
      vertex -1.2445153467916874 -0.37574133602781334 80
      vertex -1.2591581094672204 0.3232968533143113 80
      vertex -1.2591581094672204 -0.3232968533143113 80
    endloop
  endfacet
  facet normal 0 0 1
    outer loop
      vertex -1.2897491117088213 -0.16293320363359529 80
      vertex -1.2954407170243558 0.1087811963320104 80
      vertex -1.2954407170243558 -0.1087811963320104 80
    endloop
  endfacet
  facet normal 0 0 1
    outer loop
      vertex -1.2715918809539475 -0.27028519806308715 80
      vertex -1.2817948481916566 0.21679937073093283 80
      vertex -1.2817948481916566 -0.21679937073093283 80
    endloop
  endfacet
  facet normal 0 0 1
    outer loop
      vertex -1.2817948481916566 -0.21679937073093283 80
      vertex -1.2897491117088213 0.16293320363359529 80
      vertex -1.2897491117088213 -0.16293320363359529 80
    endloop
  endfacet
  facet normal 0 0 1
    outer loop
      vertex -1.2954407170243558 -0.1087811963320104 80
      vertex -1.2988596791285159 0.054438349847959644 80
      vertex -1.2988596791285159 -0.054438349847959644 80
    endloop
  endfacet
  facet normal 0 0 1
    outer loop
      vertex -1.1876090949353812 -0.5287576359985403 80
      vertex -1.2087094316547269 0.47856191849008123 80
      vertex -1.2087094316547269 -0.47856191849008123 80
    endloop
  endfacet
  facet normal 0 0 1
    outer loop
      vertex -1.1119735382086589 -0.673435112185069 80
      vertex -1.0827976129231294 -0.7194090140163473 80
      vertex -1.1119735382086589 0.673435112185069 80
    endloop
  endfacet
  facet normal 0 0 1
    outer loop
      vertex -1.0517220926874318 -0.7641208279802151 80
      vertex -1.0827976129231294 0.7194090140163473 80
      vertex -1.0827976129231294 -0.7194090140163473 80
    endloop
  endfacet
  facet normal 0 0 1
    outer loop
      vertex -1.0517220926874318 -0.7641208279802151 80
      vertex -1.0188014945235917 -0.8074921143618036 80
      vertex -1.0517220926874318 0.7641208279802151 80
    endloop
  endfacet
  facet normal 0 0 1
    outer loop
      vertex -1.0188014945235917 -0.8074921143618036 80
      vertex -0.9840935723472832 -0.8494467851871373 80
      vertex -1.0188014945235917 0.8074921143618036 80
    endloop
  endfacet
  facet normal 0 0 1
    outer loop
      vertex -0.9840935723472832 -0.8494467851871373 80
      vertex -0.9476592156478352 -0.8899112377072951 80
      vertex -0.9840935723472832 0.8494467851871373 80
    endloop
  endfacet
  facet normal 0 0 1
    outer loop
      vertex -0.9095623426673751 -0.9288144835226444 80
      vertex -0.9476592156478352 0.8899112377072951 80
      vertex -0.9476592156478352 -0.8899112377072951 80
    endloop
  endfacet
  facet normal 0 0 1
    outer loop
      vertex -0.9095623426673751 -0.9288144835226444 80
      vertex -0.8698697882665157 -0.9660882731206125 80
      vertex -0.9095623426673751 0.9288144835226444 80
    endloop
  endfacet
  facet normal 0 0 1
    outer loop
      vertex -0.8286511866732965 -1.0016672156085262 80
      vertex -0.8698697882665157 0.9660882731206125 80
      vertex -0.8698697882665157 -0.9660882731206125 80
    endloop
  endfacet
  facet normal 0 0 1
    outer loop
      vertex -0.8286511866732965 -1.0016672156085262 80
      vertex -0.7859788493210872 -1.0354888934314552 80
      vertex -0.8286511866732965 1.0016672156085262 80
    endloop
  endfacet
  facet normal 0 0 1
    outer loop
      vertex -0.7859788493210872 -1.0354888934314552 80
      vertex -0.7419276379897614 -1.0674939718738152 80
      vertex -0.7859788493210873 1.0354888934314552 80
    endloop
  endfacet
  facet normal -0.48153712612366095 -0.8759127807340651 0.029979938480309956
    outer loop
      vertex -0.65 -1.12583302491977 80
      vertex -0.7248499999999999 -1.2554770278663003 75.01
      vertex -0.6716402621132633 -1.2847293288114918 75.01
    endloop
  endfacet
  facet normal -0.5177941565533367 -0.8549797744554755 0.029979938480310008
    outer loop
      vertex -0.6965748334726958 -1.0976263031526194 80
      vertex -0.7767881046810515 -1.224022193600271 75.01
      vertex -0.7248499999999999 -1.2554770278663003 75.01
    endloop
  endfacet
  facet normal -0.5531428000847901 -0.8325468431284061 0.029979938480310015
    outer loop
      vertex -0.7419276379897614 -1.0674939718738152 80
      vertex -0.7767881046810515 -1.224022193600271 75.01
      vertex -0.6965748334726958 -1.0976263031526194 80
    endloop
  endfacet
  facet normal -0.51779415655334 -0.8549797744554734 0.02997993848030997
    outer loop
      vertex -0.6965748334726958 -1.0976263031526194 80
      vertex -0.7248499999999999 -1.2554770278663003 75.01
      vertex -0.65 -1.12583302491977 80
    endloop
  endfacet
  facet normal -0.4444353159473385 -0.8953091383580903 0.029979938480309977
    outer loop
      vertex -0.6022848456558201 -1.1520646530005791 80
      vertex -0.6716402621132633 -1.2847293288114918 75.01
      vertex -0.6172522389818854 -1.3117277779599883 75.01
    endloop
  endfacet
  facet normal -0.40655381520671713 -0.9131348195253423 0.029979938480309956
    outer loop
      vertex -0.5535130790345942 -1.1762751682058254 80
      vertex -0.6172522389818854 -1.3117277779599883 75.01
      vertex -0.5617813456796139 -1.3364250108578488 75.01
    endloop
  endfacet
  facet normal -0.48153712612365934 -0.8759127807340659 0.029979938480309984
    outer loop
      vertex -0.65 -1.12583302491977 80
      vertex -0.6716402621132633 -1.2847293288114918 75.01
      vertex -0.6022848456558201 -1.1520646530005791 80
    endloop
  endfacet
  facet normal -0.444435315947341 -0.895309138358089 0.02997993848030995
    outer loop
      vertex -0.6022848456558201 -1.1520646530005791 80
      vertex -0.6172522389818854 -1.3117277779599883 75.01
      vertex -0.5535130790345942 -1.1762751682058254 80
    endloop
  endfacet
  facet normal -0.32871882138461167 -0.9439518736441116 0.02997993848030993
    outer loop
      vertex -0.4531436615183599 -1.218466586339459 80
      vertex -0.5053248970024355 -1.3587777001663948 75.01
      vertex -0.4479819367453612 -1.3787466316730839 75.01
    endloop
  endfacet
  facet normal -0.2889018773308065 -0.9568891830109966 0.029979938480309973
    outer loop
      vertex -0.40172209268743164 -1.2363734711836996 80
      vertex -0.4479819367453612 -1.3787466316730839 75.01
      vertex -0.3898530639459505 -1.396296773086565 75.01
    endloop
  endfacet
  facet normal -0.36795908092630336 -0.9293585519338524 0.02997993848030997
    outer loop
      vertex -0.5037702623877341 -1.1984220970650505 80
      vertex -0.5617813456796139 -1.3364250108578488 75.01
      vertex -0.5053248970024355 -1.3587777001663948 75.01
    endloop
  endfacet
  facet normal -0.4065538152067159 -0.9131348195253427 0.029979938480309967
    outer loop
      vertex -0.5535130790345942 -1.1762751682058254 80
      vertex -0.5617813456796139 -1.3364250108578488 75.01
      vertex -0.5037702623877341 -1.1984220970650505 80
    endloop
  endfacet
  facet normal -0.3679590809263063 -0.9293585519338512 0.029979938480309932
    outer loop
      vertex -0.5037702623877341 -1.1984220970650505 80
      vertex -0.5053248970024355 -1.3587777001663948 75.01
      vertex -0.4531436615183599 -1.218466586339459 80
    endloop
  endfacet
  facet normal -0.3287188213846077 -0.9439518736441129 0.029979938480309987
    outer loop
      vertex -0.4531436615183599 -1.218466586339459 80
      vertex -0.4479819367453612 -1.3787466316730839 75.01
      vertex -0.40172209268743164 -1.2363734711836996 80
    endloop
  endfacet
  facet normal -0.28890187733080497 -0.956889183010997 0.029979938480309994
    outer loop
      vertex -0.40172209268743164 -1.2363734711836996 80
      vertex -0.3898530639459505 -1.396296773086565 75.01
      vertex -0.3495957667998453 -1.2521113368369556 80
    endloop
  endfacet
  facet normal -0.24857810121463877 -0.968147783597753 0.02997993848030999
    outer loop
      vertex -0.3495957667998453 -1.2521113368369556 80
      vertex -0.3898530639459505 -1.396296773086565 75.01
      vertex -0.33104025639941725 -1.4113973354952203 75.01
    endloop
  endfacet
  facet normal -0.20781823464154284 -0.9777079239932492 0.029979938480309987
    outer loop
      vertex -0.2968561311438522 -1.2656525737351083 80
      vertex -0.33104025639941725 -1.4113973354952203 75.01
      vertex -0.27164669175492523 -1.4240218273813798 75.01
    endloop
  endfacet
  facet normal -0.1666937842677636 -0.9855528324626789 0.029979938480310015
    outer loop
      vertex -0.24359570896144228 -1.2769734259472951 80
      vertex -0.27164669175492523 -1.4240218273813798 75.01
      vertex -0.2117765665069275 -1.4341481010964439 75.01
    endloop
  endfacet
  facet normal -0.2078182346415404 -0.9777079239932499 0.029979938480310022
    outer loop
      vertex -0.24359570896144228 -1.2769734259472951 80
      vertex -0.2968561311438522 -1.2656525737351083 80
      vertex -0.27164669175492523 -1.4240218273813798 75.01
    endloop
  endfacet
  facet normal -0.1666937842677687 -0.9855528324626781 0.02997993848030996
    outer loop
      vertex -0.24359570896144228 -1.2769734259472951 80
      vertex -0.2117765665069275 -1.4341481010964439 75.01
      vertex -0.18990793713113457 -1.2860540328518848 80
    endloop
  endfacet
  facet normal -0.24857810121463877 -0.9681477835977531 0.029979938480309987
    outer loop
      vertex -0.3495957667998453 -1.2521113368369556 80
      vertex -0.33104025639941725 -1.4113973354952203 75.01
      vertex -0.2968561311438522 -1.2656525737351083 80
    endloop
  endfacet
  facet normal -0.12527689635346725 -0.9916687463708631 0.02997993848030996
    outer loop
      vertex -0.18990793713113457 -1.2860540328518848 80
      vertex -0.2117765665069275 -1.4341481010964439 75.01
      vertex -0.15153491319911722 -1.4417583917153858 75.01
    endloop
  endfacet
  facet normal -0.08364023019357564 -0.996044936326611 0.029979938480309987
    outer loop
      vertex -0.13588700224794953 -1.2928784639787554 80
      vertex -0.15153491319911722 -1.4417583917153858 75.01
      vertex -0.09102741616164614 -1.446839348202465 75.01
    endloop
  endfacet
  facet normal -0.12527689635346503 -0.9916687463708636 0.02997993848030999
    outer loop
      vertex -0.18990793713113457 -1.2860540328518848 80
      vertex -0.15153491319911722 -1.4417583917153858 75.01
      vertex -0.13588700224794953 -1.2928784639787554 80
    endloop
  endfacet
  facet normal -0.083640230193578 -0.9960449363266107 0.02997993848030996
    outer loop
      vertex -0.13588700224794953 -1.2928784639787554 80
      vertex -0.09102741616164614 -1.446839348202465 75.01
      vertex -0.08162767538810789 -1.297434746956753 80
    endloop
  endfacet
  facet normal -0.041856830648788645 -0.9986737250056974 0.02997993848030996
    outer loop
      vertex -0.08162767538810789 -1.297434746956753 80
      vertex -0.09102741616164614 -1.446839348202465 75.01
      vertex -0.03036022610490229 -1.4493820568334832 75.01
    endloop
  endfacet
  facet normal 0 -0.9995505006195118 0.029979938480309956
    outer loop
      vertex -0.027225145848363788 -1.299714888517299 80
      vertex -0.03036022610490229 -1.4493820568334832 75.01
      vertex 0.03036022610490229 -1.4493820568334832 75.01
    endloop
  endfacet
  facet normal -0.04185683064878863 -0.9986737250056975 0.029979938480309956
    outer loop
      vertex -0.08162767538810789 -1.297434746956753 80
      vertex -0.03036022610490229 -1.4493820568334832 75.01
      vertex -0.027225145848363788 -1.299714888517299 80
    endloop
  endfacet
  facet normal 0 0 1
    outer loop
      vertex -0.6965748334726958 -1.0976263031526194 80
      vertex -0.65 -1.12583302491977 80
      vertex -0.6965748334726958 1.0976263031526194 80
    endloop
  endfacet
  facet normal 0 0 1
    outer loop
      vertex -0.65 -1.12583302491977 80
      vertex -0.6022848456558201 -1.1520646530005791 80
      vertex -0.65 1.12583302491977 80
    endloop
  endfacet
  facet normal 0 0 1
    outer loop
      vertex -0.6022848456558201 -1.1520646530005791 80
      vertex -0.5535130790345942 -1.1762751682058254 80
      vertex -0.6022848456558201 1.1520646530005791 80
    endloop
  endfacet
  facet normal 0 0 1
    outer loop
      vertex -0.5535130790345942 -1.1762751682058254 80
      vertex -0.5037702623877341 -1.1984220970650505 80
      vertex -0.5535130790345946 1.1762751682058254 80
    endloop
  endfacet
  facet normal 0 0 1
    outer loop
      vertex -0.5037702623877341 -1.1984220970650505 80
      vertex -0.4531436615183599 -1.218466586339459 80
      vertex -0.5037702623877338 1.1984220970650508 80
    endloop
  endfacet
  facet normal 0 0 1
    outer loop
      vertex -0.4531436615183599 -1.218466586339459 80
      vertex -0.40172209268743164 -1.2363734711836996 80
      vertex -0.4531436615183599 1.218466586339459 80
    endloop
  endfacet
  facet normal 0 0 1
    outer loop
      vertex -0.40172209268743164 -1.2363734711836996 80
      vertex -0.3495957667998453 -1.2521113368369556 80
      vertex -0.40172209268743164 1.2363734711836996 80
    endloop
  endfacet
  facet normal 0 0 1
    outer loop
      vertex -0.7419276379897614 -1.0674939718738152 80
      vertex -0.6965748334726958 -1.0976263031526194 80
      vertex -0.7419276379897611 1.0674939718738152 80
    endloop
  endfacet
  facet normal 0 0 1
    outer loop
      vertex -0.3495957667998453 -1.2521113368369556 80
      vertex -0.2968561311438522 -1.2656525737351083 80
      vertex -0.3495957667998453 1.2521113368369556 80
    endloop
  endfacet
  facet normal 0 0 1
    outer loop
      vertex -0.24359570896144228 -1.2769734259472951 80
      vertex -0.2968561311438525 1.2656525737351083 80
      vertex -0.2968561311438522 -1.2656525737351083 80
    endloop
  endfacet
  facet normal 0 0 1
    outer loop
      vertex -0.24359570896144228 -1.2769734259472951 80
      vertex -0.18990793713113457 -1.2860540328518848 80
      vertex -0.24359570896144195 1.2769734259472953 80
    endloop
  endfacet
  facet normal 0 0 1
    outer loop
      vertex -0.18990793713113457 -1.2860540328518848 80
      vertex -0.13588700224794953 -1.2928784639787554 80
      vertex -0.1899079371311352 1.2860540328518848 80
    endloop
  endfacet
  facet normal 0 0 1
    outer loop
      vertex -0.13588700224794953 -1.2928784639787554 80
      vertex -0.08162767538810789 -1.297434746956753 80
      vertex -0.13588700224794953 1.2928784639787554 80
    endloop
  endfacet
  facet normal 0 0 1
    outer loop
      vertex -0.08162767538810789 -1.297434746956753 80
      vertex -0.027225145848363788 -1.299714888517299 80
      vertex -0.08162767538810727 1.297434746956753 80
    endloop
  endfacet
  facet normal 0 0 1
    outer loop
      vertex -0.027225145848363788 -1.299714888517299 80
      vertex 0.027225145848363788 -1.299714888517299 80
      vertex -0.027225145848364114 1.299714888517299 80
    endloop
  endfacet
  facet normal -0.9993312826769996 0.020933006278593114 0.029979938480309973
    outer loop
      vertex -1.2988596791285159 0.054438349847959644 80
      vertex -1.4484283667943147 0.060707135211220835 75.01
      vertex -1.4496999999999998 0 75.01
    endloop
  endfacet
  facet normal -0.9993312826769994 0.02093300627859426 0.029979938480309956
    outer loop
      vertex -1.3 0 80
      vertex -1.2988596791285159 0.054438349847959644 80
      vertex -1.4496999999999998 0 75.01
    endloop
  endfacet
  facet normal -0.9975781160321326 0.06276229522968105 0.02997993848030998
    outer loop
      vertex -1.2988596791285159 0.054438349847959644 80
      vertex -1.2954407170243558 0.1087811963320104 80
      vertex -1.4484283667943147 0.060707135211220835 75.01
    endloop
  endfacet
  facet normal -0.9975781160321324 0.06276229522968593 0.02997993848030993
    outer loop
      vertex -1.2954407170243558 0.1087811963320104 80
      vertex -1.4446156980540061 0.12130776947885803 75.01
      vertex -1.4484283667943147 0.060707135211220835 75.01
    endloop
  endfacet
  facet normal -0.9940748583924235 0.10448147778816991 0.029979938480309953
    outer loop
      vertex -1.2897491117088213 0.16293320363359529 80
      vertex -1.4382686824955984 0.1816955886981716 75.01
      vertex -1.4446156980540061 0.12130776947885803 75.01
    endloop
  endfacet
  facet normal -0.9940748583924233 0.10448147778817253 0.02997993848030992
    outer loop
      vertex -1.2954407170243558 0.1087811963320104 80
      vertex -1.2897491117088213 0.16293320363359529 80
      vertex -1.4446156980540061 0.12130776947885803 75.01
    endloop
  endfacet
  facet normal -0.9888276556621874 0.14601736433157264 0.029979938480309956
    outer loop
      vertex -1.2897491117088213 0.16293320363359529 80
      vertex -1.2817948481916566 0.21679937073093283 80
      vertex -1.4382686824955984 0.1816955886981716 75.01
    endloop
  endfacet
  facet normal -0.9888276556621873 0.14601736433157422 0.02997993848030994
    outer loop
      vertex -1.2817948481916566 0.21679937073093283 80
      vertex -1.4293984549411107 0.2417646521143333 75.01
      vertex -1.4382686824955984 0.1816955886981716 75.01
    endloop
  endfacet
  facet normal -0.9818457132180252 0.1872970868009011 0.029979938480309956
    outer loop
      vertex -1.2715918809539475 0.27028519806308715 80
      vertex -1.418020576783798 0.30140957817850567 75.01
      vertex -1.4293984549411107 0.2417646521143333 75.01
    endloop
  endfacet
  facet normal -0.9818457132180249 0.18729708680090296 0.02997993848030993
    outer loop
      vertex -1.2817948481916566 0.21679937073093283 80
      vertex -1.2715918809539475 0.27028519806308715 80
      vertex -1.4293984549411107 0.2417646521143333 75.01
    endloop
  endfacet
  facet normal -0.9731412797594619 0.2282482265360093 0.029979938480309967
    outer loop
      vertex -1.2591581094672204 0.3232968533143113 80
      vertex -1.4041550086881762 0.3605257294228901 75.01
      vertex -1.418020576783798 0.30140957817850567 75.01
    endloop
  endfacet
  facet normal -0.9731412797594617 0.22824822653601054 0.029979938480309956
    outer loop
      vertex -1.2715918809539475 0.27028519806308715 80
      vertex -1.2591581094672204 0.3232968533143113 80
      vertex -1.418020576783798 0.30140957817850567 75.01
    endloop
  endfacet
  facet normal 0 0 1
    outer loop
      vertex -1.2988596791285159 -0.054438349847959644 80
      vertex -1.2988596791285159 0.054438349847959644 80
      vertex -1.3 0 80
    endloop
  endfacet
  facet normal 0 0 1
    outer loop
      vertex -1.2954407170243558 -0.1087811963320104 80
      vertex -1.2954407170243558 0.1087811963320104 80
      vertex -1.2988596791285159 0.054438349847959644 80
    endloop
  endfacet
  facet normal 0 0 1
    outer loop
      vertex -1.2897491117088213 -0.16293320363359529 80
      vertex -1.2897491117088213 0.16293320363359529 80
      vertex -1.2954407170243558 0.1087811963320104 80
    endloop
  endfacet
  facet normal 0 0 1
    outer loop
      vertex -1.2817948481916566 -0.21679937073093283 80
      vertex -1.2817948481916566 0.21679937073093283 80
      vertex -1.2897491117088213 0.16293320363359529 80
    endloop
  endfacet
  facet normal 0 0 1
    outer loop
      vertex -1.2715918809539475 -0.27028519806308715 80
      vertex -1.2715918809539475 0.27028519806308715 80
      vertex -1.2817948481916566 0.21679937073093283 80
    endloop
  endfacet
  facet normal 0 0 1
    outer loop
      vertex -1.2591581094672204 -0.3232968533143113 80
      vertex -1.2591581094672204 0.3232968533143113 80
      vertex -1.2715918809539475 0.27028519806308715 80
    endloop
  endfacet
  facet normal 0 0 1
    outer loop
      vertex -1.2445153467916874 -0.37574133602781334 80
      vertex -1.2445153467916874 0.37574133602781334 80
      vertex -1.2591581094672204 0.3232968533143113 80
    endloop
  endfacet
  facet normal 0 0 1
    outer loop
      vertex -1.2276892813087255 -0.427526640760158 80
      vertex -1.2276892813087255 0.427526640760158 80
      vertex -1.2445153467916874 0.37574133602781334 80
    endloop
  endfacet
  facet normal 0 0 1
    outer loop
      vertex -1.2087094316547269 -0.47856191849008123 80
      vertex -1.2087094316547269 0.47856191849008123 80
      vertex -1.2276892813087255 0.427526640760158 80
    endloop
  endfacet
  facet normal 0 0 1
    outer loop
      vertex -1.1876090949353812 -0.5287576359985403 80
      vertex -1.1876090949353812 0.5287576359985403 80
      vertex -1.2087094316547269 0.47856191849008123 80
    endloop
  endfacet
  facet normal 0 0 1
    outer loop
      vertex -1.1644252883112367 -0.5780257329404058 80
      vertex -1.1644252883112367 0.5780257329404058 80
      vertex -1.1876090949353812 0.5287576359985403 80
    endloop
  endfacet
  facet normal -0.9627296258205738 0.26879894132249693 0.02997993848030997
    outer loop
      vertex -1.2591581094672204 0.3232968533143113 80
      vertex -1.2445153467916874 0.37574133602781334 80
      vertex -1.4041550086881762 0.3605257294228901 75.01
    endloop
  endfacet
  facet normal 0 0 1
    outer loop
      vertex -1.1391986840570225 -0.62627977633223 80
      vertex -1.1391986840570225 0.62627977633223 80
      vertex -1.1644252883112367 0.5780257329404058 80
    endloop
  endfacet
  facet normal -0.9627296258205733 0.2687989413224979 0.029979938480309956
    outer loop
      vertex -1.2445153467916874 0.37574133602781334 80
      vertex -1.3878260755722376 0.41900939603040066 75.01
      vertex -1.4041550086881762 0.3605257294228901 75.01
    endloop
  endfacet
  facet normal -0.9506290169802705 0.3088780914274134 0.02997993848030999
    outer loop
      vertex -1.2276892813087255 0.427526640760158 80
      vertex -1.3690624239332763 0.4767579777769238 75.01
      vertex -1.3878260755722376 0.41900939603040066 75.01
    endloop
  endfacet
  facet normal -0.9506290169802697 0.30887809142741623 0.02997993848030996
    outer loop
      vertex -1.2445153467916874 0.37574133602781334 80
      vertex -1.2276892813087255 0.427526640760158 80
      vertex -1.3878260755722376 0.41900939603040066 75.01
    endloop
  endfacet
  facet normal -0.9368606818182724 0.34841536440248844 0.029979938480309994
    outer loop
      vertex -1.2276892813087255 0.427526640760158 80
      vertex -1.2087094316547269 0.47856191849008123 80
      vertex -1.3690624239332763 0.4767579777769238 75.01
    endloop
  endfacet
  facet normal -0.9368606818182724 0.3484153644024877 0.02997993848030999
    outer loop
      vertex -1.2087094316547269 0.47856191849008123 80
      vertex -1.347896971592198 0.5336701640269775 75.01
      vertex -1.3690624239332763 0.4767579777769238 75.01
    endloop
  endfacet
  facet normal -0.9214487746729657 0.38734139843606546 0.02997993848030995
    outer loop
      vertex -1.1876090949353812 0.5287576359985403 80
      vertex -1.3243668499444783 0.5896461114669875 75.01
      vertex -1.347896971592198 0.5336701640269775 75.01
    endloop
  endfacet
  facet normal -0.9214487746729674 0.38734139843606186 0.02997993848031
    outer loop
      vertex -1.2087094316547269 0.47856191849008123 80
      vertex -1.1876090949353812 0.5287576359985403 80
      vertex -1.347896971592198 0.5336701640269775 75.01
    endloop
  endfacet
  facet normal -0.9044203332664875 0.4255879040372885 0.029979938480309977
    outer loop
      vertex -1.1644252883112367 0.5780257329404058 80
      vertex -1.2985133388190766 0.6445876192643895 75.01
      vertex -1.3243668499444783 0.5896461114669875 75.01
    endloop
  endfacet
  facet normal -0.9044203332664866 0.4255879040372906 0.029979938480309956
    outer loop
      vertex -1.1876090949353812 0.5287576359985403 80
      vertex -1.1644252883112367 0.5780257329404058 80
      vertex -1.3243668499444783 0.5896461114669875 75.01
    endloop
  endfacet
  facet normal -0.8858052312713632 0.4630877838390939 0.029979938480309984
    outer loop
      vertex -1.1391986840570225 0.62627977633223 80
      vertex -1.2703817940595887 0.6983983013452567 75.01
      vertex -1.2985133388190766 0.6445876192643895 75.01
    endloop
  endfacet
  facet normal -0.8858052312713631 0.46308778383909455 0.02997993848030998
    outer loop
      vertex -1.1644252883112367 0.5780257329404058 80
      vertex -1.1391986840570225 0.62627977633223 80
      vertex -1.2985133388190766 0.6445876192643895 75.01
    endloop
  endfacet
  facet normal -0.86563612590195 0.4997752503097567 0.029979938480309946
    outer loop
      vertex -1.1119735382086589 0.673435112185069 80
      vertex -1.2400215679546864 0.7509837554882264 75.01
      vertex -1.2703817940595887 0.6983983013452567 75.01
    endloop
  endfacet
  facet normal -0.8656361259019518 0.49977525030975356 0.02997993848030998
    outer loop
      vertex -1.1391986840570225 0.62627977633223 80
      vertex -1.1119735382086589 0.673435112185069 80
      vertex -1.2703817940595887 0.6983983013452567 75.01
    endloop
  endfacet
  facet normal -0.8439484006225726 0.5355859411666053 0.029979938480309942
    outer loop
      vertex -1.1119735382086589 0.673435112185069 80
      vertex -1.0827976129231294 0.7194090140163473 80
      vertex -1.2400215679546864 0.7509837554882264 75.01
    endloop
  endfacet
  facet normal 0 0 1
    outer loop
      vertex -1.1119735382086589 -0.673435112185069 80
      vertex -1.1119735382086589 0.673435112185069 80
      vertex -1.1391986840570225 0.62627977633223 80
    endloop
  endfacet
  facet normal 0 0 1
    outer loop
      vertex -1.0827976129231294 -0.7194090140163473 80
      vertex -1.0827976129231294 0.7194090140163473 80
      vertex -1.1119735382086589 0.673435112185069 80
    endloop
  endfacet
  facet normal 0 0 1
    outer loop
      vertex -1.0517220926874318 -0.7641208279802151 80
      vertex -1.0517220926874318 0.7641208279802151 80
      vertex -1.0827976129231294 0.7194090140163473 80
    endloop
  endfacet
  facet normal 0 0 1
    outer loop
      vertex -1.0188014945235917 -0.8074921143618036 80
      vertex -1.0188014945235917 0.8074921143618036 80
      vertex -1.0517220926874318 0.7641208279802151 80
    endloop
  endfacet
  facet normal 0 0 1
    outer loop
      vertex -0.9840935723472832 -0.8494467851871373 80
      vertex -0.9840935723472832 0.8494467851871373 80
      vertex -1.0188014945235917 0.8074921143618036 80
    endloop
  endfacet
  facet normal 0 0 1
    outer loop
      vertex -0.9476592156478352 -0.8899112377072951 80
      vertex -0.9476592156478352 0.8899112377072951 80
      vertex -0.9840935723472832 0.8494467851871373 80
    endloop
  endfacet
  facet normal 0 0 1
    outer loop
      vertex -0.9095623426673751 -0.9288144835226444 80
      vertex -0.9095623426673751 0.9288144835226444 80
      vertex -0.9476592156478352 0.8899112377072951 80
    endloop
  endfacet
  facet normal 0 0 1
    outer loop
      vertex -0.8698697882665157 -0.9660882731206125 80
      vertex -0.8698697882665157 0.9660882731206125 80
      vertex -0.9095623426673751 0.9288144835226444 80
    endloop
  endfacet
  facet normal 0 0 1
    outer loop
      vertex -0.8286511866732965 -1.0016672156085262 80
      vertex -0.8286511866732965 1.0016672156085262 80
      vertex -0.8698697882665157 0.9660882731206125 80
    endloop
  endfacet
  facet normal 0 0 1
    outer loop
      vertex -0.7859788493210872 -1.0354888934314552 80
      vertex -0.7859788493210873 1.0354888934314552 80
      vertex -0.8286511866732965 1.0016672156085262 80
    endloop
  endfacet
  facet normal 0 0 1
    outer loop
      vertex -0.7419276379897614 -1.0674939718738152 80
      vertex -0.7419276379897611 1.0674939718738152 80
      vertex -0.7859788493210873 1.0354888934314552 80
    endloop
  endfacet
  facet normal -0.8439484006225735 0.5355859411666043 0.029979938480309967
    outer loop
      vertex -1.0827976129231294 0.7194090140163473 80
      vertex -1.207485922657431 0.8022517289380757 75.01
      vertex -1.2400215679546864 0.7509837554882264 75.01
    endloop
  endfacet
  facet normal -0.8207801030729096 0.570457032289322 0.029979938480309932
    outer loop
      vertex -1.0517220926874318 0.7641208279802151 80
      vertex -1.172831936745361 0.8521122802483981 75.01
      vertex -1.207485922657431 0.8022517289380757 75.01
    endloop
  endfacet
  facet normal -0.820780103072911 0.57045703228932 0.02997993848030996
    outer loop
      vertex -1.0827976129231294 0.7194090140163473 80
      vertex -1.0517220926874318 0.7641208279802151 80
      vertex -1.207485922657431 0.8022517289380757 75.01
    endloop
  endfacet
  facet normal -0.7961718783195034 0.6043273479348016 0.02997993848030994
    outer loop
      vertex -1.0517220926874318 0.7641208279802151 80
      vertex -1.0188014945235917 0.8074921143618036 80
      vertex -1.172831936745361 0.8521122802483981 75.01
    endloop
  endfacet
  facet normal -0.7961718783195056 0.6043273479347987 0.02997993848030998
    outer loop
      vertex -1.0188014945235917 0.8074921143618036 80
      vertex -1.1361204050852698 0.9004779370694664 75.01
      vertex -1.172831936745361 0.8521122802483981 75.01
    endloop
  endfacet
  facet normal -0.770166897550502 0.6371374680601913 0.02997993848030993
    outer loop
      vertex -0.9840935723472832 0.8494467851871373 80
      vertex -1.0974157321783509 0.9472638496044559 75.01
      vertex -1.1361204050852698 0.9004779370694664 75.01
    endloop
  endfacet
  facet normal -0.7701668975505042 0.6371374680601889 0.029979938480309977
    outer loop
      vertex -1.0188014945235917 0.8074921143618036 80
      vertex -0.9840935723472832 0.8494467851871373 80
      vertex -1.1361204050852698 0.9004779370694664 75.01
    endloop
  endfacet
  facet normal -0.7428107823387282 0.6688298325658354 0.029979938480309932
    outer loop
      vertex -0.9840935723472832 0.8494467851871373 80
      vertex -0.9476592156478352 0.8899112377072951 80
      vertex -1.0974157321783509 0.9472638496044559 75.01
    endloop
  endfacet
  facet normal -0.7141515246059337 0.6993488422752535 0.029979938480309998
    outer loop
      vertex -0.9476592156478352 0.8899112377072951 80
      vertex -0.9095623426673751 0.9288144835226444 80
      vertex -1.0567858191728206 0.9923879394648195 75.01
    endloop
  endfacet
  facet normal -0.7428107823387312 0.6688298325658318 0.029979938480309994
    outer loop
      vertex -0.9476592156478352 0.8899112377072951 80
      vertex -1.0567858191728206 0.9923879394648195 75.01
      vertex -1.0974157321783509 0.9472638496044559 75.01
    endloop
  endfacet
  facet normal -0.7141515246059318 0.6993488422752553 0.029979938480309953
    outer loop
      vertex -0.9095623426673751 0.9288144835226444 80
      vertex -1.0143019447422257 1.035771043663675 75.01
      vertex -1.0567858191728206 0.9923879394648195 75.01
    endloop
  endfacet
  facet normal -0.6842394024286597 0.7286409564749894 0.02997993848030997
    outer loop
      vertex -0.8698697882665157 0.9660882731206125 80
      vertex -0.9700386400384367 1.0773370534945783 75.01
      vertex -1.0143019447422257 1.035771043663675 75.01
    endloop
  endfacet
  facet normal -0.6842394024286584 0.7286409564749906 0.02997993848030996
    outer loop
      vertex -0.9095623426673751 0.9288144835226444 80
      vertex -0.8698697882665157 0.9660882731206125 80
      vertex -1.0143019447422257 1.035771043663675 75.01
    endloop
  endfacet
  facet normal -0.6531268918334147 0.7566547868432079 0.029979938480309984
    outer loop
      vertex -0.8698697882665157 0.9660882731206125 80
      vertex -0.8286511866732965 1.0016672156085262 80
      vertex -0.9700386400384367 1.0773370534945783 75.01
    endloop
  endfacet
  facet normal -0.6531268918334145 0.7566547868432076 0.02997993848030998
    outer loop
      vertex -0.8286511866732965 1.0016672156085262 80
      vertex -0.9240735579386753 1.1170130480520617 75.01
      vertex -0.9700386400384367 1.0773370534945783 75.01
    endloop
  endfacet
  facet normal -0.620868574735881 0.7833411876022816 0.02997993848030995
    outer loop
      vertex -0.7859788493210873 1.0354888934314552 80
      vertex -0.8764873368159847 1.154729422159677 75.01
      vertex -0.9240735579386753 1.1170130480520617 75.01
    endloop
  endfacet
  facet normal -0.6208685747358828 0.7833411876022801 0.02997993848030998
    outer loop
      vertex -0.8286511866732965 1.0016672156085262 80
      vertex -0.7859788493210873 1.0354888934314552 80
      vertex -0.9240735579386753 1.1170130480520617 75.01
    endloop
  endfacet
  facet normal -0.5875210431857062 0.8086533417371724 0.029979938480309946
    outer loop
      vertex -0.7859788493210873 1.0354888934314552 80
      vertex -0.7419276379897611 1.0674939718738152 80
      vertex -0.8764873368159847 1.154729422159677 75.01
    endloop
  endfacet
  facet normal -0.553142800084792 0.8325468431284049 0.029979938480309967
    outer loop
      vertex -0.7419276379897611 1.0674939718738152 80
      vertex -0.6965748334726958 1.0976263031526194 80
      vertex -0.8273634590721204 1.1904200084811305 75.01
    endloop
  endfacet
  facet normal -0.5875210431857072 0.8086533417371718 0.029979938480309967
    outer loop
      vertex -0.7419276379897611 1.0674939718738152 80
      vertex -0.8273634590721204 1.1904200084811305 75.01
      vertex -0.8764873368159847 1.154729422159677 75.01
    endloop
  endfacet
  facet normal -0.5531428000847953 0.8325468431284024 0.029979938480309998
    outer loop
      vertex -0.6965748334726958 1.0976263031526194 80
      vertex -0.7767881046810515 1.224022193600271 75.01
      vertex -0.8273634590721204 1.1904200084811305 75.01
    endloop
  endfacet
  facet normal 0 0 1
    outer loop
      vertex -0.6965748334726958 -1.0976263031526194 80
      vertex -0.6965748334726958 1.0976263031526194 80
      vertex -0.7419276379897611 1.0674939718738152 80
    endloop
  endfacet
  facet normal 0 0 1
    outer loop
      vertex -0.65 -1.12583302491977 80
      vertex -0.65 1.12583302491977 80
      vertex -0.6965748334726958 1.0976263031526194 80
    endloop
  endfacet
  facet normal 0 0 1
    outer loop
      vertex -0.6022848456558201 -1.1520646530005791 80
      vertex -0.6022848456558201 1.1520646530005791 80
      vertex -0.65 1.12583302491977 80
    endloop
  endfacet
  facet normal 0 0 1
    outer loop
      vertex -0.5535130790345942 -1.1762751682058254 80
      vertex -0.5535130790345946 1.1762751682058254 80
      vertex -0.6022848456558201 1.1520646530005791 80
    endloop
  endfacet
  facet normal 0 0 1
    outer loop
      vertex -0.5037702623877341 -1.1984220970650505 80
      vertex -0.5037702623877338 1.1984220970650508 80
      vertex -0.5535130790345946 1.1762751682058254 80
    endloop
  endfacet
  facet normal 0 0 1
    outer loop
      vertex -0.4531436615183599 -1.218466586339459 80
      vertex -0.4531436615183599 1.218466586339459 80
      vertex -0.5037702623877338 1.1984220970650508 80
    endloop
  endfacet
  facet normal 0 0 1
    outer loop
      vertex -0.40172209268743164 -1.2363734711836996 80
      vertex -0.40172209268743164 1.2363734711836996 80
      vertex -0.4531436615183599 1.218466586339459 80
    endloop
  endfacet
  facet normal 0 0 1
    outer loop
      vertex -0.3495957667998453 -1.2521113368369556 80
      vertex -0.3495957667998453 1.2521113368369556 80
      vertex -0.40172209268743164 1.2363734711836996 80
    endloop
  endfacet
  facet normal 0 0 1
    outer loop
      vertex -0.2968561311438522 -1.2656525737351083 80
      vertex -0.2968561311438525 1.2656525737351083 80
      vertex -0.3495957667998453 1.2521113368369556 80
    endloop
  endfacet
  facet normal 0 0 1
    outer loop
      vertex -0.24359570896144228 -1.2769734259472951 80
      vertex -0.24359570896144195 1.2769734259472953 80
      vertex -0.2968561311438525 1.2656525737351083 80
    endloop
  endfacet
  facet normal 0 0 1
    outer loop
      vertex -0.18990793713113457 -1.2860540328518848 80
      vertex -0.1899079371311352 1.2860540328518848 80
      vertex -0.24359570896144195 1.2769734259472953 80
    endloop
  endfacet
  facet normal 0 0 1
    outer loop
      vertex -0.13588700224794953 -1.2928784639787554 80
      vertex -0.13588700224794953 1.2928784639787554 80
      vertex -0.1899079371311352 1.2860540328518848 80
    endloop
  endfacet
  facet normal 0 0 1
    outer loop
      vertex -0.08162767538810789 -1.297434746956753 80
      vertex -0.08162767538810727 1.297434746956753 80
      vertex -0.13588700224794953 1.2928784639787554 80
    endloop
  endfacet
  facet normal 0 0 1
    outer loop
      vertex -0.027225145848363788 -1.299714888517299 80
      vertex -0.027225145848364114 1.299714888517299 80
      vertex -0.08162767538810727 1.297434746956753 80
    endloop
  endfacet
  facet normal -0.5177941565533367 0.8549797744554753 0.029979938480309967
    outer loop
      vertex -0.65 1.12583302491977 80
      vertex -0.7248499999999999 1.2554770278663003 75.01
      vertex -0.7767881046810515 1.224022193600271 75.01
    endloop
  endfacet
  facet normal -0.51779415655334 0.8549797744554734 0.02997993848031002
    outer loop
      vertex -0.6965748334726958 1.0976263031526194 80
      vertex -0.65 1.12583302491977 80
      vertex -0.7767881046810515 1.224022193600271 75.01
    endloop
  endfacet
  facet normal -0.48153712612365934 0.8759127807340659 0.029979938480309963
    outer loop
      vertex -0.65 1.12583302491977 80
      vertex -0.6022848456558201 1.1520646530005791 80
      vertex -0.7248499999999999 1.2554770278663003 75.01
    endloop
  endfacet
  facet normal -0.48153712612366106 0.8759127807340651 0.029979938480309984
    outer loop
      vertex -0.6022848456558201 1.1520646530005791 80
      vertex -0.6716402621132633 1.2847293288114918 75.01
      vertex -0.7248499999999999 1.2554770278663003 75.01
    endloop
  endfacet
  facet normal -0.4444353159473435 0.895309138358088 0.02997993848030999
    outer loop
      vertex -0.6022848456558201 1.1520646530005791 80
      vertex -0.5535130790345946 1.1762751682058254 80
      vertex -0.6716402621132633 1.2847293288114918 75.01
    endloop
  endfacet
  facet normal -0.4444353159473415 0.8953091383580889 0.02997993848030996
    outer loop
      vertex -0.5535130790345946 1.1762751682058254 80
      vertex -0.6172522389818859 1.3117277779599883 75.01
      vertex -0.6716402621132633 1.2847293288114918 75.01
    endloop
  endfacet
  facet normal -0.4065538152067154 0.913134819525343 0.029979938480309973
    outer loop
      vertex -0.5037702623877338 1.1984220970650508 80
      vertex -0.5617813456796136 1.336425010857849 75.01
      vertex -0.6172522389818859 1.3117277779599883 75.01
    endloop
  endfacet
  facet normal -0.36795908092630214 0.9293585519338529 0.02997993848030994
    outer loop
      vertex -0.4531436615183599 1.218466586339459 80
      vertex -0.5053248970024355 1.3587777001663948 75.01
      vertex -0.5617813456796136 1.336425010857849 75.01
    endloop
  endfacet
  facet normal -0.40655381520671474 0.9131348195253433 0.029979938480309956
    outer loop
      vertex -0.5535130790345946 1.1762751682058254 80
      vertex -0.5037702623877338 1.1984220970650508 80
      vertex -0.6172522389818859 1.3117277779599883 75.01
    endloop
  endfacet
  facet normal -0.3679590809263048 0.9293585519338518 0.02997993848030997
    outer loop
      vertex -0.5037702623877338 1.1984220970650508 80
      vertex -0.4531436615183599 1.218466586339459 80
      vertex -0.5617813456796136 1.336425010857849 75.01
    endloop
  endfacet
  facet normal -0.3287188213846077 0.9439518736441129 0.02997993848030993
    outer loop
      vertex -0.4531436615183599 1.218466586339459 80
      vertex -0.40172209268743164 1.2363734711836996 80
      vertex -0.5053248970024355 1.3587777001663948 75.01
    endloop
  endfacet
  facet normal -0.28890187733080497 0.956889183010997 0.02997993848030998
    outer loop
      vertex -0.40172209268743164 1.2363734711836996 80
      vertex -0.3495957667998453 1.2521113368369556 80
      vertex -0.4479819367453612 1.3787466316730839 75.01
    endloop
  endfacet
  facet normal -0.32871882138461134 0.9439518736441116 0.029979938480309984
    outer loop
      vertex -0.40172209268743164 1.2363734711836996 80
      vertex -0.4479819367453612 1.3787466316730839 75.01
      vertex -0.5053248970024355 1.3587777001663948 75.01
    endloop
  endfacet
  facet normal -0.28890187733080613 0.9568891830109968 0.029979938480309984
    outer loop
      vertex -0.3495957667998453 1.2521113368369556 80
      vertex -0.3898530639459505 1.396296773086565 75.01
      vertex -0.4479819367453612 1.3787466316730839 75.01
    endloop
  endfacet
  facet normal -0.24857810121464022 0.9681477835977526 0.029979938480309994
    outer loop
      vertex -0.3495957667998453 1.2521113368369556 80
      vertex -0.2968561311438525 1.2656525737351083 80
      vertex -0.3898530639459505 1.396296773086565 75.01
    endloop
  endfacet
  facet normal -0.24857810121463977 0.9681477835977528 0.029979938480309994
    outer loop
      vertex -0.2968561311438525 1.2656525737351083 80
      vertex -0.3310402563994176 1.4113973354952203 75.01
      vertex -0.3898530639459505 1.396296773086565 75.01
    endloop
  endfacet
  facet normal -0.20781823464154062 0.9777079239932498 0.029979938480309977
    outer loop
      vertex -0.24359570896144195 1.2769734259472953 80
      vertex -0.2716466917549249 1.4240218273813798 75.01
      vertex -0.3310402563994176 1.4113973354952203 75.01
    endloop
  endfacet
  facet normal -0.20781823464154187 0.9777079239932498 0.02997993848031
    outer loop
      vertex -0.2968561311438525 1.2656525737351083 80
      vertex -0.24359570896144195 1.2769734259472953 80
      vertex -0.3310402563994176 1.4113973354952203 75.01
    endloop
  endfacet
  facet normal -0.16669378426776676 0.9855528324626782 0.029979938480309953
    outer loop
      vertex -0.1899079371311352 1.2860540328518848 80
      vertex -0.21177656650692822 1.4341481010964439 75.01
      vertex -0.2716466917549249 1.4240218273813798 75.01
    endloop
  endfacet
  facet normal -0.16669378426776763 0.985552832462678 0.029979938480309967
    outer loop
      vertex -0.24359570896144195 1.2769734259472953 80
      vertex -0.1899079371311352 1.2860540328518848 80
      vertex -0.2716466917549249 1.4240218273813798 75.01
    endloop
  endfacet
  facet normal -0.12527689635346578 0.9916687463708634 0.02997993848030999
    outer loop
      vertex -0.13588700224794953 1.2928784639787554 80
      vertex -0.15153491319911722 1.4417583917153858 75.01
      vertex -0.21177656650692822 1.4341481010964439 75.01
    endloop
  endfacet
  facet normal -0.0836402301935747 0.9960449363266111 0.02997993848030996
    outer loop
      vertex -0.08162767538810727 1.297434746956753 80
      vertex -0.09102741616164545 1.446839348202465 75.01
      vertex -0.15153491319911722 1.4417583917153858 75.01
    endloop
  endfacet
  facet normal -0.12527689635346356 0.9916687463708637 0.029979938480309956
    outer loop
      vertex -0.1899079371311352 1.2860540328518848 80
      vertex -0.13588700224794953 1.2928784639787554 80
      vertex -0.21177656650692822 1.4341481010964439 75.01
    endloop
  endfacet
  facet normal -0.08364023019357707 0.996044936326611 0.029979938480309994
    outer loop
      vertex -0.13588700224794953 1.2928784639787554 80
      vertex -0.08162767538810727 1.297434746956753 80
      vertex -0.15153491319911722 1.4417583917153858 75.01
    endloop
  endfacet
  facet normal -0.04185683064878973 0.9986737250056974 0.029979938480309967
    outer loop
      vertex -0.027225145848364114 1.299714888517299 80
      vertex -0.030360226104902653 1.4493820568334832 75.01
      vertex -0.09102741616164545 1.446839348202465 75.01
    endloop
  endfacet
  facet normal -0.04185683064878937 0.9986737250056975 0.02997993848030996
    outer loop
      vertex -0.08162767538810727 1.297434746956753 80
      vertex -0.027225145848364114 1.299714888517299 80
      vertex -0.09102741616164545 1.446839348202465 75.01
    endloop
  endfacet
  facet normal 0 0.999550500619512 0.02997993848030997
    outer loop
      vertex -0.027225145848364114 1.299714888517299 80
      vertex 0.027225145848364114 1.299714888517299 80
      vertex -0.030360226104902653 1.4493820568334832 75.01
    endloop
  endfacet
  facet normal 0.04185683064878901 -0.9986737250056974 0.029979938480309963
    outer loop
      vertex 0.027225145848363788 -1.299714888517299 80
      vertex 0.03036022610490229 -1.4493820568334832 75.01
      vertex 0.09102741616164614 -1.446839348202465 75.01
    endloop
  endfacet
  facet normal 0 -0.9995505006195118 0.02997993848030996
    outer loop
      vertex -0.027225145848363788 -1.299714888517299 80
      vertex 0.03036022610490229 -1.4493820568334832 75.01
      vertex 0.027225145848363788 -1.299714888517299 80
    endloop
  endfacet
  facet normal 0.04185683064878863 -0.9986737250056975 0.029979938480309963
    outer loop
      vertex 0.027225145848363788 -1.299714888517299 80
      vertex 0.09102741616164614 -1.446839348202465 75.01
      vertex 0.08162767538810789 -1.297434746956753 80
    endloop
  endfacet
  facet normal 0.08364023019357564 -0.996044936326611 0.029979938480309963
    outer loop
      vertex 0.08162767538810789 -1.297434746956753 80
      vertex 0.09102741616164614 -1.446839348202465 75.01
      vertex 0.15153491319911722 -1.4417583917153858 75.01
    endloop
  endfacet
  facet normal 0.12527689635346725 -0.9916687463708631 0.029979938480309987
    outer loop
      vertex 0.13588700224794953 -1.2928784639787554 80
      vertex 0.15153491319911722 -1.4417583917153858 75.01
      vertex 0.2117765665069275 -1.4341481010964439 75.01
    endloop
  endfacet
  facet normal 0.083640230193578 -0.9960449363266107 0.029979938480309994
    outer loop
      vertex 0.08162767538810789 -1.297434746956753 80
      vertex 0.15153491319911722 -1.4417583917153858 75.01
      vertex 0.13588700224794953 -1.2928784639787554 80
    endloop
  endfacet
  facet normal 0.12527689635346503 -0.9916687463708636 0.02997993848030996
    outer loop
      vertex 0.13588700224794953 -1.2928784639787554 80
      vertex 0.2117765665069275 -1.4341481010964439 75.01
      vertex 0.18990793713113457 -1.2860540328518848 80
    endloop
  endfacet
  facet normal 0.16669378426776396 -0.9855528324626789 0.02997993848030996
    outer loop
      vertex 0.18990793713113457 -1.2860540328518848 80
      vertex 0.2117765665069275 -1.4341481010964439 75.01
      vertex 0.27164669175492523 -1.4240218273813798 75.01
    endloop
  endfacet
  facet normal 0.1666937842677687 -0.9855528324626781 0.029979938480310022
    outer loop
      vertex 0.18990793713113457 -1.2860540328518848 80
      vertex 0.27164669175492523 -1.4240218273813798 75.01
      vertex 0.24359570896144228 -1.2769734259472951 80
    endloop
  endfacet
  facet normal 0.20781823464154284 -0.9777079239932492 0.029979938480310008
    outer loop
      vertex 0.24359570896144228 -1.2769734259472951 80
      vertex 0.27164669175492523 -1.4240218273813798 75.01
      vertex 0.33104025639941725 -1.4113973354952203 75.01
    endloop
  endfacet
  facet normal 0.24857810121463902 -0.968147783597753 0.029979938480309987
    outer loop
      vertex 0.2968561311438522 -1.2656525737351083 80
      vertex 0.33104025639941725 -1.4113973354952203 75.01
      vertex 0.3898530639459512 -1.3962967730865647 75.01
    endloop
  endfacet
  facet normal 0.2078182346415404 -0.9777079239932499 0.02997993848030999
    outer loop
      vertex 0.24359570896144228 -1.2769734259472951 80
      vertex 0.33104025639941725 -1.4113973354952203 75.01
      vertex 0.2968561311438522 -1.2656525737351083 80
    endloop
  endfacet
  facet normal 0.24857810121463583 -0.9681477835977539 0.029979938480309956
    outer loop
      vertex 0.2968561311438522 -1.2656525737351083 80
      vertex 0.3898530639459512 -1.3962967730865647 75.01
      vertex 0.34959576679984594 -1.2521113368369556 80
    endloop
  endfacet
  facet normal 0.28890187733080647 -0.9568891830109966 0.029979938480309946
    outer loop
      vertex 0.34959576679984594 -1.2521113368369556 80
      vertex 0.3898530639459512 -1.3962967730865647 75.01
      vertex 0.4479819367453612 -1.3787466316730839 75.01
    endloop
  endfacet
  facet normal 0.32871882138460823 -0.9439518736441127 0.02997993848030999
    outer loop
      vertex 0.40172209268743164 -1.2363734711836996 80
      vertex 0.4479819367453612 -1.3787466316730839 75.01
      vertex 0.5053248970024349 -1.3587777001663952 75.01
    endloop
  endfacet
  facet normal 0.2889018773308083 -0.9568891830109959 0.02997993848030998
    outer loop
      vertex 0.34959576679984594 -1.2521113368369556 80
      vertex 0.4479819367453612 -1.3787466316730839 75.01
      vertex 0.40172209268743164 -1.2363734711836996 80
    endloop
  endfacet
  facet normal 0.32871882138460723 -0.9439518736441131 0.029979938480309967
    outer loop
      vertex 0.40172209268743164 -1.2363734711836996 80
      vertex 0.5053248970024349 -1.3587777001663952 75.01
      vertex 0.45314366151835933 -1.2184665863394593 80
    endloop
  endfacet
  facet normal 0.36795908092630597 -0.9293585519338513 0.029979938480309967
    outer loop
      vertex 0.45314366151835933 -1.2184665863394593 80
      vertex 0.5053248970024349 -1.3587777001663952 75.01
      vertex 0.5617813456796139 -1.3364250108578488 75.01
    endloop
  endfacet
  facet normal 0.40655381520671713 -0.9131348195253423 0.029979938480309973
    outer loop
      vertex 0.5037702623877341 -1.1984220970650505 80
      vertex 0.5617813456796139 -1.3364250108578488 75.01
      vertex 0.6172522389818854 -1.3117277779599883 75.01
    endloop
  endfacet
  facet normal 0.3679590809263063 -0.9293585519338512 0.029979938480309973
    outer loop
      vertex 0.45314366151835933 -1.2184665863394593 80
      vertex 0.5617813456796139 -1.3364250108578488 75.01
      vertex 0.5037702623877341 -1.1984220970650505 80
    endloop
  endfacet
  facet normal 0.4065538152067159 -0.9131348195253427 0.029979938480309946
    outer loop
      vertex 0.5037702623877341 -1.1984220970650505 80
      vertex 0.6172522389818854 -1.3117277779599883 75.01
      vertex 0.5535130790345942 -1.1762751682058254 80
    endloop
  endfacet
  facet normal 0.44443531594734004 -0.8953091383580896 0.029979938480309942
    outer loop
      vertex 0.5535130790345942 -1.1762751682058254 80
      vertex 0.6172522389818854 -1.3117277779599883 75.01
      vertex 0.671640262113264 -1.2847293288114914 75.01
    endloop
  endfacet
  facet normal 0.4444353159473394 -0.8953091383580899 0.029979938480309946
    outer loop
      vertex 0.5535130790345942 -1.1762751682058254 80
      vertex 0.671640262113264 -1.2847293288114914 75.01
      vertex 0.6022848456558207 -1.152064653000579 80
    endloop
  endfacet
  facet normal 0.48153712612366006 -0.8759127807340656 0.029979938480309956
    outer loop
      vertex 0.6022848456558207 -1.152064653000579 80
      vertex 0.671640262113264 -1.2847293288114914 75.01
      vertex 0.7248499999999999 -1.2554770278663003 75.01
    endloop
  endfacet
  facet normal 0.517794156553337 -0.8549797744554751 0.02997993848030997
    outer loop
      vertex 0.65 -1.12583302491977 80
      vertex 0.7248499999999999 -1.2554770278663003 75.01
      vertex 0.7767881046810508 -1.2240221936002715 75.01
    endloop
  endfacet
  facet normal 0.48153712612366134 -0.8759127807340648 0.029979938480309963
    outer loop
      vertex 0.6022848456558207 -1.152064653000579 80
      vertex 0.7248499999999999 -1.2554770278663003 75.01
      vertex 0.65 -1.12583302491977 80
    endloop
  endfacet
  facet normal 0.5177941565533394 -0.8549797744554737 0.029979938480309994
    outer loop
      vertex 0.65 -1.12583302491977 80
      vertex 0.7767881046810508 -1.2240221936002715 75.01
      vertex 0.6965748334726951 -1.0976263031526199 80
    endloop
  endfacet
  facet normal 0 0 1
    outer loop
      vertex 0.027225145848363788 -1.299714888517299 80
      vertex 0.08162767538810789 -1.297434746956753 80
      vertex 0.027225145848364114 1.299714888517299 80
    endloop
  endfacet
  facet normal 0 0 1
    outer loop
      vertex 0.08162767538810789 -1.297434746956753 80
      vertex 0.13588700224794953 -1.2928784639787554 80
      vertex 0.08162767538810727 1.297434746956753 80
    endloop
  endfacet
  facet normal 0 0 1
    outer loop
      vertex 0.13588700224794953 -1.2928784639787554 80
      vertex 0.18990793713113457 -1.2860540328518848 80
      vertex 0.13588700224794953 1.2928784639787554 80
    endloop
  endfacet
  facet normal 0 0 1
    outer loop
      vertex 0.18990793713113457 -1.2860540328518848 80
      vertex 0.24359570896144228 -1.2769734259472951 80
      vertex 0.1899079371311352 1.2860540328518848 80
    endloop
  endfacet
  facet normal 0 0 1
    outer loop
      vertex 0.24359570896144228 -1.2769734259472951 80
      vertex 0.2968561311438522 -1.2656525737351083 80
      vertex 0.24359570896144195 1.2769734259472953 80
    endloop
  endfacet
  facet normal 0 0 1
    outer loop
      vertex 0.2968561311438522 -1.2656525737351083 80
      vertex 0.34959576679984594 -1.2521113368369556 80
      vertex 0.2968561311438525 1.2656525737351083 80
    endloop
  endfacet
  facet normal 0 0 1
    outer loop
      vertex 0.34959576679984594 -1.2521113368369556 80
      vertex 0.40172209268743164 -1.2363734711836996 80
      vertex 0.3495957667998453 1.2521113368369556 80
    endloop
  endfacet
  facet normal 0 0 1
    outer loop
      vertex 0.40172209268743164 -1.2363734711836996 80
      vertex 0.45314366151835933 -1.2184665863394593 80
      vertex 0.40172209268743164 1.2363734711836996 80
    endloop
  endfacet
  facet normal 0 0 1
    outer loop
      vertex 0.45314366151835933 -1.2184665863394593 80
      vertex 0.5037702623877341 -1.1984220970650505 80
      vertex 0.4531436615183599 1.218466586339459 80
    endloop
  endfacet
  facet normal 0 0 1
    outer loop
      vertex 0.5037702623877341 -1.1984220970650505 80
      vertex 0.5535130790345942 -1.1762751682058254 80
      vertex 0.5037702623877338 1.1984220970650508 80
    endloop
  endfacet
  facet normal 0 0 1
    outer loop
      vertex 0.5535130790345942 -1.1762751682058254 80
      vertex 0.6022848456558207 -1.152064653000579 80
      vertex 0.5535130790345946 1.1762751682058254 80
    endloop
  endfacet
  facet normal 0 0 1
    outer loop
      vertex 0.6022848456558207 -1.152064653000579 80
      vertex 0.65 -1.12583302491977 80
      vertex 0.6022848456558203 1.1520646530005791 80
    endloop
  endfacet
  facet normal 0 0 1
    outer loop
      vertex 0.65 -1.12583302491977 80
      vertex 0.6965748334726951 -1.0976263031526199 80
      vertex 0.65 1.12583302491977 80
    endloop
  endfacet
  facet normal 0 0 1
    outer loop
      vertex 0.6965748334726951 -1.0976263031526199 80
      vertex 0.7419276379897614 -1.0674939718738152 80
      vertex 0.6965748334726957 1.0976263031526197 80
    endloop
  endfacet
  facet normal 0.5531428000847946 -0.8325468431284031 0.02997993848030999
    outer loop
      vertex 0.6965748334726951 -1.0976263031526199 80
      vertex 0.7767881046810508 -1.2240221936002715 75.01
      vertex 0.8273634590721207 -1.1904200084811303 75.01
    endloop
  endfacet
  facet normal 0.5875210431857083 -0.8086533417371711 0.029979938480309942
    outer loop
      vertex 0.7419276379897614 -1.0674939718738152 80
      vertex 0.8273634590721207 -1.1904200084811303 75.01
      vertex 0.8764873368159846 -1.154729422159677 75.01
    endloop
  endfacet
  facet normal 0.5531428000847902 -0.8325468431284062 0.02997993848030994
    outer loop
      vertex 0.6965748334726951 -1.0976263031526199 80
      vertex 0.8273634590721207 -1.1904200084811303 75.01
      vertex 0.7419276379897614 -1.0674939718738152 80
    endloop
  endfacet
  facet normal 0.5875210431857092 -0.8086533417371704 0.029979938480309953
    outer loop
      vertex 0.7419276379897614 -1.0674939718738152 80
      vertex 0.8764873368159846 -1.154729422159677 75.01
      vertex 0.7859788493210872 -1.0354888934314552 80
    endloop
  endfacet
  facet normal 0.6208685747358811 -0.7833411876022813 0.029979938480309956
    outer loop
      vertex 0.7859788493210872 -1.0354888934314552 80
      vertex 0.8764873368159846 -1.154729422159677 75.01
      vertex 0.9240735579386757 -1.1170130480520613 75.01
    endloop
  endfacet
  facet normal 0.653126891833414 -0.756654786843208 0.029979938480309977
    outer loop
      vertex 0.828651186673297 -1.0016672156085258 80
      vertex 0.9240735579386757 -1.1170130480520613 75.01
      vertex 0.9700386400384367 -1.0773370534945783 75.01
    endloop
  endfacet
  facet normal 0.6208685747358828 -0.7833411876022801 0.029979938480309984
    outer loop
      vertex 0.7859788493210872 -1.0354888934314552 80
      vertex 0.9240735579386757 -1.1170130480520613 75.01
      vertex 0.828651186673297 -1.0016672156085258 80
    endloop
  endfacet
  facet normal 0.6531268918334139 -0.7566547868432083 0.029979938480309984
    outer loop
      vertex 0.828651186673297 -1.0016672156085258 80
      vertex 0.9700386400384367 -1.0773370534945783 75.01
      vertex 0.8698697882665157 -0.9660882731206125 80
    endloop
  endfacet
  facet normal 0.6842394024286593 -0.7286409564749898 0.029979938480309946
    outer loop
      vertex 0.8698697882665157 -0.9660882731206125 80
      vertex 1.0143019447422252 -1.0357710436636751 75.01
      vertex 0.9095623426673747 -0.9288144835226447 80
    endloop
  endfacet
  facet normal 0.6842394024286614 -0.7286409564749878 0.02997993848030997
    outer loop
      vertex 0.8698697882665157 -0.9660882731206125 80
      vertex 0.9700386400384367 -1.0773370534945783 75.01
      vertex 1.0143019447422252 -1.0357710436636751 75.01
    endloop
  endfacet
  facet normal 0.71415152460593 -0.6993488422752572 0.02997993848030994
    outer loop
      vertex 0.9095623426673747 -0.9288144835226447 80
      vertex 1.0143019447422252 -1.0357710436636751 75.01
      vertex 1.0567858191728206 -0.9923879394648195 75.01
    endloop
  endfacet
  facet normal 0.7428107823387312 -0.6688298325658318 0.029979938480309994
    outer loop
      vertex 0.9476592156478352 -0.8899112377072951 80
      vertex 1.0567858191728206 -0.9923879394648195 75.01
      vertex 1.0974157321783509 -0.9472638496044559 75.01
    endloop
  endfacet
  facet normal 0.7141515246059327 -0.6993488422752546 0.029979938480309998
    outer loop
      vertex 0.9095623426673747 -0.9288144835226447 80
      vertex 1.0567858191728206 -0.9923879394648195 75.01
      vertex 0.9476592156478352 -0.8899112377072951 80
    endloop
  endfacet
  facet normal 0.7428107823387282 -0.6688298325658354 0.029979938480309932
    outer loop
      vertex 0.9476592156478352 -0.8899112377072951 80
      vertex 1.0974157321783509 -0.9472638496044559 75.01
      vertex 0.9840935723472832 -0.8494467851871373 80
    endloop
  endfacet
  facet normal 0.7701668975505014 -0.637137468060192 0.029979938480309925
    outer loop
      vertex 0.9840935723472832 -0.8494467851871373 80
      vertex 1.0974157321783509 -0.9472638496044559 75.01
      vertex 1.1361204050852702 -0.900477937069466 75.01
    endloop
  endfacet
  facet normal 0.7961718783195064 -0.6043273479347975 0.029979938480309973
    outer loop
      vertex 1.0188014945235921 -0.8074921143618031 80
      vertex 1.1361204050852702 -0.900477937069466 75.01
      vertex 1.172831936745361 -0.8521122802483981 75.01
    endloop
  endfacet
  facet normal 0.7701668975505034 -0.6371374680601897 0.029979938480309973
    outer loop
      vertex 0.9840935723472832 -0.8494467851871373 80
      vertex 1.1361204050852702 -0.900477937069466 75.01
      vertex 1.0188014945235921 -0.8074921143618031 80
    endloop
  endfacet
  facet normal 0.7961718783195044 -0.6043273479348003 0.029979938480309935
    outer loop
      vertex 1.0188014945235921 -0.8074921143618031 80
      vertex 1.172831936745361 -0.8521122802483981 75.01
      vertex 1.0517220926874318 -0.7641208279802151 80
    endloop
  endfacet
  facet normal 0.8207801030729109 -0.5704570322893201 0.029979938480309973
    outer loop
      vertex 1.0517220926874318 -0.7641208279802151 80
      vertex 1.2074859226574308 -0.8022517289380762 75.01
      vertex 1.0827976129231291 -0.7194090140163476 80
    endloop
  endfacet
  facet normal 0.820780103072909 -0.570457032289323 0.02997993848030994
    outer loop
      vertex 1.0517220926874318 -0.7641208279802151 80
      vertex 1.172831936745361 -0.8521122802483981 75.01
      vertex 1.2074859226574308 -0.8022517289380762 75.01
    endloop
  endfacet
  facet normal 0.8439484006225738 -0.5355859411666035 0.029979938480309977
    outer loop
      vertex 1.0827976129231291 -0.7194090140163476 80
      vertex 1.2074859226574308 -0.8022517289380762 75.01
      vertex 1.2400215679546864 -0.7509837554882264 75.01
    endloop
  endfacet
  facet normal 0 0 1
    outer loop
      vertex 0.7419276379897614 -1.0674939718738152 80
      vertex 0.7859788493210872 -1.0354888934314552 80
      vertex 0.7419276379897611 1.0674939718738152 80
    endloop
  endfacet
  facet normal 0 0 1
    outer loop
      vertex 0.7859788493210872 -1.0354888934314552 80
      vertex 0.828651186673297 -1.0016672156085258 80
      vertex 0.7859788493210873 1.0354888934314552 80
    endloop
  endfacet
  facet normal 0 0 1
    outer loop
      vertex 0.828651186673297 -1.0016672156085258 80
      vertex 0.8698697882665157 -0.9660882731206125 80
      vertex 0.8286511866732967 1.001667215608526 80
    endloop
  endfacet
  facet normal 0 0 1
    outer loop
      vertex 0.8698697882665157 -0.9660882731206125 80
      vertex 0.9095623426673747 -0.9288144835226447 80
      vertex 0.8698697882665157 0.9660882731206125 80
    endloop
  endfacet
  facet normal 0 0 1
    outer loop
      vertex 0.9095623426673747 -0.9288144835226447 80
      vertex 0.9476592156478352 -0.8899112377072951 80
      vertex 0.9095623426673751 0.9288144835226444 80
    endloop
  endfacet
  facet normal 0 0 1
    outer loop
      vertex 0.9476592156478352 -0.8899112377072951 80
      vertex 0.9840935723472832 -0.8494467851871373 80
      vertex 0.9476592156478351 0.8899112377072954 80
    endloop
  endfacet
  facet normal 0 0 1
    outer loop
      vertex 0.9840935723472832 -0.8494467851871373 80
      vertex 1.0188014945235921 -0.8074921143618031 80
      vertex 0.9840935723472833 0.849446785187137 80
    endloop
  endfacet
  facet normal 0 0 1
    outer loop
      vertex 1.0188014945235921 -0.8074921143618031 80
      vertex 1.0517220926874318 -0.7641208279802151 80
      vertex 1.018801494523592 0.8074921143618035 80
    endloop
  endfacet
  facet normal 0 0 1
    outer loop
      vertex 1.0517220926874318 -0.7641208279802151 80
      vertex 1.0827976129231291 -0.7194090140163476 80
      vertex 1.0517220926874318 0.7641208279802151 80
    endloop
  endfacet
  facet normal 0 0 1
    outer loop
      vertex 1.0827976129231291 -0.7194090140163476 80
      vertex 1.1119735382086589 -0.673435112185069 80
      vertex 1.0827976129231294 0.7194090140163474 80
    endloop
  endfacet
  facet normal 0 0 1
    outer loop
      vertex 1.1119735382086589 -0.673435112185069 80
      vertex 1.1391986840570225 -0.62627977633223 80
      vertex 1.1119735382086586 0.6734351121850692 80
    endloop
  endfacet
  facet normal 0.86563612590195 -0.4997752503097567 0.029979938480309946
    outer loop
      vertex 1.1119735382086589 -0.673435112185069 80
      vertex 1.2400215679546864 -0.7509837554882264 75.01
      vertex 1.2703817940595887 -0.6983983013452567 75.01
    endloop
  endfacet
  facet normal 0.8439484006225726 -0.5355859411666055 0.02997993848030995
    outer loop
      vertex 1.0827976129231291 -0.7194090140163476 80
      vertex 1.2400215679546864 -0.7509837554882264 75.01
      vertex 1.1119735382086589 -0.673435112185069 80
    endloop
  endfacet
  facet normal 0.8656361259019518 -0.49977525030975356 0.029979938480309984
    outer loop
      vertex 1.1119735382086589 -0.673435112185069 80
      vertex 1.2703817940595887 -0.6983983013452567 75.01
      vertex 1.1391986840570225 -0.62627977633223 80
    endloop
  endfacet
  facet normal 0.8858052312713636 -0.46308778383909355 0.02997993848030997
    outer loop
      vertex 1.1391986840570225 -0.62627977633223 80
      vertex 1.2985133388190768 -0.6445876192643888 75.01
      vertex 1.164425288311237 -0.5780257329404053 80
    endloop
  endfacet
  facet normal 0.8858052312713641 -0.4630877838390923 0.029979938480309984
    outer loop
      vertex 1.1391986840570225 -0.62627977633223 80
      vertex 1.2703817940595887 -0.6983983013452567 75.01
      vertex 1.2985133388190768 -0.6445876192643888 75.01
    endloop
  endfacet
  facet normal 0.904420333266487 -0.4255879040372898 0.02997993848030997
    outer loop
      vertex 1.164425288311237 -0.5780257329404053 80
      vertex 1.2985133388190768 -0.6445876192643888 75.01
      vertex 1.3243668499444783 -0.5896461114669875 75.01
    endloop
  endfacet
  facet normal 0.9044203332664864 -0.4255879040372912 0.029979938480309953
    outer loop
      vertex 1.164425288311237 -0.5780257329404053 80
      vertex 1.3243668499444783 -0.5896461114669875 75.01
      vertex 1.1876090949353812 -0.5287576359985403 80
    endloop
  endfacet
  facet normal 0.921448774672967 -0.3873413984360625 0.02997993848030996
    outer loop
      vertex 1.1876090949353812 -0.5287576359985403 80
      vertex 1.3243668499444783 -0.5896461114669875 75.01
      vertex 1.3478969715921976 -0.5336701640269781 75.01
    endloop
  endfacet
  facet normal 0.9368606818182713 -0.3484153644024912 0.02997993848030995
    outer loop
      vertex 1.2087094316547267 -0.4785619184900819 80
      vertex 1.3478969715921976 -0.5336701640269781 75.01
      vertex 1.3690624239332763 -0.4767579777769238 75.01
    endloop
  endfacet
  facet normal 0.9214487746729669 -0.38734139843606274 0.029979938480309953
    outer loop
      vertex 1.1876090949353812 -0.5287576359985403 80
      vertex 1.3478969715921976 -0.5336701640269781 75.01
      vertex 1.2087094316547267 -0.4785619184900819 80
    endloop
  endfacet
  facet normal 0.9368606818182726 -0.348415364402488 0.029979938480309998
    outer loop
      vertex 1.2087094316547267 -0.4785619184900819 80
      vertex 1.3690624239332763 -0.4767579777769238 75.01
      vertex 1.2276892813087255 -0.427526640760158 80
    endloop
  endfacet
  facet normal 0.9506290169802697 -0.30887809142741623 0.029979938480309967
    outer loop
      vertex 1.2276892813087255 -0.427526640760158 80
      vertex 1.3878260755722376 -0.41900939603040066 75.01
      vertex 1.2445153467916874 -0.37574133602781334 80
    endloop
  endfacet
  facet normal 0.9506290169802705 -0.3088780914274134 0.02997993848030999
    outer loop
      vertex 1.2276892813087255 -0.427526640760158 80
      vertex 1.3690624239332763 -0.4767579777769238 75.01
      vertex 1.3878260755722376 -0.41900939603040066 75.01
    endloop
  endfacet
  facet normal 0.9627296258205732 -0.2687989413224987 0.029979938480309956
    outer loop
      vertex 1.2445153467916874 -0.37574133602781334 80
      vertex 1.3878260755722376 -0.41900939603040066 75.01
      vertex 1.4041550086881764 -0.36052572942288946 75.01
    endloop
  endfacet
  facet normal 0 0 1
    outer loop
      vertex 1.1391986840570225 -0.62627977633223 80
      vertex 1.164425288311237 -0.5780257329404053 80
      vertex 1.1391986840570227 0.62627977633223 80
    endloop
  endfacet
  facet normal 0.9627296258205733 -0.2687989413224984 0.02997993848030997
    outer loop
      vertex 1.2445153467916874 -0.37574133602781334 80
      vertex 1.4041550086881764 -0.36052572942288946 75.01
      vertex 1.2591581094672206 -0.3232968533143108 80
    endloop
  endfacet
  facet normal 0 0 1
    outer loop
      vertex 1.164425288311237 -0.5780257329404053 80
      vertex 1.1876090949353812 -0.5287576359985403 80
      vertex 1.1644252883112367 0.5780257329404057 80
    endloop
  endfacet
  facet normal 0 0 1
    outer loop
      vertex 1.1876090949353812 -0.5287576359985403 80
      vertex 1.2087094316547267 -0.4785619184900819 80
      vertex 1.1876090949353812 0.5287576359985403 80
    endloop
  endfacet
  facet normal 0 0 1
    outer loop
      vertex 1.2087094316547267 -0.4785619184900819 80
      vertex 1.2276892813087255 -0.427526640760158 80
      vertex 1.2087094316547269 0.4785619184900814 80
    endloop
  endfacet
  facet normal 0 0 1
    outer loop
      vertex 1.2276892813087255 -0.427526640760158 80
      vertex 1.2445153467916874 -0.37574133602781334 80
      vertex 1.2276892813087255 0.4275266407601582 80
    endloop
  endfacet
  facet normal 0 0 1
    outer loop
      vertex 1.2445153467916874 -0.37574133602781334 80
      vertex 1.2591581094672206 -0.3232968533143108 80
      vertex 1.2445153467916874 0.3757413360278131 80
    endloop
  endfacet
  facet normal 0 0 1
    outer loop
      vertex 1.2591581094672206 -0.3232968533143108 80
      vertex 1.2715918809539475 -0.27028519806308715 80
      vertex 1.2591581094672204 0.32329685331431124 80
    endloop
  endfacet
  facet normal 0 0 1
    outer loop
      vertex 1.2715918809539475 -0.27028519806308715 80
      vertex 1.2817948481916563 -0.21679937073093347 80
      vertex 1.2715918809539475 0.27028519806308715 80
    endloop
  endfacet
  facet normal 0 0 1
    outer loop
      vertex 1.2817948481916563 -0.21679937073093347 80
      vertex 1.2897491117088213 -0.16293320363359529 80
      vertex 1.2817948481916566 0.21679937073093294 80
    endloop
  endfacet
  facet normal 0 0 1
    outer loop
      vertex 1.2897491117088213 -0.16293320363359529 80
      vertex 1.2954407170243558 -0.1087811963320104 80
      vertex 1.2897491117088213 0.16293320363359554 80
    endloop
  endfacet
  facet normal 0 0 1
    outer loop
      vertex 1.2954407170243558 -0.1087811963320104 80
      vertex 1.2988596791285159 -0.054438349847959 80
      vertex 1.2954407170243558 0.10878119633201012 80
    endloop
  endfacet
  facet normal 0.9731412797594623 -0.2282482265360081 0.029979938480309967
    outer loop
      vertex 1.2591581094672206 -0.3232968533143108 80
      vertex 1.4041550086881764 -0.36052572942288946 75.01
      vertex 1.418020576783798 -0.30140957817850567 75.01
    endloop
  endfacet
  facet normal 0.9731412797594621 -0.22824822653600868 0.029979938480309956
    outer loop
      vertex 1.2591581094672206 -0.3232968533143108 80
      vertex 1.418020576783798 -0.30140957817850567 75.01
      vertex 1.2715918809539475 -0.27028519806308715 80
    endloop
  endfacet
  facet normal 0.9818457132180254 -0.1872970868008997 0.02997993848030995
    outer loop
      vertex 1.2715918809539475 -0.27028519806308715 80
      vertex 1.418020576783798 -0.30140957817850567 75.01
      vertex 1.4293984549411105 -0.241764652114334 75.01
    endloop
  endfacet
  facet normal 0.9888276556621869 -0.1460173643315761 0.029979938480309935
    outer loop
      vertex 1.2817948481916563 -0.21679937073093347 80
      vertex 1.4293984549411105 -0.241764652114334 75.01
      vertex 1.4382686824955984 -0.1816955886981716 75.01
    endloop
  endfacet
  facet normal 0.9818457132180252 -0.18729708680090118 0.02997993848030994
    outer loop
      vertex 1.2715918809539475 -0.27028519806308715 80
      vertex 1.4293984549411105 -0.241764652114334 75.01
      vertex 1.2817948481916563 -0.21679937073093347 80
    endloop
  endfacet
  facet normal 0.9940748583924235 -0.10448147778816991 0.029979938480309953
    outer loop
      vertex 1.2897491117088213 -0.16293320363359529 80
      vertex 1.4382686824955984 -0.1816955886981716 75.01
      vertex 1.4446156980540061 -0.12130776947885803 75.01
    endloop
  endfacet
  facet normal 0.9975781160321324 -0.06276229522968518 0.029979938480309918
    outer loop
      vertex 1.2954407170243558 -0.1087811963320104 80
      vertex 1.4446156980540061 -0.12130776947885803 75.01
      vertex 1.4484283667943147 -0.06070713521122011 75.01
    endloop
  endfacet
  facet normal 0.9888276556621871 -0.14601736433157494 0.029979938480309953
    outer loop
      vertex 1.2817948481916563 -0.21679937073093347 80
      vertex 1.4382686824955984 -0.1816955886981716 75.01
      vertex 1.2897491117088213 -0.16293320363359529 80
    endloop
  endfacet
  facet normal 0.9940748583924233 -0.10448147778817253 0.029979938480309914
    outer loop
      vertex 1.2897491117088213 -0.16293320363359529 80
      vertex 1.4446156980540061 -0.12130776947885803 75.01
      vertex 1.2954407170243558 -0.1087811963320104 80
    endloop
  endfacet
  facet normal 0.9993312826769996 -0.020933006278593364 0.029979938480309973
    outer loop
      vertex 1.2988596791285159 -0.054438349847959 80
      vertex 1.4484283667943147 -0.06070713521122011 75.01
      vertex 1.4496999999999998 0 75.01
    endloop
  endfacet
  facet normal 0.9975781160321328 -0.0627622952296803 0.029979938480309984
    outer loop
      vertex 1.2954407170243558 -0.1087811963320104 80
      vertex 1.4484283667943147 -0.06070713521122011 75.01
      vertex 1.2988596791285159 -0.054438349847959 80
    endloop
  endfacet
  facet normal 0.9993312826769994 -0.020933006278594506 0.02997993848030996
    outer loop
      vertex 1.2988596791285159 -0.054438349847959 80
      vertex 1.4496999999999998 0 75.01
      vertex 1.3 0 80
    endloop
  endfacet
  facet normal 0 0 1
    outer loop
      vertex -0.027225145848364114 1.299714888517299 80
      vertex 0.027225145848363788 -1.299714888517299 80
      vertex 0.027225145848364114 1.299714888517299 80
    endloop
  endfacet
  facet normal 0 0 1
    outer loop
      vertex 0.08162767538810789 -1.297434746956753 80
      vertex 0.08162767538810727 1.297434746956753 80
      vertex 0.027225145848364114 1.299714888517299 80
    endloop
  endfacet
  facet normal 0 0 1
    outer loop
      vertex 0.13588700224794953 -1.2928784639787554 80
      vertex 0.13588700224794953 1.2928784639787554 80
      vertex 0.08162767538810727 1.297434746956753 80
    endloop
  endfacet
  facet normal 0 0 1
    outer loop
      vertex 0.18990793713113457 -1.2860540328518848 80
      vertex 0.1899079371311352 1.2860540328518848 80
      vertex 0.13588700224794953 1.2928784639787554 80
    endloop
  endfacet
  facet normal 0 0 1
    outer loop
      vertex 0.24359570896144228 -1.2769734259472951 80
      vertex 0.24359570896144195 1.2769734259472953 80
      vertex 0.1899079371311352 1.2860540328518848 80
    endloop
  endfacet
  facet normal 0 0 1
    outer loop
      vertex 0.2968561311438522 -1.2656525737351083 80
      vertex 0.2968561311438525 1.2656525737351083 80
      vertex 0.24359570896144195 1.2769734259472953 80
    endloop
  endfacet
  facet normal 0 0 1
    outer loop
      vertex 0.34959576679984594 -1.2521113368369556 80
      vertex 0.3495957667998453 1.2521113368369556 80
      vertex 0.2968561311438525 1.2656525737351083 80
    endloop
  endfacet
  facet normal 0 0 1
    outer loop
      vertex 0.7419276379897614 -1.0674939718738152 80
      vertex 0.7419276379897611 1.0674939718738152 80
      vertex 0.6965748334726957 1.0976263031526197 80
    endloop
  endfacet
  facet normal 0 0 1
    outer loop
      vertex 0.40172209268743164 -1.2363734711836996 80
      vertex 0.40172209268743164 1.2363734711836996 80
      vertex 0.3495957667998453 1.2521113368369556 80
    endloop
  endfacet
  facet normal 0 0 1
    outer loop
      vertex 0.45314366151835933 -1.2184665863394593 80
      vertex 0.4531436615183599 1.218466586339459 80
      vertex 0.40172209268743164 1.2363734711836996 80
    endloop
  endfacet
  facet normal 0 0 1
    outer loop
      vertex 0.5037702623877341 -1.1984220970650505 80
      vertex 0.5037702623877338 1.1984220970650508 80
      vertex 0.4531436615183599 1.218466586339459 80
    endloop
  endfacet
  facet normal 0 0 1
    outer loop
      vertex 0.5535130790345942 -1.1762751682058254 80
      vertex 0.5535130790345946 1.1762751682058254 80
      vertex 0.5037702623877338 1.1984220970650508 80
    endloop
  endfacet
  facet normal 0 0 1
    outer loop
      vertex 0.6022848456558207 -1.152064653000579 80
      vertex 0.6022848456558203 1.1520646530005791 80
      vertex 0.5535130790345946 1.1762751682058254 80
    endloop
  endfacet
  facet normal 0 0 1
    outer loop
      vertex 0.65 -1.12583302491977 80
      vertex 0.65 1.12583302491977 80
      vertex 0.6022848456558203 1.1520646530005791 80
    endloop
  endfacet
  facet normal 0 0 1
    outer loop
      vertex 0.6965748334726951 -1.0976263031526199 80
      vertex 0.6965748334726957 1.0976263031526197 80
      vertex 0.65 1.12583302491977 80
    endloop
  endfacet
  facet normal 0 0.999550500619512 0.029979938480309967
    outer loop
      vertex 0.027225145848364114 1.299714888517299 80
      vertex 0.030360226104902653 1.4493820568334832 75.01
      vertex -0.030360226104902653 1.4493820568334832 75.01
    endloop
  endfacet
  facet normal 0.041856830648789374 0.9986737250056974 0.029979938480309967
    outer loop
      vertex 0.08162767538810727 1.297434746956753 80
      vertex 0.09102741616164545 1.446839348202465 75.01
      vertex 0.030360226104902653 1.4493820568334832 75.01
    endloop
  endfacet
  facet normal 0.04185683064878937 0.9986737250056975 0.029979938480309967
    outer loop
      vertex 0.027225145848364114 1.299714888517299 80
      vertex 0.08162767538810727 1.297434746956753 80
      vertex 0.030360226104902653 1.4493820568334832 75.01
    endloop
  endfacet
  facet normal 0.0836402301935747 0.9960449363266111 0.02997993848030999
    outer loop
      vertex 0.13588700224794953 1.2928784639787554 80
      vertex 0.15153491319911722 1.4417583917153858 75.01
      vertex 0.09102741616164545 1.446839348202465 75.01
    endloop
  endfacet
  facet normal 0.12527689635346578 0.9916687463708634 0.029979938480309963
    outer loop
      vertex 0.1899079371311352 1.2860540328518848 80
      vertex 0.21177656650692822 1.4341481010964439 75.01
      vertex 0.15153491319911722 1.4417583917153858 75.01
    endloop
  endfacet
  facet normal 0.08364023019357707 0.996044936326611 0.02997993848030997
    outer loop
      vertex 0.08162767538810727 1.297434746956753 80
      vertex 0.13588700224794953 1.2928784639787554 80
      vertex 0.09102741616164545 1.446839348202465 75.01
    endloop
  endfacet
  facet normal 0.12527689635346356 0.9916687463708637 0.029979938480309987
    outer loop
      vertex 0.13588700224794953 1.2928784639787554 80
      vertex 0.1899079371311352 1.2860540328518848 80
      vertex 0.15153491319911722 1.4417583917153858 75.01
    endloop
  endfacet
  facet normal 0.24857810121464022 0.9681477835977526 0.029979938480309987
    outer loop
      vertex 0.2968561311438525 1.2656525737351083 80
      vertex 0.3495957667998453 1.2521113368369556 80
      vertex 0.3310402563994176 1.4113973354952203 75.01
    endloop
  endfacet
  facet normal 0.16669378426776646 0.9855528324626784 0.02997993848030998
    outer loop
      vertex 0.24359570896144195 1.2769734259472953 80
      vertex 0.2716466917549249 1.4240218273813798 75.01
      vertex 0.21177656650692822 1.4341481010964439 75.01
    endloop
  endfacet
  facet normal 0.16669378426776763 0.985552832462678 0.029979938480309956
    outer loop
      vertex 0.1899079371311352 1.2860540328518848 80
      vertex 0.24359570896144195 1.2769734259472953 80
      vertex 0.21177656650692822 1.4341481010964439 75.01
    endloop
  endfacet
  facet normal 0.20781823464154187 0.9777079239932498 0.02997993848030998
    outer loop
      vertex 0.2968561311438525 1.2656525737351083 80
      vertex 0.2716466917549249 1.4240218273813798 75.01
      vertex 0.24359570896144195 1.2769734259472953 80
    endloop
  endfacet
  facet normal 0.20781823464154062 0.9777079239932498 0.029979938480309987
    outer loop
      vertex 0.2968561311438525 1.2656525737351083 80
      vertex 0.3310402563994176 1.4113973354952203 75.01
      vertex 0.2716466917549249 1.4240218273813798 75.01
    endloop
  endfacet
  facet normal 0.24857810121464013 0.9681477835977528 0.02997993848031
    outer loop
      vertex 0.3495957667998453 1.2521113368369556 80
      vertex 0.3898530639459505 1.396296773086565 75.01
      vertex 0.3310402563994176 1.4113973354952203 75.01
    endloop
  endfacet
  facet normal 0.28890187733080497 0.956889183010997 0.02997993848031
    outer loop
      vertex 0.3495957667998453 1.2521113368369556 80
      vertex 0.40172209268743164 1.2363734711836996 80
      vertex 0.3898530639459505 1.396296773086565 75.01
    endloop
  endfacet
  facet normal 0.3287188213846077 0.9439518736441129 0.02997993848030998
    outer loop
      vertex 0.40172209268743164 1.2363734711836996 80
      vertex 0.4531436615183599 1.218466586339459 80
      vertex 0.4479819367453612 1.3787466316730839 75.01
    endloop
  endfacet
  facet normal 0.36795908092630203 0.9293585519338529 0.029979938480309967
    outer loop
      vertex 0.5037702623877338 1.1984220970650508 80
      vertex 0.5617813456796136 1.336425010857849 75.01
      vertex 0.5053248970024355 1.3587777001663948 75.01
    endloop
  endfacet
  facet normal 0.3679590809263048 0.9293585519338518 0.029979938480309932
    outer loop
      vertex 0.4531436615183599 1.218466586339459 80
      vertex 0.5037702623877338 1.1984220970650508 80
      vertex 0.5053248970024355 1.3587777001663948 75.01
    endloop
  endfacet
  facet normal 0.40655381520671474 0.9131348195253433 0.029979938480309963
    outer loop
      vertex 0.5037702623877338 1.1984220970650508 80
      vertex 0.5535130790345946 1.1762751682058254 80
      vertex 0.5617813456796136 1.336425010857849 75.01
    endloop
  endfacet
  facet normal 0.2889018773308065 0.9568891830109966 0.029979938480309973
    outer loop
      vertex 0.40172209268743164 1.2363734711836996 80
      vertex 0.4479819367453612 1.3787466316730839 75.01
      vertex 0.3898530639459505 1.396296773086565 75.01
    endloop
  endfacet
  facet normal 0.32871882138461167 0.9439518736441116 0.02997993848030993
    outer loop
      vertex 0.4531436615183599 1.218466586339459 80
      vertex 0.5053248970024355 1.3587777001663948 75.01
      vertex 0.4479819367453612 1.3787466316730839 75.01
    endloop
  endfacet
  facet normal 0.44443531594734187 0.8953091383580889 0.029979938480309963
    outer loop
      vertex 0.5535130790345946 1.1762751682058254 80
      vertex 0.6022848456558203 1.1520646530005791 80
      vertex 0.6172522389818859 1.3117277779599883 75.01
    endloop
  endfacet
  facet normal 0.4815371261236611 0.875912780734065 0.029979938480309987
    outer loop
      vertex 0.6022848456558203 1.1520646530005791 80
      vertex 0.65 1.12583302491977 80
      vertex 0.6716402621132636 1.2847293288114918 75.01
    endloop
  endfacet
  facet normal 0.4065538152067154 0.913134819525343 0.029979938480309963
    outer loop
      vertex 0.5535130790345946 1.1762751682058254 80
      vertex 0.6172522389818859 1.3117277779599883 75.01
      vertex 0.5617813456796136 1.336425010857849 75.01
    endloop
  endfacet
  facet normal 0.4444353159473399 0.8953091383580897 0.02997993848030998
    outer loop
      vertex 0.6022848456558203 1.1520646530005791 80
      vertex 0.6716402621132636 1.2847293288114918 75.01
      vertex 0.6172522389818859 1.3117277779599883 75.01
    endloop
  endfacet
  facet normal 0.5177941565533374 0.8549797744554748 0.02997993848030997
    outer loop
      vertex 0.6965748334726957 1.0976263031526197 80
      vertex 0.7767881046810514 1.224022193600271 75.01
      vertex 0.7248499999999999 1.2554770278663003 75.01
    endloop
  endfacet
  facet normal 0.5177941565533379 0.8549797744554745 0.029979938480309963
    outer loop
      vertex 0.65 1.12583302491977 80
      vertex 0.6965748334726957 1.0976263031526197 80
      vertex 0.7248499999999999 1.2554770278663003 75.01
    endloop
  endfacet
  facet normal 0.553142800084794 0.8325468431284037 0.029979938480309977
    outer loop
      vertex 0.6965748334726957 1.0976263031526197 80
      vertex 0.7419276379897611 1.0674939718738152 80
      vertex 0.7767881046810514 1.224022193600271 75.01
    endloop
  endfacet
  facet normal 0.48153712612366245 0.8759127807340642 0.02997993848030996
    outer loop
      vertex 0.65 1.12583302491977 80
      vertex 0.7248499999999999 1.2554770278663003 75.01
      vertex 0.6716402621132636 1.2847293288114918 75.01
    endloop
  endfacet
  facet normal 0 0 1
    outer loop
      vertex 0.7859788493210872 -1.0354888934314552 80
      vertex 0.7859788493210873 1.0354888934314552 80
      vertex 0.7419276379897611 1.0674939718738152 80
    endloop
  endfacet
  facet normal 0 0 1
    outer loop
      vertex 0.828651186673297 -1.0016672156085258 80
      vertex 0.8286511866732967 1.001667215608526 80
      vertex 0.7859788493210873 1.0354888934314552 80
    endloop
  endfacet
  facet normal 0 0 1
    outer loop
      vertex 0.8698697882665157 -0.9660882731206125 80
      vertex 0.8698697882665157 0.9660882731206125 80
      vertex 0.8286511866732967 1.001667215608526 80
    endloop
  endfacet
  facet normal 0 0 1
    outer loop
      vertex 0.9095623426673747 -0.9288144835226447 80
      vertex 0.9095623426673751 0.9288144835226444 80
      vertex 0.8698697882665157 0.9660882731206125 80
    endloop
  endfacet
  facet normal 0 0 1
    outer loop
      vertex 0.9476592156478352 -0.8899112377072951 80
      vertex 0.9476592156478351 0.8899112377072954 80
      vertex 0.9095623426673751 0.9288144835226444 80
    endloop
  endfacet
  facet normal 0 0 1
    outer loop
      vertex 0.9840935723472832 -0.8494467851871373 80
      vertex 0.9840935723472833 0.849446785187137 80
      vertex 0.9476592156478351 0.8899112377072954 80
    endloop
  endfacet
  facet normal 0 0 1
    outer loop
      vertex 1.0188014945235921 -0.8074921143618031 80
      vertex 1.018801494523592 0.8074921143618035 80
      vertex 0.9840935723472833 0.849446785187137 80
    endloop
  endfacet
  facet normal 0 0 1
    outer loop
      vertex 1.0517220926874318 -0.7641208279802151 80
      vertex 1.0517220926874318 0.7641208279802151 80
      vertex 1.018801494523592 0.8074921143618035 80
    endloop
  endfacet
  facet normal 0 0 1
    outer loop
      vertex 1.0827976129231291 -0.7194090140163476 80
      vertex 1.0827976129231294 0.7194090140163474 80
      vertex 1.0517220926874318 0.7641208279802151 80
    endloop
  endfacet
  facet normal 0 0 1
    outer loop
      vertex 1.1119735382086589 -0.673435112185069 80
      vertex 1.1119735382086586 0.6734351121850692 80
      vertex 1.0827976129231294 0.7194090140163474 80
    endloop
  endfacet
  facet normal 0 0 1
    outer loop
      vertex 1.2087094316547267 -0.4785619184900819 80
      vertex 1.2087094316547269 0.4785619184900814 80
      vertex 1.1876090949353812 0.5287576359985403 80
    endloop
  endfacet
  facet normal 0 0 1
    outer loop
      vertex 1.2988596791285159 -0.054438349847959 80
      vertex 1.3 0 80
      vertex 1.2988596791285159 0.05443834984795951 80
    endloop
  endfacet
  facet normal 0 0 1
    outer loop
      vertex 1.2988596791285159 -0.054438349847959 80
      vertex 1.2988596791285159 0.05443834984795951 80
      vertex 1.2954407170243558 0.10878119633201012 80
    endloop
  endfacet
  facet normal 0 0 1
    outer loop
      vertex 1.2897491117088213 -0.16293320363359529 80
      vertex 1.2897491117088213 0.16293320363359554 80
      vertex 1.2817948481916566 0.21679937073093294 80
    endloop
  endfacet
  facet normal 0 0 1
    outer loop
      vertex 1.2817948481916563 -0.21679937073093347 80
      vertex 1.2817948481916566 0.21679937073093294 80
      vertex 1.2715918809539475 0.27028519806308715 80
    endloop
  endfacet
  facet normal 0 0 1
    outer loop
      vertex 1.2954407170243558 -0.1087811963320104 80
      vertex 1.2954407170243558 0.10878119633201012 80
      vertex 1.2897491117088213 0.16293320363359554 80
    endloop
  endfacet
  facet normal 0 0 1
    outer loop
      vertex 1.2591581094672206 -0.3232968533143108 80
      vertex 1.2591581094672204 0.32329685331431124 80
      vertex 1.2445153467916874 0.3757413360278131 80
    endloop
  endfacet
  facet normal 0 0 1
    outer loop
      vertex 1.2276892813087255 -0.427526640760158 80
      vertex 1.2276892813087255 0.4275266407601582 80
      vertex 1.2087094316547269 0.4785619184900814 80
    endloop
  endfacet
  facet normal 0 0 1
    outer loop
      vertex 1.2445153467916874 -0.37574133602781334 80
      vertex 1.2445153467916874 0.3757413360278131 80
      vertex 1.2276892813087255 0.4275266407601582 80
    endloop
  endfacet
  facet normal 0 0 1
    outer loop
      vertex 1.2715918809539475 -0.27028519806308715 80
      vertex 1.2715918809539475 0.27028519806308715 80
      vertex 1.2591581094672204 0.32329685331431124 80
    endloop
  endfacet
  facet normal 0 0 1
    outer loop
      vertex 1.1391986840570225 -0.62627977633223 80
      vertex 1.1391986840570227 0.62627977633223 80
      vertex 1.1119735382086586 0.6734351121850692 80
    endloop
  endfacet
  facet normal 0 0 1
    outer loop
      vertex 1.164425288311237 -0.5780257329404053 80
      vertex 1.1644252883112367 0.5780257329404057 80
      vertex 1.1391986840570227 0.62627977633223 80
    endloop
  endfacet
  facet normal 0 0 1
    outer loop
      vertex 1.1876090949353812 -0.5287576359985403 80
      vertex 1.1876090949353812 0.5287576359985403 80
      vertex 1.1644252883112367 0.5780257329404057 80
    endloop
  endfacet
  facet normal 0.9731412797594617 0.22824822653601076 0.029979938480309967
    outer loop
      vertex 1.2591581094672204 0.32329685331431124 80
      vertex 1.2715918809539475 0.27028519806308715 80
      vertex 1.4041550086881762 0.36052572942288996 75.01
    endloop
  endfacet
  facet normal 0.9627296258205734 0.2687989413224977 0.02997993848030996
    outer loop
      vertex 1.2591581094672204 0.32329685331431124 80
      vertex 1.3878260755722376 0.41900939603040044 75.01
      vertex 1.2445153467916874 0.3757413360278131 80
    endloop
  endfacet
  facet normal 0.9993312826769996 0.02093300627859317 0.02997993848030996
    outer loop
      vertex 1.3 0 80
      vertex 1.4496999999999998 0 75.01
      vertex 1.4484283667943147 0.06070713521122068 75.01
    endloop
  endfacet
  facet normal 0.9975781160321323 0.06276229522968606 0.02997993848030997
    outer loop
      vertex 1.2988596791285159 0.05443834984795951 80
      vertex 1.4484283667943147 0.06070713521122068 75.01
      vertex 1.4446156980540061 0.12130776947885774 75.01
    endloop
  endfacet
  facet normal 0.9993312826769994 0.020933006278594308 0.029979938480309973
    outer loop
      vertex 1.3 0 80
      vertex 1.4484283667943147 0.06070713521122068 75.01
      vertex 1.2988596791285159 0.05443834984795951 80
    endloop
  endfacet
  facet normal 0.9940748583924237 0.10448147778816859 0.029979938480309925
    outer loop
      vertex 1.2954407170243558 0.10878119633201012 80
      vertex 1.4446156980540061 0.12130776947885774 75.01
      vertex 1.4382686824955984 0.18169558869817187 75.01
    endloop
  endfacet
  facet normal 0.9975781160321326 0.06276229522968121 0.02997993848030992
    outer loop
      vertex 1.2988596791285159 0.05443834984795951 80
      vertex 1.4446156980540061 0.12130776947885774 75.01
      vertex 1.2954407170243558 0.10878119633201012 80
    endloop
  endfacet
  facet normal 0.9940748583924235 0.10448147778817155 0.02997993848030996
    outer loop
      vertex 1.2954407170243558 0.10878119633201012 80
      vertex 1.4382686824955984 0.18169558869817187 75.01
      vertex 1.2897491117088213 0.16293320363359554 80
    endloop
  endfacet
  facet normal 0.9888276556621877 0.14601736433157134 0.029979938480309956
    outer loop
      vertex 1.2897491117088213 0.16293320363359554 80
      vertex 1.4382686824955984 0.18169558869817187 75.01
      vertex 1.429398454941111 0.24176465211433343 75.01
    endloop
  endfacet
  facet normal 0.9818457132180245 0.18729708680090504 0.029979938480309977
    outer loop
      vertex 1.2817948481916566 0.21679937073093294 80
      vertex 1.429398454941111 0.24176465211433343 75.01
      vertex 1.418020576783798 0.30140957817850567 75.01
    endloop
  endfacet
  facet normal 0.9888276556621874 0.146017364331573 0.02997993848030997
    outer loop
      vertex 1.2897491117088213 0.16293320363359554 80
      vertex 1.429398454941111 0.24176465211433343 75.01
      vertex 1.2817948481916566 0.21679937073093294 80
    endloop
  endfacet
  facet normal 0.9818457132180247 0.18729708680090332 0.029979938480309953
    outer loop
      vertex 1.2817948481916566 0.21679937073093294 80
      vertex 1.418020576783798 0.30140957817850567 75.01
      vertex 1.2715918809539475 0.27028519806308715 80
    endloop
  endfacet
  facet normal 0.9627296258205733 0.2687989413224984 0.02997993848030997
    outer loop
      vertex 1.2591581094672204 0.32329685331431124 80
      vertex 1.4041550086881762 0.36052572942288996 75.01
      vertex 1.3878260755722376 0.41900939603040044 75.01
    endloop
  endfacet
  facet normal 0.9731412797594619 0.22824822653600968 0.02997993848030995
    outer loop
      vertex 1.2715918809539475 0.27028519806308715 80
      vertex 1.418020576783798 0.30140957817850567 75.01
      vertex 1.4041550086881762 0.36052572942288996 75.01
    endloop
  endfacet
  facet normal 0.9506290169802702 0.30887809142741374 0.02997993848030999
    outer loop
      vertex 1.2445153467916874 0.3757413360278131 80
      vertex 1.3690624239332763 0.476757977776924 75.01
      vertex 1.2276892813087255 0.4275266407601582 80
    endloop
  endfacet
  facet normal 0.9214487746729669 0.38734139843606274 0.02997993848030997
    outer loop
      vertex 1.2087094316547269 0.4785619184900814 80
      vertex 1.3478969715921978 0.5336701640269776 75.01
      vertex 1.3243668499444783 0.5896461114669875 75.01
    endloop
  endfacet
  facet normal 0.9368606818182721 0.3484153644024887 0.029979938480309953
    outer loop
      vertex 1.2276892813087255 0.4275266407601582 80
      vertex 1.3478969715921978 0.5336701640269776 75.01
      vertex 1.2087094316547269 0.4785619184900814 80
    endloop
  endfacet
  facet normal 0.9214487746729667 0.38734139843606286 0.029979938480309946
    outer loop
      vertex 1.2087094316547269 0.4785619184900814 80
      vertex 1.3243668499444783 0.5896461114669875 75.01
      vertex 1.1876090949353812 0.5287576359985403 80
    endloop
  endfacet
  facet normal 0.9044203332664863 0.42558790403729135 0.029979938480310022
    outer loop
      vertex 1.1876090949353812 0.5287576359985403 80
      vertex 1.2985133388190768 0.6445876192643893 75.01
      vertex 1.1644252883112367 0.5780257329404057 80
    endloop
  endfacet
  facet normal 0.8858052312713651 0.4630877838390905 0.029979938480309973
    outer loop
      vertex 1.1644252883112367 0.5780257329404057 80
      vertex 1.270381794059589 0.6983983013452566 75.01
      vertex 1.1391986840570227 0.62627977633223 80
    endloop
  endfacet
  facet normal 0.8656361259019489 0.4997752503097586 0.02997993848030997
    outer loop
      vertex 1.1391986840570227 0.62627977633223 80
      vertex 1.270381794059589 0.6983983013452566 75.01
      vertex 1.2400215679546862 0.7509837554882267 75.01
    endloop
  endfacet
  facet normal 0.8439484006225741 0.5355859411666031 0.029979938480309963
    outer loop
      vertex 1.1119735382086586 0.6734351121850692 80
      vertex 1.2400215679546862 0.7509837554882267 75.01
      vertex 1.207485922657431 0.8022517289380758 75.01
    endloop
  endfacet
  facet normal 0.8656361259019494 0.49977525030975795 0.029979938480309956
    outer loop
      vertex 1.1391986840570227 0.62627977633223 80
      vertex 1.2400215679546862 0.7509837554882267 75.01
      vertex 1.1119735382086586 0.6734351121850692 80
    endloop
  endfacet
  facet normal 0.843948400622574 0.5355859411666034 0.02997993848030996
    outer loop
      vertex 1.0827976129231294 0.7194090140163474 80
      vertex 1.1119735382086586 0.6734351121850692 80
      vertex 1.207485922657431 0.8022517289380758 75.01
    endloop
  endfacet
  facet normal 0.8858052312713632 0.4630877838390939 0.029979938480310015
    outer loop
      vertex 1.1644252883112367 0.5780257329404057 80
      vertex 1.2985133388190768 0.6445876192643893 75.01
      vertex 1.270381794059589 0.6983983013452566 75.01
    endloop
  endfacet
  facet normal 0.9044203332664887 0.42558790403728636 0.029979938480309967
    outer loop
      vertex 1.1876090949353812 0.5287576359985403 80
      vertex 1.3243668499444783 0.5896461114669875 75.01
      vertex 1.2985133388190768 0.6445876192643893 75.01
    endloop
  endfacet
  facet normal 0.9506290169802709 0.3088780914274115 0.02997993848030995
    outer loop
      vertex 1.2445153467916874 0.3757413360278131 80
      vertex 1.3878260755722376 0.41900939603040044 75.01
      vertex 1.3690624239332763 0.476757977776924 75.01
    endloop
  endfacet
  facet normal 0.9368606818182711 0.3484153644024916 0.02997993848030999
    outer loop
      vertex 1.2276892813087255 0.4275266407601582 80
      vertex 1.3690624239332763 0.476757977776924 75.01
      vertex 1.3478969715921978 0.5336701640269776 75.01
    endloop
  endfacet
  facet normal 0.5875210431857062 0.8086533417371724 0.02997993848030996
    outer loop
      vertex 0.7419276379897611 1.0674939718738152 80
      vertex 0.7859788493210873 1.0354888934314552 80
      vertex 0.8273634590721204 1.1904200084811305 75.01
    endloop
  endfacet
  facet normal 0.6208685747358832 0.7833411876022798 0.029979938480309956
    outer loop
      vertex 0.7859788493210873 1.0354888934314552 80
      vertex 0.8286511866732967 1.001667215608526 80
      vertex 0.8764873368159847 1.154729422159677 75.01
    endloop
  endfacet
  facet normal 0.6531268918334142 0.7566547868432081 0.02997993848030997
    outer loop
      vertex 0.8698697882665157 0.9660882731206125 80
      vertex 0.9240735579386754 1.1170130480520615 75.01
      vertex 0.8286511866732967 1.001667215608526 80
    endloop
  endfacet
  facet normal 0.6842394024286584 0.7286409564749906 0.02997993848030998
    outer loop
      vertex 0.8698697882665157 0.9660882731206125 80
      vertex 0.9095623426673751 0.9288144835226444 80
      vertex 0.9700386400384367 1.0773370534945783 75.01
    endloop
  endfacet
  facet normal 0.6208685747358824 0.7833411876022804 0.02997993848030997
    outer loop
      vertex 0.8286511866732967 1.001667215608526 80
      vertex 0.9240735579386754 1.1170130480520615 75.01
      vertex 0.8764873368159847 1.154729422159677 75.01
    endloop
  endfacet
  facet normal 0.6531268918334132 0.7566547868432089 0.02997993848030998
    outer loop
      vertex 0.8698697882665157 0.9660882731206125 80
      vertex 0.9700386400384367 1.0773370534945783 75.01
      vertex 0.9240735579386754 1.1170130480520615 75.01
    endloop
  endfacet
  facet normal 0.7428107823387317 0.6688298325658316 0.029979938480309973
    outer loop
      vertex 0.9476592156478351 0.8899112377072954 80
      vertex 0.9840935723472833 0.849446785187137 80
      vertex 1.0567858191728203 0.9923879394648198 75.01
    endloop
  endfacet
  facet normal 0.7961718783195046 0.6043273479347998 0.029979938480309932
    outer loop
      vertex 1.0517220926874318 0.7641208279802151 80
      vertex 1.172831936745361 0.8521122802483981 75.01
      vertex 1.1361204050852698 0.9004779370694663 75.01
    endloop
  endfacet
  facet normal 0.7961718783195046 0.6043273479347999 0.02997993848030994
    outer loop
      vertex 1.018801494523592 0.8074921143618035 80
      vertex 1.0517220926874318 0.7641208279802151 80
      vertex 1.1361204050852698 0.9004779370694663 75.01
    endloop
  endfacet
  facet normal 0.8207801030729105 0.570457032289321 0.02997993848030994
    outer loop
      vertex 1.0827976129231294 0.7194090140163474 80
      vertex 1.172831936745361 0.8521122802483981 75.01
      vertex 1.0517220926874318 0.7641208279802151 80
    endloop
  endfacet
  facet normal 0.742810782338732 0.6688298325658313 0.02997993848030998
    outer loop
      vertex 0.9840935723472833 0.849446785187137 80
      vertex 1.097415732178351 0.9472638496044556 75.01
      vertex 1.0567858191728203 0.9923879394648198 75.01
    endloop
  endfacet
  facet normal 0.7701668975505032 0.63713746806019 0.029979938480309942
    outer loop
      vertex 1.018801494523592 0.8074921143618035 80
      vertex 1.1361204050852698 0.9004779370694663 75.01
      vertex 1.097415732178351 0.9472638496044556 75.01
    endloop
  endfacet
  facet normal 0.7701668975505015 0.6371374680601921 0.029979938480309973
    outer loop
      vertex 0.9840935723472833 0.849446785187137 80
      vertex 1.018801494523592 0.8074921143618035 80
      vertex 1.097415732178351 0.9472638496044556 75.01
    endloop
  endfacet
  facet normal 0.6842394024286594 0.7286409564749897 0.02997993848030996
    outer loop
      vertex 0.9095623426673751 0.9288144835226444 80
      vertex 1.0143019447422257 1.035771043663675 75.01
      vertex 0.9700386400384367 1.0773370534945783 75.01
    endloop
  endfacet
  facet normal 0.714151524605931 0.6993488422752561 0.029979938480309973
    outer loop
      vertex 0.9476592156478351 0.8899112377072954 80
      vertex 1.0567858191728203 0.9923879394648198 75.01
      vertex 1.0143019447422257 1.035771043663675 75.01
    endloop
  endfacet
  facet normal 0.7141515246059317 0.6993488422752555 0.029979938480309963
    outer loop
      vertex 0.9476592156478351 0.8899112377072954 80
      vertex 1.0143019447422257 1.035771043663675 75.01
      vertex 0.9095623426673751 0.9288144835226444 80
    endloop
  endfacet
  facet normal 0.5531428000847944 0.8325468431284032 0.02997993848030996
    outer loop
      vertex 0.7419276379897611 1.0674939718738152 80
      vertex 0.8273634590721204 1.1904200084811305 75.01
      vertex 0.7767881046810514 1.224022193600271 75.01
    endloop
  endfacet
  facet normal 0.5875210431857071 0.8086533417371718 0.02997993848030995
    outer loop
      vertex 0.7859788493210873 1.0354888934314552 80
      vertex 0.8764873368159847 1.154729422159677 75.01
      vertex 0.8273634590721204 1.1904200084811305 75.01
    endloop
  endfacet
  facet normal 0.820780103072909 0.570457032289323 0.02997993848030996
    outer loop
      vertex 1.0827976129231294 0.7194090140163474 80
      vertex 1.207485922657431 0.8022517289380758 75.01
      vertex 1.172831936745361 0.8521122802483981 75.01
    endloop
  endfacet
endsolid OpenSCAD_Model
